<?xml version="1.0" encoding="UTF-8"?>
<beans xmlns="http://www.springframework.org/schema/beans"
	xmlns:aop="http://www.springframework.org/schema/aop" xmlns:context="http://www.springframework.org/schema/context"
	xmlns:jee="http://www.springframework.org/schema/jee" xmlns:tx="http://www.springframework.org/schema/tx"
	xmlns:xsi="http://www.w3.org/2001/XMLSchema-instance"
	xsi:schemaLocation="http://www.springframework.org/schema/aop http://www.springframework.org/schema/aop/spring-aop-3.0.xsd   http://www.springframework.org/schema/beans http://www.springframework.org/schema/beans/spring-beans-3.0.xsd   http://www.springframework.org/schema/context http://www.springframework.org/schema/context/spring-context-3.0.xsd   http://www.springframework.org/schema/jee http://www.springframework.org/schema/jee/spring-jee-3.0.xsd   http://www.springframework.org/schema/tx http://www.springframework.org/schema/tx/spring-tx-3.0.xsd">

	<context:property-placeholder location="classpath*:META-INF/spring/*.properties" />

	<context:component-scan base-package="com.gwtplatform.dispatch.server.spring" />
  <context:annotation-config />

	<bean class="com.gwtplatform.samples.basicspring.server.ServerModule" />

	<bean id="logger" class="com.gwtplatform.dispatch.server.spring.LoggerFactoryBean">
		<constructor-arg>
			<bean class="java.util.logging.Logger" factory-method="getAnonymousLogger">
				<property name="level">
					<value>FINEST</value>
				</property>
			</bean>
		</constructor-arg>
	</bean>

</beans>
