﻿<?xml version="1.0" encoding="UTF-8"?>
<Form xmlns="http://v8.1c.ru/8.3/xcf/logform" xmlns:app="http://v8.1c.ru/8.2/managed-application/core" xmlns:dcscor="http://v8.1c.ru/8.1/data-composition-system/core" xmlns:dcsset="http://v8.1c.ru/8.1/data-composition-system/settings" xmlns:ent="http://v8.1c.ru/8.1/data/enterprise" xmlns:lf="http://v8.1c.ru/8.2/managed-application/logform" xmlns:style="http://v8.1c.ru/8.1/data/ui/style" xmlns:v8="http://v8.1c.ru/8.1/data/core" xmlns:web="http://v8.1c.ru/8.1/data/ui/colors/web" xmlns:win="http://v8.1c.ru/8.1/data/ui/colors/windows" xmlns:xr="http://v8.1c.ru/8.3/xcf/readable" xmlns:xs="http://www.w3.org/2001/XMLSchema" xmlns:xsi="http://www.w3.org/2001/XMLSchema-instance">
	<Attributes>
		<Attribute id="1">
			<Name>Объект</Name>
			<Title/>
			<Type>
				<v8:Type xmlns:d5p1="http://v8.1c.ru/8.1/data/enterprise/current-config">d5p1:BusinessProcessObject.ПС_БизнесПроцесс</v8:Type>
			</Type>
			<Accessibility>
				<xr:common>true</xr:common>
			</Accessibility>
			<Editing>
				<xr:common>true</xr:common>
			</Editing>
			<Content/>
			<SavingContent/>
			<MainProperty>true</MainProperty>
			<StoredData>true</StoredData>
			<FunctionalOptions/>
			<FillCheck>DontCheck</FillCheck>
			<Columns/>
			<ExtInfo/>
		</Attribute>
		<Attribute id="2">
			<Name>Контролеры</Name>
			<Title>
				<v8:item>
					<v8:lang>ru</v8:lang>
					<v8:content>Контролеры</v8:content>
				</v8:item>
			</Title>
			<Type>
				<v8:Type xmlns:d5p1="http://v8.1c.ru/8.1/data/enterprise/current-config">d5p1:DynamicList</v8:Type>
			</Type>
			<Accessibility>
				<xr:common>true</xr:common>
			</Accessibility>
			<Editing>
				<xr:common>true</xr:common>
			</Editing>
			<Content/>
			<SavingContent/>
			<MainProperty>false</MainProperty>
			<StoredData>false</StoredData>
			<FunctionalOptions/>
			<FillCheck>DontCheck</FillCheck>
			<Columns/>
			<ExtInfo>
				<Property>
					<Name>QueryText</Name>
					<Value xsi:type="xs:string">ВЫБРАТЬ
	ПС_АдресацияКонтролеровПроцесса.БизнесПроцесс,
	ПС_АдресацияКонтролеровПроцесса.Пользователь
ИЗ
	РегистрСведений.ПС_АдресацияКонтролеровПроцесса КАК ПС_АдресацияКонтролеровПроцесса
ГДЕ
	ПС_АдресацияКонтролеровПроцесса.БизнесПроцесс = &amp;БизнесПроцесс</Value>
				</Property>
				<Property>
					<Name>MainTable</Name>
					<Value xsi:type="xr:MDObjectRef">InformationRegister.ПС_АдресацияКонтролеровПроцесса</Value>
				</Property>
				<Property>
					<Name>MainTableCategory</Name>
					<Value xsi:type="xs:decimal">1</Value>
				</Property>
				<Property>
					<Name>DynamicalDataSelection</Name>
					<Value xsi:type="xs:boolean">false</Value>
				</Property>
				<Property>
					<Name>ManualQuery</Name>
					<Value xsi:type="xs:boolean">true</Value>
				</Property>
				<Property>
					<Name>FiledsMapItemId0</Name>
					<Value xsi:type="xs:decimal">1</Value>
				</Property>
				<Property>
					<Name>FiledsMapItemName0</Name>
					<Value xsi:type="xs:string">БизнесПроцесс</Value>
				</Property>
				<Property>
					<Name>FiledsMapItemId1</Name>
					<Value xsi:type="xs:decimal">2</Value>
				</Property>
				<Property>
					<Name>FiledsMapItemName1</Name>
					<Value xsi:type="xs:string">Пользователь</Value>
				</Property>
			</ExtInfo>
		</Attribute>
		<ConditionalAppearance/>
	</Attributes>
	<Commands>
		<Command>
			<Name>ОткрытьГрафическийОтчет</Name>
			<Title>
				<v8:item>
					<v8:lang>ru</v8:lang>
					<v8:content>Графический отчет</v8:content>
				</v8:item>
			</Title>
			<ToolTip>
				<v8:item>
					<v8:lang>ru</v8:lang>
					<v8:content>Открыть графический отчет</v8:content>
				</v8:item>
			</ToolTip>
			<Using>
				<xr:common>true</xr:common>
			</Using>
			<ShortCut/>
			<Picture/>
			<Handler>ОткрытьГрафическийОтчет</Handler>
			<FunctionalOptions/>
			<DefaultRepresentation>Auto</DefaultRepresentation>
			<ModifiesStoredData>false</ModifiesStoredData>
			<AddedFromContext>false</AddedFromContext>
		</Command>
		<Command>
			<Name>ПрерватьБП</Name>
			<Title>
				<v8:item>
					<v8:lang>ru</v8:lang>
					<v8:content>Прервать бизнес-процесс</v8:content>
				</v8:item>
			</Title>
			<ToolTip>
				<v8:item>
					<v8:lang>ru</v8:lang>
					<v8:content>Прервать бизнес-процесс</v8:content>
				</v8:item>
			</ToolTip>
			<Using>
				<xr:common>true</xr:common>
			</Using>
			<ShortCut/>
			<Picture>
				<xr:pictureRef>StdPicture.Stop</xr:pictureRef>
				<xr:loadTransparent>true</xr:loadTransparent>
			</Picture>
			<Handler>ПрерватьБП</Handler>
			<FunctionalOptions/>
			<DefaultRepresentation>Picture</DefaultRepresentation>
			<ModifiesStoredData>false</ModifiesStoredData>
			<AddedFromContext>false</AddedFromContext>
		</Command>
	</Commands>
	<Parameters/>
	<Elements id="0:02023637-7868-4a5f-8576-835a76e0c9ba">
		<Properties>
			<Title/>
			<Width>0</Width>
			<Height>0</Height>
			<OpeningMode>Independent</OpeningMode>
			<EnterKeyBehavior>ControlNavigation</EnterKeyBehavior>
			<AutoSaveFormDataInSettings>DontUse</AutoSaveFormDataInSettings>
			<SaveFormDataInSettings>DontUse</SaveFormDataInSettings>
			<SettingsStorage/>
			<AutoTitle>true</AutoTitle>
			<AutoURL>true</AutoURL>
			<ChildrenGrouping>Vertical</ChildrenGrouping>
			<ChildItemsWidth>Auto</ChildItemsWidth>
			<AutoFillCheck>true</AutoFillCheck>
			<Customizable>true</Customizable>
			<Enabled>true</Enabled>
			<ReadOnly>false</ReadOnly>
			<CommandBarLocation>Auto</CommandBarLocation>
			<VerticalScrolling>useIfNecessary</VerticalScrolling>
			<BaseFontVariant>Auto</BaseFontVariant>
			<CommandsContent>
				<ExcludedCommand>Copy</ExcludedCommand>
				<ExcludedCommand>Activate</ExcludedCommand>
				<ExcludedCommand>Start</ExcludedCommand>
				<ExcludedCommand>StartAndClose</ExcludedCommand>
				<ExcludedCommand>Write</ExcludedCommand>
			</CommandsContent>
		</Properties>
		<Events>
			<Event name="AfterWrite">ПослеЗаписи</Event>
			<Event name="OnCreateAtServer">ПриСозданииНаСервере</Event>
		</Events>
		<PredefinedContainedItems>
			<CommandBar xsi:type="AutoMenuGroup" id="-1:02023637-7868-4a5f-8576-835a76e0c9ba">
				<Properties>
					<Name>ФормаКоманднаяПанель</Name>
					<Type>AutoCommandBar</Type>
					<Visible>true</Visible>
					<UserVisible>
						<xr:common>true</xr:common>
					</UserVisible>
					<Enabled>true</Enabled>
					<ReadOnly>false</ReadOnly>
					<EnableContentChange>false</EnableContentChange>
					<Title/>
					<TitleTextColor>auto</TitleTextColor>
					<TitleFont kind="AutoFont"/>
					<ToolTip/>
					<ToolTipRepresentation>Auto</ToolTipRepresentation>
					<Shortcut/>
					<Width>0</Width>
					<Height>0</Height>
					<HorizontalStretch>auto</HorizontalStretch>
					<VerticalStretch>auto</VerticalStretch>
					<HorAlignment>Left</HorAlignment>
					<FillWithStdCommands>true</FillWithStdCommands>
				</Properties>
				<PredefinedContainedItems/>
				<ContainedItems>
					<Button id="45:02023637-7868-4a5f-8576-835a76e0c9ba">
						<Properties>
							<Name>ФормаПрерватьБП</Name>
							<Kind>CommandBarButton</Kind>
							<Visible>true</Visible>
							<UserVisible>
								<xr:common>true</xr:common>
							</UserVisible>
							<TitleRowsCount>0</TitleRowsCount>
							<Representation>Auto</Representation>
							<DefaultButton>false</DefaultButton>
							<SkipOnInput>auto</SkipOnInput>
							<Enabled>true</Enabled>
							<DefaultElement>false</DefaultElement>
							<Important>auto</Important>
							<Width>0</Width>
							<Height>0</Height>
							<PlacementArea>userCmds</PlacementArea>
							<Check>false</Check>
							<Command>Form.Command.ПрерватьБП</Command>
							<Parameter xsi:nil="true"/>
							<AttributeProperty/>
							<TextColor>auto</TextColor>
							<BackColor>auto</BackColor>
							<BorderColor>auto</BorderColor>
							<Font kind="AutoFont"/>
							<ShortCut/>
							<Picture/>
							<Title/>
							<TooltipRepresentation>Auto</TooltipRepresentation>
						</Properties>
						<PredefinedContainedItems>
							<ExtTooltip xsi:type="TextDecoration" id="52:02023637-7868-4a5f-8576-835a76e0c9ba">
								<Properties>
									<Name>ФормаПрерватьБПExtendedTooltip</Name>
									<Kind>Label</Kind>
									<Visible>true</Visible>
									<UserVisible>
										<xr:common>true</xr:common>
									</UserVisible>
									<Enabled>true</Enabled>
									<Width>0</Width>
									<Height>0</Height>
									<HorStretchable>auto</HorStretchable>
									<VertStretchable>auto</VertStretchable>
									<SkipOnInput>auto</SkipOnInput>
									<TextColor>auto</TextColor>
									<Font kind="AutoFont"/>
									<ShortCut/>
									<Title/>
									<Tooltip/>
									<TooltipRepresentation>Auto</TooltipRepresentation>
									<HyperLink>false</HyperLink>
									<HorAlignment>Left</HorAlignment>
									<VertAlignment>Auto</VertAlignment>
									<TitleHeight>0</TitleHeight>
									<BackColor>auto</BackColor>
									<BorderColor>auto</BorderColor>
									<Border width="1">
										<style xmlns="http://v8.1c.ru/8.1/data/ui" xsi:type="ControlBorderType">WithoutBorder</style>
									</Border>
								</Properties>
								<Events/>
								<PredefinedContainedItems/>
							</ExtTooltip>
						</PredefinedContainedItems>
					</Button>
					<Button id="44:02023637-7868-4a5f-8576-835a76e0c9ba">
						<Properties>
							<Name>ФормаОткрытьГрафическийОтчет</Name>
							<Kind>CommandBarButton</Kind>
							<Visible>true</Visible>
							<UserVisible>
								<xr:common>true</xr:common>
							</UserVisible>
							<TitleRowsCount>0</TitleRowsCount>
							<Representation>Auto</Representation>
							<DefaultButton>false</DefaultButton>
							<SkipOnInput>auto</SkipOnInput>
							<Enabled>true</Enabled>
							<DefaultElement>false</DefaultElement>
							<Important>auto</Important>
							<Width>0</Width>
							<Height>0</Height>
							<PlacementArea>userCmds</PlacementArea>
							<Check>false</Check>
							<Command>Form.Command.ОткрытьГрафическийОтчет</Command>
							<Parameter xsi:nil="true"/>
							<AttributeProperty/>
							<TextColor>auto</TextColor>
							<BackColor>auto</BackColor>
							<BorderColor>auto</BorderColor>
							<Font kind="AutoFont"/>
							<ShortCut/>
							<Picture/>
							<Title/>
							<TooltipRepresentation>Auto</TooltipRepresentation>
						</Properties>
						<PredefinedContainedItems>
							<ExtTooltip xsi:type="TextDecoration" id="53:02023637-7868-4a5f-8576-835a76e0c9ba">
								<Properties>
									<Name>ФормаОткрытьГрафическийОтчетExtendedTooltip</Name>
									<Kind>Label</Kind>
									<Visible>true</Visible>
									<UserVisible>
										<xr:common>true</xr:common>
									</UserVisible>
									<Enabled>true</Enabled>
									<Width>0</Width>
									<Height>0</Height>
									<HorStretchable>auto</HorStretchable>
									<VertStretchable>auto</VertStretchable>
									<SkipOnInput>auto</SkipOnInput>
									<TextColor>auto</TextColor>
									<Font kind="AutoFont"/>
									<ShortCut/>
									<Title/>
									<Tooltip/>
									<TooltipRepresentation>Auto</TooltipRepresentation>
									<HyperLink>false</HyperLink>
									<HorAlignment>Left</HorAlignment>
									<VertAlignment>Auto</VertAlignment>
									<TitleHeight>0</TitleHeight>
									<BackColor>auto</BackColor>
									<BorderColor>auto</BorderColor>
									<Border width="1">
										<style xmlns="http://v8.1c.ru/8.1/data/ui" xsi:type="ControlBorderType">WithoutBorder</style>
									</Border>
								</Properties>
								<Events/>
								<PredefinedContainedItems/>
							</ExtTooltip>
						</PredefinedContainedItems>
					</Button>
				</ContainedItems>
			</CommandBar>
		</PredefinedContainedItems>
		<ContainedItems>
			<Group id="39:02023637-7868-4a5f-8576-835a76e0c9ba">
				<Properties>
					<Name>ГруппаЛевоПраво</Name>
					<Type>UsualGroup</Type>
					<Visible>true</Visible>
					<UserVisible>
						<xr:common>true</xr:common>
					</UserVisible>
					<Enabled>true</Enabled>
					<ReadOnly>false</ReadOnly>
					<EnableContentChange>false</EnableContentChange>
					<Title>
						<v8:item>
							<v8:lang>ru</v8:lang>
							<v8:content>Группа лево право</v8:content>
						</v8:item>
					</Title>
					<TitleTextColor>auto</TitleTextColor>
					<TitleFont kind="AutoFont"/>
					<ToolTip/>
					<ToolTipRepresentation>Auto</ToolTipRepresentation>
					<Shortcut/>
					<Width>0</Width>
					<Height>0</Height>
					<HorizontalStretch>auto</HorizontalStretch>
					<VerticalStretch>auto</VerticalStretch>
					<Group>Horizontal</Group>
					<Behavior>Usual</Behavior>
					<CollapsedRepresentationTitle/>
					<Collapsed>false</Collapsed>
					<ControlRepresentation>TitleHyperlink</ControlRepresentation>
					<Representation>None</Representation>
					<ShowLeftMargin>true</ShowLeftMargin>
					<ChildItemsWidth>Auto</ChildItemsWidth>
					<Format/>
					<ShowTitle>false</ShowTitle>
					<TitleDataPath/>
					<BackColor>auto</BackColor>
				</Properties>
				<PredefinedContainedItems>
					<ExtTooltip xsi:type="TextDecoration" id="54:02023637-7868-4a5f-8576-835a76e0c9ba">
						<Properties>
							<Name>ГруппаЛевоПравоExtendedTooltip</Name>
							<Kind>Label</Kind>
							<Visible>true</Visible>
							<UserVisible>
								<xr:common>true</xr:common>
							</UserVisible>
							<Enabled>true</Enabled>
							<Width>0</Width>
							<Height>0</Height>
							<HorStretchable>auto</HorStretchable>
							<VertStretchable>auto</VertStretchable>
							<SkipOnInput>auto</SkipOnInput>
							<TextColor>auto</TextColor>
							<Font kind="AutoFont"/>
							<ShortCut/>
							<Title/>
							<Tooltip/>
							<TooltipRepresentation>Auto</TooltipRepresentation>
							<HyperLink>false</HyperLink>
							<HorAlignment>Left</HorAlignment>
							<VertAlignment>Auto</VertAlignment>
							<TitleHeight>0</TitleHeight>
							<BackColor>auto</BackColor>
							<BorderColor>auto</BorderColor>
							<Border width="1">
								<style xmlns="http://v8.1c.ru/8.1/data/ui" xsi:type="ControlBorderType">WithoutBorder</style>
							</Border>
						</Properties>
						<Events/>
						<PredefinedContainedItems/>
					</ExtTooltip>
				</PredefinedContainedItems>
				<ContainedItems>
					<Group id="40:02023637-7868-4a5f-8576-835a76e0c9ba">
						<Properties>
							<Name>ГруппаЛево</Name>
							<Type>UsualGroup</Type>
							<Visible>true</Visible>
							<UserVisible>
								<xr:common>true</xr:common>
							</UserVisible>
							<Enabled>true</Enabled>
							<ReadOnly>false</ReadOnly>
							<EnableContentChange>false</EnableContentChange>
							<Title>
								<v8:item>
									<v8:lang>ru</v8:lang>
									<v8:content>Группа лево</v8:content>
								</v8:item>
							</Title>
							<TitleTextColor>auto</TitleTextColor>
							<TitleFont kind="AutoFont"/>
							<ToolTip/>
							<ToolTipRepresentation>Auto</ToolTipRepresentation>
							<Shortcut/>
							<Width>0</Width>
							<Height>0</Height>
							<HorizontalStretch>auto</HorizontalStretch>
							<VerticalStretch>auto</VerticalStretch>
							<Group>Vertical</Group>
							<Behavior>Usual</Behavior>
							<CollapsedRepresentationTitle/>
							<Collapsed>false</Collapsed>
							<ControlRepresentation>TitleHyperlink</ControlRepresentation>
							<Representation>None</Representation>
							<ShowLeftMargin>true</ShowLeftMargin>
							<ChildItemsWidth>Auto</ChildItemsWidth>
							<Format/>
							<ShowTitle>false</ShowTitle>
							<TitleDataPath/>
							<BackColor>auto</BackColor>
						</Properties>
						<PredefinedContainedItems>
							<ExtTooltip xsi:type="TextDecoration" id="55:02023637-7868-4a5f-8576-835a76e0c9ba">
								<Properties>
									<Name>ГруппаЛевоExtendedTooltip</Name>
									<Kind>Label</Kind>
									<Visible>true</Visible>
									<UserVisible>
										<xr:common>true</xr:common>
									</UserVisible>
									<Enabled>true</Enabled>
									<Width>0</Width>
									<Height>0</Height>
									<HorStretchable>auto</HorStretchable>
									<VertStretchable>auto</VertStretchable>
									<SkipOnInput>auto</SkipOnInput>
									<TextColor>auto</TextColor>
									<Font kind="AutoFont"/>
									<ShortCut/>
									<Title/>
									<Tooltip/>
									<TooltipRepresentation>Auto</TooltipRepresentation>
									<HyperLink>false</HyperLink>
									<HorAlignment>Left</HorAlignment>
									<VertAlignment>Auto</VertAlignment>
									<TitleHeight>0</TitleHeight>
									<BackColor>auto</BackColor>
									<BorderColor>auto</BorderColor>
									<Border width="1">
										<style xmlns="http://v8.1c.ru/8.1/data/ui" xsi:type="ControlBorderType">WithoutBorder</style>
									</Border>
								</Properties>
								<Events/>
								<PredefinedContainedItems/>
							</ExtTooltip>
						</PredefinedContainedItems>
						<ContainedItems>
							<Input id="1:02023637-7868-4a5f-8576-835a76e0c9ba">
								<Properties>
									<Name>Номер</Name>
									<Type>InputField</Type>
									<DataPath>Объект.Number</DataPath>
									<Visible>true</Visible>
									<UserVisible>
										<xr:common>true</xr:common>
									</UserVisible>
									<DefaultItem>false</DefaultItem>
									<Enabled>true</Enabled>
									<ReadOnly>true</ReadOnly>
									<SkipOnInput>auto</SkipOnInput>
									<Title>
										<v8:item>
											<v8:lang>ru</v8:lang>
											<v8:content>Бизнес-процесс №</v8:content>
										</v8:item>
									</Title>
									<TitleTextColor>auto</TitleTextColor>
									<TitleBackColor>auto</TitleBackColor>
									<TitleFont kind="AutoFont"/>
									<TitleLocation>Auto</TitleLocation>
									<TitleHeight>0</TitleHeight>
									<ToolTip/>
									<ToolTipRepresentation>Auto</ToolTipRepresentation>
									<WarningOnEditRepresentation>Auto</WarningOnEditRepresentation>
									<WarningOnEdit/>
									<Shortcut/>
									<CommandsContent/>
									<HorizontalAlign>Auto</HorizontalAlign>
									<VerticalAlign>Auto</VerticalAlign>
									<EditMode>EnterOnInput</EditMode>
									<FixingInTable>None</FixingInTable>
									<CellHyperlink>false</CellHyperlink>
									<AutoCellHeight>false</AutoCellHeight>
									<ShowInHeader>true</ShowInHeader>
									<HeaderPicture/>
									<HeaderHorizontalAlign>Left</HeaderHorizontalAlign>
									<ShowInFooter>true</ShowInFooter>
									<FooterDataPath/>
									<FooterText/>
									<FooterTextColor>auto</FooterTextColor>
									<FooterBackColor>auto</FooterBackColor>
									<FooterFont kind="AutoFont"/>
									<FooterPicture/>
									<FooterHorizontalAlign>Auto</FooterHorizontalAlign>
									<Width>0</Width>
									<RowsCount>0</RowsCount>
									<HorizontalStretchable>auto</HorizontalStretchable>
									<VerticalStretchable>auto</VerticalStretchable>
									<Wrap>true</Wrap>
									<PasswordMode>auto</PasswordMode>
									<MultiLine>auto</MultiLine>
									<ExtendedEdit>auto</ExtendedEdit>
									<MarkNegatives>auto</MarkNegatives>
									<ChoiceListButton>auto</ChoiceListButton>
									<DropListButton>auto</DropListButton>
									<ChoiceButton>auto</ChoiceButton>
									<ChoiceButtonRepresentation>Auto</ChoiceButtonRepresentation>
									<ClearButton>auto</ClearButton>
									<SpinButton>auto</SpinButton>
									<OpenButton>auto</OpenButton>
									<CreateButton>auto</CreateButton>
									<Mask/>
									<ListChoiceMode>false</ListChoiceMode>
									<ChoiceListHeight>0</ChoiceListHeight>
									<DropListWidth>0</DropListWidth>
									<AutoChoiceIncomplete>auto</AutoChoiceIncomplete>
									<QuickChoice>auto</QuickChoice>
									<ChoiceObjects>Auto</ChoiceObjects>
									<Format/>
									<InputFormat/>
									<AutoMarkIncomplete>auto</AutoMarkIncomplete>
									<ChoiceType>true</ChoiceType>
									<IncompleteChoiceMode>OnEnterPressed</IncompleteChoiceMode>
									<TypeDomainEnabled>true</TypeDomainEnabled>
									<TextEdit>true</TextEdit>
									<EditTextUpdateMode>Auto</EditTextUpdateMode>
									<MinVal xsi:nil="true"/>
									<MaxVal xsi:nil="true"/>
									<ChoiceButtonPicture/>
									<ChoiceForm/>
									<ChoiceParamLinks/>
									<ChoiceParams/>
									<AvailableTypes/>
									<ValueList/>
									<TextColor>auto</TextColor>
									<BackColor>auto</BackColor>
									<BorderColor>auto</BorderColor>
									<Font kind="AutoFont"/>
									<LinkByType/>
									<InputHint/>
									<ChoiceHistoryOnInput>Auto</ChoiceHistoryOnInput>
								</Properties>
								<Events/>
								<PredefinedContainedItems>
									<ContextMenu xsi:type="ContextMenuGroup" id="2:02023637-7868-4a5f-8576-835a76e0c9ba">
										<Properties>
											<Name>НомерКонтекстноеМеню</Name>
											<Type>ContextMenu</Type>
											<Visible>true</Visible>
											<UserVisible>
												<xr:common>true</xr:common>
											</UserVisible>
											<Enabled>true</Enabled>
											<ReadOnly>false</ReadOnly>
											<EnableContentChange>false</EnableContentChange>
											<Title/>
											<TitleTextColor>auto</TitleTextColor>
											<TitleFont kind="AutoFont"/>
											<ToolTip/>
											<ToolTipRepresentation>Auto</ToolTipRepresentation>
											<Shortcut/>
											<Width>0</Width>
											<Height>0</Height>
											<HorizontalStretch>auto</HorizontalStretch>
											<VerticalStretch>auto</VerticalStretch>
											<FillWithStdCommands>true</FillWithStdCommands>
										</Properties>
										<PredefinedContainedItems/>
										<ContainedItems/>
									</ContextMenu>
									<ExtTooltip xsi:type="TextDecoration" id="56:02023637-7868-4a5f-8576-835a76e0c9ba">
										<Properties>
											<Name>НомерExtendedTooltip</Name>
											<Kind>Label</Kind>
											<Visible>true</Visible>
											<UserVisible>
												<xr:common>true</xr:common>
											</UserVisible>
											<Enabled>true</Enabled>
											<Width>0</Width>
											<Height>0</Height>
											<HorStretchable>auto</HorStretchable>
											<VertStretchable>auto</VertStretchable>
											<SkipOnInput>auto</SkipOnInput>
											<TextColor>auto</TextColor>
											<Font kind="AutoFont"/>
											<ShortCut/>
											<Title/>
											<Tooltip/>
											<TooltipRepresentation>Auto</TooltipRepresentation>
											<HyperLink>false</HyperLink>
											<HorAlignment>Left</HorAlignment>
											<VertAlignment>Auto</VertAlignment>
											<TitleHeight>0</TitleHeight>
											<BackColor>auto</BackColor>
											<BorderColor>auto</BorderColor>
											<Border width="1">
												<style xmlns="http://v8.1c.ru/8.1/data/ui" xsi:type="ControlBorderType">WithoutBorder</style>
											</Border>
										</Properties>
										<Events/>
										<PredefinedContainedItems/>
									</ExtTooltip>
								</PredefinedContainedItems>
							</Input>
							<Input id="7:02023637-7868-4a5f-8576-835a76e0c9ba">
								<Properties>
									<Name>ШаблонБП</Name>
									<Type>InputField</Type>
									<DataPath>Объект.ШаблонБП</DataPath>
									<Visible>true</Visible>
									<UserVisible>
										<xr:common>true</xr:common>
									</UserVisible>
									<DefaultItem>false</DefaultItem>
									<Enabled>true</Enabled>
									<ReadOnly>true</ReadOnly>
									<SkipOnInput>auto</SkipOnInput>
									<Title>
										<v8:item>
											<v8:lang>ru</v8:lang>
											<v8:content>Модель бизнес-процесса</v8:content>
										</v8:item>
									</Title>
									<TitleTextColor>auto</TitleTextColor>
									<TitleBackColor>auto</TitleBackColor>
									<TitleFont kind="AutoFont"/>
									<TitleLocation>Auto</TitleLocation>
									<TitleHeight>0</TitleHeight>
									<ToolTip/>
									<ToolTipRepresentation>Auto</ToolTipRepresentation>
									<WarningOnEditRepresentation>Auto</WarningOnEditRepresentation>
									<WarningOnEdit/>
									<Shortcut/>
									<CommandsContent/>
									<HorizontalAlign>Auto</HorizontalAlign>
									<VerticalAlign>Auto</VerticalAlign>
									<EditMode>EnterOnInput</EditMode>
									<FixingInTable>None</FixingInTable>
									<CellHyperlink>false</CellHyperlink>
									<AutoCellHeight>false</AutoCellHeight>
									<ShowInHeader>true</ShowInHeader>
									<HeaderPicture/>
									<HeaderHorizontalAlign>Left</HeaderHorizontalAlign>
									<ShowInFooter>true</ShowInFooter>
									<FooterDataPath/>
									<FooterText/>
									<FooterTextColor>auto</FooterTextColor>
									<FooterBackColor>auto</FooterBackColor>
									<FooterFont kind="AutoFont"/>
									<FooterPicture/>
									<FooterHorizontalAlign>Auto</FooterHorizontalAlign>
									<Width>0</Width>
									<RowsCount>0</RowsCount>
									<HorizontalStretchable>auto</HorizontalStretchable>
									<VerticalStretchable>auto</VerticalStretchable>
									<Wrap>true</Wrap>
									<PasswordMode>auto</PasswordMode>
									<MultiLine>auto</MultiLine>
									<ExtendedEdit>auto</ExtendedEdit>
									<MarkNegatives>auto</MarkNegatives>
									<ChoiceListButton>auto</ChoiceListButton>
									<DropListButton>auto</DropListButton>
									<ChoiceButton>false</ChoiceButton>
									<ChoiceButtonRepresentation>Auto</ChoiceButtonRepresentation>
									<ClearButton>auto</ClearButton>
									<SpinButton>auto</SpinButton>
									<OpenButton>auto</OpenButton>
									<CreateButton>auto</CreateButton>
									<Mask/>
									<ListChoiceMode>false</ListChoiceMode>
									<ChoiceListHeight>0</ChoiceListHeight>
									<DropListWidth>0</DropListWidth>
									<AutoChoiceIncomplete>auto</AutoChoiceIncomplete>
									<QuickChoice>auto</QuickChoice>
									<ChoiceObjects>Auto</ChoiceObjects>
									<Format/>
									<InputFormat/>
									<AutoMarkIncomplete>auto</AutoMarkIncomplete>
									<ChoiceType>true</ChoiceType>
									<IncompleteChoiceMode>OnEnterPressed</IncompleteChoiceMode>
									<TypeDomainEnabled>true</TypeDomainEnabled>
									<TextEdit>true</TextEdit>
									<EditTextUpdateMode>Auto</EditTextUpdateMode>
									<MinVal xsi:nil="true"/>
									<MaxVal xsi:nil="true"/>
									<ChoiceButtonPicture/>
									<ChoiceForm/>
									<ChoiceParamLinks/>
									<ChoiceParams/>
									<AvailableTypes/>
									<ValueList/>
									<TextColor>auto</TextColor>
									<BackColor>auto</BackColor>
									<BorderColor>auto</BorderColor>
									<Font kind="AutoFont"/>
									<LinkByType/>
									<InputHint/>
									<ChoiceHistoryOnInput>Auto</ChoiceHistoryOnInput>
								</Properties>
								<Events>
									<Event name="OnChange">ШаблонБППриИзменении</Event>
								</Events>
								<PredefinedContainedItems>
									<ContextMenu xsi:type="ContextMenuGroup" id="8:02023637-7868-4a5f-8576-835a76e0c9ba">
										<Properties>
											<Name>ШаблонБПКонтекстноеМеню</Name>
											<Type>ContextMenu</Type>
											<Visible>true</Visible>
											<UserVisible>
												<xr:common>true</xr:common>
											</UserVisible>
											<Enabled>true</Enabled>
											<ReadOnly>false</ReadOnly>
											<EnableContentChange>false</EnableContentChange>
											<Title/>
											<TitleTextColor>auto</TitleTextColor>
											<TitleFont kind="AutoFont"/>
											<ToolTip/>
											<ToolTipRepresentation>Auto</ToolTipRepresentation>
											<Shortcut/>
											<Width>0</Width>
											<Height>0</Height>
											<HorizontalStretch>auto</HorizontalStretch>
											<VerticalStretch>auto</VerticalStretch>
											<FillWithStdCommands>true</FillWithStdCommands>
										</Properties>
										<PredefinedContainedItems/>
										<ContainedItems/>
									</ContextMenu>
									<ExtTooltip xsi:type="TextDecoration" id="57:02023637-7868-4a5f-8576-835a76e0c9ba">
										<Properties>
											<Name>ШаблонБПExtendedTooltip</Name>
											<Kind>Label</Kind>
											<Visible>true</Visible>
											<UserVisible>
												<xr:common>true</xr:common>
											</UserVisible>
											<Enabled>true</Enabled>
											<Width>0</Width>
											<Height>0</Height>
											<HorStretchable>auto</HorStretchable>
											<VertStretchable>auto</VertStretchable>
											<SkipOnInput>auto</SkipOnInput>
											<TextColor>auto</TextColor>
											<Font kind="AutoFont"/>
											<ShortCut/>
											<Title/>
											<Tooltip/>
											<TooltipRepresentation>Auto</TooltipRepresentation>
											<HyperLink>false</HyperLink>
											<HorAlignment>Left</HorAlignment>
											<VertAlignment>Auto</VertAlignment>
											<TitleHeight>0</TitleHeight>
											<BackColor>auto</BackColor>
											<BorderColor>auto</BorderColor>
											<Border width="1">
												<style xmlns="http://v8.1c.ru/8.1/data/ui" xsi:type="ControlBorderType">WithoutBorder</style>
											</Border>
										</Properties>
										<Events/>
										<PredefinedContainedItems/>
									</ExtTooltip>
								</PredefinedContainedItems>
							</Input>
							<Input id="31:02023637-7868-4a5f-8576-835a76e0c9ba">
								<Properties>
									<Name>Основание</Name>
									<Type>InputField</Type>
									<DataPath>Объект.Основание</DataPath>
									<Visible>true</Visible>
									<UserVisible>
										<xr:common>true</xr:common>
									</UserVisible>
									<DefaultItem>false</DefaultItem>
									<Enabled>true</Enabled>
									<ReadOnly>true</ReadOnly>
									<SkipOnInput>auto</SkipOnInput>
									<Title/>
									<TitleTextColor>auto</TitleTextColor>
									<TitleBackColor>auto</TitleBackColor>
									<TitleFont kind="AutoFont"/>
									<TitleLocation>Auto</TitleLocation>
									<TitleHeight>0</TitleHeight>
									<ToolTip/>
									<ToolTipRepresentation>Auto</ToolTipRepresentation>
									<WarningOnEditRepresentation>Auto</WarningOnEditRepresentation>
									<WarningOnEdit/>
									<Shortcut/>
									<CommandsContent/>
									<HorizontalAlign>Auto</HorizontalAlign>
									<VerticalAlign>Auto</VerticalAlign>
									<EditMode>EnterOnInput</EditMode>
									<FixingInTable>None</FixingInTable>
									<CellHyperlink>false</CellHyperlink>
									<AutoCellHeight>false</AutoCellHeight>
									<ShowInHeader>true</ShowInHeader>
									<HeaderPicture/>
									<HeaderHorizontalAlign>Left</HeaderHorizontalAlign>
									<ShowInFooter>true</ShowInFooter>
									<FooterDataPath/>
									<FooterText/>
									<FooterTextColor>auto</FooterTextColor>
									<FooterBackColor>auto</FooterBackColor>
									<FooterFont kind="AutoFont"/>
									<FooterPicture/>
									<FooterHorizontalAlign>Auto</FooterHorizontalAlign>
									<Width>0</Width>
									<RowsCount>0</RowsCount>
									<HorizontalStretchable>auto</HorizontalStretchable>
									<VerticalStretchable>auto</VerticalStretchable>
									<Wrap>true</Wrap>
									<PasswordMode>auto</PasswordMode>
									<MultiLine>auto</MultiLine>
									<ExtendedEdit>auto</ExtendedEdit>
									<MarkNegatives>auto</MarkNegatives>
									<ChoiceListButton>auto</ChoiceListButton>
									<DropListButton>auto</DropListButton>
									<ChoiceButton>false</ChoiceButton>
									<ChoiceButtonRepresentation>Auto</ChoiceButtonRepresentation>
									<ClearButton>auto</ClearButton>
									<SpinButton>auto</SpinButton>
									<OpenButton>true</OpenButton>
									<CreateButton>auto</CreateButton>
									<Mask/>
									<ListChoiceMode>false</ListChoiceMode>
									<ChoiceListHeight>0</ChoiceListHeight>
									<DropListWidth>0</DropListWidth>
									<AutoChoiceIncomplete>auto</AutoChoiceIncomplete>
									<QuickChoice>auto</QuickChoice>
									<ChoiceObjects>Auto</ChoiceObjects>
									<Format/>
									<InputFormat/>
									<AutoMarkIncomplete>auto</AutoMarkIncomplete>
									<ChoiceType>true</ChoiceType>
									<IncompleteChoiceMode>OnEnterPressed</IncompleteChoiceMode>
									<TypeDomainEnabled>true</TypeDomainEnabled>
									<TextEdit>true</TextEdit>
									<EditTextUpdateMode>Auto</EditTextUpdateMode>
									<MinVal xsi:nil="true"/>
									<MaxVal xsi:nil="true"/>
									<ChoiceButtonPicture/>
									<ChoiceForm/>
									<ChoiceParamLinks/>
									<ChoiceParams/>
									<AvailableTypes/>
									<ValueList/>
									<TextColor>auto</TextColor>
									<BackColor>auto</BackColor>
									<BorderColor>auto</BorderColor>
									<Font kind="AutoFont"/>
									<LinkByType/>
									<InputHint/>
									<ChoiceHistoryOnInput>Auto</ChoiceHistoryOnInput>
								</Properties>
								<Events/>
								<PredefinedContainedItems>
									<ContextMenu xsi:type="ContextMenuGroup" id="32:02023637-7868-4a5f-8576-835a76e0c9ba">
										<Properties>
											<Name>ОснованиеКонтекстноеМеню</Name>
											<Type>ContextMenu</Type>
											<Visible>true</Visible>
											<UserVisible>
												<xr:common>true</xr:common>
											</UserVisible>
											<Enabled>true</Enabled>
											<ReadOnly>false</ReadOnly>
											<EnableContentChange>false</EnableContentChange>
											<Title/>
											<TitleTextColor>auto</TitleTextColor>
											<TitleFont kind="AutoFont"/>
											<ToolTip/>
											<ToolTipRepresentation>Auto</ToolTipRepresentation>
											<Shortcut/>
											<Width>0</Width>
											<Height>0</Height>
											<HorizontalStretch>auto</HorizontalStretch>
											<VerticalStretch>auto</VerticalStretch>
											<FillWithStdCommands>true</FillWithStdCommands>
										</Properties>
										<PredefinedContainedItems/>
										<ContainedItems/>
									</ContextMenu>
									<ExtTooltip xsi:type="TextDecoration" id="58:02023637-7868-4a5f-8576-835a76e0c9ba">
										<Properties>
											<Name>ОснованиеExtendedTooltip</Name>
											<Kind>Label</Kind>
											<Visible>true</Visible>
											<UserVisible>
												<xr:common>true</xr:common>
											</UserVisible>
											<Enabled>true</Enabled>
											<Width>0</Width>
											<Height>0</Height>
											<HorStretchable>auto</HorStretchable>
											<VertStretchable>auto</VertStretchable>
											<SkipOnInput>auto</SkipOnInput>
											<TextColor>auto</TextColor>
											<Font kind="AutoFont"/>
											<ShortCut/>
											<Title/>
											<Tooltip/>
											<TooltipRepresentation>Auto</TooltipRepresentation>
											<HyperLink>false</HyperLink>
											<HorAlignment>Left</HorAlignment>
											<VertAlignment>Auto</VertAlignment>
											<TitleHeight>0</TitleHeight>
											<BackColor>auto</BackColor>
											<BorderColor>auto</BorderColor>
											<Border width="1">
												<style xmlns="http://v8.1c.ru/8.1/data/ui" xsi:type="ControlBorderType">WithoutBorder</style>
											</Border>
										</Properties>
										<Events/>
										<PredefinedContainedItems/>
									</ExtTooltip>
								</PredefinedContainedItems>
							</Input>
						</ContainedItems>
					</Group>
					<Group id="41:02023637-7868-4a5f-8576-835a76e0c9ba">
						<Properties>
							<Name>ГруппаПраво</Name>
							<Type>UsualGroup</Type>
							<Visible>true</Visible>
							<UserVisible>
								<xr:common>true</xr:common>
							</UserVisible>
							<Enabled>true</Enabled>
							<ReadOnly>false</ReadOnly>
							<EnableContentChange>false</EnableContentChange>
							<Title>
								<v8:item>
									<v8:lang>ru</v8:lang>
									<v8:content>Группа право</v8:content>
								</v8:item>
							</Title>
							<TitleTextColor>auto</TitleTextColor>
							<TitleFont kind="AutoFont"/>
							<ToolTip/>
							<ToolTipRepresentation>Auto</ToolTipRepresentation>
							<Shortcut/>
							<Width>0</Width>
							<Height>0</Height>
							<HorizontalStretch>auto</HorizontalStretch>
							<VerticalStretch>auto</VerticalStretch>
							<Group>Vertical</Group>
							<Behavior>Usual</Behavior>
							<CollapsedRepresentationTitle/>
							<Collapsed>false</Collapsed>
							<ControlRepresentation>TitleHyperlink</ControlRepresentation>
							<Representation>None</Representation>
							<ShowLeftMargin>true</ShowLeftMargin>
							<ChildItemsWidth>Auto</ChildItemsWidth>
							<Format/>
							<ShowTitle>false</ShowTitle>
							<TitleDataPath/>
							<BackColor>auto</BackColor>
						</Properties>
						<PredefinedContainedItems>
							<ExtTooltip xsi:type="TextDecoration" id="59:02023637-7868-4a5f-8576-835a76e0c9ba">
								<Properties>
									<Name>ГруппаПравоExtendedTooltip</Name>
									<Kind>Label</Kind>
									<Visible>true</Visible>
									<UserVisible>
										<xr:common>true</xr:common>
									</UserVisible>
									<Enabled>true</Enabled>
									<Width>0</Width>
									<Height>0</Height>
									<HorStretchable>auto</HorStretchable>
									<VertStretchable>auto</VertStretchable>
									<SkipOnInput>auto</SkipOnInput>
									<TextColor>auto</TextColor>
									<Font kind="AutoFont"/>
									<ShortCut/>
									<Title/>
									<Tooltip/>
									<TooltipRepresentation>Auto</TooltipRepresentation>
									<HyperLink>false</HyperLink>
									<HorAlignment>Left</HorAlignment>
									<VertAlignment>Auto</VertAlignment>
									<TitleHeight>0</TitleHeight>
									<BackColor>auto</BackColor>
									<BorderColor>auto</BorderColor>
									<Border width="1">
										<style xmlns="http://v8.1c.ru/8.1/data/ui" xsi:type="ControlBorderType">WithoutBorder</style>
									</Border>
								</Properties>
								<Events/>
								<PredefinedContainedItems/>
							</ExtTooltip>
						</PredefinedContainedItems>
						<ContainedItems>
							<Input id="3:02023637-7868-4a5f-8576-835a76e0c9ba">
								<Properties>
									<Name>Дата</Name>
									<Type>InputField</Type>
									<DataPath>Объект.Date</DataPath>
									<Visible>true</Visible>
									<UserVisible>
										<xr:common>true</xr:common>
									</UserVisible>
									<DefaultItem>false</DefaultItem>
									<Enabled>true</Enabled>
									<ReadOnly>true</ReadOnly>
									<SkipOnInput>auto</SkipOnInput>
									<Title>
										<v8:item>
											<v8:lang>ru</v8:lang>
											<v8:content>Дата создания</v8:content>
										</v8:item>
									</Title>
									<TitleTextColor>auto</TitleTextColor>
									<TitleBackColor>auto</TitleBackColor>
									<TitleFont kind="AutoFont"/>
									<TitleLocation>Auto</TitleLocation>
									<TitleHeight>0</TitleHeight>
									<ToolTip/>
									<ToolTipRepresentation>Auto</ToolTipRepresentation>
									<WarningOnEditRepresentation>Auto</WarningOnEditRepresentation>
									<WarningOnEdit/>
									<Shortcut/>
									<CommandsContent/>
									<HorizontalAlign>Auto</HorizontalAlign>
									<VerticalAlign>Auto</VerticalAlign>
									<EditMode>EnterOnInput</EditMode>
									<FixingInTable>None</FixingInTable>
									<CellHyperlink>false</CellHyperlink>
									<AutoCellHeight>false</AutoCellHeight>
									<ShowInHeader>true</ShowInHeader>
									<HeaderPicture/>
									<HeaderHorizontalAlign>Left</HeaderHorizontalAlign>
									<ShowInFooter>true</ShowInFooter>
									<FooterDataPath/>
									<FooterText/>
									<FooterTextColor>auto</FooterTextColor>
									<FooterBackColor>auto</FooterBackColor>
									<FooterFont kind="AutoFont"/>
									<FooterPicture/>
									<FooterHorizontalAlign>Auto</FooterHorizontalAlign>
									<Width>0</Width>
									<RowsCount>0</RowsCount>
									<HorizontalStretchable>auto</HorizontalStretchable>
									<VerticalStretchable>auto</VerticalStretchable>
									<Wrap>true</Wrap>
									<PasswordMode>auto</PasswordMode>
									<MultiLine>auto</MultiLine>
									<ExtendedEdit>auto</ExtendedEdit>
									<MarkNegatives>auto</MarkNegatives>
									<ChoiceListButton>auto</ChoiceListButton>
									<DropListButton>auto</DropListButton>
									<ChoiceButton>auto</ChoiceButton>
									<ChoiceButtonRepresentation>Auto</ChoiceButtonRepresentation>
									<ClearButton>auto</ClearButton>
									<SpinButton>auto</SpinButton>
									<OpenButton>auto</OpenButton>
									<CreateButton>auto</CreateButton>
									<Mask/>
									<ListChoiceMode>false</ListChoiceMode>
									<ChoiceListHeight>0</ChoiceListHeight>
									<DropListWidth>0</DropListWidth>
									<AutoChoiceIncomplete>auto</AutoChoiceIncomplete>
									<QuickChoice>auto</QuickChoice>
									<ChoiceObjects>Auto</ChoiceObjects>
									<Format/>
									<InputFormat/>
									<AutoMarkIncomplete>auto</AutoMarkIncomplete>
									<ChoiceType>true</ChoiceType>
									<IncompleteChoiceMode>OnEnterPressed</IncompleteChoiceMode>
									<TypeDomainEnabled>true</TypeDomainEnabled>
									<TextEdit>true</TextEdit>
									<EditTextUpdateMode>Auto</EditTextUpdateMode>
									<MinVal xsi:nil="true"/>
									<MaxVal xsi:nil="true"/>
									<ChoiceButtonPicture/>
									<ChoiceForm/>
									<ChoiceParamLinks/>
									<ChoiceParams/>
									<AvailableTypes/>
									<ValueList/>
									<TextColor>auto</TextColor>
									<BackColor>auto</BackColor>
									<BorderColor>auto</BorderColor>
									<Font kind="AutoFont"/>
									<LinkByType/>
									<InputHint/>
									<ChoiceHistoryOnInput>Auto</ChoiceHistoryOnInput>
								</Properties>
								<Events/>
								<PredefinedContainedItems>
									<ContextMenu xsi:type="ContextMenuGroup" id="4:02023637-7868-4a5f-8576-835a76e0c9ba">
										<Properties>
											<Name>ДатаКонтекстноеМеню</Name>
											<Type>ContextMenu</Type>
											<Visible>true</Visible>
											<UserVisible>
												<xr:common>true</xr:common>
											</UserVisible>
											<Enabled>true</Enabled>
											<ReadOnly>false</ReadOnly>
											<EnableContentChange>false</EnableContentChange>
											<Title/>
											<TitleTextColor>auto</TitleTextColor>
											<TitleFont kind="AutoFont"/>
											<ToolTip/>
											<ToolTipRepresentation>Auto</ToolTipRepresentation>
											<Shortcut/>
											<Width>0</Width>
											<Height>0</Height>
											<HorizontalStretch>auto</HorizontalStretch>
											<VerticalStretch>auto</VerticalStretch>
											<FillWithStdCommands>true</FillWithStdCommands>
										</Properties>
										<PredefinedContainedItems/>
										<ContainedItems/>
									</ContextMenu>
									<ExtTooltip xsi:type="TextDecoration" id="60:02023637-7868-4a5f-8576-835a76e0c9ba">
										<Properties>
											<Name>ДатаExtendedTooltip</Name>
											<Kind>Label</Kind>
											<Visible>true</Visible>
											<UserVisible>
												<xr:common>true</xr:common>
											</UserVisible>
											<Enabled>true</Enabled>
											<Width>0</Width>
											<Height>0</Height>
											<HorStretchable>auto</HorStretchable>
											<VertStretchable>auto</VertStretchable>
											<SkipOnInput>auto</SkipOnInput>
											<TextColor>auto</TextColor>
											<Font kind="AutoFont"/>
											<ShortCut/>
											<Title/>
											<Tooltip/>
											<TooltipRepresentation>Auto</TooltipRepresentation>
											<HyperLink>false</HyperLink>
											<HorAlignment>Left</HorAlignment>
											<VertAlignment>Auto</VertAlignment>
											<TitleHeight>0</TitleHeight>
											<BackColor>auto</BackColor>
											<BorderColor>auto</BorderColor>
											<Border width="1">
												<style xmlns="http://v8.1c.ru/8.1/data/ui" xsi:type="ControlBorderType">WithoutBorder</style>
											</Border>
										</Properties>
										<Events/>
										<PredefinedContainedItems/>
									</ExtTooltip>
								</PredefinedContainedItems>
							</Input>
							<Input id="11:02023637-7868-4a5f-8576-835a76e0c9ba">
								<Properties>
									<Name>ДатаСтарта</Name>
									<Type>InputField</Type>
									<DataPath>Объект.ДатаСтарта</DataPath>
									<Visible>true</Visible>
									<UserVisible>
										<xr:common>true</xr:common>
									</UserVisible>
									<DefaultItem>false</DefaultItem>
									<Enabled>true</Enabled>
									<ReadOnly>true</ReadOnly>
									<SkipOnInput>auto</SkipOnInput>
									<Title/>
									<TitleTextColor>auto</TitleTextColor>
									<TitleBackColor>auto</TitleBackColor>
									<TitleFont kind="AutoFont"/>
									<TitleLocation>Auto</TitleLocation>
									<TitleHeight>0</TitleHeight>
									<ToolTip/>
									<ToolTipRepresentation>Auto</ToolTipRepresentation>
									<WarningOnEditRepresentation>Auto</WarningOnEditRepresentation>
									<WarningOnEdit/>
									<Shortcut/>
									<CommandsContent/>
									<HorizontalAlign>Auto</HorizontalAlign>
									<VerticalAlign>Auto</VerticalAlign>
									<EditMode>EnterOnInput</EditMode>
									<FixingInTable>None</FixingInTable>
									<CellHyperlink>false</CellHyperlink>
									<AutoCellHeight>false</AutoCellHeight>
									<ShowInHeader>true</ShowInHeader>
									<HeaderPicture/>
									<HeaderHorizontalAlign>Left</HeaderHorizontalAlign>
									<ShowInFooter>true</ShowInFooter>
									<FooterDataPath/>
									<FooterText/>
									<FooterTextColor>auto</FooterTextColor>
									<FooterBackColor>auto</FooterBackColor>
									<FooterFont kind="AutoFont"/>
									<FooterPicture/>
									<FooterHorizontalAlign>Auto</FooterHorizontalAlign>
									<Width>0</Width>
									<RowsCount>0</RowsCount>
									<HorizontalStretchable>auto</HorizontalStretchable>
									<VerticalStretchable>auto</VerticalStretchable>
									<Wrap>true</Wrap>
									<PasswordMode>auto</PasswordMode>
									<MultiLine>auto</MultiLine>
									<ExtendedEdit>auto</ExtendedEdit>
									<MarkNegatives>auto</MarkNegatives>
									<ChoiceListButton>auto</ChoiceListButton>
									<DropListButton>auto</DropListButton>
									<ChoiceButton>auto</ChoiceButton>
									<ChoiceButtonRepresentation>Auto</ChoiceButtonRepresentation>
									<ClearButton>auto</ClearButton>
									<SpinButton>auto</SpinButton>
									<OpenButton>auto</OpenButton>
									<CreateButton>auto</CreateButton>
									<Mask/>
									<ListChoiceMode>false</ListChoiceMode>
									<ChoiceListHeight>0</ChoiceListHeight>
									<DropListWidth>0</DropListWidth>
									<AutoChoiceIncomplete>auto</AutoChoiceIncomplete>
									<QuickChoice>auto</QuickChoice>
									<ChoiceObjects>Auto</ChoiceObjects>
									<Format/>
									<InputFormat/>
									<AutoMarkIncomplete>auto</AutoMarkIncomplete>
									<ChoiceType>true</ChoiceType>
									<IncompleteChoiceMode>OnEnterPressed</IncompleteChoiceMode>
									<TypeDomainEnabled>true</TypeDomainEnabled>
									<TextEdit>true</TextEdit>
									<EditTextUpdateMode>Auto</EditTextUpdateMode>
									<MinVal xsi:nil="true"/>
									<MaxVal xsi:nil="true"/>
									<ChoiceButtonPicture/>
									<ChoiceForm/>
									<ChoiceParamLinks/>
									<ChoiceParams/>
									<AvailableTypes/>
									<ValueList/>
									<TextColor>auto</TextColor>
									<BackColor>auto</BackColor>
									<BorderColor>auto</BorderColor>
									<Font kind="AutoFont"/>
									<LinkByType/>
									<InputHint/>
									<ChoiceHistoryOnInput>Auto</ChoiceHistoryOnInput>
								</Properties>
								<Events/>
								<PredefinedContainedItems>
									<ContextMenu xsi:type="ContextMenuGroup" id="12:02023637-7868-4a5f-8576-835a76e0c9ba">
										<Properties>
											<Name>ДатаСтартаКонтекстноеМеню</Name>
											<Type>ContextMenu</Type>
											<Visible>true</Visible>
											<UserVisible>
												<xr:common>true</xr:common>
											</UserVisible>
											<Enabled>true</Enabled>
											<ReadOnly>false</ReadOnly>
											<EnableContentChange>false</EnableContentChange>
											<Title/>
											<TitleTextColor>auto</TitleTextColor>
											<TitleFont kind="AutoFont"/>
											<ToolTip/>
											<ToolTipRepresentation>Auto</ToolTipRepresentation>
											<Shortcut/>
											<Width>0</Width>
											<Height>0</Height>
											<HorizontalStretch>auto</HorizontalStretch>
											<VerticalStretch>auto</VerticalStretch>
											<FillWithStdCommands>true</FillWithStdCommands>
										</Properties>
										<PredefinedContainedItems/>
										<ContainedItems/>
									</ContextMenu>
									<ExtTooltip xsi:type="TextDecoration" id="61:02023637-7868-4a5f-8576-835a76e0c9ba">
										<Properties>
											<Name>ДатаСтартаExtendedTooltip</Name>
											<Kind>Label</Kind>
											<Visible>true</Visible>
											<UserVisible>
												<xr:common>true</xr:common>
											</UserVisible>
											<Enabled>true</Enabled>
											<Width>0</Width>
											<Height>0</Height>
											<HorStretchable>auto</HorStretchable>
											<VertStretchable>auto</VertStretchable>
											<SkipOnInput>auto</SkipOnInput>
											<TextColor>auto</TextColor>
											<Font kind="AutoFont"/>
											<ShortCut/>
											<Title/>
											<Tooltip/>
											<TooltipRepresentation>Auto</TooltipRepresentation>
											<HyperLink>false</HyperLink>
											<HorAlignment>Left</HorAlignment>
											<VertAlignment>Auto</VertAlignment>
											<TitleHeight>0</TitleHeight>
											<BackColor>auto</BackColor>
											<BorderColor>auto</BorderColor>
											<Border width="1">
												<style xmlns="http://v8.1c.ru/8.1/data/ui" xsi:type="ControlBorderType">WithoutBorder</style>
											</Border>
										</Properties>
										<Events/>
										<PredefinedContainedItems/>
									</ExtTooltip>
								</PredefinedContainedItems>
							</Input>
							<Input id="9:02023637-7868-4a5f-8576-835a76e0c9ba">
								<Properties>
									<Name>ДатаЗавершения</Name>
									<Type>InputField</Type>
									<DataPath>Объект.ДатаЗавершения</DataPath>
									<Visible>true</Visible>
									<UserVisible>
										<xr:common>true</xr:common>
									</UserVisible>
									<DefaultItem>false</DefaultItem>
									<Enabled>true</Enabled>
									<ReadOnly>true</ReadOnly>
									<SkipOnInput>auto</SkipOnInput>
									<Title/>
									<TitleTextColor>auto</TitleTextColor>
									<TitleBackColor>auto</TitleBackColor>
									<TitleFont kind="AutoFont"/>
									<TitleLocation>Auto</TitleLocation>
									<TitleHeight>0</TitleHeight>
									<ToolTip/>
									<ToolTipRepresentation>Auto</ToolTipRepresentation>
									<WarningOnEditRepresentation>Auto</WarningOnEditRepresentation>
									<WarningOnEdit/>
									<Shortcut/>
									<CommandsContent/>
									<HorizontalAlign>Auto</HorizontalAlign>
									<VerticalAlign>Auto</VerticalAlign>
									<EditMode>EnterOnInput</EditMode>
									<FixingInTable>None</FixingInTable>
									<CellHyperlink>false</CellHyperlink>
									<AutoCellHeight>false</AutoCellHeight>
									<ShowInHeader>true</ShowInHeader>
									<HeaderPicture/>
									<HeaderHorizontalAlign>Left</HeaderHorizontalAlign>
									<ShowInFooter>true</ShowInFooter>
									<FooterDataPath/>
									<FooterText/>
									<FooterTextColor>auto</FooterTextColor>
									<FooterBackColor>auto</FooterBackColor>
									<FooterFont kind="AutoFont"/>
									<FooterPicture/>
									<FooterHorizontalAlign>Auto</FooterHorizontalAlign>
									<Width>0</Width>
									<RowsCount>0</RowsCount>
									<HorizontalStretchable>auto</HorizontalStretchable>
									<VerticalStretchable>auto</VerticalStretchable>
									<Wrap>true</Wrap>
									<PasswordMode>auto</PasswordMode>
									<MultiLine>auto</MultiLine>
									<ExtendedEdit>auto</ExtendedEdit>
									<MarkNegatives>auto</MarkNegatives>
									<ChoiceListButton>auto</ChoiceListButton>
									<DropListButton>auto</DropListButton>
									<ChoiceButton>auto</ChoiceButton>
									<ChoiceButtonRepresentation>Auto</ChoiceButtonRepresentation>
									<ClearButton>auto</ClearButton>
									<SpinButton>auto</SpinButton>
									<OpenButton>auto</OpenButton>
									<CreateButton>auto</CreateButton>
									<Mask/>
									<ListChoiceMode>false</ListChoiceMode>
									<ChoiceListHeight>0</ChoiceListHeight>
									<DropListWidth>0</DropListWidth>
									<AutoChoiceIncomplete>auto</AutoChoiceIncomplete>
									<QuickChoice>auto</QuickChoice>
									<ChoiceObjects>Auto</ChoiceObjects>
									<Format/>
									<InputFormat/>
									<AutoMarkIncomplete>auto</AutoMarkIncomplete>
									<ChoiceType>true</ChoiceType>
									<IncompleteChoiceMode>OnEnterPressed</IncompleteChoiceMode>
									<TypeDomainEnabled>true</TypeDomainEnabled>
									<TextEdit>true</TextEdit>
									<EditTextUpdateMode>Auto</EditTextUpdateMode>
									<MinVal xsi:nil="true"/>
									<MaxVal xsi:nil="true"/>
									<ChoiceButtonPicture/>
									<ChoiceForm/>
									<ChoiceParamLinks/>
									<ChoiceParams/>
									<AvailableTypes/>
									<ValueList/>
									<TextColor>auto</TextColor>
									<BackColor>auto</BackColor>
									<BorderColor>auto</BorderColor>
									<Font kind="AutoFont"/>
									<LinkByType/>
									<InputHint/>
									<ChoiceHistoryOnInput>Auto</ChoiceHistoryOnInput>
								</Properties>
								<Events/>
								<PredefinedContainedItems>
									<ContextMenu xsi:type="ContextMenuGroup" id="10:02023637-7868-4a5f-8576-835a76e0c9ba">
										<Properties>
											<Name>ДатаЗавершенияКонтекстноеМеню</Name>
											<Type>ContextMenu</Type>
											<Visible>true</Visible>
											<UserVisible>
												<xr:common>true</xr:common>
											</UserVisible>
											<Enabled>true</Enabled>
											<ReadOnly>false</ReadOnly>
											<EnableContentChange>false</EnableContentChange>
											<Title/>
											<TitleTextColor>auto</TitleTextColor>
											<TitleFont kind="AutoFont"/>
											<ToolTip/>
											<ToolTipRepresentation>Auto</ToolTipRepresentation>
											<Shortcut/>
											<Width>0</Width>
											<Height>0</Height>
											<HorizontalStretch>auto</HorizontalStretch>
											<VerticalStretch>auto</VerticalStretch>
											<FillWithStdCommands>true</FillWithStdCommands>
										</Properties>
										<PredefinedContainedItems/>
										<ContainedItems/>
									</ContextMenu>
									<ExtTooltip xsi:type="TextDecoration" id="62:02023637-7868-4a5f-8576-835a76e0c9ba">
										<Properties>
											<Name>ДатаЗавершенияExtendedTooltip</Name>
											<Kind>Label</Kind>
											<Visible>true</Visible>
											<UserVisible>
												<xr:common>true</xr:common>
											</UserVisible>
											<Enabled>true</Enabled>
											<Width>0</Width>
											<Height>0</Height>
											<HorStretchable>auto</HorStretchable>
											<VertStretchable>auto</VertStretchable>
											<SkipOnInput>auto</SkipOnInput>
											<TextColor>auto</TextColor>
											<Font kind="AutoFont"/>
											<ShortCut/>
											<Title/>
											<Tooltip/>
											<TooltipRepresentation>Auto</TooltipRepresentation>
											<HyperLink>false</HyperLink>
											<HorAlignment>Left</HorAlignment>
											<VertAlignment>Auto</VertAlignment>
											<TitleHeight>0</TitleHeight>
											<BackColor>auto</BackColor>
											<BorderColor>auto</BorderColor>
											<Border width="1">
												<style xmlns="http://v8.1c.ru/8.1/data/ui" xsi:type="ControlBorderType">WithoutBorder</style>
											</Border>
										</Properties>
										<Events/>
										<PredefinedContainedItems/>
									</ExtTooltip>
								</PredefinedContainedItems>
							</Input>
						</ContainedItems>
					</Group>
				</ContainedItems>
			</Group>
			<Pages id="42:02023637-7868-4a5f-8576-835a76e0c9ba">
				<Properties>
					<Name>ГруппаОсновныеПараметры</Name>
					<Type>Pages</Type>
					<Visible>true</Visible>
					<UserVisible>
						<xr:common>true</xr:common>
					</UserVisible>
					<Enabled>true</Enabled>
					<ReadOnly>false</ReadOnly>
					<EnableContentChange>false</EnableContentChange>
					<Title>
						<v8:item>
							<v8:lang>ru</v8:lang>
							<v8:content>Основные параметры</v8:content>
						</v8:item>
					</Title>
					<TitleTextColor>auto</TitleTextColor>
					<TitleFont kind="AutoFont"/>
					<ToolTip/>
					<ToolTipRepresentation>Auto</ToolTipRepresentation>
					<Shortcut/>
					<Width>0</Width>
					<Height>0</Height>
					<HorizontalStretch>auto</HorizontalStretch>
					<VerticalStretch>auto</VerticalStretch>
					<PagesRepresentation>TabsOnTop</PagesRepresentation>
				</Properties>
				<Events/>
				<PredefinedContainedItems>
					<ExtTooltip xsi:type="TextDecoration" id="63:02023637-7868-4a5f-8576-835a76e0c9ba">
						<Properties>
							<Name>ГруппаОсновныеПараметрыExtendedTooltip</Name>
							<Kind>Label</Kind>
							<Visible>true</Visible>
							<UserVisible>
								<xr:common>true</xr:common>
							</UserVisible>
							<Enabled>true</Enabled>
							<Width>0</Width>
							<Height>0</Height>
							<HorStretchable>auto</HorStretchable>
							<VertStretchable>auto</VertStretchable>
							<SkipOnInput>auto</SkipOnInput>
							<TextColor>auto</TextColor>
							<Font kind="AutoFont"/>
							<ShortCut/>
							<Title/>
							<Tooltip/>
							<TooltipRepresentation>Auto</TooltipRepresentation>
							<HyperLink>false</HyperLink>
							<HorAlignment>Left</HorAlignment>
							<VertAlignment>Auto</VertAlignment>
							<TitleHeight>0</TitleHeight>
							<BackColor>auto</BackColor>
							<BorderColor>auto</BorderColor>
							<Border width="1">
								<style xmlns="http://v8.1c.ru/8.1/data/ui" xsi:type="ControlBorderType">WithoutBorder</style>
							</Border>
						</Properties>
						<Events/>
						<PredefinedContainedItems/>
					</ExtTooltip>
				</PredefinedContainedItems>
				<ContainedItems>
					<Page id="43:02023637-7868-4a5f-8576-835a76e0c9ba">
						<Properties>
							<Name>СтраницаОсновныеПараметры</Name>
							<Type>Page</Type>
							<Visible>true</Visible>
							<UserVisible>
								<xr:common>true</xr:common>
							</UserVisible>
							<Enabled>true</Enabled>
							<ReadOnly>false</ReadOnly>
							<EnableContentChange>false</EnableContentChange>
							<Title>
								<v8:item>
									<v8:lang>ru</v8:lang>
									<v8:content>Основные параметры</v8:content>
								</v8:item>
							</Title>
							<TitleTextColor>auto</TitleTextColor>
							<TitleFont kind="AutoFont"/>
							<ToolTip>
								<v8:item>
									<v8:lang>ru</v8:lang>
									<v8:content>Основные параметры</v8:content>
								</v8:item>
							</ToolTip>
							<ToolTipRepresentation>Auto</ToolTipRepresentation>
							<Shortcut/>
							<Width>0</Width>
							<Height>0</Height>
							<HorizontalStretch>auto</HorizontalStretch>
							<VerticalStretch>auto</VerticalStretch>
							<Picture/>
							<Grouping>Vertical</Grouping>
							<ChildrenWidth>Auto</ChildrenWidth>
							<Format/>
							<ShowTitle>true</ShowTitle>
							<TitleAttribute/>
							<BackColor>auto</BackColor>
						</Properties>
						<PredefinedContainedItems>
							<ExtTooltip xsi:type="TextDecoration" id="64:02023637-7868-4a5f-8576-835a76e0c9ba">
								<Properties>
									<Name>СтраницаОсновныеПараметрыExtendedTooltip</Name>
									<Kind>Label</Kind>
									<Visible>true</Visible>
									<UserVisible>
										<xr:common>true</xr:common>
									</UserVisible>
									<Enabled>true</Enabled>
									<Width>0</Width>
									<Height>0</Height>
									<HorStretchable>auto</HorStretchable>
									<VertStretchable>auto</VertStretchable>
									<SkipOnInput>auto</SkipOnInput>
									<TextColor>auto</TextColor>
									<Font kind="AutoFont"/>
									<ShortCut/>
									<Title/>
									<Tooltip/>
									<TooltipRepresentation>Auto</TooltipRepresentation>
									<HyperLink>false</HyperLink>
									<HorAlignment>Left</HorAlignment>
									<VertAlignment>Auto</VertAlignment>
									<TitleHeight>0</TitleHeight>
									<BackColor>auto</BackColor>
									<BorderColor>auto</BorderColor>
									<Border width="1">
										<style xmlns="http://v8.1c.ru/8.1/data/ui" xsi:type="ControlBorderType">WithoutBorder</style>
									</Border>
								</Properties>
								<Events/>
								<PredefinedContainedItems/>
							</ExtTooltip>
						</PredefinedContainedItems>
						<ContainedItems>
							<Input id="15:02023637-7868-4a5f-8576-835a76e0c9ba">
								<Properties>
									<Name>Наименование</Name>
									<Type>InputField</Type>
									<DataPath>Объект.Наименование</DataPath>
									<Visible>true</Visible>
									<UserVisible>
										<xr:common>true</xr:common>
									</UserVisible>
									<DefaultItem>false</DefaultItem>
									<Enabled>true</Enabled>
									<ReadOnly>false</ReadOnly>
									<SkipOnInput>auto</SkipOnInput>
									<Title/>
									<TitleTextColor>auto</TitleTextColor>
									<TitleBackColor>auto</TitleBackColor>
									<TitleFont xmlns:sys="http://v8.1c.ru/8.1/data/ui/fonts/system" ref="sys:DefaultGUIFont" kind="WindowsFont"/>
									<TitleLocation>Auto</TitleLocation>
									<TitleHeight>0</TitleHeight>
									<ToolTip/>
									<ToolTipRepresentation>Auto</ToolTipRepresentation>
									<WarningOnEditRepresentation>Auto</WarningOnEditRepresentation>
									<WarningOnEdit/>
									<Shortcut/>
									<CommandsContent/>
									<HorizontalAlign>Left</HorizontalAlign>
									<VerticalAlign>Auto</VerticalAlign>
									<EditMode>EnterOnInput</EditMode>
									<FixingInTable>None</FixingInTable>
									<CellHyperlink>false</CellHyperlink>
									<AutoCellHeight>false</AutoCellHeight>
									<ShowInHeader>true</ShowInHeader>
									<HeaderPicture/>
									<HeaderHorizontalAlign>Left</HeaderHorizontalAlign>
									<ShowInFooter>true</ShowInFooter>
									<FooterDataPath/>
									<FooterText/>
									<FooterTextColor>auto</FooterTextColor>
									<FooterBackColor>auto</FooterBackColor>
									<FooterFont kind="AutoFont"/>
									<FooterPicture/>
									<FooterHorizontalAlign>Auto</FooterHorizontalAlign>
									<Width>0</Width>
									<RowsCount>0</RowsCount>
									<HorizontalStretchable>auto</HorizontalStretchable>
									<VerticalStretchable>auto</VerticalStretchable>
									<Wrap>true</Wrap>
									<PasswordMode>auto</PasswordMode>
									<MultiLine>auto</MultiLine>
									<ExtendedEdit>auto</ExtendedEdit>
									<MarkNegatives>auto</MarkNegatives>
									<ChoiceListButton>auto</ChoiceListButton>
									<DropListButton>auto</DropListButton>
									<ChoiceButton>auto</ChoiceButton>
									<ChoiceButtonRepresentation>Auto</ChoiceButtonRepresentation>
									<ClearButton>auto</ClearButton>
									<SpinButton>auto</SpinButton>
									<OpenButton>auto</OpenButton>
									<CreateButton>auto</CreateButton>
									<Mask/>
									<ListChoiceMode>false</ListChoiceMode>
									<ChoiceListHeight>0</ChoiceListHeight>
									<DropListWidth>0</DropListWidth>
									<AutoChoiceIncomplete>auto</AutoChoiceIncomplete>
									<QuickChoice>auto</QuickChoice>
									<ChoiceObjects>Auto</ChoiceObjects>
									<Format/>
									<InputFormat/>
									<AutoMarkIncomplete>auto</AutoMarkIncomplete>
									<ChoiceType>true</ChoiceType>
									<IncompleteChoiceMode>OnEnterPressed</IncompleteChoiceMode>
									<TypeDomainEnabled>true</TypeDomainEnabled>
									<TextEdit>true</TextEdit>
									<EditTextUpdateMode>Auto</EditTextUpdateMode>
									<MinVal xsi:nil="true"/>
									<MaxVal xsi:nil="true"/>
									<ChoiceButtonPicture/>
									<ChoiceForm/>
									<ChoiceParamLinks/>
									<ChoiceParams/>
									<AvailableTypes/>
									<ValueList/>
									<TextColor>auto</TextColor>
									<BackColor>auto</BackColor>
									<BorderColor>auto</BorderColor>
									<Font kind="AutoFont"/>
									<LinkByType/>
									<InputHint/>
									<ChoiceHistoryOnInput>Auto</ChoiceHistoryOnInput>
								</Properties>
								<Events/>
								<PredefinedContainedItems>
									<ContextMenu xsi:type="ContextMenuGroup" id="16:02023637-7868-4a5f-8576-835a76e0c9ba">
										<Properties>
											<Name>НаименованиеКонтекстноеМеню</Name>
											<Type>ContextMenu</Type>
											<Visible>true</Visible>
											<UserVisible>
												<xr:common>true</xr:common>
											</UserVisible>
											<Enabled>true</Enabled>
											<ReadOnly>false</ReadOnly>
											<EnableContentChange>false</EnableContentChange>
											<Title/>
											<TitleTextColor>auto</TitleTextColor>
											<TitleFont kind="AutoFont"/>
											<ToolTip/>
											<ToolTipRepresentation>Auto</ToolTipRepresentation>
											<Shortcut/>
											<Width>0</Width>
											<Height>0</Height>
											<HorizontalStretch>auto</HorizontalStretch>
											<VerticalStretch>auto</VerticalStretch>
											<FillWithStdCommands>true</FillWithStdCommands>
										</Properties>
										<PredefinedContainedItems/>
										<ContainedItems/>
									</ContextMenu>
									<ExtTooltip xsi:type="TextDecoration" id="65:02023637-7868-4a5f-8576-835a76e0c9ba">
										<Properties>
											<Name>НаименованиеExtendedTooltip</Name>
											<Kind>Label</Kind>
											<Visible>true</Visible>
											<UserVisible>
												<xr:common>true</xr:common>
											</UserVisible>
											<Enabled>true</Enabled>
											<Width>0</Width>
											<Height>0</Height>
											<HorStretchable>auto</HorStretchable>
											<VertStretchable>auto</VertStretchable>
											<SkipOnInput>auto</SkipOnInput>
											<TextColor>auto</TextColor>
											<Font kind="AutoFont"/>
											<ShortCut/>
											<Title/>
											<Tooltip/>
											<TooltipRepresentation>Auto</TooltipRepresentation>
											<HyperLink>false</HyperLink>
											<HorAlignment>Left</HorAlignment>
											<VertAlignment>Auto</VertAlignment>
											<TitleHeight>0</TitleHeight>
											<BackColor>auto</BackColor>
											<BorderColor>auto</BorderColor>
											<Border width="1">
												<style xmlns="http://v8.1c.ru/8.1/data/ui" xsi:type="ControlBorderType">WithoutBorder</style>
											</Border>
										</Properties>
										<Events/>
										<PredefinedContainedItems/>
									</ExtTooltip>
								</PredefinedContainedItems>
							</Input>
							<Input id="17:02023637-7868-4a5f-8576-835a76e0c9ba">
								<Properties>
									<Name>Описание</Name>
									<Type>InputField</Type>
									<DataPath>Объект.Описание</DataPath>
									<Visible>true</Visible>
									<UserVisible>
										<xr:common>true</xr:common>
									</UserVisible>
									<DefaultItem>false</DefaultItem>
									<Enabled>true</Enabled>
									<ReadOnly>false</ReadOnly>
									<SkipOnInput>auto</SkipOnInput>
									<Title/>
									<TitleTextColor>auto</TitleTextColor>
									<TitleBackColor>auto</TitleBackColor>
									<TitleFont xmlns:sys="http://v8.1c.ru/8.1/data/ui/fonts/system" ref="sys:DefaultGUIFont" kind="WindowsFont"/>
									<TitleLocation>Left</TitleLocation>
									<TitleHeight>0</TitleHeight>
									<ToolTip/>
									<ToolTipRepresentation>Auto</ToolTipRepresentation>
									<WarningOnEditRepresentation>Auto</WarningOnEditRepresentation>
									<WarningOnEdit/>
									<Shortcut/>
									<CommandsContent/>
									<HorizontalAlign>Auto</HorizontalAlign>
									<VerticalAlign>Auto</VerticalAlign>
									<EditMode>EnterOnInput</EditMode>
									<FixingInTable>None</FixingInTable>
									<CellHyperlink>false</CellHyperlink>
									<AutoCellHeight>false</AutoCellHeight>
									<ShowInHeader>true</ShowInHeader>
									<HeaderPicture/>
									<HeaderHorizontalAlign>Left</HeaderHorizontalAlign>
									<ShowInFooter>true</ShowInFooter>
									<FooterDataPath/>
									<FooterText/>
									<FooterTextColor>auto</FooterTextColor>
									<FooterBackColor>auto</FooterBackColor>
									<FooterFont kind="AutoFont"/>
									<FooterPicture/>
									<FooterHorizontalAlign>Auto</FooterHorizontalAlign>
									<Width>0</Width>
									<RowsCount>0</RowsCount>
									<HorizontalStretchable>auto</HorizontalStretchable>
									<VerticalStretchable>auto</VerticalStretchable>
									<Wrap>true</Wrap>
									<PasswordMode>auto</PasswordMode>
									<MultiLine>true</MultiLine>
									<ExtendedEdit>auto</ExtendedEdit>
									<MarkNegatives>auto</MarkNegatives>
									<ChoiceListButton>auto</ChoiceListButton>
									<DropListButton>auto</DropListButton>
									<ChoiceButton>auto</ChoiceButton>
									<ChoiceButtonRepresentation>Auto</ChoiceButtonRepresentation>
									<ClearButton>auto</ClearButton>
									<SpinButton>auto</SpinButton>
									<OpenButton>auto</OpenButton>
									<CreateButton>auto</CreateButton>
									<Mask/>
									<ListChoiceMode>false</ListChoiceMode>
									<ChoiceListHeight>0</ChoiceListHeight>
									<DropListWidth>0</DropListWidth>
									<AutoChoiceIncomplete>auto</AutoChoiceIncomplete>
									<QuickChoice>auto</QuickChoice>
									<ChoiceObjects>Auto</ChoiceObjects>
									<Format/>
									<InputFormat/>
									<AutoMarkIncomplete>auto</AutoMarkIncomplete>
									<ChoiceType>true</ChoiceType>
									<IncompleteChoiceMode>OnEnterPressed</IncompleteChoiceMode>
									<TypeDomainEnabled>true</TypeDomainEnabled>
									<TextEdit>true</TextEdit>
									<EditTextUpdateMode>Auto</EditTextUpdateMode>
									<MinVal xsi:nil="true"/>
									<MaxVal xsi:nil="true"/>
									<ChoiceButtonPicture/>
									<ChoiceForm/>
									<ChoiceParamLinks/>
									<ChoiceParams/>
									<AvailableTypes/>
									<ValueList/>
									<TextColor>auto</TextColor>
									<BackColor>auto</BackColor>
									<BorderColor>auto</BorderColor>
									<Font kind="AutoFont"/>
									<LinkByType/>
									<InputHint/>
									<ChoiceHistoryOnInput>Auto</ChoiceHistoryOnInput>
								</Properties>
								<Events/>
								<PredefinedContainedItems>
									<ContextMenu xsi:type="ContextMenuGroup" id="18:02023637-7868-4a5f-8576-835a76e0c9ba">
										<Properties>
											<Name>ОписаниеКонтекстноеМеню</Name>
											<Type>ContextMenu</Type>
											<Visible>true</Visible>
											<UserVisible>
												<xr:common>true</xr:common>
											</UserVisible>
											<Enabled>true</Enabled>
											<ReadOnly>false</ReadOnly>
											<EnableContentChange>false</EnableContentChange>
											<Title/>
											<TitleTextColor>auto</TitleTextColor>
											<TitleFont kind="AutoFont"/>
											<ToolTip/>
											<ToolTipRepresentation>Auto</ToolTipRepresentation>
											<Shortcut/>
											<Width>0</Width>
											<Height>0</Height>
											<HorizontalStretch>auto</HorizontalStretch>
											<VerticalStretch>auto</VerticalStretch>
											<FillWithStdCommands>true</FillWithStdCommands>
										</Properties>
										<PredefinedContainedItems/>
										<ContainedItems/>
									</ContextMenu>
									<ExtTooltip xsi:type="TextDecoration" id="66:02023637-7868-4a5f-8576-835a76e0c9ba">
										<Properties>
											<Name>ОписаниеExtendedTooltip</Name>
											<Kind>Label</Kind>
											<Visible>true</Visible>
											<UserVisible>
												<xr:common>true</xr:common>
											</UserVisible>
											<Enabled>true</Enabled>
											<Width>0</Width>
											<Height>0</Height>
											<HorStretchable>auto</HorStretchable>
											<VertStretchable>auto</VertStretchable>
											<SkipOnInput>auto</SkipOnInput>
											<TextColor>auto</TextColor>
											<Font kind="AutoFont"/>
											<ShortCut/>
											<Title/>
											<Tooltip/>
											<TooltipRepresentation>Auto</TooltipRepresentation>
											<HyperLink>false</HyperLink>
											<HorAlignment>Left</HorAlignment>
											<VertAlignment>Auto</VertAlignment>
											<TitleHeight>0</TitleHeight>
											<BackColor>auto</BackColor>
											<BorderColor>auto</BorderColor>
											<Border width="1">
												<style xmlns="http://v8.1c.ru/8.1/data/ui" xsi:type="ControlBorderType">WithoutBorder</style>
											</Border>
										</Properties>
										<Events/>
										<PredefinedContainedItems/>
									</ExtTooltip>
								</PredefinedContainedItems>
							</Input>
						</ContainedItems>
					</Page>
					<Page id="46:02023637-7868-4a5f-8576-835a76e0c9ba">
						<Properties>
							<Name>СтраницаКонтролеры</Name>
							<Type>Page</Type>
							<Visible>true</Visible>
							<UserVisible>
								<xr:common>true</xr:common>
							</UserVisible>
							<Enabled>true</Enabled>
							<ReadOnly>false</ReadOnly>
							<EnableContentChange>false</EnableContentChange>
							<Title>
								<v8:item>
									<v8:lang>ru</v8:lang>
									<v8:content>Контролеры</v8:content>
								</v8:item>
							</Title>
							<TitleTextColor>auto</TitleTextColor>
							<TitleFont kind="AutoFont"/>
							<ToolTip>
								<v8:item>
									<v8:lang>ru</v8:lang>
									<v8:content>Страница контролеры</v8:content>
								</v8:item>
							</ToolTip>
							<ToolTipRepresentation>Auto</ToolTipRepresentation>
							<Shortcut/>
							<Width>0</Width>
							<Height>0</Height>
							<HorizontalStretch>auto</HorizontalStretch>
							<VerticalStretch>auto</VerticalStretch>
							<Picture/>
							<Grouping>Vertical</Grouping>
							<ChildrenWidth>Auto</ChildrenWidth>
							<Format/>
							<ShowTitle>true</ShowTitle>
							<TitleAttribute/>
							<BackColor>auto</BackColor>
						</Properties>
						<PredefinedContainedItems>
							<ExtTooltip xsi:type="TextDecoration" id="67:02023637-7868-4a5f-8576-835a76e0c9ba">
								<Properties>
									<Name>СтраницаКонтролерыExtendedTooltip</Name>
									<Kind>Label</Kind>
									<Visible>true</Visible>
									<UserVisible>
										<xr:common>true</xr:common>
									</UserVisible>
									<Enabled>true</Enabled>
									<Width>0</Width>
									<Height>0</Height>
									<HorStretchable>auto</HorStretchable>
									<VertStretchable>auto</VertStretchable>
									<SkipOnInput>auto</SkipOnInput>
									<TextColor>auto</TextColor>
									<Font kind="AutoFont"/>
									<ShortCut/>
									<Title/>
									<Tooltip/>
									<TooltipRepresentation>Auto</TooltipRepresentation>
									<HyperLink>false</HyperLink>
									<HorAlignment>Left</HorAlignment>
									<VertAlignment>Auto</VertAlignment>
									<TitleHeight>0</TitleHeight>
									<BackColor>auto</BackColor>
									<BorderColor>auto</BorderColor>
									<Border width="1">
										<style xmlns="http://v8.1c.ru/8.1/data/ui" xsi:type="ControlBorderType">WithoutBorder</style>
									</Border>
								</Properties>
								<Events/>
								<PredefinedContainedItems/>
							</ExtTooltip>
						</PredefinedContainedItems>
						<ContainedItems>
							<Table id="47:02023637-7868-4a5f-8576-835a76e0c9ba">
								<Properties>
									<Name>Контролеры</Name>
									<Representation>HierarchicalList</Representation>
									<Visible>true</Visible>
									<UserVisible>
										<xr:common>true</xr:common>
									</UserVisible>
									<TitleLocation>None</TitleLocation>
									<TitleRowsCount>0</TitleRowsCount>
									<CommandBarLocation>Auto</CommandBarLocation>
									<AutoFill>false</AutoFill>
									<Enabled>true</Enabled>
									<ReadOnly>true</ReadOnly>
									<SkipOnInput>auto</SkipOnInput>
									<DefaultElement>false</DefaultElement>
									<ChangeRowSet>true</ChangeRowSet>
									<ChangeRowOrder>true</ChangeRowOrder>
									<Width>0</Width>
									<Height>0</Height>
									<RowsCount>0</RowsCount>
									<ChoiceMode>false</ChoiceMode>
									<MultipleChoice>false</MultipleChoice>
									<RowInputMode>EndOfList</RowInputMode>
									<RowsSelectionMode>MultiRow</RowsSelectionMode>
									<RowSelectionMode>Cell</RowSelectionMode>
									<ShowHeader>true</ShowHeader>
									<HeaderHeight>1</HeaderHeight>
									<ShowFooter>false</ShowFooter>
									<FooterHeight>1</FooterHeight>
									<HorScroll>AutoUse</HorScroll>
									<VertScroll>AutoUse</VertScroll>
									<ShowHorLines>true</ShowHorLines>
									<ShowVertLines>true</ShowVertLines>
									<FixedLeft>4294967295</FixedLeft>
									<FixedRight>4294967295</FixedRight>
									<UseAlternationRowColor>true</UseAlternationRowColor>
									<AutoInsertNewRow>false</AutoInsertNewRow>
									<AutoInsertNotCompletedVals>auto</AutoInsertNotCompletedVals>
									<AutoMarkNotcompletedVals>auto</AutoMarkNotcompletedVals>
									<SearchOnInput>Auto</SearchOnInput>
									<InitialListView>Auto</InitialListView>
									<InitialTreeView>NoExpand</InitialTreeView>
									<UseOutput>Auto</UseOutput>
									<HorStretchable>true</HorStretchable>
									<VertStretchable>true</VertStretchable>
									<EnableStartDrag>true</EnableStartDrag>
									<EnableDrag>false</EnableDrag>
									<DataPath>Контролеры</DataPath>
									<RowPictureDataPath>Контролеры.DefaultPicture</RowPictureDataPath>
									<RowsPicture/>
									<TextColor>auto</TextColor>
									<BackColor>auto</BackColor>
									<BorderColor>auto</BorderColor>
									<Font kind="AutoFont"/>
									<Title/>
									<TitleTextColor>auto</TitleTextColor>
									<TitleFont kind="AutoFont"/>
									<ShortCut/>
									<CommandsContent>
										<ExcludedCommand>Copy</ExcludedCommand>
										<ExcludedCommand>Create</ExcludedCommand>
										<ExcludedCommand>Delete</ExcludedCommand>
										<ExcludedCommand>Change</ExcludedCommand>
									</CommandsContent>
									<Tooltip/>
									<TooltipRepresentation>Auto</TooltipRepresentation>
									<AutoRefresh>false</AutoRefresh>
									<AutoRefreshInterval>60</AutoRefreshInterval>
									<Period xsi:type="v8:StandardPeriod">
										<v8:variant xsi:type="v8:StandardPeriodVariant">Custom</v8:variant>
										<v8:startDate>0001-01-01T00:00:00</v8:startDate>
										<v8:endDate>0001-01-01T00:00:00</v8:endDate>
									</Period>
									<ChoiceFolderAndItem>Items</ChoiceFolderAndItem>
									<RestoreCurrentLine>false</RestoreCurrentLine>
									<TopParent xsi:nil="true"/>
									<ShowRoot>true</ShowRoot>
									<AllowRootChoice>false</AllowRootChoice>
									<UpdateOnDataChanges>Auto</UpdateOnDataChanges>
									<UserSettingsGroup/>
								</Properties>
								<Events>
									<Event name="Selection">КонтролерыВыбор</Event>
								</Events>
								<PredefinedContainedItems>
									<ContextMenu xsi:type="ContextMenuGroup" id="48:02023637-7868-4a5f-8576-835a76e0c9ba">
										<Properties>
											<Name>КонтролерыКонтекстноеМеню</Name>
											<Type>ContextMenu</Type>
											<Visible>true</Visible>
											<UserVisible>
												<xr:common>true</xr:common>
											</UserVisible>
											<Enabled>true</Enabled>
											<ReadOnly>false</ReadOnly>
											<EnableContentChange>false</EnableContentChange>
											<Title/>
											<TitleTextColor>auto</TitleTextColor>
											<TitleFont kind="AutoFont"/>
											<ToolTip/>
											<ToolTipRepresentation>Auto</ToolTipRepresentation>
											<Shortcut/>
											<Width>0</Width>
											<Height>0</Height>
											<HorizontalStretch>auto</HorizontalStretch>
											<VerticalStretch>auto</VerticalStretch>
											<FillWithStdCommands>true</FillWithStdCommands>
										</Properties>
										<PredefinedContainedItems/>
										<ContainedItems/>
									</ContextMenu>
									<CommandBar xsi:type="AutoMenuGroup" id="49:02023637-7868-4a5f-8576-835a76e0c9ba">
										<Properties>
											<Name>КонтролерыКоманднаяПанель</Name>
											<Type>AutoCommandBar</Type>
											<Visible>true</Visible>
											<UserVisible>
												<xr:common>true</xr:common>
											</UserVisible>
											<Enabled>true</Enabled>
											<ReadOnly>false</ReadOnly>
											<EnableContentChange>false</EnableContentChange>
											<Title/>
											<TitleTextColor>auto</TitleTextColor>
											<TitleFont kind="AutoFont"/>
											<ToolTip/>
											<ToolTipRepresentation>Auto</ToolTipRepresentation>
											<Shortcut/>
											<Width>0</Width>
											<Height>0</Height>
											<HorizontalStretch>auto</HorizontalStretch>
											<VerticalStretch>auto</VerticalStretch>
											<HorAlignment>Left</HorAlignment>
											<FillWithStdCommands>true</FillWithStdCommands>
										</Properties>
										<PredefinedContainedItems/>
										<ContainedItems/>
									</CommandBar>
									<ExtTooltip xsi:type="TextDecoration" id="68:02023637-7868-4a5f-8576-835a76e0c9ba">
										<Properties>
											<Name>КонтролерыExtendedTooltip</Name>
											<Kind>Label</Kind>
											<Visible>true</Visible>
											<UserVisible>
												<xr:common>true</xr:common>
											</UserVisible>
											<Enabled>true</Enabled>
											<Width>0</Width>
											<Height>0</Height>
											<HorStretchable>auto</HorStretchable>
											<VertStretchable>auto</VertStretchable>
											<SkipOnInput>auto</SkipOnInput>
											<TextColor>auto</TextColor>
											<Font kind="AutoFont"/>
											<ShortCut/>
											<Title/>
											<Tooltip/>
											<TooltipRepresentation>Auto</TooltipRepresentation>
											<HyperLink>false</HyperLink>
											<HorAlignment>Left</HorAlignment>
											<VertAlignment>Auto</VertAlignment>
											<TitleHeight>0</TitleHeight>
											<BackColor>auto</BackColor>
											<BorderColor>auto</BorderColor>
											<Border width="1">
												<style xmlns="http://v8.1c.ru/8.1/data/ui" xsi:type="ControlBorderType">WithoutBorder</style>
											</Border>
										</Properties>
										<Events/>
										<PredefinedContainedItems/>
									</ExtTooltip>
								</PredefinedContainedItems>
								<ContainedItems>
									<Text id="50:02023637-7868-4a5f-8576-835a76e0c9ba">
										<Properties>
											<Name>КонтролерыПользователь</Name>
											<Type>LabelField</Type>
											<DataPath>Контролеры.Пользователь</DataPath>
											<Visible>true</Visible>
											<UserVisible>
												<xr:common>true</xr:common>
											</UserVisible>
											<DefaultItem>false</DefaultItem>
											<Enabled>true</Enabled>
											<ReadOnly>false</ReadOnly>
											<SkipOnInput>auto</SkipOnInput>
											<Title>
												<v8:item>
													<v8:lang>ru</v8:lang>
													<v8:content>Контролер</v8:content>
												</v8:item>
											</Title>
											<TitleTextColor>auto</TitleTextColor>
											<TitleBackColor>auto</TitleBackColor>
											<TitleFont kind="AutoFont"/>
											<TitleLocation>Auto</TitleLocation>
											<TitleHeight>0</TitleHeight>
											<ToolTip/>
											<ToolTipRepresentation>Auto</ToolTipRepresentation>
											<WarningOnEditRepresentation>Auto</WarningOnEditRepresentation>
											<WarningOnEdit/>
											<Shortcut/>
											<CommandsContent/>
											<HorizontalAlign>Auto</HorizontalAlign>
											<VerticalAlign>Auto</VerticalAlign>
											<EditMode>Enter</EditMode>
											<FixingInTable>None</FixingInTable>
											<CellHyperlink>false</CellHyperlink>
											<AutoCellHeight>false</AutoCellHeight>
											<ShowInHeader>true</ShowInHeader>
											<HeaderPicture/>
											<HeaderHorizontalAlign>Left</HeaderHorizontalAlign>
											<ShowInFooter>true</ShowInFooter>
											<FooterDataPath/>
											<FooterText/>
											<FooterTextColor>auto</FooterTextColor>
											<FooterBackColor>auto</FooterBackColor>
											<FooterFont kind="AutoFont"/>
											<FooterPicture/>
											<FooterHorizontalAlign>Auto</FooterHorizontalAlign>
											<Width>0</Width>
											<RowsCount>0</RowsCount>
											<HorizontalStretchable>auto</HorizontalStretchable>
											<VerticalStretchable>auto</VerticalStretchable>
											<MarkNegatives>auto</MarkNegatives>
											<Format/>
											<HiperLink>false</HiperLink>
											<PasswordMode>auto</PasswordMode>
											<TextColor>auto</TextColor>
											<BackColor>auto</BackColor>
											<Font kind="AutoFont"/>
										</Properties>
										<Events/>
										<PredefinedContainedItems>
											<ContextMenu xsi:type="ContextMenuGroup" id="51:02023637-7868-4a5f-8576-835a76e0c9ba">
												<Properties>
													<Name>КонтролерыПользовательКонтекстноеМеню</Name>
													<Type>ContextMenu</Type>
													<Visible>true</Visible>
													<UserVisible>
														<xr:common>true</xr:common>
													</UserVisible>
													<Enabled>true</Enabled>
													<ReadOnly>false</ReadOnly>
													<EnableContentChange>false</EnableContentChange>
													<Title/>
													<TitleTextColor>auto</TitleTextColor>
													<TitleFont kind="AutoFont"/>
													<ToolTip/>
													<ToolTipRepresentation>Auto</ToolTipRepresentation>
													<Shortcut/>
													<Width>0</Width>
													<Height>0</Height>
													<HorizontalStretch>auto</HorizontalStretch>
													<VerticalStretch>auto</VerticalStretch>
													<FillWithStdCommands>true</FillWithStdCommands>
												</Properties>
												<PredefinedContainedItems/>
												<ContainedItems/>
											</ContextMenu>
											<ExtTooltip xsi:type="TextDecoration" id="69:02023637-7868-4a5f-8576-835a76e0c9ba">
												<Properties>
													<Name>КонтролерыПользовательExtendedTooltip</Name>
													<Kind>Label</Kind>
													<Visible>true</Visible>
													<UserVisible>
														<xr:common>true</xr:common>
													</UserVisible>
													<Enabled>true</Enabled>
													<Width>0</Width>
													<Height>0</Height>
													<HorStretchable>auto</HorStretchable>
													<VertStretchable>auto</VertStretchable>
													<SkipOnInput>auto</SkipOnInput>
													<TextColor>auto</TextColor>
													<Font kind="AutoFont"/>
													<ShortCut/>
													<Title/>
													<Tooltip/>
													<TooltipRepresentation>Auto</TooltipRepresentation>
													<HyperLink>false</HyperLink>
													<HorAlignment>Left</HorAlignment>
													<VertAlignment>Auto</VertAlignment>
													<TitleHeight>0</TitleHeight>
													<BackColor>auto</BackColor>
													<BorderColor>auto</BorderColor>
													<Border width="1">
														<style xmlns="http://v8.1c.ru/8.1/data/ui" xsi:type="ControlBorderType">WithoutBorder</style>
													</Border>
												</Properties>
												<Events/>
												<PredefinedContainedItems/>
											</ExtTooltip>
										</PredefinedContainedItems>
									</Text>
								</ContainedItems>
							</Table>
						</ContainedItems>
					</Page>
				</ContainedItems>
			</Pages>
			<Input id="13:02023637-7868-4a5f-8576-835a76e0c9ba">
				<Properties>
					<Name>Ответственный</Name>
					<Type>InputField</Type>
					<DataPath>Объект.Ответственный</DataPath>
					<Visible>true</Visible>
					<UserVisible>
						<xr:common>true</xr:common>
					</UserVisible>
					<DefaultItem>false</DefaultItem>
					<Enabled>true</Enabled>
					<ReadOnly>true</ReadOnly>
					<SkipOnInput>auto</SkipOnInput>
					<Title>
						<v8:item>
							<v8:lang>ru</v8:lang>
							<v8:content>Инициатор</v8:content>
						</v8:item>
					</Title>
					<TitleTextColor>auto</TitleTextColor>
					<TitleBackColor>auto</TitleBackColor>
					<TitleFont kind="AutoFont"/>
					<TitleLocation>Auto</TitleLocation>
					<TitleHeight>0</TitleHeight>
					<ToolTip/>
					<ToolTipRepresentation>Auto</ToolTipRepresentation>
					<WarningOnEditRepresentation>Auto</WarningOnEditRepresentation>
					<WarningOnEdit/>
					<Shortcut/>
					<CommandsContent/>
					<HorizontalAlign>Auto</HorizontalAlign>
					<VerticalAlign>Auto</VerticalAlign>
					<EditMode>EnterOnInput</EditMode>
					<FixingInTable>None</FixingInTable>
					<CellHyperlink>false</CellHyperlink>
					<AutoCellHeight>false</AutoCellHeight>
					<ShowInHeader>true</ShowInHeader>
					<HeaderPicture/>
					<HeaderHorizontalAlign>Left</HeaderHorizontalAlign>
					<ShowInFooter>true</ShowInFooter>
					<FooterDataPath/>
					<FooterText/>
					<FooterTextColor>auto</FooterTextColor>
					<FooterBackColor>auto</FooterBackColor>
					<FooterFont kind="AutoFont"/>
					<FooterPicture/>
					<FooterHorizontalAlign>Auto</FooterHorizontalAlign>
					<Width>0</Width>
					<RowsCount>0</RowsCount>
					<HorizontalStretchable>auto</HorizontalStretchable>
					<VerticalStretchable>auto</VerticalStretchable>
					<Wrap>true</Wrap>
					<PasswordMode>auto</PasswordMode>
					<MultiLine>auto</MultiLine>
					<ExtendedEdit>auto</ExtendedEdit>
					<MarkNegatives>auto</MarkNegatives>
					<ChoiceListButton>auto</ChoiceListButton>
					<DropListButton>auto</DropListButton>
					<ChoiceButton>false</ChoiceButton>
					<ChoiceButtonRepresentation>Auto</ChoiceButtonRepresentation>
					<ClearButton>auto</ClearButton>
					<SpinButton>auto</SpinButton>
					<OpenButton>true</OpenButton>
					<CreateButton>auto</CreateButton>
					<Mask/>
					<ListChoiceMode>false</ListChoiceMode>
					<ChoiceListHeight>0</ChoiceListHeight>
					<DropListWidth>0</DropListWidth>
					<AutoChoiceIncomplete>auto</AutoChoiceIncomplete>
					<QuickChoice>auto</QuickChoice>
					<ChoiceObjects>Auto</ChoiceObjects>
					<Format/>
					<InputFormat/>
					<AutoMarkIncomplete>auto</AutoMarkIncomplete>
					<ChoiceType>true</ChoiceType>
					<IncompleteChoiceMode>OnEnterPressed</IncompleteChoiceMode>
					<TypeDomainEnabled>true</TypeDomainEnabled>
					<TextEdit>true</TextEdit>
					<EditTextUpdateMode>Auto</EditTextUpdateMode>
					<MinVal xsi:nil="true"/>
					<MaxVal xsi:nil="true"/>
					<ChoiceButtonPicture/>
					<ChoiceForm/>
					<ChoiceParamLinks/>
					<ChoiceParams/>
					<AvailableTypes/>
					<ValueList/>
					<TextColor>auto</TextColor>
					<BackColor>auto</BackColor>
					<BorderColor>auto</BorderColor>
					<Font kind="AutoFont"/>
					<LinkByType/>
					<InputHint/>
					<ChoiceHistoryOnInput>Auto</ChoiceHistoryOnInput>
				</Properties>
				<Events/>
				<PredefinedContainedItems>
					<ContextMenu xsi:type="ContextMenuGroup" id="14:02023637-7868-4a5f-8576-835a76e0c9ba">
						<Properties>
							<Name>ОтветственныйКонтекстноеМеню</Name>
							<Type>ContextMenu</Type>
							<Visible>true</Visible>
							<UserVisible>
								<xr:common>true</xr:common>
							</UserVisible>
							<Enabled>true</Enabled>
							<ReadOnly>false</ReadOnly>
							<EnableContentChange>false</EnableContentChange>
							<Title/>
							<TitleTextColor>auto</TitleTextColor>
							<TitleFont kind="AutoFont"/>
							<ToolTip/>
							<ToolTipRepresentation>Auto</ToolTipRepresentation>
							<Shortcut/>
							<Width>0</Width>
							<Height>0</Height>
							<HorizontalStretch>auto</HorizontalStretch>
							<VerticalStretch>auto</VerticalStretch>
							<FillWithStdCommands>true</FillWithStdCommands>
						</Properties>
						<PredefinedContainedItems/>
						<ContainedItems/>
					</ContextMenu>
					<ExtTooltip xsi:type="TextDecoration" id="70:02023637-7868-4a5f-8576-835a76e0c9ba">
						<Properties>
							<Name>ОтветственныйExtendedTooltip</Name>
							<Kind>Label</Kind>
							<Visible>true</Visible>
							<UserVisible>
								<xr:common>true</xr:common>
							</UserVisible>
							<Enabled>true</Enabled>
							<Width>0</Width>
							<Height>0</Height>
							<HorStretchable>auto</HorStretchable>
							<VertStretchable>auto</VertStretchable>
							<SkipOnInput>auto</SkipOnInput>
							<TextColor>auto</TextColor>
							<Font kind="AutoFont"/>
							<ShortCut/>
							<Title/>
							<Tooltip/>
							<TooltipRepresentation>Auto</TooltipRepresentation>
							<HyperLink>false</HyperLink>
							<HorAlignment>Left</HorAlignment>
							<VertAlignment>Auto</VertAlignment>
							<TitleHeight>0</TitleHeight>
							<BackColor>auto</BackColor>
							<BorderColor>auto</BorderColor>
							<Border width="1">
								<style xmlns="http://v8.1c.ru/8.1/data/ui" xsi:type="ControlBorderType">WithoutBorder</style>
							</Border>
						</Properties>
						<Events/>
						<PredefinedContainedItems/>
					</ExtTooltip>
				</PredefinedContainedItems>
			</Input>
		</ContainedItems>
	</Elements>
	<NavigationPanel>
		<CMIFragmentRecord>
			<Command>InformationRegister.ПС_ИерархияБП.StandardCommand.OpenByValue.ПодчиненныйБП</Command>
			<Kind>Auto</Kind>
			<Attribute/>
			<CmdGroup>FormNavigationPanelGoTo</CmdGroup>
			<Index>0</Index>
			<DefVisible>false</DefVisible>
			<Visible>
				<xr:common>false</xr:common>
			</Visible>
		</CMIFragmentRecord>
		<CMIFragmentRecord>
			<Command>InformationRegister.ПС_ИерархияБП.StandardCommand.OpenByValue.РодительскийБП</Command>
			<Kind>Auto</Kind>
			<Attribute/>
			<CmdGroup>FormNavigationPanelGoTo</CmdGroup>
			<Index>1</Index>
			<DefVisible>false</DefVisible>
			<Visible>
				<xr:common>false</xr:common>
			</Visible>
		</CMIFragmentRecord>
		<CMIFragmentRecord>
			<Command>InformationRegister.ПС_Представление.StandardCommand.OpenByValue.Объект</Command>
			<Kind>Auto</Kind>
			<Attribute/>
			<CmdGroup>FormNavigationPanelGoTo</CmdGroup>
			<Index>2</Index>
			<DefVisible>false</DefVisible>
			<Visible>
				<xr:common>false</xr:common>
			</Visible>
		</CMIFragmentRecord>
		<CMIFragmentRecord>
			<Command>InformationRegister.ПС_ПрохождениеКонтрольныхТочек.StandardCommand.OpenByValue.БизнесПроцесс</Command>
			<Kind>Auto</Kind>
			<Attribute/>
			<CmdGroup>FormNavigationPanelGoTo</CmdGroup>
			<Index>3</Index>
			<DefVisible>false</DefVisible>
			<Visible>
				<xr:common>false</xr:common>
			</Visible>
		</CMIFragmentRecord>
		<CMIFragmentRecord>
			<Command>InformationRegister.ПС_АдресацияКонтролеровПроцесса.StandardCommand.OpenByValue.БизнесПроцесс</Command>
			<Kind>Auto</Kind>
			<Attribute/>
			<CmdGroup>FormNavigationPanelGoTo</CmdGroup>
			<Index>4</Index>
			<DefVisible>false</DefVisible>
			<Visible>
				<xr:common>false</xr:common>
			</Visible>
		</CMIFragmentRecord>
	</NavigationPanel>
	<CommandPanel/>
</Form>