﻿<?xml version="1.0" encoding="UTF-8"?>
<FlowChartSchema xmlns="http://v8.1c.ru/8.3/xcf/scheme" xmlns:sch="http://v8.1c.ru/8.2/data/graphscheme" xmlns:style="http://v8.1c.ru/8.1/data/ui/style" xmlns:v8="http://v8.1c.ru/8.1/data/core" xmlns:v8ui="http://v8.1c.ru/8.1/data/ui" xmlns:web="http://v8.1c.ru/8.1/data/ui/colors/web" xmlns:win="http://v8.1c.ru/8.1/data/ui/colors/windows" xmlns:xs="http://www.w3.org/2001/XMLSchema" xmlns:xsi="http://www.w3.org/2001/XMLSchema-instance">
	<BackColor>style:FieldBackColor</BackColor>
	<EnableGrid>true</EnableGrid>
	<DrawGridMode>Lines</DrawGridMode>
	<GridHorizontalStep>20</GridHorizontalStep>
	<GridVerticalStep>20</GridVerticalStep>
	<PrintParameters>
		<Top>10</Top>
		<Left>10</Left>
		<Bottom>10</Bottom>
		<Right>10</Right>
		<BlackAndWhite>false</BlackAndWhite>
		<FitPageMode>Auto</FitPageMode>
	</PrintParameters>
	<Items>
		<EntryPoint id="1" uuid="c030a7a6-7e55-43b3-a7ec-7b45bcdbe78d">
			<Properties>
				<Code>Старт</Code>
				<Title>
					<v8:item>
						<v8:lang>ru</v8:lang>
						<v8:content>Старт</v8:content>
					</v8:item>
				</Title>
				<ToolTip/>
				<TabOrder>1</TabOrder>
				<BackColor>auto</BackColor>
				<TextColor>style:FormTextColor</TextColor>
				<LineColor>style:BorderColor</LineColor>
				<GroupNum>0</GroupNum>
				<ZOrder>0</ZOrder>
				<Hyperlink>false</Hyperlink>
				<Transparent>false</Transparent>
				<TextFont xmlns:sys="http://v8.1c.ru/8.1/data/ui/fonts/system" ref="sys:DefaultGUIFont" kind="WindowsFont"/>
				<TextHAlign>Center</TextHAlign>
				<TextVAlign>Center</TextVAlign>
				<PicturePlacement>Left</PicturePlacement>
				<Rect top="60" left="200" bottom="140" right="380"/>
				<Point x="200" y="60"/>
				<Point x="379" y="60"/>
				<Point x="379" y="89"/>
				<Point x="290" y="139"/>
				<Point x="200" y="89"/>
				<LineStyle width="1" gap="false">
					<v8ui:style xsi:type="sch:ConnectorLineType">Solid</v8ui:style>
				</LineStyle>
				<Picture/>
				<PictureStretchStyle>AutoSize</PictureStretchStyle>
			</Properties>
			<Events>
				<Event name="BeforeStart">СтартПередСтартом</Event>
			</Events>
		</EntryPoint>
		<Connector id="2">
			<Properties>
				<Code>Линия1</Code>
				<Title/>
				<ToolTip/>
				<TabOrder>2</TabOrder>
				<BackColor>auto</BackColor>
				<TextColor>style:FormTextColor</TextColor>
				<LineColor>style:BorderColor</LineColor>
				<GroupNum>0</GroupNum>
				<ZOrder>1</ZOrder>
				<Hyperlink>false</Hyperlink>
				<Transparent>false</Transparent>
				<TextFont xmlns:sys="http://v8.1c.ru/8.1/data/ui/fonts/system" ref="sys:DefaultGUIFont" kind="WindowsFont"/>
				<TextHAlign>Center</TextHAlign>
				<TextVAlign>Center</TextVAlign>
				<PicturePlacement>Left</PicturePlacement>
				<Point x="290" y="140"/>
				<Point x="290" y="160"/>
				<LineStyle width="1" gap="false">
					<v8ui:style xsi:type="sch:ConnectorLineType">Solid</v8ui:style>
				</LineStyle>
				<ConnectFrom>Старт</ConnectFrom>
				<ConnectFromPortIndex>0</ConnectFromPortIndex>
				<ConnectTo>ОбработкаБП</ConnectTo>
				<DecorativeLine>false</DecorativeLine>
				<PortIndexFrom>4</PortIndexFrom>
				<PortIndexTo>2</PortIndexTo>
				<TextPos>FirstSegment</TextPos>
				<BeginArrowStyle>None</BeginArrowStyle>
				<EndArrowStyle>Filled</EndArrowStyle>
			</Properties>
		</Connector>
		<EndPoint id="8" uuid="56997a8c-cb6a-4bf0-bd51-770beca0cb6f">
			<Properties>
				<Code>Завершение</Code>
				<Title>
					<v8:item>
						<v8:lang>ru</v8:lang>
						<v8:content>Завершение</v8:content>
					</v8:item>
				</Title>
				<ToolTip/>
				<TabOrder>7</TabOrder>
				<BackColor>auto</BackColor>
				<TextColor>style:FormTextColor</TextColor>
				<LineColor>style:BorderColor</LineColor>
				<GroupNum>0</GroupNum>
				<ZOrder>2</ZOrder>
				<Hyperlink>false</Hyperlink>
				<Transparent>false</Transparent>
				<TextFont xmlns:sys="http://v8.1c.ru/8.1/data/ui/fonts/system" ref="sys:DefaultGUIFont" kind="WindowsFont"/>
				<TextHAlign>Center</TextHAlign>
				<TextVAlign>Center</TextVAlign>
				<PicturePlacement>Left</PicturePlacement>
				<Rect top="360" left="300" bottom="440" right="480"/>
				<Point x="390" y="360"/>
				<Point x="479" y="411"/>
				<Point x="479" y="439"/>
				<Point x="300" y="439"/>
				<Point x="300" y="411"/>
				<LineStyle width="1" gap="false">
					<v8ui:style xsi:type="sch:ConnectorLineType">Solid</v8ui:style>
				</LineStyle>
				<Picture/>
				<PictureStretchStyle>AutoSize</PictureStretchStyle>
			</Properties>
			<Events>
				<Event name="OnComplete"/>
			</Events>
		</EndPoint>
		<ActionPoint id="9" uuid="e5f1473c-0009-4452-b1b3-60eff9fdf319">
			<Properties>
				<Code>ОбработкаБП</Code>
				<Title>
					<v8:item>
						<v8:lang>ru</v8:lang>
						<v8:content>Обработка БП</v8:content>
					</v8:item>
				</Title>
				<ToolTip/>
				<TabOrder>8</TabOrder>
				<BackColor>auto</BackColor>
				<TextColor>style:FormTextColor</TextColor>
				<LineColor>style:BorderColor</LineColor>
				<GroupNum>0</GroupNum>
				<ZOrder>3</ZOrder>
				<Hyperlink>false</Hyperlink>
				<Transparent>false</Transparent>
				<TextFont xmlns:sys="http://v8.1c.ru/8.1/data/ui/fonts/system" ref="sys:DefaultGUIFont" kind="WindowsFont"/>
				<TextHAlign>Center</TextHAlign>
				<TextVAlign>Center</TextVAlign>
				<PicturePlacement>Left</PicturePlacement>
				<Rect top="160" left="200" bottom="240" right="380"/>
				<Point x="200" y="160"/>
				<Point x="379" y="160"/>
				<Point x="379" y="239"/>
				<Point x="200" y="239"/>
				<LineStyle width="1" gap="false">
					<v8ui:style xsi:type="sch:ConnectorLineType">Solid</v8ui:style>
				</LineStyle>
				<Picture/>
				<PictureStretchStyle>AutoSize</PictureStretchStyle>
				<TaskDescription>Обработка БП</TaskDescription>
				<Explanation/>
				<GroupAddressing>false</GroupAddressing>
				<AddressingAttribute>
					<Attribute>Task.ПС_Задача.AddressingAttribute.Пользователь</Attribute>
					<Value xsi:nil="true"/>
				</AddressingAttribute>
				<AddressingAttribute>
					<Attribute>Task.ПС_Задача.AddressingAttribute.Роль</Attribute>
					<Value xsi:nil="true"/>
				</AddressingAttribute>
				<AddressingAttribute>
					<Attribute>Task.ПС_Задача.AddressingAttribute.Подразделение</Attribute>
					<Value xsi:nil="true"/>
				</AddressingAttribute>
				<IsAddrZoneDivideValid>true</IsAddrZoneDivideValid>
				<AddrZoneDivideYPos>16</AddrZoneDivideYPos>
			</Properties>
			<Events>
				<Event name="InteractiveActivationProcessing"/>
				<Event name="BeforeCreateTasks">ОбработкаБППередСозданиемЗадач</Event>
				<Event name="OnCreateTask"/>
				<Event name="OnExecute"/>
				<Event name="CheckExecutionProcessing"/>
				<Event name="BeforeExecute"/>
				<Event name="BeforeExecuteInteractively"/>
			</Events>
		</ActionPoint>
		<Connector id="10">
			<Properties>
				<Code>Линия2</Code>
				<Title/>
				<ToolTip/>
				<TabOrder>9</TabOrder>
				<BackColor>auto</BackColor>
				<TextColor>style:FormTextColor</TextColor>
				<LineColor>style:BorderColor</LineColor>
				<GroupNum>0</GroupNum>
				<ZOrder>4</ZOrder>
				<Hyperlink>false</Hyperlink>
				<Transparent>false</Transparent>
				<TextFont xmlns:sys="http://v8.1c.ru/8.1/data/ui/fonts/system" ref="sys:DefaultGUIFont" kind="WindowsFont"/>
				<TextHAlign>Center</TextHAlign>
				<TextVAlign>Center</TextVAlign>
				<PicturePlacement>Left</PicturePlacement>
				<Point x="290" y="240"/>
				<Point x="290" y="260"/>
				<LineStyle width="1" gap="false">
					<v8ui:style xsi:type="sch:ConnectorLineType">Solid</v8ui:style>
				</LineStyle>
				<ConnectFrom>ОбработкаБП</ConnectFrom>
				<ConnectFromPortIndex>0</ConnectFromPortIndex>
				<ConnectTo>Условие</ConnectTo>
				<DecorativeLine>false</DecorativeLine>
				<PortIndexFrom>4</PortIndexFrom>
				<PortIndexTo>2</PortIndexTo>
				<TextPos>FirstSegment</TextPos>
				<BeginArrowStyle>None</BeginArrowStyle>
				<EndArrowStyle>Filled</EndArrowStyle>
			</Properties>
		</Connector>
		<Condition id="11" uuid="9b65b065-c335-40cb-925b-369743e5e132">
			<Properties>
				<Code>Условие</Code>
				<Title>
					<v8:item>
						<v8:lang>ru</v8:lang>
						<v8:content>БП закончен ?</v8:content>
					</v8:item>
				</Title>
				<ToolTip/>
				<TabOrder>10</TabOrder>
				<BackColor>auto</BackColor>
				<TextColor>style:FormTextColor</TextColor>
				<LineColor>style:BorderColor</LineColor>
				<GroupNum>0</GroupNum>
				<ZOrder>5</ZOrder>
				<Hyperlink>false</Hyperlink>
				<Transparent>false</Transparent>
				<TextFont xmlns:sys="http://v8.1c.ru/8.1/data/ui/fonts/system" ref="sys:DefaultGUIFont" kind="WindowsFont"/>
				<TextHAlign>Center</TextHAlign>
				<TextVAlign>Center</TextVAlign>
				<PicturePlacement>Left</PicturePlacement>
				<Rect top="260" left="220" bottom="320" right="360"/>
				<Point x="220" y="290"/>
				<Point x="237" y="260"/>
				<Point x="342" y="260"/>
				<Point x="359" y="290"/>
				<Point x="342" y="319"/>
				<Point x="237" y="319"/>
				<LineStyle width="1" gap="false">
					<v8ui:style xsi:type="sch:ConnectorLineType">Solid</v8ui:style>
				</LineStyle>
				<Picture/>
				<PictureStretchStyle>AutoSize</PictureStretchStyle>
				<TruePortIndex>3</TruePortIndex>
				<FalsePortIndex>1</FalsePortIndex>
			</Properties>
			<Events>
				<Event name="ConditionCheck">УсловиеПроверкаУсловия</Event>
			</Events>
		</Condition>
		<Connector id="12">
			<Properties>
				<Code>Линия3</Code>
				<Title>
					<v8:item>
						<v8:lang>ru</v8:lang>
						<v8:content>Нет</v8:content>
					</v8:item>
				</Title>
				<ToolTip/>
				<TabOrder>11</TabOrder>
				<BackColor>auto</BackColor>
				<TextColor>style:FormTextColor</TextColor>
				<LineColor>style:BorderColor</LineColor>
				<GroupNum>0</GroupNum>
				<ZOrder>6</ZOrder>
				<Hyperlink>false</Hyperlink>
				<Transparent>false</Transparent>
				<TextFont xmlns:sys="http://v8.1c.ru/8.1/data/ui/fonts/system" ref="sys:DefaultGUIFont" kind="WindowsFont"/>
				<TextHAlign>Center</TextHAlign>
				<TextVAlign>Center</TextVAlign>
				<PicturePlacement>Left</PicturePlacement>
				<Point x="220" y="290"/>
				<Point x="180" y="290"/>
				<Point x="180" y="200"/>
				<Point x="200" y="200"/>
				<LineStyle width="1" gap="false">
					<v8ui:style xsi:type="sch:ConnectorLineType">Solid</v8ui:style>
				</LineStyle>
				<ConnectFrom>Условие</ConnectFrom>
				<ConnectFromPortIndex>0</ConnectFromPortIndex>
				<ConnectTo>ОбработкаБП</ConnectTo>
				<DecorativeLine>false</DecorativeLine>
				<PortIndexFrom>1</PortIndexFrom>
				<PortIndexTo>1</PortIndexTo>
				<TextPos>FirstSegment</TextPos>
				<BeginArrowStyle>None</BeginArrowStyle>
				<EndArrowStyle>Filled</EndArrowStyle>
			</Properties>
		</Connector>
		<Connector id="13">
			<Properties>
				<Code>Линия4</Code>
				<Title>
					<v8:item>
						<v8:lang>ru</v8:lang>
						<v8:content>Да</v8:content>
					</v8:item>
				</Title>
				<ToolTip/>
				<TabOrder>12</TabOrder>
				<BackColor>auto</BackColor>
				<TextColor>style:FormTextColor</TextColor>
				<LineColor>style:BorderColor</LineColor>
				<GroupNum>0</GroupNum>
				<ZOrder>7</ZOrder>
				<Hyperlink>false</Hyperlink>
				<Transparent>false</Transparent>
				<TextFont xmlns:sys="http://v8.1c.ru/8.1/data/ui/fonts/system" ref="sys:DefaultGUIFont" kind="WindowsFont"/>
				<TextHAlign>Center</TextHAlign>
				<TextVAlign>Center</TextVAlign>
				<PicturePlacement>Left</PicturePlacement>
				<Point x="360" y="290"/>
				<Point x="390" y="290"/>
				<Point x="390" y="360"/>
				<LineStyle width="1" gap="false">
					<v8ui:style xsi:type="sch:ConnectorLineType">Solid</v8ui:style>
				</LineStyle>
				<ConnectFrom>Условие</ConnectFrom>
				<ConnectFromPortIndex>1</ConnectFromPortIndex>
				<ConnectTo>Завершение</ConnectTo>
				<DecorativeLine>false</DecorativeLine>
				<PortIndexFrom>3</PortIndexFrom>
				<PortIndexTo>2</PortIndexTo>
				<TextPos>FirstSegment</TextPos>
				<BeginArrowStyle>None</BeginArrowStyle>
				<EndArrowStyle>Filled</EndArrowStyle>
			</Properties>
		</Connector>
	</Items>
</FlowChartSchema>