﻿<?xml version="1.0" encoding="UTF-8"?>
<predefinedData xmlns="http://v8.1c.ru/8.3/xcf/predef" xmlns:v8="http://v8.1c.ru/8.1/data/core" xmlns:xr="http://v8.1c.ru/8.3/xcf/readable" xmlns:xs="http://www.w3.org/2001/XMLSchema" xmlns:xsi="http://www.w3.org/2001/XMLSchema-instance" xsi:type="PlanOfCharacteristicKindPredefined">
	<item id="d5622e71-0b77-474d-ada5-f846753df2c0">
		<isFolder>false</isFolder>
		<name>ПутьКФайлу</name>
		<code>01002</code>
		<description>Путь к файлу</description>
		<type>
			<v8:Type>xs:string</v8:Type>
			<v8:StringQualifiers>
				<v8:Length>500</v8:Length>
				<v8:AllowedLength>Variable</v8:AllowedLength>
			</v8:StringQualifiers>
		</type>
	</item>
	<item id="4ae1a1b3-446c-4f98-8612-f7e28e022418">
		<isFolder>false</isFolder>
		<name>Файл</name>
		<code>01001</code>
		<description>Файл</description>
		<type>
			<v8:Type xmlns:d4p1="http://v8.1c.ru/8.1/data/enterprise/current-config">d4p1:CatalogRef.ПС_ВнешниеФайлы</v8:Type>
		</type>
	</item>
</predefinedData>