﻿<?xml version="1.0" encoding="UTF-8"?>
<Form xmlns="http://v8.1c.ru/8.3/xcf/logform" xmlns:app="http://v8.1c.ru/8.2/managed-application/core" xmlns:dcscor="http://v8.1c.ru/8.1/data-composition-system/core" xmlns:dcsset="http://v8.1c.ru/8.1/data-composition-system/settings" xmlns:ent="http://v8.1c.ru/8.1/data/enterprise" xmlns:lf="http://v8.1c.ru/8.2/managed-application/logform" xmlns:style="http://v8.1c.ru/8.1/data/ui/style" xmlns:v8="http://v8.1c.ru/8.1/data/core" xmlns:web="http://v8.1c.ru/8.1/data/ui/colors/web" xmlns:win="http://v8.1c.ru/8.1/data/ui/colors/windows" xmlns:xr="http://v8.1c.ru/8.3/xcf/readable" xmlns:xs="http://www.w3.org/2001/XMLSchema" xmlns:xsi="http://www.w3.org/2001/XMLSchema-instance">
	<Attributes>
		<Attribute id="2">
			<Name>РеквизитыОбъектаДоступа</Name>
			<Title>
				<v8:item>
					<v8:lang>ru</v8:lang>
					<v8:content>Реквизиты объекта доступа</v8:content>
				</v8:item>
			</Title>
			<Type>
				<v8:Type>v8:ValueTable</v8:Type>
			</Type>
			<Accessibility>
				<xr:common>true</xr:common>
			</Accessibility>
			<Editing>
				<xr:common>true</xr:common>
			</Editing>
			<Content/>
			<SavingContent/>
			<MainProperty>false</MainProperty>
			<StoredData>true</StoredData>
			<FunctionalOptions/>
			<FillCheck>DontCheck</FillCheck>
			<Columns>
				<Column id="1">
					<AddedFromContext>false</AddedFromContext>
					<Name>Используется</Name>
					<Title>
						<v8:item>
							<v8:lang>ru</v8:lang>
							<v8:content>Используется</v8:content>
						</v8:item>
					</Title>
					<Type>
						<v8:Type>xs:boolean</v8:Type>
					</Type>
					<Accessibility>
						<xr:common>true</xr:common>
					</Accessibility>
					<Editing>
						<xr:common>true</xr:common>
					</Editing>
					<FunctionalOptions/>
					<FillCheck>DontCheck</FillCheck>
				</Column>
				<Column id="2">
					<AddedFromContext>false</AddedFromContext>
					<Name>Наименование</Name>
					<Title>
						<v8:item>
							<v8:lang>ru</v8:lang>
							<v8:content>Наименование</v8:content>
						</v8:item>
					</Title>
					<Type>
						<v8:Type>xs:string</v8:Type>
						<v8:StringQualifiers>
							<v8:Length>150</v8:Length>
							<v8:AllowedLength>Variable</v8:AllowedLength>
						</v8:StringQualifiers>
					</Type>
					<Accessibility>
						<xr:common>true</xr:common>
					</Accessibility>
					<Editing>
						<xr:common>true</xr:common>
					</Editing>
					<FunctionalOptions/>
					<FillCheck>DontCheck</FillCheck>
				</Column>
				<Column id="3">
					<AddedFromContext>false</AddedFromContext>
					<Name>ИмяРеквизита</Name>
					<Title>
						<v8:item>
							<v8:lang>ru</v8:lang>
							<v8:content>Имя реквизита</v8:content>
						</v8:item>
					</Title>
					<Type>
						<v8:Type>xs:string</v8:Type>
						<v8:StringQualifiers>
							<v8:Length>300</v8:Length>
							<v8:AllowedLength>Variable</v8:AllowedLength>
						</v8:StringQualifiers>
					</Type>
					<Accessibility>
						<xr:common>true</xr:common>
					</Accessibility>
					<Editing>
						<xr:common>true</xr:common>
					</Editing>
					<FunctionalOptions/>
					<FillCheck>DontCheck</FillCheck>
				</Column>
				<Column id="4">
					<AddedFromContext>false</AddedFromContext>
					<Name>ПринадлежитФайлу</Name>
					<Title>
						<v8:item>
							<v8:lang>ru</v8:lang>
							<v8:content>Принадлежит файлу</v8:content>
						</v8:item>
					</Title>
					<Type>
						<v8:Type>xs:boolean</v8:Type>
					</Type>
					<Accessibility>
						<xr:common>true</xr:common>
					</Accessibility>
					<Editing>
						<xr:common>true</xr:common>
					</Editing>
					<FunctionalOptions/>
					<FillCheck>DontCheck</FillCheck>
				</Column>
				<Column id="5">
					<AddedFromContext>false</AddedFromContext>
					<Name>ПринадлежитЗадаче</Name>
					<Title>
						<v8:item>
							<v8:lang>ru</v8:lang>
							<v8:content>Принадлежит задаче</v8:content>
						</v8:item>
					</Title>
					<Type>
						<v8:Type>xs:boolean</v8:Type>
					</Type>
					<Accessibility>
						<xr:common>true</xr:common>
					</Accessibility>
					<Editing>
						<xr:common>true</xr:common>
					</Editing>
					<FunctionalOptions/>
					<FillCheck>DontCheck</FillCheck>
				</Column>
				<Column id="6">
					<AddedFromContext>false</AddedFromContext>
					<Name>ТипЗначения</Name>
					<Title>
						<v8:item>
							<v8:lang>ru</v8:lang>
							<v8:content>Тип значения</v8:content>
						</v8:item>
					</Title>
					<Type>
						<v8:Type>v8:TypeDescription</v8:Type>
					</Type>
					<Accessibility>
						<xr:common>true</xr:common>
					</Accessibility>
					<Editing>
						<xr:common>true</xr:common>
					</Editing>
					<FunctionalOptions/>
					<FillCheck>DontCheck</FillCheck>
				</Column>
				<Column id="7">
					<AddedFromContext>false</AddedFromContext>
					<Name>ВидДоступа</Name>
					<Title>
						<v8:item>
							<v8:lang>ru</v8:lang>
							<v8:content>Вид доступа</v8:content>
						</v8:item>
					</Title>
					<Type>
						<v8:Type xmlns:d7p1="http://v8.1c.ru/8.1/data/enterprise/current-config">d7p1:ChartOfCharacteristicTypesRef.ПС_ВидыДоступа</v8:Type>
					</Type>
					<Accessibility>
						<xr:common>true</xr:common>
					</Accessibility>
					<Editing>
						<xr:common>true</xr:common>
					</Editing>
					<FunctionalOptions/>
					<FillCheck>DontCheck</FillCheck>
				</Column>
			</Columns>
			<ExtInfo/>
		</Attribute>
		<Attribute id="3">
			<Name>ПринадлежитФайлу</Name>
			<Title>
				<v8:item>
					<v8:lang>ru</v8:lang>
					<v8:content>Принадлежит файлу</v8:content>
				</v8:item>
			</Title>
			<Type>
				<v8:Type>xs:boolean</v8:Type>
			</Type>
			<Accessibility>
				<xr:common>true</xr:common>
			</Accessibility>
			<Editing>
				<xr:common>true</xr:common>
			</Editing>
			<Content/>
			<SavingContent/>
			<MainProperty>false</MainProperty>
			<StoredData>false</StoredData>
			<FunctionalOptions/>
			<FillCheck>DontCheck</FillCheck>
			<Columns/>
			<ExtInfo/>
		</Attribute>
		<Attribute id="4">
			<Name>ПринадлежитЗадаче</Name>
			<Title>
				<v8:item>
					<v8:lang>ru</v8:lang>
					<v8:content>Принадлежит задаче</v8:content>
				</v8:item>
			</Title>
			<Type>
				<v8:Type>xs:boolean</v8:Type>
			</Type>
			<Accessibility>
				<xr:common>true</xr:common>
			</Accessibility>
			<Editing>
				<xr:common>true</xr:common>
			</Editing>
			<Content/>
			<SavingContent/>
			<MainProperty>false</MainProperty>
			<StoredData>false</StoredData>
			<FunctionalOptions/>
			<FillCheck>DontCheck</FillCheck>
			<Columns/>
			<ExtInfo/>
		</Attribute>
		<ConditionalAppearance/>
	</Attributes>
	<Commands>
		<Command>
			<Name>Обновить</Name>
			<Title>
				<v8:item>
					<v8:lang>ru</v8:lang>
					<v8:content>Обновить</v8:content>
				</v8:item>
			</Title>
			<ToolTip>
				<v8:item>
					<v8:lang>ru</v8:lang>
					<v8:content>Обновить</v8:content>
				</v8:item>
			</ToolTip>
			<Using>
				<xr:common>true</xr:common>
			</Using>
			<ShortCut/>
			<Picture>
				<xr:pictureRef>StdPicture.Refresh</xr:pictureRef>
				<xr:loadTransparent>true</xr:loadTransparent>
			</Picture>
			<Handler>Обновить</Handler>
			<FunctionalOptions/>
			<DefaultRepresentation>Auto</DefaultRepresentation>
			<ModifiesStoredData>false</ModifiesStoredData>
			<AddedFromContext>false</AddedFromContext>
		</Command>
		<Command>
			<Name>Записать</Name>
			<Title>
				<v8:item>
					<v8:lang>ru</v8:lang>
					<v8:content>Записать</v8:content>
				</v8:item>
			</Title>
			<ToolTip>
				<v8:item>
					<v8:lang>ru</v8:lang>
					<v8:content>Записать</v8:content>
				</v8:item>
			</ToolTip>
			<Using>
				<xr:common>true</xr:common>
			</Using>
			<ShortCut/>
			<Picture>
				<xr:pictureRef>StdPicture.Write</xr:pictureRef>
				<xr:loadTransparent>true</xr:loadTransparent>
			</Picture>
			<Handler>Записать</Handler>
			<FunctionalOptions/>
			<DefaultRepresentation>Text</DefaultRepresentation>
			<ModifiesStoredData>false</ModifiesStoredData>
			<AddedFromContext>false</AddedFromContext>
		</Command>
		<Command>
			<Name>ЗаписатьИЗакрыть</Name>
			<Title>
				<v8:item>
					<v8:lang>ru</v8:lang>
					<v8:content>Записать и закрыть</v8:content>
				</v8:item>
			</Title>
			<ToolTip>
				<v8:item>
					<v8:lang>ru</v8:lang>
					<v8:content>Записать и закрыть</v8:content>
				</v8:item>
			</ToolTip>
			<Using>
				<xr:common>true</xr:common>
			</Using>
			<ShortCut/>
			<Picture>
				<xr:pictureRef>StdPicture.WriteAndClose</xr:pictureRef>
				<xr:loadTransparent>true</xr:loadTransparent>
			</Picture>
			<Handler>ЗаписатьИЗакрыть</Handler>
			<FunctionalOptions/>
			<DefaultRepresentation>Text</DefaultRepresentation>
			<ModifiesStoredData>false</ModifiesStoredData>
			<AddedFromContext>false</AddedFromContext>
		</Command>
		<Command>
			<Name>УстановитьВсе</Name>
			<Title>
				<v8:item>
					<v8:lang>ru</v8:lang>
					<v8:content>Установить все</v8:content>
				</v8:item>
			</Title>
			<ToolTip>
				<v8:item>
					<v8:lang>ru</v8:lang>
					<v8:content>Установить все</v8:content>
				</v8:item>
			</ToolTip>
			<Using>
				<xr:common>true</xr:common>
			</Using>
			<ShortCut/>
			<Picture>
				<xr:pictureRef>StdPicture.CheckAll</xr:pictureRef>
				<xr:loadTransparent>true</xr:loadTransparent>
			</Picture>
			<Handler>УстановитьВсе</Handler>
			<FunctionalOptions/>
			<DefaultRepresentation>Auto</DefaultRepresentation>
			<ModifiesStoredData>true</ModifiesStoredData>
			<AddedFromContext>false</AddedFromContext>
		</Command>
		<Command>
			<Name>СнятьВсе</Name>
			<Title>
				<v8:item>
					<v8:lang>ru</v8:lang>
					<v8:content>Снять все</v8:content>
				</v8:item>
			</Title>
			<ToolTip>
				<v8:item>
					<v8:lang>ru</v8:lang>
					<v8:content>Снять все</v8:content>
				</v8:item>
			</ToolTip>
			<Using>
				<xr:common>true</xr:common>
			</Using>
			<ShortCut/>
			<Picture>
				<xr:pictureRef>StdPicture.UncheckAll</xr:pictureRef>
				<xr:loadTransparent>true</xr:loadTransparent>
			</Picture>
			<Handler>СнятьВсе</Handler>
			<FunctionalOptions/>
			<DefaultRepresentation>Auto</DefaultRepresentation>
			<ModifiesStoredData>true</ModifiesStoredData>
			<AddedFromContext>false</AddedFromContext>
		</Command>
	</Commands>
	<Parameters/>
	<Elements id="0:02023637-7868-4a5f-8576-835a76e0c9ba">
		<Properties>
			<Title/>
			<Width>0</Width>
			<Height>0</Height>
			<OpeningMode>Independent</OpeningMode>
			<EnterKeyBehavior>ControlNavigation</EnterKeyBehavior>
			<AutoSaveFormDataInSettings>DontUse</AutoSaveFormDataInSettings>
			<SaveFormDataInSettings>DontUse</SaveFormDataInSettings>
			<SettingsStorage/>
			<AutoTitle>false</AutoTitle>
			<AutoURL>true</AutoURL>
			<ChildrenGrouping>Vertical</ChildrenGrouping>
			<ChildItemsWidth>Auto</ChildItemsWidth>
			<AutoFillCheck>true</AutoFillCheck>
			<Customizable>true</Customizable>
			<Enabled>true</Enabled>
			<ReadOnly>false</ReadOnly>
			<CommandBarLocation>Auto</CommandBarLocation>
			<VerticalScrolling>useIfNecessary</VerticalScrolling>
			<BaseFontVariant>Auto</BaseFontVariant>
			<CommandsContent>
				<ExcludedCommand>No</ExcludedCommand>
				<ExcludedCommand>CustomizeForm</ExcludedCommand>
				<ExcludedCommand>SaveValues</ExcludedCommand>
				<ExcludedCommand>Close</ExcludedCommand>
				<ExcludedCommand>Help</ExcludedCommand>
				<ExcludedCommand>Abort</ExcludedCommand>
				<ExcludedCommand>Retry</ExcludedCommand>
				<ExcludedCommand>Yes</ExcludedCommand>
				<ExcludedCommand>Cancel</ExcludedCommand>
				<ExcludedCommand>RestoreValues</ExcludedCommand>
				<ExcludedCommand>Ignore</ExcludedCommand>
				<ExcludedCommand>OK</ExcludedCommand>
			</CommandsContent>
		</Properties>
		<Events>
			<Event name="OnCreateAtServer">ПриСозданииНаСервере</Event>
		</Events>
		<PredefinedContainedItems>
			<CommandBar xsi:type="AutoMenuGroup" id="-1:02023637-7868-4a5f-8576-835a76e0c9ba">
				<Properties>
					<Name>ФормаКоманднаяПанель</Name>
					<Type>AutoCommandBar</Type>
					<Visible>true</Visible>
					<UserVisible>
						<xr:common>true</xr:common>
					</UserVisible>
					<Enabled>true</Enabled>
					<ReadOnly>false</ReadOnly>
					<EnableContentChange>false</EnableContentChange>
					<Title/>
					<TitleTextColor>auto</TitleTextColor>
					<TitleFont kind="AutoFont"/>
					<ToolTip/>
					<ToolTipRepresentation>Auto</ToolTipRepresentation>
					<Shortcut/>
					<Width>0</Width>
					<Height>0</Height>
					<HorizontalStretch>auto</HorizontalStretch>
					<VerticalStretch>auto</VerticalStretch>
					<HorAlignment>Left</HorAlignment>
					<FillWithStdCommands>false</FillWithStdCommands>
				</Properties>
				<PredefinedContainedItems/>
				<ContainedItems>
					<Button id="26:02023637-7868-4a5f-8576-835a76e0c9ba">
						<Properties>
							<Name>РеквизитыОбъектаДоступаЗаписатьИЗакрыть</Name>
							<Kind>CommandBarButton</Kind>
							<Visible>true</Visible>
							<UserVisible>
								<xr:common>true</xr:common>
							</UserVisible>
							<TitleRowsCount>0</TitleRowsCount>
							<Representation>Auto</Representation>
							<DefaultButton>true</DefaultButton>
							<SkipOnInput>auto</SkipOnInput>
							<Enabled>true</Enabled>
							<DefaultElement>false</DefaultElement>
							<Important>auto</Important>
							<Width>0</Width>
							<Height>0</Height>
							<PlacementArea>userCmds</PlacementArea>
							<Check>false</Check>
							<Command>Form.Command.ЗаписатьИЗакрыть</Command>
							<Parameter xsi:nil="true"/>
							<AttributeProperty/>
							<TextColor>auto</TextColor>
							<BackColor>auto</BackColor>
							<BorderColor>auto</BorderColor>
							<Font kind="AutoFont"/>
							<ShortCut/>
							<Picture/>
							<Title/>
							<TooltipRepresentation>Auto</TooltipRepresentation>
						</Properties>
						<PredefinedContainedItems>
							<ExtTooltip xsi:type="TextDecoration" id="29:02023637-7868-4a5f-8576-835a76e0c9ba">
								<Properties>
									<Name>РеквизитыОбъектаДоступаЗаписатьИЗакрытьExtendedTooltip</Name>
									<Kind>Label</Kind>
									<Visible>true</Visible>
									<UserVisible>
										<xr:common>true</xr:common>
									</UserVisible>
									<Enabled>true</Enabled>
									<Width>0</Width>
									<Height>0</Height>
									<HorStretchable>auto</HorStretchable>
									<VertStretchable>auto</VertStretchable>
									<SkipOnInput>auto</SkipOnInput>
									<TextColor>auto</TextColor>
									<Font kind="AutoFont"/>
									<ShortCut/>
									<Title/>
									<Tooltip/>
									<TooltipRepresentation>Auto</TooltipRepresentation>
									<HyperLink>false</HyperLink>
									<HorAlignment>Left</HorAlignment>
									<VertAlignment>Auto</VertAlignment>
									<TitleHeight>0</TitleHeight>
									<BackColor>auto</BackColor>
									<BorderColor>auto</BorderColor>
									<Border width="1">
										<style xmlns="http://v8.1c.ru/8.1/data/ui" xsi:type="ControlBorderType">WithoutBorder</style>
									</Border>
								</Properties>
								<Events/>
								<PredefinedContainedItems/>
							</ExtTooltip>
						</PredefinedContainedItems>
					</Button>
					<Button id="25:02023637-7868-4a5f-8576-835a76e0c9ba">
						<Properties>
							<Name>РеквизитыОбъектаДоступаЗаписать</Name>
							<Kind>CommandBarButton</Kind>
							<Visible>true</Visible>
							<UserVisible>
								<xr:common>true</xr:common>
							</UserVisible>
							<TitleRowsCount>0</TitleRowsCount>
							<Representation>Auto</Representation>
							<DefaultButton>false</DefaultButton>
							<SkipOnInput>auto</SkipOnInput>
							<Enabled>true</Enabled>
							<DefaultElement>false</DefaultElement>
							<Important>auto</Important>
							<Width>0</Width>
							<Height>0</Height>
							<PlacementArea>userCmds</PlacementArea>
							<Check>false</Check>
							<Command>Form.Command.Записать</Command>
							<Parameter xsi:nil="true"/>
							<AttributeProperty/>
							<TextColor>auto</TextColor>
							<BackColor>auto</BackColor>
							<BorderColor>auto</BorderColor>
							<Font kind="AutoFont"/>
							<ShortCut/>
							<Picture/>
							<Title/>
							<TooltipRepresentation>Auto</TooltipRepresentation>
						</Properties>
						<PredefinedContainedItems>
							<ExtTooltip xsi:type="TextDecoration" id="30:02023637-7868-4a5f-8576-835a76e0c9ba">
								<Properties>
									<Name>РеквизитыОбъектаДоступаЗаписатьExtendedTooltip</Name>
									<Kind>Label</Kind>
									<Visible>true</Visible>
									<UserVisible>
										<xr:common>true</xr:common>
									</UserVisible>
									<Enabled>true</Enabled>
									<Width>0</Width>
									<Height>0</Height>
									<HorStretchable>auto</HorStretchable>
									<VertStretchable>auto</VertStretchable>
									<SkipOnInput>auto</SkipOnInput>
									<TextColor>auto</TextColor>
									<Font kind="AutoFont"/>
									<ShortCut/>
									<Title/>
									<Tooltip/>
									<TooltipRepresentation>Auto</TooltipRepresentation>
									<HyperLink>false</HyperLink>
									<HorAlignment>Left</HorAlignment>
									<VertAlignment>Auto</VertAlignment>
									<TitleHeight>0</TitleHeight>
									<BackColor>auto</BackColor>
									<BorderColor>auto</BorderColor>
									<Border width="1">
										<style xmlns="http://v8.1c.ru/8.1/data/ui" xsi:type="ControlBorderType">WithoutBorder</style>
									</Border>
								</Properties>
								<Events/>
								<PredefinedContainedItems/>
							</ExtTooltip>
						</PredefinedContainedItems>
					</Button>
				</ContainedItems>
			</CommandBar>
		</PredefinedContainedItems>
		<ContainedItems>
			<Table id="8:02023637-7868-4a5f-8576-835a76e0c9ba">
				<Properties>
					<Name>РеквизитыОбъектаДоступа</Name>
					<Representation>List</Representation>
					<Visible>true</Visible>
					<UserVisible>
						<xr:common>true</xr:common>
					</UserVisible>
					<TitleLocation>None</TitleLocation>
					<TitleRowsCount>0</TitleRowsCount>
					<CommandBarLocation>Auto</CommandBarLocation>
					<AutoFill>false</AutoFill>
					<Enabled>true</Enabled>
					<ReadOnly>false</ReadOnly>
					<SkipOnInput>auto</SkipOnInput>
					<DefaultElement>false</DefaultElement>
					<ChangeRowSet>false</ChangeRowSet>
					<ChangeRowOrder>false</ChangeRowOrder>
					<Width>0</Width>
					<Height>0</Height>
					<RowsCount>0</RowsCount>
					<ChoiceMode>false</ChoiceMode>
					<MultipleChoice>false</MultipleChoice>
					<RowInputMode>EndOfList</RowInputMode>
					<RowsSelectionMode>MultiRow</RowsSelectionMode>
					<RowSelectionMode>Cell</RowSelectionMode>
					<ShowHeader>true</ShowHeader>
					<HeaderHeight>1</HeaderHeight>
					<ShowFooter>false</ShowFooter>
					<FooterHeight>1</FooterHeight>
					<HorScroll>AutoUse</HorScroll>
					<VertScroll>AutoUse</VertScroll>
					<ShowHorLines>true</ShowHorLines>
					<ShowVertLines>true</ShowVertLines>
					<FixedLeft>4294967295</FixedLeft>
					<FixedRight>4294967295</FixedRight>
					<UseAlternationRowColor>false</UseAlternationRowColor>
					<AutoInsertNewRow>true</AutoInsertNewRow>
					<AutoInsertNotCompletedVals>auto</AutoInsertNotCompletedVals>
					<AutoMarkNotcompletedVals>auto</AutoMarkNotcompletedVals>
					<SearchOnInput>Auto</SearchOnInput>
					<InitialListView>Auto</InitialListView>
					<InitialTreeView>NoExpand</InitialTreeView>
					<UseOutput>Auto</UseOutput>
					<HorStretchable>true</HorStretchable>
					<VertStretchable>true</VertStretchable>
					<EnableStartDrag>true</EnableStartDrag>
					<EnableDrag>true</EnableDrag>
					<DataPath>РеквизитыОбъектаДоступа</DataPath>
					<RowPictureDataPath/>
					<RowsPicture/>
					<TextColor>auto</TextColor>
					<BackColor>auto</BackColor>
					<BorderColor>auto</BorderColor>
					<Font kind="AutoFont"/>
					<Title/>
					<TitleTextColor>auto</TitleTextColor>
					<TitleFont kind="AutoFont"/>
					<ShortCut/>
					<CommandsContent>
						<ExcludedCommand>Copy</ExcludedCommand>
						<ExcludedCommand>SortListAsc</ExcludedCommand>
						<ExcludedCommand>MoveUp</ExcludedCommand>
						<ExcludedCommand>CancelSearch</ExcludedCommand>
						<ExcludedCommand>OutputList</ExcludedCommand>
						<ExcludedCommand>SelectAll</ExcludedCommand>
						<ExcludedCommand>SortListDesc</ExcludedCommand>
						<ExcludedCommand>CopyToClipboard</ExcludedCommand>
						<ExcludedCommand>Delete</ExcludedCommand>
						<ExcludedCommand>EndEdit</ExcludedCommand>
						<ExcludedCommand>Add</ExcludedCommand>
						<ExcludedCommand>Change</ExcludedCommand>
						<ExcludedCommand>Find</ExcludedCommand>
						<ExcludedCommand>MoveDown</ExcludedCommand>
					</CommandsContent>
					<Tooltip/>
					<TooltipRepresentation>Auto</TooltipRepresentation>
					<FilterData xsi:nil="true"/>
				</Properties>
				<Events/>
				<PredefinedContainedItems>
					<ContextMenu xsi:type="ContextMenuGroup" id="9:02023637-7868-4a5f-8576-835a76e0c9ba">
						<Properties>
							<Name>РеквизитыОбъектаДоступаКонтекстноеМеню</Name>
							<Type>ContextMenu</Type>
							<Visible>true</Visible>
							<UserVisible>
								<xr:common>true</xr:common>
							</UserVisible>
							<Enabled>true</Enabled>
							<ReadOnly>false</ReadOnly>
							<EnableContentChange>false</EnableContentChange>
							<Title/>
							<TitleTextColor>auto</TitleTextColor>
							<TitleFont kind="AutoFont"/>
							<ToolTip/>
							<ToolTipRepresentation>Auto</ToolTipRepresentation>
							<Shortcut/>
							<Width>0</Width>
							<Height>0</Height>
							<HorizontalStretch>auto</HorizontalStretch>
							<VerticalStretch>auto</VerticalStretch>
							<FillWithStdCommands>false</FillWithStdCommands>
						</Properties>
						<PredefinedContainedItems/>
						<ContainedItems/>
					</ContextMenu>
					<CommandBar xsi:type="AutoMenuGroup" id="10:02023637-7868-4a5f-8576-835a76e0c9ba">
						<Properties>
							<Name>РеквизитыОбъектаДоступаКоманднаяПанель</Name>
							<Type>AutoCommandBar</Type>
							<Visible>true</Visible>
							<UserVisible>
								<xr:common>true</xr:common>
							</UserVisible>
							<Enabled>true</Enabled>
							<ReadOnly>false</ReadOnly>
							<EnableContentChange>false</EnableContentChange>
							<Title/>
							<TitleTextColor>auto</TitleTextColor>
							<TitleFont kind="AutoFont"/>
							<ToolTip/>
							<ToolTipRepresentation>Auto</ToolTipRepresentation>
							<Shortcut/>
							<Width>0</Width>
							<Height>0</Height>
							<HorizontalStretch>auto</HorizontalStretch>
							<VerticalStretch>auto</VerticalStretch>
							<HorAlignment>Left</HorAlignment>
							<FillWithStdCommands>true</FillWithStdCommands>
						</Properties>
						<PredefinedContainedItems/>
						<ContainedItems>
							<Button id="27:02023637-7868-4a5f-8576-835a76e0c9ba">
								<Properties>
									<Name>РеквизитыОбъектаДоступаУстановитьВсе</Name>
									<Kind>CommandBarButton</Kind>
									<Visible>true</Visible>
									<UserVisible>
										<xr:common>true</xr:common>
									</UserVisible>
									<TitleRowsCount>0</TitleRowsCount>
									<Representation>Auto</Representation>
									<DefaultButton>false</DefaultButton>
									<SkipOnInput>auto</SkipOnInput>
									<Enabled>true</Enabled>
									<DefaultElement>false</DefaultElement>
									<Important>auto</Important>
									<Width>0</Width>
									<Height>0</Height>
									<PlacementArea>userCmds</PlacementArea>
									<Check>false</Check>
									<Command>Form.Command.УстановитьВсе</Command>
									<Parameter xsi:nil="true"/>
									<AttributeProperty/>
									<TextColor>auto</TextColor>
									<BackColor>auto</BackColor>
									<BorderColor>auto</BorderColor>
									<Font kind="AutoFont"/>
									<ShortCut/>
									<Picture/>
									<Title/>
									<TooltipRepresentation>Auto</TooltipRepresentation>
								</Properties>
								<PredefinedContainedItems>
									<ExtTooltip xsi:type="TextDecoration" id="31:02023637-7868-4a5f-8576-835a76e0c9ba">
										<Properties>
											<Name>РеквизитыОбъектаДоступаУстановитьВсеExtendedTooltip</Name>
											<Kind>Label</Kind>
											<Visible>true</Visible>
											<UserVisible>
												<xr:common>true</xr:common>
											</UserVisible>
											<Enabled>true</Enabled>
											<Width>0</Width>
											<Height>0</Height>
											<HorStretchable>auto</HorStretchable>
											<VertStretchable>auto</VertStretchable>
											<SkipOnInput>auto</SkipOnInput>
											<TextColor>auto</TextColor>
											<Font kind="AutoFont"/>
											<ShortCut/>
											<Title/>
											<Tooltip/>
											<TooltipRepresentation>Auto</TooltipRepresentation>
											<HyperLink>false</HyperLink>
											<HorAlignment>Left</HorAlignment>
											<VertAlignment>Auto</VertAlignment>
											<TitleHeight>0</TitleHeight>
											<BackColor>auto</BackColor>
											<BorderColor>auto</BorderColor>
											<Border width="1">
												<style xmlns="http://v8.1c.ru/8.1/data/ui" xsi:type="ControlBorderType">WithoutBorder</style>
											</Border>
										</Properties>
										<Events/>
										<PredefinedContainedItems/>
									</ExtTooltip>
								</PredefinedContainedItems>
							</Button>
							<Button id="28:02023637-7868-4a5f-8576-835a76e0c9ba">
								<Properties>
									<Name>РеквизитыОбъектаДоступаСнятьВсе</Name>
									<Kind>CommandBarButton</Kind>
									<Visible>true</Visible>
									<UserVisible>
										<xr:common>true</xr:common>
									</UserVisible>
									<TitleRowsCount>0</TitleRowsCount>
									<Representation>Auto</Representation>
									<DefaultButton>false</DefaultButton>
									<SkipOnInput>auto</SkipOnInput>
									<Enabled>true</Enabled>
									<DefaultElement>false</DefaultElement>
									<Important>auto</Important>
									<Width>0</Width>
									<Height>0</Height>
									<PlacementArea>userCmds</PlacementArea>
									<Check>false</Check>
									<Command>Form.Command.СнятьВсе</Command>
									<Parameter xsi:nil="true"/>
									<AttributeProperty/>
									<TextColor>auto</TextColor>
									<BackColor>auto</BackColor>
									<BorderColor>auto</BorderColor>
									<Font kind="AutoFont"/>
									<ShortCut/>
									<Picture/>
									<Title/>
									<TooltipRepresentation>Auto</TooltipRepresentation>
								</Properties>
								<PredefinedContainedItems>
									<ExtTooltip xsi:type="TextDecoration" id="32:02023637-7868-4a5f-8576-835a76e0c9ba">
										<Properties>
											<Name>РеквизитыОбъектаДоступаСнятьВсеExtendedTooltip</Name>
											<Kind>Label</Kind>
											<Visible>true</Visible>
											<UserVisible>
												<xr:common>true</xr:common>
											</UserVisible>
											<Enabled>true</Enabled>
											<Width>0</Width>
											<Height>0</Height>
											<HorStretchable>auto</HorStretchable>
											<VertStretchable>auto</VertStretchable>
											<SkipOnInput>auto</SkipOnInput>
											<TextColor>auto</TextColor>
											<Font kind="AutoFont"/>
											<ShortCut/>
											<Title/>
											<Tooltip/>
											<TooltipRepresentation>Auto</TooltipRepresentation>
											<HyperLink>false</HyperLink>
											<HorAlignment>Left</HorAlignment>
											<VertAlignment>Auto</VertAlignment>
											<TitleHeight>0</TitleHeight>
											<BackColor>auto</BackColor>
											<BorderColor>auto</BorderColor>
											<Border width="1">
												<style xmlns="http://v8.1c.ru/8.1/data/ui" xsi:type="ControlBorderType">WithoutBorder</style>
											</Border>
										</Properties>
										<Events/>
										<PredefinedContainedItems/>
									</ExtTooltip>
								</PredefinedContainedItems>
							</Button>
							<Button id="21:02023637-7868-4a5f-8576-835a76e0c9ba">
								<Properties>
									<Name>РеквизитыОбъектаДоступаОбновить</Name>
									<Kind>CommandBarButton</Kind>
									<Visible>true</Visible>
									<UserVisible>
										<xr:common>true</xr:common>
									</UserVisible>
									<TitleRowsCount>0</TitleRowsCount>
									<Representation>Auto</Representation>
									<DefaultButton>false</DefaultButton>
									<SkipOnInput>auto</SkipOnInput>
									<Enabled>true</Enabled>
									<DefaultElement>false</DefaultElement>
									<Important>auto</Important>
									<Width>0</Width>
									<Height>0</Height>
									<PlacementArea>userCmds</PlacementArea>
									<Check>false</Check>
									<Command>Form.Command.Обновить</Command>
									<Parameter xsi:nil="true"/>
									<AttributeProperty/>
									<TextColor>auto</TextColor>
									<BackColor>auto</BackColor>
									<BorderColor>auto</BorderColor>
									<Font kind="AutoFont"/>
									<ShortCut/>
									<Picture/>
									<Title/>
									<TooltipRepresentation>Auto</TooltipRepresentation>
								</Properties>
								<PredefinedContainedItems>
									<ExtTooltip xsi:type="TextDecoration" id="33:02023637-7868-4a5f-8576-835a76e0c9ba">
										<Properties>
											<Name>РеквизитыОбъектаДоступаОбновитьExtendedTooltip</Name>
											<Kind>Label</Kind>
											<Visible>true</Visible>
											<UserVisible>
												<xr:common>true</xr:common>
											</UserVisible>
											<Enabled>true</Enabled>
											<Width>0</Width>
											<Height>0</Height>
											<HorStretchable>auto</HorStretchable>
											<VertStretchable>auto</VertStretchable>
											<SkipOnInput>auto</SkipOnInput>
											<TextColor>auto</TextColor>
											<Font kind="AutoFont"/>
											<ShortCut/>
											<Title/>
											<Tooltip/>
											<TooltipRepresentation>Auto</TooltipRepresentation>
											<HyperLink>false</HyperLink>
											<HorAlignment>Left</HorAlignment>
											<VertAlignment>Auto</VertAlignment>
											<TitleHeight>0</TitleHeight>
											<BackColor>auto</BackColor>
											<BorderColor>auto</BorderColor>
											<Border width="1">
												<style xmlns="http://v8.1c.ru/8.1/data/ui" xsi:type="ControlBorderType">WithoutBorder</style>
											</Border>
										</Properties>
										<Events/>
										<PredefinedContainedItems/>
									</ExtTooltip>
								</PredefinedContainedItems>
							</Button>
						</ContainedItems>
					</CommandBar>
					<ExtTooltip xsi:type="TextDecoration" id="34:02023637-7868-4a5f-8576-835a76e0c9ba">
						<Properties>
							<Name>РеквизитыОбъектаДоступаExtendedTooltip</Name>
							<Kind>Label</Kind>
							<Visible>true</Visible>
							<UserVisible>
								<xr:common>true</xr:common>
							</UserVisible>
							<Enabled>true</Enabled>
							<Width>0</Width>
							<Height>0</Height>
							<HorStretchable>auto</HorStretchable>
							<VertStretchable>auto</VertStretchable>
							<SkipOnInput>auto</SkipOnInput>
							<TextColor>auto</TextColor>
							<Font kind="AutoFont"/>
							<ShortCut/>
							<Title/>
							<Tooltip/>
							<TooltipRepresentation>Auto</TooltipRepresentation>
							<HyperLink>false</HyperLink>
							<HorAlignment>Left</HorAlignment>
							<VertAlignment>Auto</VertAlignment>
							<TitleHeight>0</TitleHeight>
							<BackColor>auto</BackColor>
							<BorderColor>auto</BorderColor>
							<Border width="1">
								<style xmlns="http://v8.1c.ru/8.1/data/ui" xsi:type="ControlBorderType">WithoutBorder</style>
							</Border>
						</Properties>
						<Events/>
						<PredefinedContainedItems/>
					</ExtTooltip>
				</PredefinedContainedItems>
				<ContainedItems>
					<CheckBox id="11:02023637-7868-4a5f-8576-835a76e0c9ba">
						<Properties>
							<Name>РеквизитыОбъектаДоступаИспользуется</Name>
							<Type>CheckBoxField</Type>
							<DataPath>РеквизитыОбъектаДоступа.Используется</DataPath>
							<Visible>true</Visible>
							<UserVisible>
								<xr:common>true</xr:common>
							</UserVisible>
							<DefaultItem>false</DefaultItem>
							<Enabled>true</Enabled>
							<ReadOnly>false</ReadOnly>
							<SkipOnInput>auto</SkipOnInput>
							<Title>
								<v8:item>
									<v8:lang>ru</v8:lang>
									<v8:content>Исп.</v8:content>
								</v8:item>
							</Title>
							<TitleTextColor>auto</TitleTextColor>
							<TitleBackColor>auto</TitleBackColor>
							<TitleFont kind="AutoFont"/>
							<TitleLocation>Auto</TitleLocation>
							<TitleHeight>0</TitleHeight>
							<ToolTip>
								<v8:item>
									<v8:lang>ru</v8:lang>
									<v8:content>Используется</v8:content>
								</v8:item>
							</ToolTip>
							<ToolTipRepresentation>Auto</ToolTipRepresentation>
							<WarningOnEditRepresentation>Auto</WarningOnEditRepresentation>
							<WarningOnEdit/>
							<Shortcut/>
							<CommandsContent/>
							<HorizontalAlign>Auto</HorizontalAlign>
							<VerticalAlign>Auto</VerticalAlign>
							<EditMode>EnterOnInput</EditMode>
							<FixingInTable>None</FixingInTable>
							<CellHyperlink>false</CellHyperlink>
							<AutoCellHeight>false</AutoCellHeight>
							<ShowInHeader>true</ShowInHeader>
							<HeaderPicture/>
							<HeaderHorizontalAlign>Left</HeaderHorizontalAlign>
							<ShowInFooter>true</ShowInFooter>
							<FooterDataPath/>
							<FooterText/>
							<FooterTextColor>auto</FooterTextColor>
							<FooterBackColor>auto</FooterBackColor>
							<FooterFont kind="AutoFont"/>
							<FooterPicture/>
							<FooterHorizontalAlign>Auto</FooterHorizontalAlign>
							<CheckBoxType>Auto</CheckBoxType>
							<ThreeState>false</ThreeState>
							<BorderColor>auto</BorderColor>
							<EqualElementsWidth>auto</EqualElementsWidth>
						</Properties>
						<Events>
							<Event name="OnChange">РеквизитыОбъектаДоступаИспользуетсяПриИзменении</Event>
						</Events>
						<PredefinedContainedItems>
							<ContextMenu xsi:type="ContextMenuGroup" id="12:02023637-7868-4a5f-8576-835a76e0c9ba">
								<Properties>
									<Name>РеквизитыОбъектаДоступаИспользуетсяКонтекстноеМеню</Name>
									<Type>ContextMenu</Type>
									<Visible>true</Visible>
									<UserVisible>
										<xr:common>true</xr:common>
									</UserVisible>
									<Enabled>true</Enabled>
									<ReadOnly>false</ReadOnly>
									<EnableContentChange>false</EnableContentChange>
									<Title/>
									<TitleTextColor>auto</TitleTextColor>
									<TitleFont kind="AutoFont"/>
									<ToolTip/>
									<ToolTipRepresentation>Auto</ToolTipRepresentation>
									<Shortcut/>
									<Width>0</Width>
									<Height>0</Height>
									<HorizontalStretch>auto</HorizontalStretch>
									<VerticalStretch>auto</VerticalStretch>
									<FillWithStdCommands>true</FillWithStdCommands>
								</Properties>
								<PredefinedContainedItems/>
								<ContainedItems/>
							</ContextMenu>
							<ExtTooltip xsi:type="TextDecoration" id="35:02023637-7868-4a5f-8576-835a76e0c9ba">
								<Properties>
									<Name>РеквизитыОбъектаДоступаИспользуетсяExtendedTooltip</Name>
									<Kind>Label</Kind>
									<Visible>true</Visible>
									<UserVisible>
										<xr:common>true</xr:common>
									</UserVisible>
									<Enabled>true</Enabled>
									<Width>0</Width>
									<Height>0</Height>
									<HorStretchable>auto</HorStretchable>
									<VertStretchable>auto</VertStretchable>
									<SkipOnInput>auto</SkipOnInput>
									<TextColor>auto</TextColor>
									<Font kind="AutoFont"/>
									<ShortCut/>
									<Title/>
									<Tooltip/>
									<TooltipRepresentation>Auto</TooltipRepresentation>
									<HyperLink>false</HyperLink>
									<HorAlignment>Left</HorAlignment>
									<VertAlignment>Auto</VertAlignment>
									<TitleHeight>0</TitleHeight>
									<BackColor>auto</BackColor>
									<BorderColor>auto</BorderColor>
									<Border width="1">
										<style xmlns="http://v8.1c.ru/8.1/data/ui" xsi:type="ControlBorderType">WithoutBorder</style>
									</Border>
								</Properties>
								<Events/>
								<PredefinedContainedItems/>
							</ExtTooltip>
						</PredefinedContainedItems>
					</CheckBox>
					<Input id="13:02023637-7868-4a5f-8576-835a76e0c9ba">
						<Properties>
							<Name>РеквизитыОбъектаДоступаНаименование</Name>
							<Type>InputField</Type>
							<DataPath>РеквизитыОбъектаДоступа.Наименование</DataPath>
							<Visible>true</Visible>
							<UserVisible>
								<xr:common>true</xr:common>
							</UserVisible>
							<DefaultItem>false</DefaultItem>
							<Enabled>true</Enabled>
							<ReadOnly>true</ReadOnly>
							<SkipOnInput>auto</SkipOnInput>
							<Title/>
							<TitleTextColor>auto</TitleTextColor>
							<TitleBackColor>auto</TitleBackColor>
							<TitleFont kind="AutoFont"/>
							<TitleLocation>Auto</TitleLocation>
							<TitleHeight>0</TitleHeight>
							<ToolTip/>
							<ToolTipRepresentation>Auto</ToolTipRepresentation>
							<WarningOnEditRepresentation>Auto</WarningOnEditRepresentation>
							<WarningOnEdit/>
							<Shortcut/>
							<CommandsContent/>
							<HorizontalAlign>Auto</HorizontalAlign>
							<VerticalAlign>Auto</VerticalAlign>
							<EditMode>EnterOnInput</EditMode>
							<FixingInTable>None</FixingInTable>
							<CellHyperlink>false</CellHyperlink>
							<AutoCellHeight>false</AutoCellHeight>
							<ShowInHeader>true</ShowInHeader>
							<HeaderPicture/>
							<HeaderHorizontalAlign>Left</HeaderHorizontalAlign>
							<ShowInFooter>true</ShowInFooter>
							<FooterDataPath/>
							<FooterText/>
							<FooterTextColor>auto</FooterTextColor>
							<FooterBackColor>auto</FooterBackColor>
							<FooterFont kind="AutoFont"/>
							<FooterPicture/>
							<FooterHorizontalAlign>Auto</FooterHorizontalAlign>
							<Width>0</Width>
							<RowsCount>0</RowsCount>
							<HorizontalStretchable>auto</HorizontalStretchable>
							<VerticalStretchable>auto</VerticalStretchable>
							<Wrap>true</Wrap>
							<PasswordMode>auto</PasswordMode>
							<MultiLine>auto</MultiLine>
							<ExtendedEdit>auto</ExtendedEdit>
							<MarkNegatives>auto</MarkNegatives>
							<ChoiceListButton>auto</ChoiceListButton>
							<DropListButton>auto</DropListButton>
							<ChoiceButton>auto</ChoiceButton>
							<ChoiceButtonRepresentation>Auto</ChoiceButtonRepresentation>
							<ClearButton>auto</ClearButton>
							<SpinButton>auto</SpinButton>
							<OpenButton>auto</OpenButton>
							<CreateButton>auto</CreateButton>
							<Mask/>
							<ListChoiceMode>false</ListChoiceMode>
							<ChoiceListHeight>0</ChoiceListHeight>
							<DropListWidth>0</DropListWidth>
							<AutoChoiceIncomplete>auto</AutoChoiceIncomplete>
							<QuickChoice>auto</QuickChoice>
							<ChoiceObjects>Auto</ChoiceObjects>
							<Format/>
							<InputFormat/>
							<AutoMarkIncomplete>auto</AutoMarkIncomplete>
							<ChoiceType>true</ChoiceType>
							<IncompleteChoiceMode>OnEnterPressed</IncompleteChoiceMode>
							<TypeDomainEnabled>true</TypeDomainEnabled>
							<TextEdit>true</TextEdit>
							<EditTextUpdateMode>Auto</EditTextUpdateMode>
							<MinVal xsi:nil="true"/>
							<MaxVal xsi:nil="true"/>
							<ChoiceButtonPicture/>
							<ChoiceForm/>
							<ChoiceParamLinks/>
							<ChoiceParams/>
							<AvailableTypes/>
							<ValueList/>
							<TextColor>auto</TextColor>
							<BackColor>auto</BackColor>
							<BorderColor>auto</BorderColor>
							<Font kind="AutoFont"/>
							<LinkByType/>
							<InputHint/>
							<ChoiceHistoryOnInput>Auto</ChoiceHistoryOnInput>
						</Properties>
						<Events/>
						<PredefinedContainedItems>
							<ContextMenu xsi:type="ContextMenuGroup" id="14:02023637-7868-4a5f-8576-835a76e0c9ba">
								<Properties>
									<Name>РеквизитыОбъектаДоступаНаименованиеКонтекстноеМеню</Name>
									<Type>ContextMenu</Type>
									<Visible>true</Visible>
									<UserVisible>
										<xr:common>true</xr:common>
									</UserVisible>
									<Enabled>true</Enabled>
									<ReadOnly>false</ReadOnly>
									<EnableContentChange>false</EnableContentChange>
									<Title/>
									<TitleTextColor>auto</TitleTextColor>
									<TitleFont kind="AutoFont"/>
									<ToolTip/>
									<ToolTipRepresentation>Auto</ToolTipRepresentation>
									<Shortcut/>
									<Width>0</Width>
									<Height>0</Height>
									<HorizontalStretch>auto</HorizontalStretch>
									<VerticalStretch>auto</VerticalStretch>
									<FillWithStdCommands>true</FillWithStdCommands>
								</Properties>
								<PredefinedContainedItems/>
								<ContainedItems/>
							</ContextMenu>
							<ExtTooltip xsi:type="TextDecoration" id="36:02023637-7868-4a5f-8576-835a76e0c9ba">
								<Properties>
									<Name>РеквизитыОбъектаДоступаНаименованиеExtendedTooltip</Name>
									<Kind>Label</Kind>
									<Visible>true</Visible>
									<UserVisible>
										<xr:common>true</xr:common>
									</UserVisible>
									<Enabled>true</Enabled>
									<Width>0</Width>
									<Height>0</Height>
									<HorStretchable>auto</HorStretchable>
									<VertStretchable>auto</VertStretchable>
									<SkipOnInput>auto</SkipOnInput>
									<TextColor>auto</TextColor>
									<Font kind="AutoFont"/>
									<ShortCut/>
									<Title/>
									<Tooltip/>
									<TooltipRepresentation>Auto</TooltipRepresentation>
									<HyperLink>false</HyperLink>
									<HorAlignment>Left</HorAlignment>
									<VertAlignment>Auto</VertAlignment>
									<TitleHeight>0</TitleHeight>
									<BackColor>auto</BackColor>
									<BorderColor>auto</BorderColor>
									<Border width="1">
										<style xmlns="http://v8.1c.ru/8.1/data/ui" xsi:type="ControlBorderType">WithoutBorder</style>
									</Border>
								</Properties>
								<Events/>
								<PredefinedContainedItems/>
							</ExtTooltip>
						</PredefinedContainedItems>
					</Input>
					<Input id="15:02023637-7868-4a5f-8576-835a76e0c9ba">
						<Properties>
							<Name>РеквизитыОбъектаДоступаИмяРеквизита</Name>
							<Type>InputField</Type>
							<DataPath>РеквизитыОбъектаДоступа.ИмяРеквизита</DataPath>
							<Visible>false</Visible>
							<UserVisible>
								<xr:common>true</xr:common>
							</UserVisible>
							<DefaultItem>false</DefaultItem>
							<Enabled>true</Enabled>
							<ReadOnly>true</ReadOnly>
							<SkipOnInput>auto</SkipOnInput>
							<Title/>
							<TitleTextColor>auto</TitleTextColor>
							<TitleBackColor>auto</TitleBackColor>
							<TitleFont kind="AutoFont"/>
							<TitleLocation>Auto</TitleLocation>
							<TitleHeight>0</TitleHeight>
							<ToolTip/>
							<ToolTipRepresentation>Auto</ToolTipRepresentation>
							<WarningOnEditRepresentation>Auto</WarningOnEditRepresentation>
							<WarningOnEdit/>
							<Shortcut/>
							<CommandsContent/>
							<HorizontalAlign>Auto</HorizontalAlign>
							<VerticalAlign>Auto</VerticalAlign>
							<EditMode>EnterOnInput</EditMode>
							<FixingInTable>None</FixingInTable>
							<CellHyperlink>false</CellHyperlink>
							<AutoCellHeight>false</AutoCellHeight>
							<ShowInHeader>true</ShowInHeader>
							<HeaderPicture/>
							<HeaderHorizontalAlign>Left</HeaderHorizontalAlign>
							<ShowInFooter>true</ShowInFooter>
							<FooterDataPath/>
							<FooterText/>
							<FooterTextColor>auto</FooterTextColor>
							<FooterBackColor>auto</FooterBackColor>
							<FooterFont kind="AutoFont"/>
							<FooterPicture/>
							<FooterHorizontalAlign>Auto</FooterHorizontalAlign>
							<Width>0</Width>
							<RowsCount>0</RowsCount>
							<HorizontalStretchable>auto</HorizontalStretchable>
							<VerticalStretchable>auto</VerticalStretchable>
							<Wrap>true</Wrap>
							<PasswordMode>auto</PasswordMode>
							<MultiLine>auto</MultiLine>
							<ExtendedEdit>auto</ExtendedEdit>
							<MarkNegatives>auto</MarkNegatives>
							<ChoiceListButton>auto</ChoiceListButton>
							<DropListButton>auto</DropListButton>
							<ChoiceButton>auto</ChoiceButton>
							<ChoiceButtonRepresentation>Auto</ChoiceButtonRepresentation>
							<ClearButton>auto</ClearButton>
							<SpinButton>auto</SpinButton>
							<OpenButton>auto</OpenButton>
							<CreateButton>auto</CreateButton>
							<Mask/>
							<ListChoiceMode>false</ListChoiceMode>
							<ChoiceListHeight>0</ChoiceListHeight>
							<DropListWidth>0</DropListWidth>
							<AutoChoiceIncomplete>auto</AutoChoiceIncomplete>
							<QuickChoice>auto</QuickChoice>
							<ChoiceObjects>Auto</ChoiceObjects>
							<Format/>
							<InputFormat/>
							<AutoMarkIncomplete>auto</AutoMarkIncomplete>
							<ChoiceType>true</ChoiceType>
							<IncompleteChoiceMode>OnEnterPressed</IncompleteChoiceMode>
							<TypeDomainEnabled>true</TypeDomainEnabled>
							<TextEdit>true</TextEdit>
							<EditTextUpdateMode>Auto</EditTextUpdateMode>
							<MinVal xsi:nil="true"/>
							<MaxVal xsi:nil="true"/>
							<ChoiceButtonPicture/>
							<ChoiceForm/>
							<ChoiceParamLinks/>
							<ChoiceParams/>
							<AvailableTypes/>
							<ValueList/>
							<TextColor>auto</TextColor>
							<BackColor>auto</BackColor>
							<BorderColor>auto</BorderColor>
							<Font kind="AutoFont"/>
							<LinkByType/>
							<InputHint/>
							<ChoiceHistoryOnInput>Auto</ChoiceHistoryOnInput>
						</Properties>
						<Events/>
						<PredefinedContainedItems>
							<ContextMenu xsi:type="ContextMenuGroup" id="16:02023637-7868-4a5f-8576-835a76e0c9ba">
								<Properties>
									<Name>РеквизитыОбъектаДоступаИмяРеквизитаКонтекстноеМеню</Name>
									<Type>ContextMenu</Type>
									<Visible>true</Visible>
									<UserVisible>
										<xr:common>true</xr:common>
									</UserVisible>
									<Enabled>true</Enabled>
									<ReadOnly>false</ReadOnly>
									<EnableContentChange>false</EnableContentChange>
									<Title/>
									<TitleTextColor>auto</TitleTextColor>
									<TitleFont kind="AutoFont"/>
									<ToolTip/>
									<ToolTipRepresentation>Auto</ToolTipRepresentation>
									<Shortcut/>
									<Width>0</Width>
									<Height>0</Height>
									<HorizontalStretch>auto</HorizontalStretch>
									<VerticalStretch>auto</VerticalStretch>
									<FillWithStdCommands>true</FillWithStdCommands>
								</Properties>
								<PredefinedContainedItems/>
								<ContainedItems/>
							</ContextMenu>
							<ExtTooltip xsi:type="TextDecoration" id="37:02023637-7868-4a5f-8576-835a76e0c9ba">
								<Properties>
									<Name>РеквизитыОбъектаДоступаИмяРеквизитаExtendedTooltip</Name>
									<Kind>Label</Kind>
									<Visible>true</Visible>
									<UserVisible>
										<xr:common>true</xr:common>
									</UserVisible>
									<Enabled>true</Enabled>
									<Width>0</Width>
									<Height>0</Height>
									<HorStretchable>auto</HorStretchable>
									<VertStretchable>auto</VertStretchable>
									<SkipOnInput>auto</SkipOnInput>
									<TextColor>auto</TextColor>
									<Font kind="AutoFont"/>
									<ShortCut/>
									<Title/>
									<Tooltip/>
									<TooltipRepresentation>Auto</TooltipRepresentation>
									<HyperLink>false</HyperLink>
									<HorAlignment>Left</HorAlignment>
									<VertAlignment>Auto</VertAlignment>
									<TitleHeight>0</TitleHeight>
									<BackColor>auto</BackColor>
									<BorderColor>auto</BorderColor>
									<Border width="1">
										<style xmlns="http://v8.1c.ru/8.1/data/ui" xsi:type="ControlBorderType">WithoutBorder</style>
									</Border>
								</Properties>
								<Events/>
								<PredefinedContainedItems/>
							</ExtTooltip>
						</PredefinedContainedItems>
					</Input>
					<Input id="23:02023637-7868-4a5f-8576-835a76e0c9ba">
						<Properties>
							<Name>РеквизитыОбъектаДоступаТипЗначения</Name>
							<Type>InputField</Type>
							<DataPath>РеквизитыОбъектаДоступа.ТипЗначения</DataPath>
							<Visible>false</Visible>
							<UserVisible>
								<xr:common>true</xr:common>
							</UserVisible>
							<DefaultItem>false</DefaultItem>
							<Enabled>true</Enabled>
							<ReadOnly>true</ReadOnly>
							<SkipOnInput>auto</SkipOnInput>
							<Title/>
							<TitleTextColor>auto</TitleTextColor>
							<TitleBackColor>auto</TitleBackColor>
							<TitleFont kind="AutoFont"/>
							<TitleLocation>Auto</TitleLocation>
							<TitleHeight>0</TitleHeight>
							<ToolTip/>
							<ToolTipRepresentation>Auto</ToolTipRepresentation>
							<WarningOnEditRepresentation>Auto</WarningOnEditRepresentation>
							<WarningOnEdit/>
							<Shortcut/>
							<CommandsContent/>
							<HorizontalAlign>Auto</HorizontalAlign>
							<VerticalAlign>Auto</VerticalAlign>
							<EditMode>EnterOnInput</EditMode>
							<FixingInTable>None</FixingInTable>
							<CellHyperlink>false</CellHyperlink>
							<AutoCellHeight>false</AutoCellHeight>
							<ShowInHeader>true</ShowInHeader>
							<HeaderPicture/>
							<HeaderHorizontalAlign>Left</HeaderHorizontalAlign>
							<ShowInFooter>true</ShowInFooter>
							<FooterDataPath/>
							<FooterText/>
							<FooterTextColor>auto</FooterTextColor>
							<FooterBackColor>auto</FooterBackColor>
							<FooterFont kind="AutoFont"/>
							<FooterPicture/>
							<FooterHorizontalAlign>Auto</FooterHorizontalAlign>
							<Width>0</Width>
							<RowsCount>0</RowsCount>
							<HorizontalStretchable>auto</HorizontalStretchable>
							<VerticalStretchable>auto</VerticalStretchable>
							<Wrap>true</Wrap>
							<PasswordMode>auto</PasswordMode>
							<MultiLine>auto</MultiLine>
							<ExtendedEdit>auto</ExtendedEdit>
							<MarkNegatives>auto</MarkNegatives>
							<ChoiceListButton>auto</ChoiceListButton>
							<DropListButton>auto</DropListButton>
							<ChoiceButton>auto</ChoiceButton>
							<ChoiceButtonRepresentation>Auto</ChoiceButtonRepresentation>
							<ClearButton>auto</ClearButton>
							<SpinButton>auto</SpinButton>
							<OpenButton>auto</OpenButton>
							<CreateButton>auto</CreateButton>
							<Mask/>
							<ListChoiceMode>false</ListChoiceMode>
							<ChoiceListHeight>0</ChoiceListHeight>
							<DropListWidth>0</DropListWidth>
							<AutoChoiceIncomplete>auto</AutoChoiceIncomplete>
							<QuickChoice>auto</QuickChoice>
							<ChoiceObjects>Auto</ChoiceObjects>
							<Format/>
							<InputFormat/>
							<AutoMarkIncomplete>auto</AutoMarkIncomplete>
							<ChoiceType>true</ChoiceType>
							<IncompleteChoiceMode>OnEnterPressed</IncompleteChoiceMode>
							<TypeDomainEnabled>true</TypeDomainEnabled>
							<TextEdit>true</TextEdit>
							<EditTextUpdateMode>Auto</EditTextUpdateMode>
							<MinVal xsi:nil="true"/>
							<MaxVal xsi:nil="true"/>
							<ChoiceButtonPicture/>
							<ChoiceForm/>
							<ChoiceParamLinks/>
							<ChoiceParams/>
							<AvailableTypes/>
							<ValueList/>
							<TextColor>auto</TextColor>
							<BackColor>auto</BackColor>
							<BorderColor>auto</BorderColor>
							<Font kind="AutoFont"/>
							<LinkByType/>
							<InputHint/>
							<ChoiceHistoryOnInput>Auto</ChoiceHistoryOnInput>
						</Properties>
						<Events/>
						<PredefinedContainedItems>
							<ContextMenu xsi:type="ContextMenuGroup" id="24:02023637-7868-4a5f-8576-835a76e0c9ba">
								<Properties>
									<Name>РеквизитыОбъектаДоступаТипЗначенияКонтекстноеМеню</Name>
									<Type>ContextMenu</Type>
									<Visible>true</Visible>
									<UserVisible>
										<xr:common>true</xr:common>
									</UserVisible>
									<Enabled>true</Enabled>
									<ReadOnly>false</ReadOnly>
									<EnableContentChange>false</EnableContentChange>
									<Title/>
									<TitleTextColor>auto</TitleTextColor>
									<TitleFont kind="AutoFont"/>
									<ToolTip/>
									<ToolTipRepresentation>Auto</ToolTipRepresentation>
									<Shortcut/>
									<Width>0</Width>
									<Height>0</Height>
									<HorizontalStretch>auto</HorizontalStretch>
									<VerticalStretch>auto</VerticalStretch>
									<FillWithStdCommands>true</FillWithStdCommands>
								</Properties>
								<PredefinedContainedItems/>
								<ContainedItems/>
							</ContextMenu>
							<ExtTooltip xsi:type="TextDecoration" id="38:02023637-7868-4a5f-8576-835a76e0c9ba">
								<Properties>
									<Name>РеквизитыОбъектаДоступаТипЗначенияExtendedTooltip</Name>
									<Kind>Label</Kind>
									<Visible>true</Visible>
									<UserVisible>
										<xr:common>true</xr:common>
									</UserVisible>
									<Enabled>true</Enabled>
									<Width>0</Width>
									<Height>0</Height>
									<HorStretchable>auto</HorStretchable>
									<VertStretchable>auto</VertStretchable>
									<SkipOnInput>auto</SkipOnInput>
									<TextColor>auto</TextColor>
									<Font kind="AutoFont"/>
									<ShortCut/>
									<Title/>
									<Tooltip/>
									<TooltipRepresentation>Auto</TooltipRepresentation>
									<HyperLink>false</HyperLink>
									<HorAlignment>Left</HorAlignment>
									<VertAlignment>Auto</VertAlignment>
									<TitleHeight>0</TitleHeight>
									<BackColor>auto</BackColor>
									<BorderColor>auto</BorderColor>
									<Border width="1">
										<style xmlns="http://v8.1c.ru/8.1/data/ui" xsi:type="ControlBorderType">WithoutBorder</style>
									</Border>
								</Properties>
								<Events/>
								<PredefinedContainedItems/>
							</ExtTooltip>
						</PredefinedContainedItems>
					</Input>
					<CheckBox id="17:02023637-7868-4a5f-8576-835a76e0c9ba">
						<Properties>
							<Name>РеквизитыОбъектаДоступаПринадлежитФайлу</Name>
							<Type>CheckBoxField</Type>
							<DataPath>РеквизитыОбъектаДоступа.ПринадлежитФайлу</DataPath>
							<Visible>false</Visible>
							<UserVisible>
								<xr:common>true</xr:common>
							</UserVisible>
							<DefaultItem>false</DefaultItem>
							<Enabled>true</Enabled>
							<ReadOnly>true</ReadOnly>
							<SkipOnInput>auto</SkipOnInput>
							<Title/>
							<TitleTextColor>auto</TitleTextColor>
							<TitleBackColor>auto</TitleBackColor>
							<TitleFont kind="AutoFont"/>
							<TitleLocation>Auto</TitleLocation>
							<TitleHeight>0</TitleHeight>
							<ToolTip/>
							<ToolTipRepresentation>Auto</ToolTipRepresentation>
							<WarningOnEditRepresentation>Auto</WarningOnEditRepresentation>
							<WarningOnEdit/>
							<Shortcut/>
							<CommandsContent/>
							<HorizontalAlign>Auto</HorizontalAlign>
							<VerticalAlign>Auto</VerticalAlign>
							<EditMode>EnterOnInput</EditMode>
							<FixingInTable>None</FixingInTable>
							<CellHyperlink>false</CellHyperlink>
							<AutoCellHeight>false</AutoCellHeight>
							<ShowInHeader>true</ShowInHeader>
							<HeaderPicture/>
							<HeaderHorizontalAlign>Left</HeaderHorizontalAlign>
							<ShowInFooter>true</ShowInFooter>
							<FooterDataPath/>
							<FooterText/>
							<FooterTextColor>auto</FooterTextColor>
							<FooterBackColor>auto</FooterBackColor>
							<FooterFont kind="AutoFont"/>
							<FooterPicture/>
							<FooterHorizontalAlign>Auto</FooterHorizontalAlign>
							<CheckBoxType>Auto</CheckBoxType>
							<ThreeState>false</ThreeState>
							<BorderColor>auto</BorderColor>
							<EqualElementsWidth>auto</EqualElementsWidth>
						</Properties>
						<Events/>
						<PredefinedContainedItems>
							<ContextMenu xsi:type="ContextMenuGroup" id="18:02023637-7868-4a5f-8576-835a76e0c9ba">
								<Properties>
									<Name>РеквизитыОбъектаДоступаПринадлежитФайлуКонтекстноеМеню</Name>
									<Type>ContextMenu</Type>
									<Visible>true</Visible>
									<UserVisible>
										<xr:common>true</xr:common>
									</UserVisible>
									<Enabled>true</Enabled>
									<ReadOnly>false</ReadOnly>
									<EnableContentChange>false</EnableContentChange>
									<Title/>
									<TitleTextColor>auto</TitleTextColor>
									<TitleFont kind="AutoFont"/>
									<ToolTip/>
									<ToolTipRepresentation>Auto</ToolTipRepresentation>
									<Shortcut/>
									<Width>0</Width>
									<Height>0</Height>
									<HorizontalStretch>auto</HorizontalStretch>
									<VerticalStretch>auto</VerticalStretch>
									<FillWithStdCommands>true</FillWithStdCommands>
								</Properties>
								<PredefinedContainedItems/>
								<ContainedItems/>
							</ContextMenu>
							<ExtTooltip xsi:type="TextDecoration" id="39:02023637-7868-4a5f-8576-835a76e0c9ba">
								<Properties>
									<Name>РеквизитыОбъектаДоступаПринадлежитФайлуExtendedTooltip</Name>
									<Kind>Label</Kind>
									<Visible>true</Visible>
									<UserVisible>
										<xr:common>true</xr:common>
									</UserVisible>
									<Enabled>true</Enabled>
									<Width>0</Width>
									<Height>0</Height>
									<HorStretchable>auto</HorStretchable>
									<VertStretchable>auto</VertStretchable>
									<SkipOnInput>auto</SkipOnInput>
									<TextColor>auto</TextColor>
									<Font kind="AutoFont"/>
									<ShortCut/>
									<Title/>
									<Tooltip/>
									<TooltipRepresentation>Auto</TooltipRepresentation>
									<HyperLink>false</HyperLink>
									<HorAlignment>Left</HorAlignment>
									<VertAlignment>Auto</VertAlignment>
									<TitleHeight>0</TitleHeight>
									<BackColor>auto</BackColor>
									<BorderColor>auto</BorderColor>
									<Border width="1">
										<style xmlns="http://v8.1c.ru/8.1/data/ui" xsi:type="ControlBorderType">WithoutBorder</style>
									</Border>
								</Properties>
								<Events/>
								<PredefinedContainedItems/>
							</ExtTooltip>
						</PredefinedContainedItems>
					</CheckBox>
					<CheckBox id="19:02023637-7868-4a5f-8576-835a76e0c9ba">
						<Properties>
							<Name>РеквизитыОбъектаДоступаПринадлежитЗадаче</Name>
							<Type>CheckBoxField</Type>
							<DataPath>РеквизитыОбъектаДоступа.ПринадлежитЗадаче</DataPath>
							<Visible>false</Visible>
							<UserVisible>
								<xr:common>true</xr:common>
							</UserVisible>
							<DefaultItem>false</DefaultItem>
							<Enabled>true</Enabled>
							<ReadOnly>true</ReadOnly>
							<SkipOnInput>auto</SkipOnInput>
							<Title/>
							<TitleTextColor>auto</TitleTextColor>
							<TitleBackColor>auto</TitleBackColor>
							<TitleFont kind="AutoFont"/>
							<TitleLocation>Auto</TitleLocation>
							<TitleHeight>0</TitleHeight>
							<ToolTip/>
							<ToolTipRepresentation>Auto</ToolTipRepresentation>
							<WarningOnEditRepresentation>Auto</WarningOnEditRepresentation>
							<WarningOnEdit/>
							<Shortcut/>
							<CommandsContent/>
							<HorizontalAlign>Auto</HorizontalAlign>
							<VerticalAlign>Auto</VerticalAlign>
							<EditMode>EnterOnInput</EditMode>
							<FixingInTable>None</FixingInTable>
							<CellHyperlink>false</CellHyperlink>
							<AutoCellHeight>false</AutoCellHeight>
							<ShowInHeader>true</ShowInHeader>
							<HeaderPicture/>
							<HeaderHorizontalAlign>Left</HeaderHorizontalAlign>
							<ShowInFooter>true</ShowInFooter>
							<FooterDataPath/>
							<FooterText/>
							<FooterTextColor>auto</FooterTextColor>
							<FooterBackColor>auto</FooterBackColor>
							<FooterFont kind="AutoFont"/>
							<FooterPicture/>
							<FooterHorizontalAlign>Auto</FooterHorizontalAlign>
							<CheckBoxType>Auto</CheckBoxType>
							<ThreeState>false</ThreeState>
							<BorderColor>auto</BorderColor>
							<EqualElementsWidth>auto</EqualElementsWidth>
						</Properties>
						<Events/>
						<PredefinedContainedItems>
							<ContextMenu xsi:type="ContextMenuGroup" id="20:02023637-7868-4a5f-8576-835a76e0c9ba">
								<Properties>
									<Name>РеквизитыОбъектаДоступаПринадлежитЗадачеКонтекстноеМеню</Name>
									<Type>ContextMenu</Type>
									<Visible>true</Visible>
									<UserVisible>
										<xr:common>true</xr:common>
									</UserVisible>
									<Enabled>true</Enabled>
									<ReadOnly>false</ReadOnly>
									<EnableContentChange>false</EnableContentChange>
									<Title/>
									<TitleTextColor>auto</TitleTextColor>
									<TitleFont kind="AutoFont"/>
									<ToolTip/>
									<ToolTipRepresentation>Auto</ToolTipRepresentation>
									<Shortcut/>
									<Width>0</Width>
									<Height>0</Height>
									<HorizontalStretch>auto</HorizontalStretch>
									<VerticalStretch>auto</VerticalStretch>
									<FillWithStdCommands>true</FillWithStdCommands>
								</Properties>
								<PredefinedContainedItems/>
								<ContainedItems/>
							</ContextMenu>
							<ExtTooltip xsi:type="TextDecoration" id="40:02023637-7868-4a5f-8576-835a76e0c9ba">
								<Properties>
									<Name>РеквизитыОбъектаДоступаПринадлежитЗадачеExtendedTooltip</Name>
									<Kind>Label</Kind>
									<Visible>true</Visible>
									<UserVisible>
										<xr:common>true</xr:common>
									</UserVisible>
									<Enabled>true</Enabled>
									<Width>0</Width>
									<Height>0</Height>
									<HorStretchable>auto</HorStretchable>
									<VertStretchable>auto</VertStretchable>
									<SkipOnInput>auto</SkipOnInput>
									<TextColor>auto</TextColor>
									<Font kind="AutoFont"/>
									<ShortCut/>
									<Title/>
									<Tooltip/>
									<TooltipRepresentation>Auto</TooltipRepresentation>
									<HyperLink>false</HyperLink>
									<HorAlignment>Left</HorAlignment>
									<VertAlignment>Auto</VertAlignment>
									<TitleHeight>0</TitleHeight>
									<BackColor>auto</BackColor>
									<BorderColor>auto</BorderColor>
									<Border width="1">
										<style xmlns="http://v8.1c.ru/8.1/data/ui" xsi:type="ControlBorderType">WithoutBorder</style>
									</Border>
								</Properties>
								<Events/>
								<PredefinedContainedItems/>
							</ExtTooltip>
						</PredefinedContainedItems>
					</CheckBox>
				</ContainedItems>
			</Table>
		</ContainedItems>
	</Elements>
	<NavigationPanel/>
	<CommandPanel/>
</Form>