﻿<?xml version="1.0" encoding="UTF-8"?>
<MetaDataObject xmlns="http://v8.1c.ru/8.3/MDClasses" xmlns:app="http://v8.1c.ru/8.2/managed-application/core" xmlns:cfg="http://v8.1c.ru/8.1/data/enterprise/current-config" xmlns:cmi="http://v8.1c.ru/8.2/managed-application/cmi" xmlns:ent="http://v8.1c.ru/8.1/data/enterprise" xmlns:lf="http://v8.1c.ru/8.2/managed-application/logform" xmlns:style="http://v8.1c.ru/8.1/data/ui/style" xmlns:sys="http://v8.1c.ru/8.1/data/ui/fonts/system" xmlns:v8="http://v8.1c.ru/8.1/data/core" xmlns:v8ui="http://v8.1c.ru/8.1/data/ui" xmlns:web="http://v8.1c.ru/8.1/data/ui/colors/web" xmlns:win="http://v8.1c.ru/8.1/data/ui/colors/windows" xmlns:xen="http://v8.1c.ru/8.3/xcf/enums" xmlns:xpr="http://v8.1c.ru/8.3/xcf/predef" xmlns:xr="http://v8.1c.ru/8.3/xcf/readable" xmlns:xs="http://www.w3.org/2001/XMLSchema" xmlns:xsi="http://www.w3.org/2001/XMLSchema-instance">
	<ChartOfCharacteristicTypes uuid="fb5fb331-1927-406a-894f-f0565e0cef2b">
		<InnerInfo>
			<xr:producedType name="ChartOfCharacteristicTypesObject.ПС_ТипыРеквизитов" category="Object">
				<xr:typeId>cdb49ea9-7920-4935-9c89-b8b94ea8d6a9</xr:typeId>
				<xr:valTypeId>9b7db211-cf58-41f6-9242-cbda23383096</xr:valTypeId>
			</xr:producedType>
			<xr:producedType name="ChartOfCharacteristicTypesRef.ПС_ТипыРеквизитов" category="Ref">
				<xr:typeId>6678076b-e7e1-4ba2-a2b3-8951b365deb7</xr:typeId>
				<xr:valTypeId>d628badd-6a9a-4374-aefa-ee6b5c59c0c2</xr:valTypeId>
			</xr:producedType>
			<xr:producedType name="ChartOfCharacteristicTypesSelection.ПС_ТипыРеквизитов" category="Selection">
				<xr:typeId>c2259e15-a135-4cb2-8b1a-0b89959734a6</xr:typeId>
				<xr:valTypeId>f548672b-463f-41f0-8825-032835cb7ce1</xr:valTypeId>
			</xr:producedType>
			<xr:producedType name="ChartOfCharacteristicTypesList.ПС_ТипыРеквизитов" category="List">
				<xr:typeId>700872f8-eb08-4938-9293-b27baa421b23</xr:typeId>
				<xr:valTypeId>ed9c21e7-75ed-4b69-9390-b80e82c86295</xr:valTypeId>
			</xr:producedType>
			<xr:producedType name="Characteristic.ПС_ТипыРеквизитов" category="Characteristic">
				<xr:typeId>300c3fa8-1aa3-41ea-b42e-beb3583d1d3d</xr:typeId>
				<xr:valTypeId>dad61e78-7829-4e03-b7b8-8961b1e05cee</xr:valTypeId>
			</xr:producedType>
			<xr:producedType name="ChartOfCharacteristicTypesManager.ПС_ТипыРеквизитов" category="Manager">
				<xr:typeId>7b5b4abb-5f5b-4a7f-84d1-acce426a5e85</xr:typeId>
				<xr:valTypeId>d197a5c3-30eb-44a5-80ee-43fb102ff777</xr:valTypeId>
			</xr:producedType>
		</InnerInfo>
		<Properties>
			<Name>ПС_ТипыРеквизитов</Name>
			<Synonym>
				<v8:item>
					<v8:lang>ru</v8:lang>
					<v8:content>Типы данных</v8:content>
				</v8:item>
			</Synonym>
			<Comment/>
			<UseStandardCommands>false</UseStandardCommands>
			<IncludeHelpInContents>true</IncludeHelpInContents>
			<CharacteristicExtValues>Catalog.ПС_ЗначенияТиповРеквизитов</CharacteristicExtValues>
			<Type>
				<v8:Type>cfg:CatalogRef.ПС_ПараметрыОбъектов</v8:Type>
				<v8:Type>cfg:EnumRef.ПС_ВариантыНастройкиБезопасности</v8:Type>
				<v8:Type>cfg:CatalogRef.ПС_НоменклатураДел</v8:Type>
				<v8:Type>cfg:EnumRef.ПС_ЗначенияПравНаБизнесПроцессы</v8:Type>
				<v8:Type>cfg:CatalogRef.ПС_Нумератор</v8:Type>
				<v8:Type>cfg:EnumRef.ПС_ВидыДнейПроизводственногоКалендаря</v8:Type>
				<v8:Type>cfg:EnumRef.ПС_ОтборыЗадач</v8:Type>
				<v8:Type>cfg:CatalogRef.ПС_ВнешниеФайлы</v8:Type>
				<v8:Type>cfg:EnumRef.ДниНедели</v8:Type>
				<v8:Type>cfg:CatalogRef.ПС_УниверсальныйЖурналДокументов</v8:Type>
				<v8:Type>cfg:EnumRef.ПС_ПриоритетыЗадач</v8:Type>
				<v8:Type>cfg:CatalogRef.ПС_ГрафикиРаботы</v8:Type>
				<v8:Type>cfg:EnumRef.ПС_ВидыПравНаМоделиБизнесПроцессов</v8:Type>
				<v8:Type>cfg:CatalogRef.ПС_Условия</v8:Type>
				<v8:Type>cfg:CatalogRef.ПС_АналитикаПоказателей</v8:Type>
				<v8:Type>cfg:EnumRef.ПС_ВидыАдресации</v8:Type>
				<v8:Type>cfg:EnumRef.ПС_Периодичность</v8:Type>
				<v8:Type>cfg:EnumRef.ПС_СпособыРаспознаванияИзображения</v8:Type>
				<v8:Type>cfg:EnumRef.СпособыSMTPАутентификации</v8:Type>
				<v8:Type>cfg:EnumRef.ПС_СтатусыАктивныхТочек</v8:Type>
				<v8:Type>cfg:EnumRef.ПС_ВариантыГрупповогоВыполнения</v8:Type>
				<v8:Type>cfg:EnumRef.ПС_ВидыУчетаВремени</v8:Type>
				<v8:Type>cfg:CatalogRef.ПС_СценарииПланирования</v8:Type>
				<v8:Type>cfg:EnumRef.ПС_ВидыСобытийДокументов</v8:Type>
				<v8:Type>cfg:CatalogRef.ПС_Показатели</v8:Type>
				<v8:Type>cfg:EnumRef.ПС_ДополнительныеОграниченияПравДоступа</v8:Type>
				<v8:Type>cfg:EnumRef.ПС_ВидыРабочихГрафиков</v8:Type>
				<v8:Type>cfg:CatalogRef.ПС_КонтролируемыеБлоки</v8:Type>
				<v8:Type>cfg:CatalogRef.ПС_НазначенияСертификатовЭЦП</v8:Type>
				<v8:Type>cfg:EnumRef.ПС_ВидыПравНаБизнесПроцессы</v8:Type>
				<v8:Type>cfg:EnumRef.ПС_ВидыПоказателей</v8:Type>
				<v8:Type>cfg:EnumRef.ПС_ВидОтображенияОтчетовНаФормеЗадачи</v8:Type>
				<v8:Type>cfg:EnumRef.ПС_ВидыТочек</v8:Type>
				<v8:Type>cfg:CatalogRef.ПС_ДескрипторыДоступа</v8:Type>
				<v8:Type>cfg:CatalogRef.СтруктураПредприятия</v8:Type>
				<v8:Type>cfg:EnumRef.ПС_РазмерыБумаги</v8:Type>
				<v8:Type>cfg:EnumRef.ПС_ТипыЧастейНомера</v8:Type>
				<v8:Type>cfg:EnumRef.ПС_ВидыСобытийОповещения</v8:Type>
				<v8:Type>cfg:EnumRef.ПС_ПриоритетыБизнесПроцессов</v8:Type>
				<v8:Type>xs:boolean</v8:Type>
				<v8:Type>cfg:EnumRef.ПС_ЗначенияПравНаЗадачи</v8:Type>
				<v8:Type>cfg:CatalogRef.Пользователи</v8:Type>
				<v8:Type>cfg:EnumRef.ПС_ВидыУсловийОтбораПараметров</v8:Type>
				<v8:Type>cfg:ChartOfCharacteristicTypesRef.ПС_ТипыРеквизитов</v8:Type>
				<v8:Type>cfg:EnumRef.ПС_ВидОперанда</v8:Type>
				<v8:Type>cfg:EnumRef.ПС_ВидыПараметров</v8:Type>
				<v8:Type>cfg:DocumentRef.ПС_План</v8:Type>
				<v8:Type>cfg:EnumRef.СпособыPOP3Аутентификации</v8:Type>
				<v8:Type>cfg:EnumRef.ПС_СпособыРаспознаванияPDF</v8:Type>
				<v8:Type>cfg:EnumRef.ПС_Месяца</v8:Type>
				<v8:Type>cfg:CatalogRef.ПС_ОбработчикиСобытий</v8:Type>
				<v8:Type>cfg:EnumRef.ПС_ВидыДействийНадДокументом</v8:Type>
				<v8:Type>cfg:EnumRef.ПС_ВидыРеквизитов</v8:Type>
				<v8:Type>cfg:TaskRef.ПС_Задача</v8:Type>
				<v8:Type>cfg:CatalogRef.ПС_ТочкиБП</v8:Type>
				<v8:Type>cfg:CatalogRef.ПС_НастройкиПараметров</v8:Type>
				<v8:Type>cfg:EnumRef.ПС_Операции</v8:Type>
				<v8:Type>cfg:CatalogRef.ПС_МоделиБП</v8:Type>
				<v8:Type>cfg:ChartOfCharacteristicTypesRef.ПС_ВидыДоступа</v8:Type>
				<v8:Type>cfg:EnumRef.ПС_ВидыТипов</v8:Type>
				<v8:Type>cfg:EnumRef.ПС_ДействияПриСохраненииСЭЦП</v8:Type>
				<v8:Type>cfg:EnumRef.ПС_СтатусыОповещений</v8:Type>
				<v8:Type>cfg:EnumRef.ПС_ПоворотИзображения</v8:Type>
				<v8:Type>cfg:CatalogRef.ПС_Смены</v8:Type>
				<v8:Type>cfg:CatalogRef.ПС_Сообщения</v8:Type>
				<v8:Type>cfg:EnumRef.ПС_ФорматыХраненияМногостраничныхФайлов</v8:Type>
				<v8:Type>xs:string</v8:Type>
				<v8:Type>cfg:CatalogRef.ПС_ХарактеристикиАналитики</v8:Type>
				<v8:Type>cfg:EnumRef.ПС_ВариантыСжатияTIFF</v8:Type>
				<v8:Type>cfg:CatalogRef.ПС_ВидыДокументов</v8:Type>
				<v8:Type>cfg:BusinessProcessRef.ПС_БизнесПроцесс</v8:Type>
				<v8:Type>cfg:EnumRef.ПС_ТипыЭкземпляров</v8:Type>
				<v8:Type>cfg:EnumRef.ПС_ВариантыВыбораФайла</v8:Type>
				<v8:Type>cfg:CatalogRef.ПС_НастройкаВводаНаОснованииБП</v8:Type>
				<v8:Type>xs:dateTime</v8:Type>
				<v8:Type>cfg:EnumRef.ПС_ВидыНедельВМесяце</v8:Type>
				<v8:Type>xs:decimal</v8:Type>
				<v8:Type>cfg:CatalogRef.ПС_Обработки</v8:Type>
				<v8:Type>cfg:EnumRef.ПС_СтатусыШаблонов</v8:Type>
				<v8:Type>cfg:CatalogRef.ПС_ВерсииФайлов</v8:Type>
				<v8:Type>cfg:EnumRef.ПС_ФорматыХраненияОдностраничныхФайлов</v8:Type>
				<v8:Type>cfg:EnumRef.ПС_ВидОповещения</v8:Type>
				<v8:Type>cfg:EnumRef.ПС_ВидыПравНаЗадачи</v8:Type>
				<v8:Type>cfg:CatalogRef.ПС_КолонкиТаблицы</v8:Type>
				<v8:Type>cfg:CatalogRef.ПС_Роли</v8:Type>
				<v8:Type>cfg:EnumRef.ПС_ФорматыСканированногоИзображения</v8:Type>
				<v8:Type>cfg:EnumRef.ВариантыSMTPАутентификации</v8:Type>
				<v8:Type>cfg:EnumRef.ПС_ВидыСообщений</v8:Type>
				<v8:Type>cfg:CatalogRef.ПС_ЗначенияТиповРеквизитов</v8:Type>
				<v8:Type>cfg:CatalogRef.Проекты</v8:Type>
				<v8:Type>cfg:EnumRef.ПС_ЦветностиИзображения</v8:Type>
				<v8:Type>cfg:EnumRef.ПС_ЕдиницыВремени</v8:Type>
				<v8:Type>cfg:CatalogRef.ПС_Задания</v8:Type>
				<v8:Type>cfg:EnumRef.ПС_ВидыОтображенияСтатуса</v8:Type>
				<v8:Type>cfg:CatalogRef.ПС_НастройкиОчисткиВерсийФайлов</v8:Type>
				<v8:Type>cfg:CatalogRef.УчетныеЗаписиЭлектроннойПочты</v8:Type>
				<v8:Type>cfg:DocumentRef.ПС_ЗаписьПоказателей</v8:Type>
				<v8:Type>cfg:CatalogRef.ПС_Выражения</v8:Type>
				<v8:Type>cfg:EnumRef.ПС_ВидыПравНаВидыДокументов</v8:Type>
				<v8:Type>cfg:EnumRef.ПС_РазрешенияСканированногоИзображения</v8:Type>
				<v8:Type>cfg:CatalogRef.ПС_РеквизитыБП</v8:Type>
				<v8:Type>cfg:EnumRef.ПС_ВидыПараметровБезопасности</v8:Type>
				<v8:Type>cfg:CatalogRef.ПС_НастройкиПоказателей</v8:Type>
				<v8:Type>cfg:CatalogRef.Организации</v8:Type>
				<v8:Type>cfg:EnumRef.ПС_ВидыСобытийЗадачи</v8:Type>
				<v8:NumberQualifiers>
					<v8:Digits>30</v8:Digits>
					<v8:FractionDigits>10</v8:FractionDigits>
					<v8:AllowedSign>Any</v8:AllowedSign>
				</v8:NumberQualifiers>
				<v8:StringQualifiers>
					<v8:Length>500</v8:Length>
					<v8:AllowedLength>Variable</v8:AllowedLength>
				</v8:StringQualifiers>
				<v8:DateQualifiers>
					<v8:DateFractions>DateTime</v8:DateFractions>
				</v8:DateQualifiers>
			</Type>
			<Hierarchical>true</Hierarchical>
			<FoldersOnTop>true</FoldersOnTop>
			<CodeLength>5</CodeLength>
			<CodeAllowedLength>Fixed</CodeAllowedLength>
			<DescriptionLength>100</DescriptionLength>
			<CodeSeries>WholeCharacteristicKind</CodeSeries>
			<CheckUnique>true</CheckUnique>
			<Autonumbering>true</Autonumbering>
			<DefaultPresentation>AsDescription</DefaultPresentation>
			<StandardAttributes>
				<xr:Attribute name="ValueType">
					<xr:LinkByType/>
					<xr:FillChecking>DontCheck</xr:FillChecking>
					<xr:MultiLine>false</xr:MultiLine>
					<xr:FillFromFillingValue>false</xr:FillFromFillingValue>
					<xr:CreateOnInput>Auto</xr:CreateOnInput>
					<xr:MaxValue xsi:nil="true"/>
					<xr:ToolTip/>
					<xr:ExtendedEdit>false</xr:ExtendedEdit>
					<xr:Format/>
					<xr:ChoiceForm/>
					<xr:QuickChoice>Auto</xr:QuickChoice>
					<xr:EditFormat/>
					<xr:PasswordMode>false</xr:PasswordMode>
					<xr:MarkNegatives>false</xr:MarkNegatives>
					<xr:MinValue xsi:nil="true"/>
					<xr:Synonym/>
					<xr:Comment/>
					<xr:FullTextSearch>Use</xr:FullTextSearch>
					<xr:ChoiceParameterLinks/>
					<xr:FillValue xsi:nil="true"/>
					<xr:Mask/>
					<xr:ChoiceParameters/>
				</xr:Attribute>
				<xr:Attribute name="Description">
					<xr:LinkByType/>
					<xr:FillChecking>ShowError</xr:FillChecking>
					<xr:MultiLine>false</xr:MultiLine>
					<xr:FillFromFillingValue>false</xr:FillFromFillingValue>
					<xr:CreateOnInput>Auto</xr:CreateOnInput>
					<xr:MaxValue xsi:nil="true"/>
					<xr:ToolTip/>
					<xr:ExtendedEdit>false</xr:ExtendedEdit>
					<xr:Format/>
					<xr:ChoiceForm/>
					<xr:QuickChoice>Auto</xr:QuickChoice>
					<xr:EditFormat/>
					<xr:PasswordMode>false</xr:PasswordMode>
					<xr:MarkNegatives>false</xr:MarkNegatives>
					<xr:MinValue xsi:nil="true"/>
					<xr:Synonym/>
					<xr:Comment/>
					<xr:FullTextSearch>Use</xr:FullTextSearch>
					<xr:ChoiceParameterLinks/>
					<xr:FillValue xsi:nil="true"/>
					<xr:Mask/>
					<xr:ChoiceParameters/>
				</xr:Attribute>
				<xr:Attribute name="Code">
					<xr:LinkByType/>
					<xr:FillChecking>DontCheck</xr:FillChecking>
					<xr:MultiLine>false</xr:MultiLine>
					<xr:FillFromFillingValue>false</xr:FillFromFillingValue>
					<xr:CreateOnInput>Auto</xr:CreateOnInput>
					<xr:MaxValue xsi:nil="true"/>
					<xr:ToolTip/>
					<xr:ExtendedEdit>false</xr:ExtendedEdit>
					<xr:Format/>
					<xr:ChoiceForm/>
					<xr:QuickChoice>Auto</xr:QuickChoice>
					<xr:EditFormat/>
					<xr:PasswordMode>false</xr:PasswordMode>
					<xr:MarkNegatives>false</xr:MarkNegatives>
					<xr:MinValue xsi:nil="true"/>
					<xr:Synonym/>
					<xr:Comment/>
					<xr:FullTextSearch>Use</xr:FullTextSearch>
					<xr:ChoiceParameterLinks/>
					<xr:FillValue xsi:nil="true"/>
					<xr:Mask/>
					<xr:ChoiceParameters/>
				</xr:Attribute>
				<xr:Attribute name="IsFolder">
					<xr:LinkByType/>
					<xr:FillChecking>DontCheck</xr:FillChecking>
					<xr:MultiLine>false</xr:MultiLine>
					<xr:FillFromFillingValue>false</xr:FillFromFillingValue>
					<xr:CreateOnInput>Auto</xr:CreateOnInput>
					<xr:MaxValue xsi:nil="true"/>
					<xr:ToolTip/>
					<xr:ExtendedEdit>false</xr:ExtendedEdit>
					<xr:Format/>
					<xr:ChoiceForm/>
					<xr:QuickChoice>Auto</xr:QuickChoice>
					<xr:EditFormat/>
					<xr:PasswordMode>false</xr:PasswordMode>
					<xr:MarkNegatives>false</xr:MarkNegatives>
					<xr:MinValue xsi:nil="true"/>
					<xr:Synonym/>
					<xr:Comment/>
					<xr:FullTextSearch>Use</xr:FullTextSearch>
					<xr:ChoiceParameterLinks/>
					<xr:FillValue xsi:nil="true"/>
					<xr:Mask/>
					<xr:ChoiceParameters/>
				</xr:Attribute>
				<xr:Attribute name="Parent">
					<xr:LinkByType/>
					<xr:FillChecking>DontCheck</xr:FillChecking>
					<xr:MultiLine>false</xr:MultiLine>
					<xr:FillFromFillingValue>true</xr:FillFromFillingValue>
					<xr:CreateOnInput>Auto</xr:CreateOnInput>
					<xr:MaxValue xsi:nil="true"/>
					<xr:ToolTip/>
					<xr:ExtendedEdit>false</xr:ExtendedEdit>
					<xr:Format/>
					<xr:ChoiceForm/>
					<xr:QuickChoice>Auto</xr:QuickChoice>
					<xr:EditFormat/>
					<xr:PasswordMode>false</xr:PasswordMode>
					<xr:MarkNegatives>false</xr:MarkNegatives>
					<xr:MinValue xsi:nil="true"/>
					<xr:Synonym/>
					<xr:Comment/>
					<xr:FullTextSearch>Use</xr:FullTextSearch>
					<xr:ChoiceParameterLinks/>
					<xr:FillValue xsi:nil="true"/>
					<xr:Mask/>
					<xr:ChoiceParameters/>
				</xr:Attribute>
				<xr:Attribute name="Predefined">
					<xr:LinkByType/>
					<xr:FillChecking>DontCheck</xr:FillChecking>
					<xr:MultiLine>false</xr:MultiLine>
					<xr:FillFromFillingValue>false</xr:FillFromFillingValue>
					<xr:CreateOnInput>Auto</xr:CreateOnInput>
					<xr:MaxValue xsi:nil="true"/>
					<xr:ToolTip/>
					<xr:ExtendedEdit>false</xr:ExtendedEdit>
					<xr:Format/>
					<xr:ChoiceForm/>
					<xr:QuickChoice>Auto</xr:QuickChoice>
					<xr:EditFormat/>
					<xr:PasswordMode>false</xr:PasswordMode>
					<xr:MarkNegatives>false</xr:MarkNegatives>
					<xr:MinValue xsi:nil="true"/>
					<xr:Synonym/>
					<xr:Comment/>
					<xr:FullTextSearch>Use</xr:FullTextSearch>
					<xr:ChoiceParameterLinks/>
					<xr:FillValue xsi:nil="true"/>
					<xr:Mask/>
					<xr:ChoiceParameters/>
				</xr:Attribute>
				<xr:Attribute name="DeletionMark">
					<xr:LinkByType/>
					<xr:FillChecking>DontCheck</xr:FillChecking>
					<xr:MultiLine>false</xr:MultiLine>
					<xr:FillFromFillingValue>false</xr:FillFromFillingValue>
					<xr:CreateOnInput>Auto</xr:CreateOnInput>
					<xr:MaxValue xsi:nil="true"/>
					<xr:ToolTip/>
					<xr:ExtendedEdit>false</xr:ExtendedEdit>
					<xr:Format/>
					<xr:ChoiceForm/>
					<xr:QuickChoice>Auto</xr:QuickChoice>
					<xr:EditFormat/>
					<xr:PasswordMode>false</xr:PasswordMode>
					<xr:MarkNegatives>false</xr:MarkNegatives>
					<xr:MinValue xsi:nil="true"/>
					<xr:Synonym/>
					<xr:Comment/>
					<xr:FullTextSearch>Use</xr:FullTextSearch>
					<xr:ChoiceParameterLinks/>
					<xr:FillValue xsi:nil="true"/>
					<xr:Mask/>
					<xr:ChoiceParameters/>
				</xr:Attribute>
				<xr:Attribute name="Ref">
					<xr:LinkByType/>
					<xr:FillChecking>DontCheck</xr:FillChecking>
					<xr:MultiLine>false</xr:MultiLine>
					<xr:FillFromFillingValue>false</xr:FillFromFillingValue>
					<xr:CreateOnInput>Auto</xr:CreateOnInput>
					<xr:MaxValue xsi:nil="true"/>
					<xr:ToolTip/>
					<xr:ExtendedEdit>false</xr:ExtendedEdit>
					<xr:Format/>
					<xr:ChoiceForm/>
					<xr:QuickChoice>Auto</xr:QuickChoice>
					<xr:EditFormat/>
					<xr:PasswordMode>false</xr:PasswordMode>
					<xr:MarkNegatives>false</xr:MarkNegatives>
					<xr:MinValue xsi:nil="true"/>
					<xr:Synonym/>
					<xr:Comment/>
					<xr:FullTextSearch>Use</xr:FullTextSearch>
					<xr:ChoiceParameterLinks/>
					<xr:FillValue xsi:nil="true"/>
					<xr:Mask/>
					<xr:ChoiceParameters/>
				</xr:Attribute>
			</StandardAttributes>
			<Characteristics/>
			<PredefinedDataUpdate>Auto</PredefinedDataUpdate>
			<EditType>InDialog</EditType>
			<QuickChoice>false</QuickChoice>
			<ChoiceMode>BothWays</ChoiceMode>
			<InputByString>
				<xr:field>ChartOfCharacteristicTypes.ПС_ТипыРеквизитов.StandardAttribute.Description</xr:field>
				<xr:field>ChartOfCharacteristicTypes.ПС_ТипыРеквизитов.StandardAttribute.Code</xr:field>
			</InputByString>
			<CreateOnInput>DontUse</CreateOnInput>
			<SearchStringModeOnInputByString>Begin</SearchStringModeOnInputByString>
			<ChoiceDataGetModeOnInputByString>Directly</ChoiceDataGetModeOnInputByString>
			<FullTextSearchOnInputByString>DontUse</FullTextSearchOnInputByString>
			<ChoiceHistoryOnInput>Auto</ChoiceHistoryOnInput>
			<DefaultObjectForm>ChartOfCharacteristicTypes.ПС_ТипыРеквизитов.Form.ФормаЭлемента</DefaultObjectForm>
			<DefaultFolderForm/>
			<DefaultListForm>ChartOfCharacteristicTypes.ПС_ТипыРеквизитов.Form.ФормаСпискаУпр</DefaultListForm>
			<DefaultChoiceForm>ChartOfCharacteristicTypes.ПС_ТипыРеквизитов.Form.ФормаСпискаУпр</DefaultChoiceForm>
			<DefaultFolderChoiceForm>ChartOfCharacteristicTypes.ПС_ТипыРеквизитов.Form.ФормаВыбораГруппыУпр</DefaultFolderChoiceForm>
			<AuxiliaryObjectForm>ChartOfCharacteristicTypes.ПС_ТипыРеквизитов.Form.ФормаЭлементаУпр</AuxiliaryObjectForm>
			<AuxiliaryFolderForm/>
			<AuxiliaryListForm>ChartOfCharacteristicTypes.ПС_ТипыРеквизитов.Form.ФормаСпискаУпр</AuxiliaryListForm>
			<AuxiliaryChoiceForm>ChartOfCharacteristicTypes.ПС_ТипыРеквизитов.Form.ФормаСпискаУпр</AuxiliaryChoiceForm>
			<AuxiliaryFolderChoiceForm>ChartOfCharacteristicTypes.ПС_ТипыРеквизитов.Form.ФормаВыбораГруппыУпр</AuxiliaryFolderChoiceForm>
			<BasedOn/>
			<DataLockFields/>
			<DataLockControlMode>Automatic</DataLockControlMode>
			<FullTextSearch>Use</FullTextSearch>
			<ObjectPresentation/>
			<ExtendedObjectPresentation/>
			<ListPresentation/>
			<ExtendedListPresentation/>
			<Explanation/>
		</Properties>
		<ChildObjects>
			<Attribute uuid="c53a99ab-e74a-4426-a1e2-85cc64ae055d">
				<Properties>
					<Name>ВидТипа</Name>
					<Synonym>
						<v8:item>
							<v8:lang>ru</v8:lang>
							<v8:content>Вид типа</v8:content>
						</v8:item>
					</Synonym>
					<Comment>Вид типа</Comment>
					<Type>
						<v8:Type>cfg:EnumRef.ПС_ВидыТипов</v8:Type>
					</Type>
					<PasswordMode>false</PasswordMode>
					<Format/>
					<EditFormat/>
					<ToolTip/>
					<MarkNegatives>false</MarkNegatives>
					<Mask/>
					<MultiLine>false</MultiLine>
					<ExtendedEdit>false</ExtendedEdit>
					<MinValue xsi:nil="true"/>
					<MaxValue xsi:nil="true"/>
					<FillFromFillingValue>false</FillFromFillingValue>
					<FillValue xsi:nil="true"/>
					<FillChecking>DontCheck</FillChecking>
					<ChoiceFoldersAndItems>Items</ChoiceFoldersAndItems>
					<ChoiceParameterLinks/>
					<ChoiceParameters/>
					<QuickChoice>Auto</QuickChoice>
					<CreateOnInput>Auto</CreateOnInput>
					<ChoiceForm/>
					<LinkByType/>
					<ChoiceHistoryOnInput>Auto</ChoiceHistoryOnInput>
					<Indexing>DontIndex</Indexing>
					<Use>ForItem</Use>
					<FullTextSearch>Use</FullTextSearch>
				</Properties>
			</Attribute>
			<Attribute uuid="e33a047d-a116-47b6-b7b4-cef4386f4f78">
				<Properties>
					<Name>МетаданныеИмя</Name>
					<Synonym>
						<v8:item>
							<v8:lang>ru</v8:lang>
							<v8:content>Метаданные имя</v8:content>
						</v8:item>
					</Synonym>
					<Comment>Метаданные имя</Comment>
					<Type>
						<v8:Type>xs:string</v8:Type>
						<v8:StringQualifiers>
							<v8:Length>300</v8:Length>
							<v8:AllowedLength>Variable</v8:AllowedLength>
						</v8:StringQualifiers>
					</Type>
					<PasswordMode>false</PasswordMode>
					<Format/>
					<EditFormat/>
					<ToolTip/>
					<MarkNegatives>false</MarkNegatives>
					<Mask/>
					<MultiLine>false</MultiLine>
					<ExtendedEdit>false</ExtendedEdit>
					<MinValue xsi:nil="true"/>
					<MaxValue xsi:nil="true"/>
					<FillFromFillingValue>false</FillFromFillingValue>
					<FillValue xsi:nil="true"/>
					<FillChecking>DontCheck</FillChecking>
					<ChoiceFoldersAndItems>Items</ChoiceFoldersAndItems>
					<ChoiceParameterLinks/>
					<ChoiceParameters/>
					<QuickChoice>Auto</QuickChoice>
					<CreateOnInput>Auto</CreateOnInput>
					<ChoiceForm/>
					<LinkByType/>
					<ChoiceHistoryOnInput>Auto</ChoiceHistoryOnInput>
					<Indexing>DontIndex</Indexing>
					<Use>ForItem</Use>
					<FullTextSearch>Use</FullTextSearch>
				</Properties>
			</Attribute>
			<Form>ФормаЭлемента</Form>
			<Form>ФормаСписка</Form>
			<Form>ФормаСпискаУпр</Form>
			<Form>ФормаЭлементаУпр</Form>
			<Form>ФормаВыбораГруппыУпр</Form>
		</ChildObjects>
	</ChartOfCharacteristicTypes>
</MetaDataObject>