﻿<?xml version="1.0" encoding="UTF-8"?>
<document xmlns="http://v8.1c.ru/8.2/data/spreadsheet" xmlns:style="http://v8.1c.ru/8.1/data/ui/style" xmlns:v8="http://v8.1c.ru/8.1/data/core" xmlns:v8ui="http://v8.1c.ru/8.1/data/ui" xmlns:xs="http://www.w3.org/2001/XMLSchema" xmlns:xsi="http://www.w3.org/2001/XMLSchema-instance">
	<languageSettings>
		<currentLanguage>ru</currentLanguage>
		<defaultLanguage>ru</defaultLanguage>
		<languageInfo>
			<id>ru</id>
			<code>Русский</code>
			<description>Русский</description>
		</languageInfo>
	</languageSettings>
	<columns>
		<size>11</size>
		<columnsItem>
			<index>0</index>
			<column>
				<formatIndex>1</formatIndex>
			</column>
		</columnsItem>
	</columns>
	<rowsItem>
		<index>0</index>
		<row>
			<formatIndex>2</formatIndex>
			<c>
				<i>1</i>
				<c>
					<f>2</f>
				</c>
			</c>
			<c>
				<c>
					<f>2</f>
				</c>
			</c>
			<c>
				<c>
					<f>2</f>
				</c>
			</c>
			<c>
				<c>
					<f>2</f>
				</c>
			</c>
		</row>
	</rowsItem>
	<rowsItem>
		<index>1</index>
		<row>
			<c>
				<i>1</i>
				<c>
					<f>3</f>
					<tl>
						<v8:item>
							<v8:lang>ru</v8:lang>
							<v8:content>Отчет по выполнению бизнес-процессов</v8:content>
						</v8:item>
					</tl>
				</c>
			</c>
			<c>
				<c>
					<f>4</f>
				</c>
			</c>
			<c>
				<c>
					<f>4</f>
				</c>
			</c>
			<c>
				<c>
					<f>4</f>
				</c>
			</c>
			<c>
				<c>
					<f>4</f>
				</c>
			</c>
			<c>
				<c>
					<f>4</f>
				</c>
			</c>
		</row>
	</rowsItem>
	<rowsItem>
		<index>2</index>
		<row>
			<c>
				<i>1</i>
				<c>
					<f>5</f>
					<parameter>Строка</parameter>
				</c>
			</c>
		</row>
	</rowsItem>
	<templateMode>true</templateMode>
	<defaultFormatIndex>6</defaultFormatIndex>
	<height>12</height>
	<vgRows>12</vgRows>
	<merge>
		<r>2</r>
		<c>1</c>
		<w>9</w>
	</merge>
	<namedItem xsi:type="NamedItemCells">
		<name>Заголовок</name>
		<area>
			<type>Rows</type>
			<beginRow>3</beginRow>
			<endRow>0</endRow>
			<beginColumn>-1</beginColumn>
			<endColumn>-1</endColumn>
		</area>
	</namedItem>
	<namedItem xsi:type="NamedItemCells">
		<name>Строка</name>
		<area>
			<type>Rows</type>
			<beginRow>2</beginRow>
			<endRow>2</endRow>
			<beginColumn>-1</beginColumn>
			<endColumn>-1</endColumn>
		</area>
	</namedItem>
	<namedItem xsi:type="NamedItemCells">
		<name>ШапкаЗаголовок</name>
		<area>
			<type>Rows</type>
			<beginRow>0</beginRow>
			<endRow>1</endRow>
			<beginColumn>-1</beginColumn>
			<endColumn>-1</endColumn>
		</area>
	</namedItem>
	<font faceName="Arial" height="8" bold="false" italic="false" underline="false" strikeout="false" kind="Absolute"/>
	<font faceName="Arial" height="16" bold="true" italic="false" underline="false" strikeout="false" kind="Absolute"/>
	<font faceName="Arial" height="16" bold="false" italic="false" underline="false" strikeout="false" kind="Absolute"/>
	<format>
		<width>22</width>
	</format>
	<format>
		<font>0</font>
	</format>
	<format>
		<font>1</font>
	</format>
	<format>
		<font>2</font>
	</format>
	<format>
		<textPlacement>Wrap</textPlacement>
		<fillType>Parameter</fillType>
	</format>
	<format>
		<width>72</width>
	</format>
</document>