﻿<?xml version="1.0" encoding="UTF-8"?>
<MetaDataObject xmlns="http://v8.1c.ru/8.3/MDClasses" xmlns:app="http://v8.1c.ru/8.2/managed-application/core" xmlns:cfg="http://v8.1c.ru/8.1/data/enterprise/current-config" xmlns:cmi="http://v8.1c.ru/8.2/managed-application/cmi" xmlns:ent="http://v8.1c.ru/8.1/data/enterprise" xmlns:lf="http://v8.1c.ru/8.2/managed-application/logform" xmlns:style="http://v8.1c.ru/8.1/data/ui/style" xmlns:sys="http://v8.1c.ru/8.1/data/ui/fonts/system" xmlns:v8="http://v8.1c.ru/8.1/data/core" xmlns:v8ui="http://v8.1c.ru/8.1/data/ui" xmlns:web="http://v8.1c.ru/8.1/data/ui/colors/web" xmlns:win="http://v8.1c.ru/8.1/data/ui/colors/windows" xmlns:xen="http://v8.1c.ru/8.3/xcf/enums" xmlns:xpr="http://v8.1c.ru/8.3/xcf/predef" xmlns:xr="http://v8.1c.ru/8.3/xcf/readable" xmlns:xs="http://www.w3.org/2001/XMLSchema" xmlns:xsi="http://www.w3.org/2001/XMLSchema-instance">
	<DataProcessor uuid="91271f9b-8979-4f1a-9e24-9fd510fa1492">
		<InnerInfo>
			<xr:producedType name="DataProcessorObject.ПС_КонсольОтчетов81" category="Object">
				<xr:typeId>b81715ea-738a-4b5a-b491-29a5f9a42fb2</xr:typeId>
				<xr:valTypeId>4b5c44a9-8a6e-491e-8cbb-fd7e1401b1a0</xr:valTypeId>
			</xr:producedType>
			<xr:producedType name="DataProcessorManager.ПС_КонсольОтчетов81" category="Manager">
				<xr:typeId>c566b859-409b-4c23-89d7-36f1445ac529</xr:typeId>
				<xr:valTypeId>b8351406-e020-4728-b303-f4a1b2a14cf2</xr:valTypeId>
			</xr:producedType>
		</InnerInfo>
		<Properties>
			<Name>ПС_КонсольОтчетов81</Name>
			<Synonym>
				<v8:item>
					<v8:lang>ru</v8:lang>
					<v8:content>Консоль отчетов 8.1(ПС)</v8:content>
				</v8:item>
			</Synonym>
			<Comment/>
			<UseStandardCommands>false</UseStandardCommands>
			<DefaultForm>DataProcessor.ПС_КонсольОтчетов81.Form.Форма</DefaultForm>
			<AuxiliaryForm/>
			<IncludeHelpInContents>true</IncludeHelpInContents>
			<ExtendedPresentation/>
			<Explanation/>
		</Properties>
		<ChildObjects>
			<Attribute uuid="911e71f2-004e-4bc8-b374-aacd75343654">
				<Properties>
					<Name>ДеревоОтчетов</Name>
					<Synonym>
						<v8:item>
							<v8:lang>ru</v8:lang>
							<v8:content>Дерево отчетов</v8:content>
						</v8:item>
					</Synonym>
					<Comment/>
					<Type>
						<v8:Type>v8:ValueTree</v8:Type>
					</Type>
					<PasswordMode>false</PasswordMode>
					<Format/>
					<EditFormat/>
					<ToolTip/>
					<MarkNegatives>false</MarkNegatives>
					<Mask/>
					<MultiLine>false</MultiLine>
					<ExtendedEdit>false</ExtendedEdit>
					<MinValue xsi:nil="true"/>
					<MaxValue xsi:nil="true"/>
					<FillChecking>DontCheck</FillChecking>
					<ChoiceFoldersAndItems>Items</ChoiceFoldersAndItems>
					<ChoiceParameterLinks/>
					<ChoiceParameters/>
					<QuickChoice>Auto</QuickChoice>
					<CreateOnInput>Auto</CreateOnInput>
					<ChoiceForm/>
					<LinkByType/>
					<ChoiceHistoryOnInput>Auto</ChoiceHistoryOnInput>
				</Properties>
			</Attribute>
			<Form>Форма</Form>
			<Form>ФормаВыбораСтрокиДереваОтчетов</Form>
			<Form>ФормаСохраненияНастроек</Form>
		</ChildObjects>
	</DataProcessor>
</MetaDataObject>