﻿<?xml version="1.0" encoding="UTF-8"?>
<MetaDataObject xmlns="http://v8.1c.ru/8.3/MDClasses" xmlns:app="http://v8.1c.ru/8.2/managed-application/core" xmlns:cfg="http://v8.1c.ru/8.1/data/enterprise/current-config" xmlns:cmi="http://v8.1c.ru/8.2/managed-application/cmi" xmlns:ent="http://v8.1c.ru/8.1/data/enterprise" xmlns:lf="http://v8.1c.ru/8.2/managed-application/logform" xmlns:style="http://v8.1c.ru/8.1/data/ui/style" xmlns:sys="http://v8.1c.ru/8.1/data/ui/fonts/system" xmlns:v8="http://v8.1c.ru/8.1/data/core" xmlns:v8ui="http://v8.1c.ru/8.1/data/ui" xmlns:web="http://v8.1c.ru/8.1/data/ui/colors/web" xmlns:win="http://v8.1c.ru/8.1/data/ui/colors/windows" xmlns:xen="http://v8.1c.ru/8.3/xcf/enums" xmlns:xpr="http://v8.1c.ru/8.3/xcf/predef" xmlns:xr="http://v8.1c.ru/8.3/xcf/readable" xmlns:xs="http://www.w3.org/2001/XMLSchema" xmlns:xsi="http://www.w3.org/2001/XMLSchema-instance">
	<DataProcessor uuid="50502145-32db-489c-8a44-063588b5e0c1">
		<InnerInfo>
			<xr:producedType name="DataProcessorObject.ПС_НастройкаБезопасности" category="Object">
				<xr:typeId>ccaa8d8d-6b31-45d4-b6e8-fb5324ad1589</xr:typeId>
				<xr:valTypeId>b628c4f9-cbe2-46ef-9562-b9275afd3fc0</xr:valTypeId>
			</xr:producedType>
			<xr:producedType name="DataProcessorManager.ПС_НастройкаБезопасности" category="Manager">
				<xr:typeId>1d8940ef-fb72-428e-af5b-a0d566e1666a</xr:typeId>
				<xr:valTypeId>8920b24e-2a3e-48f1-8977-985821cf464d</xr:valTypeId>
			</xr:producedType>
		</InnerInfo>
		<Properties>
			<Name>ПС_НастройкаБезопасности</Name>
			<Synonym>
				<v8:item>
					<v8:lang>ru</v8:lang>
					<v8:content>Настройка безопасности</v8:content>
				</v8:item>
			</Synonym>
			<Comment>Настройка безопасности</Comment>
			<UseStandardCommands>false</UseStandardCommands>
			<DefaultForm>DataProcessor.ПС_НастройкаБезопасности.Form.Форма</DefaultForm>
			<AuxiliaryForm/>
			<IncludeHelpInContents>true</IncludeHelpInContents>
			<ExtendedPresentation/>
			<Explanation/>
		</Properties>
		<ChildObjects>
			<Form>Форма</Form>
			<Form>ФормаНастройкиПрав</Form>
		</ChildObjects>
	</DataProcessor>
</MetaDataObject>