﻿<?xml version="1.0" encoding="UTF-8"?>
<Form xmlns="http://v8.1c.ru/8.3/xcf/logform" xmlns:app="http://v8.1c.ru/8.2/managed-application/core" xmlns:dcscor="http://v8.1c.ru/8.1/data-composition-system/core" xmlns:dcsset="http://v8.1c.ru/8.1/data-composition-system/settings" xmlns:ent="http://v8.1c.ru/8.1/data/enterprise" xmlns:lf="http://v8.1c.ru/8.2/managed-application/logform" xmlns:style="http://v8.1c.ru/8.1/data/ui/style" xmlns:v8="http://v8.1c.ru/8.1/data/core" xmlns:web="http://v8.1c.ru/8.1/data/ui/colors/web" xmlns:win="http://v8.1c.ru/8.1/data/ui/colors/windows" xmlns:xr="http://v8.1c.ru/8.3/xcf/readable" xmlns:xs="http://www.w3.org/2001/XMLSchema" xmlns:xsi="http://www.w3.org/2001/XMLSchema-instance">
	<Attributes>
		<Attribute id="1">
			<Name>Объект</Name>
			<Title/>
			<Type>
				<v8:Type xmlns:d5p1="http://v8.1c.ru/8.1/data/enterprise/current-config">d5p1:DataProcessorObject.ПС_АктуализацияКонтролируемыхПроцессов</v8:Type>
			</Type>
			<Accessibility>
				<xr:common>true</xr:common>
			</Accessibility>
			<Editing>
				<xr:common>true</xr:common>
			</Editing>
			<Content/>
			<SavingContent/>
			<MainProperty>true</MainProperty>
			<StoredData>false</StoredData>
			<FunctionalOptions/>
			<FillCheck>DontCheck</FillCheck>
			<Columns/>
			<ExtInfo/>
		</Attribute>
		<ConditionalAppearance/>
	</Attributes>
	<Commands>
		<Command>
			<Name>ЗаполнитьРегистрПС_ПрохождениеКонтрольныхТочек</Name>
			<Title>
				<v8:item>
					<v8:lang>ru</v8:lang>
					<v8:content>Заполнить</v8:content>
				</v8:item>
			</Title>
			<ToolTip>
				<v8:item>
					<v8:lang>ru</v8:lang>
					<v8:content>Заполнить регистр прохождение контрольных точек</v8:content>
				</v8:item>
			</ToolTip>
			<Using>
				<xr:common>true</xr:common>
			</Using>
			<ShortCut/>
			<Picture>
				<xr:pictureRef>StdPicture.BusinessProcess</xr:pictureRef>
				<xr:loadTransparent>true</xr:loadTransparent>
			</Picture>
			<Handler>ЗаполнитьРегистр</Handler>
			<FunctionalOptions/>
			<DefaultRepresentation>TextPicture</DefaultRepresentation>
			<ModifiesStoredData>false</ModifiesStoredData>
			<AddedFromContext>false</AddedFromContext>
		</Command>
		<Command>
			<Name>ЗаполнитьРегистрПС_АдресацияКонтролеровПроцесса</Name>
			<Title>
				<v8:item>
					<v8:lang>ru</v8:lang>
					<v8:content>Заполнить адресацию бизнес-процессов</v8:content>
				</v8:item>
			</Title>
			<ToolTip>
				<v8:item>
					<v8:lang>ru</v8:lang>
					<v8:content>Заполнить регистр адресация контролеров процесса</v8:content>
				</v8:item>
			</ToolTip>
			<Using>
				<xr:common>true</xr:common>
			</Using>
			<ShortCut/>
			<Picture>
				<xr:pictureRef>StdPicture.ActiveUsers</xr:pictureRef>
				<xr:loadTransparent>true</xr:loadTransparent>
			</Picture>
			<Handler>ЗаполнитьРегистрПС_АдресацияКонтролеровПроцесса</Handler>
			<FunctionalOptions/>
			<DefaultRepresentation>TextPicture</DefaultRepresentation>
			<ModifiesStoredData>false</ModifiesStoredData>
			<AddedFromContext>false</AddedFromContext>
		</Command>
	</Commands>
	<Parameters/>
	<Elements id="0:02023637-7868-4a5f-8576-835a76e0c9ba">
		<Properties>
			<Title/>
			<Width>0</Width>
			<Height>0</Height>
			<OpeningMode>Independent</OpeningMode>
			<EnterKeyBehavior>ControlNavigation</EnterKeyBehavior>
			<AutoSaveFormDataInSettings>DontUse</AutoSaveFormDataInSettings>
			<SaveFormDataInSettings>DontUse</SaveFormDataInSettings>
			<SettingsStorage/>
			<AutoTitle>true</AutoTitle>
			<AutoURL>true</AutoURL>
			<ChildrenGrouping>Vertical</ChildrenGrouping>
			<ChildItemsWidth>Auto</ChildItemsWidth>
			<AutoFillCheck>true</AutoFillCheck>
			<Customizable>true</Customizable>
			<Enabled>true</Enabled>
			<ReadOnly>false</ReadOnly>
			<CommandBarLocation>Auto</CommandBarLocation>
			<VerticalScrolling>useIfNecessary</VerticalScrolling>
			<BaseFontVariant>Auto</BaseFontVariant>
			<CommandsContent/>
		</Properties>
		<Events>
			<Event name="OnCreateAtServer">ПриСозданииНаСервере</Event>
		</Events>
		<PredefinedContainedItems>
			<CommandBar xsi:type="AutoMenuGroup" id="-1:02023637-7868-4a5f-8576-835a76e0c9ba">
				<Properties>
					<Name>ФормаКоманднаяПанель</Name>
					<Type>AutoCommandBar</Type>
					<Visible>true</Visible>
					<UserVisible>
						<xr:common>true</xr:common>
					</UserVisible>
					<Enabled>true</Enabled>
					<ReadOnly>false</ReadOnly>
					<EnableContentChange>false</EnableContentChange>
					<Title/>
					<TitleTextColor>auto</TitleTextColor>
					<TitleFont kind="AutoFont"/>
					<ToolTip/>
					<ToolTipRepresentation>Auto</ToolTipRepresentation>
					<Shortcut/>
					<Width>0</Width>
					<Height>0</Height>
					<HorizontalStretch>auto</HorizontalStretch>
					<VerticalStretch>auto</VerticalStretch>
					<HorAlignment>Left</HorAlignment>
					<FillWithStdCommands>true</FillWithStdCommands>
				</Properties>
				<PredefinedContainedItems/>
				<ContainedItems>
					<Button id="12:02023637-7868-4a5f-8576-835a76e0c9ba">
						<Properties>
							<Name>ФормаЗаполнитьРегистр</Name>
							<Kind>CommandBarButton</Kind>
							<Visible>true</Visible>
							<UserVisible>
								<xr:common>true</xr:common>
							</UserVisible>
							<TitleRowsCount>0</TitleRowsCount>
							<Representation>Auto</Representation>
							<DefaultButton>false</DefaultButton>
							<SkipOnInput>auto</SkipOnInput>
							<Enabled>true</Enabled>
							<DefaultElement>false</DefaultElement>
							<Important>auto</Important>
							<Width>0</Width>
							<Height>0</Height>
							<PlacementArea>userCmds</PlacementArea>
							<Check>false</Check>
							<Command>Form.Command.ЗаполнитьРегистрПС_ПрохождениеКонтрольныхТочек</Command>
							<Parameter xsi:nil="true"/>
							<AttributeProperty/>
							<TextColor>auto</TextColor>
							<BackColor>auto</BackColor>
							<BorderColor>auto</BorderColor>
							<Font kind="AutoFont"/>
							<ShortCut/>
							<Picture/>
							<Title>
								<v8:item>
									<v8:lang>ru</v8:lang>
									<v8:content>Заполнить контролируемые этапы</v8:content>
								</v8:item>
							</Title>
							<TooltipRepresentation>Auto</TooltipRepresentation>
						</Properties>
						<PredefinedContainedItems>
							<ExtTooltip xsi:type="TextDecoration" id="28:02023637-7868-4a5f-8576-835a76e0c9ba">
								<Properties>
									<Name>ФормаЗаполнитьРегистрExtendedTooltip</Name>
									<Kind>Label</Kind>
									<Visible>true</Visible>
									<UserVisible>
										<xr:common>true</xr:common>
									</UserVisible>
									<Enabled>true</Enabled>
									<Width>0</Width>
									<Height>0</Height>
									<HorStretchable>auto</HorStretchable>
									<VertStretchable>auto</VertStretchable>
									<SkipOnInput>auto</SkipOnInput>
									<TextColor>auto</TextColor>
									<Font kind="AutoFont"/>
									<ShortCut/>
									<Title/>
									<Tooltip/>
									<TooltipRepresentation>Auto</TooltipRepresentation>
									<HyperLink>false</HyperLink>
									<HorAlignment>Left</HorAlignment>
									<VertAlignment>Auto</VertAlignment>
									<TitleHeight>0</TitleHeight>
									<BackColor>auto</BackColor>
									<BorderColor>auto</BorderColor>
									<Border width="1">
										<style xmlns="http://v8.1c.ru/8.1/data/ui" xsi:type="ControlBorderType">WithoutBorder</style>
									</Border>
								</Properties>
								<Events/>
								<PredefinedContainedItems/>
							</ExtTooltip>
						</PredefinedContainedItems>
					</Button>
					<Button id="27:02023637-7868-4a5f-8576-835a76e0c9ba">
						<Properties>
							<Name>ФормаЗаполнитьРегистрПС_АдресацияКонтролеровПроцесса</Name>
							<Kind>CommandBarButton</Kind>
							<Visible>true</Visible>
							<UserVisible>
								<xr:common>true</xr:common>
							</UserVisible>
							<TitleRowsCount>0</TitleRowsCount>
							<Representation>Auto</Representation>
							<DefaultButton>false</DefaultButton>
							<SkipOnInput>auto</SkipOnInput>
							<Enabled>true</Enabled>
							<DefaultElement>false</DefaultElement>
							<Important>auto</Important>
							<Width>0</Width>
							<Height>0</Height>
							<PlacementArea>userCmds</PlacementArea>
							<Check>false</Check>
							<Command>Form.Command.ЗаполнитьРегистрПС_АдресацияКонтролеровПроцесса</Command>
							<Parameter xsi:nil="true"/>
							<AttributeProperty/>
							<TextColor>auto</TextColor>
							<BackColor>auto</BackColor>
							<BorderColor>auto</BorderColor>
							<Font kind="AutoFont"/>
							<ShortCut/>
							<Picture/>
							<Title>
								<v8:item>
									<v8:lang>ru</v8:lang>
									<v8:content>Заполнить контролеров бизнес-процессов</v8:content>
								</v8:item>
							</Title>
							<TooltipRepresentation>Auto</TooltipRepresentation>
						</Properties>
						<PredefinedContainedItems>
							<ExtTooltip xsi:type="TextDecoration" id="29:02023637-7868-4a5f-8576-835a76e0c9ba">
								<Properties>
									<Name>ФормаЗаполнитьРегистрПС_АдресацияКонтролеровПроцессаExtendedTooltip</Name>
									<Kind>Label</Kind>
									<Visible>true</Visible>
									<UserVisible>
										<xr:common>true</xr:common>
									</UserVisible>
									<Enabled>true</Enabled>
									<Width>0</Width>
									<Height>0</Height>
									<HorStretchable>auto</HorStretchable>
									<VertStretchable>auto</VertStretchable>
									<SkipOnInput>auto</SkipOnInput>
									<TextColor>auto</TextColor>
									<Font kind="AutoFont"/>
									<ShortCut/>
									<Title/>
									<Tooltip/>
									<TooltipRepresentation>Auto</TooltipRepresentation>
									<HyperLink>false</HyperLink>
									<HorAlignment>Left</HorAlignment>
									<VertAlignment>Auto</VertAlignment>
									<TitleHeight>0</TitleHeight>
									<BackColor>auto</BackColor>
									<BorderColor>auto</BorderColor>
									<Border width="1">
										<style xmlns="http://v8.1c.ru/8.1/data/ui" xsi:type="ControlBorderType">WithoutBorder</style>
									</Border>
								</Properties>
								<Events/>
								<PredefinedContainedItems/>
							</ExtTooltip>
						</PredefinedContainedItems>
					</Button>
				</ContainedItems>
			</CommandBar>
		</PredefinedContainedItems>
		<ContainedItems>
			<Group id="13:02023637-7868-4a5f-8576-835a76e0c9ba">
				<Properties>
					<Name>ГруппаРеквизиты</Name>
					<Type>UsualGroup</Type>
					<Visible>true</Visible>
					<UserVisible>
						<xr:common>true</xr:common>
					</UserVisible>
					<Enabled>true</Enabled>
					<ReadOnly>false</ReadOnly>
					<EnableContentChange>false</EnableContentChange>
					<Title>
						<v8:item>
							<v8:lang>ru</v8:lang>
							<v8:content>Группа реквизиты</v8:content>
						</v8:item>
					</Title>
					<TitleTextColor>auto</TitleTextColor>
					<TitleFont kind="AutoFont"/>
					<ToolTip>
						<v8:item>
							<v8:lang>ru</v8:lang>
							<v8:content>Группа реквизиты</v8:content>
						</v8:item>
					</ToolTip>
					<ToolTipRepresentation>Auto</ToolTipRepresentation>
					<Shortcut/>
					<Width>0</Width>
					<Height>0</Height>
					<HorizontalStretch>auto</HorizontalStretch>
					<VerticalStretch>auto</VerticalStretch>
					<Group>Horizontal</Group>
					<Behavior>Usual</Behavior>
					<CollapsedRepresentationTitle/>
					<Collapsed>false</Collapsed>
					<ControlRepresentation>TitleHyperlink</ControlRepresentation>
					<Representation>StrongSeparation</Representation>
					<ShowLeftMargin>true</ShowLeftMargin>
					<ChildItemsWidth>Auto</ChildItemsWidth>
					<Format/>
					<ShowTitle>false</ShowTitle>
					<TitleDataPath/>
					<BackColor>auto</BackColor>
				</Properties>
				<PredefinedContainedItems>
					<ExtTooltip xsi:type="TextDecoration" id="30:02023637-7868-4a5f-8576-835a76e0c9ba">
						<Properties>
							<Name>ГруппаРеквизитыExtendedTooltip</Name>
							<Kind>Label</Kind>
							<Visible>true</Visible>
							<UserVisible>
								<xr:common>true</xr:common>
							</UserVisible>
							<Enabled>true</Enabled>
							<Width>0</Width>
							<Height>0</Height>
							<HorStretchable>auto</HorStretchable>
							<VertStretchable>auto</VertStretchable>
							<SkipOnInput>auto</SkipOnInput>
							<TextColor>auto</TextColor>
							<Font kind="AutoFont"/>
							<ShortCut/>
							<Title/>
							<Tooltip/>
							<TooltipRepresentation>Auto</TooltipRepresentation>
							<HyperLink>false</HyperLink>
							<HorAlignment>Left</HorAlignment>
							<VertAlignment>Auto</VertAlignment>
							<TitleHeight>0</TitleHeight>
							<BackColor>auto</BackColor>
							<BorderColor>auto</BorderColor>
							<Border width="1">
								<style xmlns="http://v8.1c.ru/8.1/data/ui" xsi:type="ControlBorderType">WithoutBorder</style>
							</Border>
						</Properties>
						<Events/>
						<PredefinedContainedItems/>
					</ExtTooltip>
				</PredefinedContainedItems>
				<ContainedItems>
					<Input id="1:02023637-7868-4a5f-8576-835a76e0c9ba">
						<Properties>
							<Name>Период</Name>
							<Type>InputField</Type>
							<DataPath>Объект.Период</DataPath>
							<Visible>true</Visible>
							<UserVisible>
								<xr:common>true</xr:common>
							</UserVisible>
							<DefaultItem>false</DefaultItem>
							<Enabled>true</Enabled>
							<ReadOnly>false</ReadOnly>
							<SkipOnInput>auto</SkipOnInput>
							<Title/>
							<TitleTextColor>auto</TitleTextColor>
							<TitleBackColor>auto</TitleBackColor>
							<TitleFont kind="AutoFont"/>
							<TitleLocation>Auto</TitleLocation>
							<TitleHeight>0</TitleHeight>
							<ToolTip/>
							<ToolTipRepresentation>Auto</ToolTipRepresentation>
							<WarningOnEditRepresentation>Auto</WarningOnEditRepresentation>
							<WarningOnEdit/>
							<Shortcut/>
							<CommandsContent/>
							<HorizontalAlign>Auto</HorizontalAlign>
							<VerticalAlign>Auto</VerticalAlign>
							<EditMode>EnterOnInput</EditMode>
							<FixingInTable>None</FixingInTable>
							<CellHyperlink>false</CellHyperlink>
							<AutoCellHeight>false</AutoCellHeight>
							<ShowInHeader>true</ShowInHeader>
							<HeaderPicture/>
							<HeaderHorizontalAlign>Left</HeaderHorizontalAlign>
							<ShowInFooter>true</ShowInFooter>
							<FooterDataPath/>
							<FooterText/>
							<FooterTextColor>auto</FooterTextColor>
							<FooterBackColor>auto</FooterBackColor>
							<FooterFont kind="AutoFont"/>
							<FooterPicture/>
							<FooterHorizontalAlign>Auto</FooterHorizontalAlign>
							<Width>0</Width>
							<RowsCount>0</RowsCount>
							<HorizontalStretchable>auto</HorizontalStretchable>
							<VerticalStretchable>auto</VerticalStretchable>
							<Wrap>true</Wrap>
							<PasswordMode>auto</PasswordMode>
							<MultiLine>auto</MultiLine>
							<ExtendedEdit>auto</ExtendedEdit>
							<MarkNegatives>auto</MarkNegatives>
							<ChoiceListButton>auto</ChoiceListButton>
							<DropListButton>auto</DropListButton>
							<ChoiceButton>auto</ChoiceButton>
							<ChoiceButtonRepresentation>Auto</ChoiceButtonRepresentation>
							<ClearButton>auto</ClearButton>
							<SpinButton>auto</SpinButton>
							<OpenButton>auto</OpenButton>
							<CreateButton>auto</CreateButton>
							<Mask/>
							<ListChoiceMode>false</ListChoiceMode>
							<ChoiceListHeight>0</ChoiceListHeight>
							<DropListWidth>0</DropListWidth>
							<AutoChoiceIncomplete>auto</AutoChoiceIncomplete>
							<QuickChoice>auto</QuickChoice>
							<ChoiceObjects>Auto</ChoiceObjects>
							<Format/>
							<InputFormat/>
							<AutoMarkIncomplete>auto</AutoMarkIncomplete>
							<ChoiceType>true</ChoiceType>
							<IncompleteChoiceMode>OnEnterPressed</IncompleteChoiceMode>
							<TypeDomainEnabled>true</TypeDomainEnabled>
							<TextEdit>true</TextEdit>
							<EditTextUpdateMode>Auto</EditTextUpdateMode>
							<MinVal xsi:nil="true"/>
							<MaxVal xsi:nil="true"/>
							<ChoiceButtonPicture/>
							<ChoiceForm/>
							<ChoiceParamLinks/>
							<ChoiceParams/>
							<AvailableTypes/>
							<ValueList/>
							<TextColor>auto</TextColor>
							<BackColor>auto</BackColor>
							<BorderColor>auto</BorderColor>
							<Font kind="AutoFont"/>
							<LinkByType/>
							<InputHint/>
							<ChoiceHistoryOnInput>Auto</ChoiceHistoryOnInput>
						</Properties>
						<Events/>
						<PredefinedContainedItems>
							<ContextMenu xsi:type="ContextMenuGroup" id="2:02023637-7868-4a5f-8576-835a76e0c9ba">
								<Properties>
									<Name>ПериодКонтекстноеМеню</Name>
									<Type>ContextMenu</Type>
									<Visible>true</Visible>
									<UserVisible>
										<xr:common>true</xr:common>
									</UserVisible>
									<Enabled>true</Enabled>
									<ReadOnly>false</ReadOnly>
									<EnableContentChange>false</EnableContentChange>
									<Title/>
									<TitleTextColor>auto</TitleTextColor>
									<TitleFont kind="AutoFont"/>
									<ToolTip/>
									<ToolTipRepresentation>Auto</ToolTipRepresentation>
									<Shortcut/>
									<Width>0</Width>
									<Height>0</Height>
									<HorizontalStretch>auto</HorizontalStretch>
									<VerticalStretch>auto</VerticalStretch>
									<FillWithStdCommands>true</FillWithStdCommands>
								</Properties>
								<PredefinedContainedItems/>
								<ContainedItems/>
							</ContextMenu>
							<ExtTooltip xsi:type="TextDecoration" id="31:02023637-7868-4a5f-8576-835a76e0c9ba">
								<Properties>
									<Name>ПериодExtendedTooltip</Name>
									<Kind>Label</Kind>
									<Visible>true</Visible>
									<UserVisible>
										<xr:common>true</xr:common>
									</UserVisible>
									<Enabled>true</Enabled>
									<Width>0</Width>
									<Height>0</Height>
									<HorStretchable>auto</HorStretchable>
									<VertStretchable>auto</VertStretchable>
									<SkipOnInput>auto</SkipOnInput>
									<TextColor>auto</TextColor>
									<Font kind="AutoFont"/>
									<ShortCut/>
									<Title/>
									<Tooltip/>
									<TooltipRepresentation>Auto</TooltipRepresentation>
									<HyperLink>false</HyperLink>
									<HorAlignment>Left</HorAlignment>
									<VertAlignment>Auto</VertAlignment>
									<TitleHeight>0</TitleHeight>
									<BackColor>auto</BackColor>
									<BorderColor>auto</BorderColor>
									<Border width="1">
										<style xmlns="http://v8.1c.ru/8.1/data/ui" xsi:type="ControlBorderType">WithoutBorder</style>
									</Border>
								</Properties>
								<Events/>
								<PredefinedContainedItems/>
							</ExtTooltip>
						</PredefinedContainedItems>
					</Input>
					<CheckBox id="3:02023637-7868-4a5f-8576-835a76e0c9ba">
						<Properties>
							<Name>УчитыватьВыполненныеБП</Name>
							<Type>CheckBoxField</Type>
							<DataPath>Объект.УчитыватьВыполненныеБП</DataPath>
							<Visible>true</Visible>
							<UserVisible>
								<xr:common>true</xr:common>
							</UserVisible>
							<DefaultItem>false</DefaultItem>
							<Enabled>true</Enabled>
							<ReadOnly>false</ReadOnly>
							<SkipOnInput>auto</SkipOnInput>
							<Title/>
							<TitleTextColor>auto</TitleTextColor>
							<TitleBackColor>auto</TitleBackColor>
							<TitleFont kind="AutoFont"/>
							<TitleLocation>Right</TitleLocation>
							<TitleHeight>0</TitleHeight>
							<ToolTip/>
							<ToolTipRepresentation>Auto</ToolTipRepresentation>
							<WarningOnEditRepresentation>Auto</WarningOnEditRepresentation>
							<WarningOnEdit/>
							<Shortcut/>
							<CommandsContent/>
							<HorizontalAlign>Auto</HorizontalAlign>
							<VerticalAlign>Auto</VerticalAlign>
							<EditMode>EnterOnInput</EditMode>
							<FixingInTable>None</FixingInTable>
							<CellHyperlink>false</CellHyperlink>
							<AutoCellHeight>false</AutoCellHeight>
							<ShowInHeader>true</ShowInHeader>
							<HeaderPicture/>
							<HeaderHorizontalAlign>Left</HeaderHorizontalAlign>
							<ShowInFooter>true</ShowInFooter>
							<FooterDataPath/>
							<FooterText/>
							<FooterTextColor>auto</FooterTextColor>
							<FooterBackColor>auto</FooterBackColor>
							<FooterFont kind="AutoFont"/>
							<FooterPicture/>
							<FooterHorizontalAlign>Auto</FooterHorizontalAlign>
							<CheckBoxType>Auto</CheckBoxType>
							<ThreeState>false</ThreeState>
							<BorderColor>auto</BorderColor>
							<EqualElementsWidth>auto</EqualElementsWidth>
						</Properties>
						<Events/>
						<PredefinedContainedItems>
							<ContextMenu xsi:type="ContextMenuGroup" id="4:02023637-7868-4a5f-8576-835a76e0c9ba">
								<Properties>
									<Name>УчитыватьВыполненныеБПКонтекстноеМеню</Name>
									<Type>ContextMenu</Type>
									<Visible>true</Visible>
									<UserVisible>
										<xr:common>true</xr:common>
									</UserVisible>
									<Enabled>true</Enabled>
									<ReadOnly>false</ReadOnly>
									<EnableContentChange>false</EnableContentChange>
									<Title/>
									<TitleTextColor>auto</TitleTextColor>
									<TitleFont kind="AutoFont"/>
									<ToolTip/>
									<ToolTipRepresentation>Auto</ToolTipRepresentation>
									<Shortcut/>
									<Width>0</Width>
									<Height>0</Height>
									<HorizontalStretch>auto</HorizontalStretch>
									<VerticalStretch>auto</VerticalStretch>
									<FillWithStdCommands>true</FillWithStdCommands>
								</Properties>
								<PredefinedContainedItems/>
								<ContainedItems/>
							</ContextMenu>
							<ExtTooltip xsi:type="TextDecoration" id="32:02023637-7868-4a5f-8576-835a76e0c9ba">
								<Properties>
									<Name>УчитыватьВыполненныеБПExtendedTooltip</Name>
									<Kind>Label</Kind>
									<Visible>true</Visible>
									<UserVisible>
										<xr:common>true</xr:common>
									</UserVisible>
									<Enabled>true</Enabled>
									<Width>0</Width>
									<Height>0</Height>
									<HorStretchable>auto</HorStretchable>
									<VertStretchable>auto</VertStretchable>
									<SkipOnInput>auto</SkipOnInput>
									<TextColor>auto</TextColor>
									<Font kind="AutoFont"/>
									<ShortCut/>
									<Title/>
									<Tooltip/>
									<TooltipRepresentation>Auto</TooltipRepresentation>
									<HyperLink>false</HyperLink>
									<HorAlignment>Left</HorAlignment>
									<VertAlignment>Auto</VertAlignment>
									<TitleHeight>0</TitleHeight>
									<BackColor>auto</BackColor>
									<BorderColor>auto</BorderColor>
									<Border width="1">
										<style xmlns="http://v8.1c.ru/8.1/data/ui" xsi:type="ControlBorderType">WithoutBorder</style>
									</Border>
								</Properties>
								<Events/>
								<PredefinedContainedItems/>
							</ExtTooltip>
						</PredefinedContainedItems>
					</CheckBox>
				</ContainedItems>
			</Group>
			<Pages id="21:02023637-7868-4a5f-8576-835a76e0c9ba">
				<Properties>
					<Name>ГруппаСтраницы</Name>
					<Type>Pages</Type>
					<Visible>true</Visible>
					<UserVisible>
						<xr:common>true</xr:common>
					</UserVisible>
					<Enabled>true</Enabled>
					<ReadOnly>false</ReadOnly>
					<EnableContentChange>false</EnableContentChange>
					<Title>
						<v8:item>
							<v8:lang>ru</v8:lang>
							<v8:content>Группа страницы</v8:content>
						</v8:item>
					</Title>
					<TitleTextColor>auto</TitleTextColor>
					<TitleFont kind="AutoFont"/>
					<ToolTip>
						<v8:item>
							<v8:lang>ru</v8:lang>
							<v8:content>Группа страницы</v8:content>
						</v8:item>
					</ToolTip>
					<ToolTipRepresentation>Auto</ToolTipRepresentation>
					<Shortcut/>
					<Width>0</Width>
					<Height>0</Height>
					<HorizontalStretch>auto</HorizontalStretch>
					<VerticalStretch>auto</VerticalStretch>
					<PagesRepresentation>TabsOnTop</PagesRepresentation>
				</Properties>
				<Events/>
				<PredefinedContainedItems>
					<ExtTooltip xsi:type="TextDecoration" id="33:02023637-7868-4a5f-8576-835a76e0c9ba">
						<Properties>
							<Name>ГруппаСтраницыExtendedTooltip</Name>
							<Kind>Label</Kind>
							<Visible>true</Visible>
							<UserVisible>
								<xr:common>true</xr:common>
							</UserVisible>
							<Enabled>true</Enabled>
							<Width>0</Width>
							<Height>0</Height>
							<HorStretchable>auto</HorStretchable>
							<VertStretchable>auto</VertStretchable>
							<SkipOnInput>auto</SkipOnInput>
							<TextColor>auto</TextColor>
							<Font kind="AutoFont"/>
							<ShortCut/>
							<Title/>
							<Tooltip/>
							<TooltipRepresentation>Auto</TooltipRepresentation>
							<HyperLink>false</HyperLink>
							<HorAlignment>Left</HorAlignment>
							<VertAlignment>Auto</VertAlignment>
							<TitleHeight>0</TitleHeight>
							<BackColor>auto</BackColor>
							<BorderColor>auto</BorderColor>
							<Border width="1">
								<style xmlns="http://v8.1c.ru/8.1/data/ui" xsi:type="ControlBorderType">WithoutBorder</style>
							</Border>
						</Properties>
						<Events/>
						<PredefinedContainedItems/>
					</ExtTooltip>
				</PredefinedContainedItems>
				<ContainedItems>
					<Page id="22:02023637-7868-4a5f-8576-835a76e0c9ba">
						<Properties>
							<Name>ГруппаМодели</Name>
							<Type>Page</Type>
							<Visible>true</Visible>
							<UserVisible>
								<xr:common>true</xr:common>
							</UserVisible>
							<Enabled>true</Enabled>
							<ReadOnly>false</ReadOnly>
							<EnableContentChange>false</EnableContentChange>
							<Title>
								<v8:item>
									<v8:lang>ru</v8:lang>
									<v8:content>Модели</v8:content>
								</v8:item>
							</Title>
							<TitleTextColor>auto</TitleTextColor>
							<TitleFont kind="AutoFont"/>
							<ToolTip>
								<v8:item>
									<v8:lang>ru</v8:lang>
									<v8:content>Группа модели</v8:content>
								</v8:item>
							</ToolTip>
							<ToolTipRepresentation>Auto</ToolTipRepresentation>
							<Shortcut/>
							<Width>0</Width>
							<Height>0</Height>
							<HorizontalStretch>auto</HorizontalStretch>
							<VerticalStretch>auto</VerticalStretch>
							<Picture/>
							<Grouping>Vertical</Grouping>
							<ChildrenWidth>Auto</ChildrenWidth>
							<Format/>
							<ShowTitle>true</ShowTitle>
							<TitleAttribute/>
							<BackColor>auto</BackColor>
						</Properties>
						<PredefinedContainedItems>
							<ExtTooltip xsi:type="TextDecoration" id="34:02023637-7868-4a5f-8576-835a76e0c9ba">
								<Properties>
									<Name>ГруппаМоделиExtendedTooltip</Name>
									<Kind>Label</Kind>
									<Visible>true</Visible>
									<UserVisible>
										<xr:common>true</xr:common>
									</UserVisible>
									<Enabled>true</Enabled>
									<Width>0</Width>
									<Height>0</Height>
									<HorStretchable>auto</HorStretchable>
									<VertStretchable>auto</VertStretchable>
									<SkipOnInput>auto</SkipOnInput>
									<TextColor>auto</TextColor>
									<Font kind="AutoFont"/>
									<ShortCut/>
									<Title/>
									<Tooltip/>
									<TooltipRepresentation>Auto</TooltipRepresentation>
									<HyperLink>false</HyperLink>
									<HorAlignment>Left</HorAlignment>
									<VertAlignment>Auto</VertAlignment>
									<TitleHeight>0</TitleHeight>
									<BackColor>auto</BackColor>
									<BorderColor>auto</BorderColor>
									<Border width="1">
										<style xmlns="http://v8.1c.ru/8.1/data/ui" xsi:type="ControlBorderType">WithoutBorder</style>
									</Border>
								</Properties>
								<Events/>
								<PredefinedContainedItems/>
							</ExtTooltip>
						</PredefinedContainedItems>
						<ContainedItems>
							<Table id="5:02023637-7868-4a5f-8576-835a76e0c9ba">
								<Properties>
									<Name>Модели</Name>
									<Representation>List</Representation>
									<Visible>true</Visible>
									<UserVisible>
										<xr:common>true</xr:common>
									</UserVisible>
									<TitleLocation>None</TitleLocation>
									<TitleRowsCount>0</TitleRowsCount>
									<CommandBarLocation>Auto</CommandBarLocation>
									<AutoFill>false</AutoFill>
									<Enabled>true</Enabled>
									<ReadOnly>false</ReadOnly>
									<SkipOnInput>auto</SkipOnInput>
									<DefaultElement>false</DefaultElement>
									<ChangeRowSet>true</ChangeRowSet>
									<ChangeRowOrder>true</ChangeRowOrder>
									<Width>0</Width>
									<Height>0</Height>
									<RowsCount>0</RowsCount>
									<ChoiceMode>false</ChoiceMode>
									<MultipleChoice>false</MultipleChoice>
									<RowInputMode>EndOfList</RowInputMode>
									<RowsSelectionMode>MultiRow</RowsSelectionMode>
									<RowSelectionMode>Cell</RowSelectionMode>
									<ShowHeader>true</ShowHeader>
									<HeaderHeight>1</HeaderHeight>
									<ShowFooter>false</ShowFooter>
									<FooterHeight>1</FooterHeight>
									<HorScroll>AutoUse</HorScroll>
									<VertScroll>AutoUse</VertScroll>
									<ShowHorLines>true</ShowHorLines>
									<ShowVertLines>true</ShowVertLines>
									<FixedLeft>4294967295</FixedLeft>
									<FixedRight>4294967295</FixedRight>
									<UseAlternationRowColor>false</UseAlternationRowColor>
									<AutoInsertNewRow>true</AutoInsertNewRow>
									<AutoInsertNotCompletedVals>auto</AutoInsertNotCompletedVals>
									<AutoMarkNotcompletedVals>auto</AutoMarkNotcompletedVals>
									<SearchOnInput>Auto</SearchOnInput>
									<InitialListView>Auto</InitialListView>
									<InitialTreeView>NoExpand</InitialTreeView>
									<UseOutput>Auto</UseOutput>
									<HorStretchable>true</HorStretchable>
									<VertStretchable>true</VertStretchable>
									<EnableStartDrag>true</EnableStartDrag>
									<EnableDrag>true</EnableDrag>
									<DataPath>Объект.Модели</DataPath>
									<RowPictureDataPath/>
									<RowsPicture/>
									<TextColor>auto</TextColor>
									<BackColor>auto</BackColor>
									<BorderColor>auto</BorderColor>
									<Font kind="AutoFont"/>
									<Title/>
									<TitleTextColor>auto</TitleTextColor>
									<TitleFont kind="AutoFont"/>
									<ShortCut/>
									<CommandsContent/>
									<Tooltip/>
									<TooltipRepresentation>Auto</TooltipRepresentation>
									<FilterData xsi:nil="true"/>
								</Properties>
								<Events/>
								<PredefinedContainedItems>
									<ContextMenu xsi:type="ContextMenuGroup" id="6:02023637-7868-4a5f-8576-835a76e0c9ba">
										<Properties>
											<Name>МоделиКонтекстноеМеню</Name>
											<Type>ContextMenu</Type>
											<Visible>true</Visible>
											<UserVisible>
												<xr:common>true</xr:common>
											</UserVisible>
											<Enabled>true</Enabled>
											<ReadOnly>false</ReadOnly>
											<EnableContentChange>false</EnableContentChange>
											<Title/>
											<TitleTextColor>auto</TitleTextColor>
											<TitleFont kind="AutoFont"/>
											<ToolTip/>
											<ToolTipRepresentation>Auto</ToolTipRepresentation>
											<Shortcut/>
											<Width>0</Width>
											<Height>0</Height>
											<HorizontalStretch>auto</HorizontalStretch>
											<VerticalStretch>auto</VerticalStretch>
											<FillWithStdCommands>true</FillWithStdCommands>
										</Properties>
										<PredefinedContainedItems/>
										<ContainedItems/>
									</ContextMenu>
									<CommandBar xsi:type="AutoMenuGroup" id="7:02023637-7868-4a5f-8576-835a76e0c9ba">
										<Properties>
											<Name>МоделиКоманднаяПанель</Name>
											<Type>AutoCommandBar</Type>
											<Visible>true</Visible>
											<UserVisible>
												<xr:common>true</xr:common>
											</UserVisible>
											<Enabled>true</Enabled>
											<ReadOnly>false</ReadOnly>
											<EnableContentChange>false</EnableContentChange>
											<Title/>
											<TitleTextColor>auto</TitleTextColor>
											<TitleFont kind="AutoFont"/>
											<ToolTip/>
											<ToolTipRepresentation>Auto</ToolTipRepresentation>
											<Shortcut/>
											<Width>0</Width>
											<Height>0</Height>
											<HorizontalStretch>auto</HorizontalStretch>
											<VerticalStretch>auto</VerticalStretch>
											<HorAlignment>Left</HorAlignment>
											<FillWithStdCommands>true</FillWithStdCommands>
										</Properties>
										<PredefinedContainedItems/>
										<ContainedItems/>
									</CommandBar>
									<ExtTooltip xsi:type="TextDecoration" id="35:02023637-7868-4a5f-8576-835a76e0c9ba">
										<Properties>
											<Name>МоделиExtendedTooltip</Name>
											<Kind>Label</Kind>
											<Visible>true</Visible>
											<UserVisible>
												<xr:common>true</xr:common>
											</UserVisible>
											<Enabled>true</Enabled>
											<Width>0</Width>
											<Height>0</Height>
											<HorStretchable>auto</HorStretchable>
											<VertStretchable>auto</VertStretchable>
											<SkipOnInput>auto</SkipOnInput>
											<TextColor>auto</TextColor>
											<Font kind="AutoFont"/>
											<ShortCut/>
											<Title/>
											<Tooltip/>
											<TooltipRepresentation>Auto</TooltipRepresentation>
											<HyperLink>false</HyperLink>
											<HorAlignment>Left</HorAlignment>
											<VertAlignment>Auto</VertAlignment>
											<TitleHeight>0</TitleHeight>
											<BackColor>auto</BackColor>
											<BorderColor>auto</BorderColor>
											<Border width="1">
												<style xmlns="http://v8.1c.ru/8.1/data/ui" xsi:type="ControlBorderType">WithoutBorder</style>
											</Border>
										</Properties>
										<Events/>
										<PredefinedContainedItems/>
									</ExtTooltip>
								</PredefinedContainedItems>
								<ContainedItems>
									<Text id="8:02023637-7868-4a5f-8576-835a76e0c9ba">
										<Properties>
											<Name>МоделиНомерСтроки</Name>
											<Type>LabelField</Type>
											<DataPath>Объект.Модели.LineNumber</DataPath>
											<Visible>true</Visible>
											<UserVisible>
												<xr:common>true</xr:common>
											</UserVisible>
											<DefaultItem>false</DefaultItem>
											<Enabled>true</Enabled>
											<ReadOnly>false</ReadOnly>
											<SkipOnInput>auto</SkipOnInput>
											<Title/>
											<TitleTextColor>auto</TitleTextColor>
											<TitleBackColor>auto</TitleBackColor>
											<TitleFont kind="AutoFont"/>
											<TitleLocation>Auto</TitleLocation>
											<TitleHeight>0</TitleHeight>
											<ToolTip/>
											<ToolTipRepresentation>Auto</ToolTipRepresentation>
											<WarningOnEditRepresentation>Auto</WarningOnEditRepresentation>
											<WarningOnEdit/>
											<Shortcut/>
											<CommandsContent/>
											<HorizontalAlign>Auto</HorizontalAlign>
											<VerticalAlign>Auto</VerticalAlign>
											<EditMode>EnterOnInput</EditMode>
											<FixingInTable>None</FixingInTable>
											<CellHyperlink>false</CellHyperlink>
											<AutoCellHeight>false</AutoCellHeight>
											<ShowInHeader>true</ShowInHeader>
											<HeaderPicture/>
											<HeaderHorizontalAlign>Left</HeaderHorizontalAlign>
											<ShowInFooter>true</ShowInFooter>
											<FooterDataPath/>
											<FooterText/>
											<FooterTextColor>auto</FooterTextColor>
											<FooterBackColor>auto</FooterBackColor>
											<FooterFont kind="AutoFont"/>
											<FooterPicture/>
											<FooterHorizontalAlign>Auto</FooterHorizontalAlign>
											<Width>0</Width>
											<RowsCount>0</RowsCount>
											<HorizontalStretchable>auto</HorizontalStretchable>
											<VerticalStretchable>auto</VerticalStretchable>
											<MarkNegatives>auto</MarkNegatives>
											<Format/>
											<HiperLink>false</HiperLink>
											<PasswordMode>auto</PasswordMode>
											<TextColor>auto</TextColor>
											<BackColor>auto</BackColor>
											<Font kind="AutoFont"/>
										</Properties>
										<Events/>
										<PredefinedContainedItems>
											<ContextMenu xsi:type="ContextMenuGroup" id="9:02023637-7868-4a5f-8576-835a76e0c9ba">
												<Properties>
													<Name>МоделиНомерСтрокиКонтекстноеМеню</Name>
													<Type>ContextMenu</Type>
													<Visible>true</Visible>
													<UserVisible>
														<xr:common>true</xr:common>
													</UserVisible>
													<Enabled>true</Enabled>
													<ReadOnly>false</ReadOnly>
													<EnableContentChange>false</EnableContentChange>
													<Title/>
													<TitleTextColor>auto</TitleTextColor>
													<TitleFont kind="AutoFont"/>
													<ToolTip/>
													<ToolTipRepresentation>Auto</ToolTipRepresentation>
													<Shortcut/>
													<Width>0</Width>
													<Height>0</Height>
													<HorizontalStretch>auto</HorizontalStretch>
													<VerticalStretch>auto</VerticalStretch>
													<FillWithStdCommands>true</FillWithStdCommands>
												</Properties>
												<PredefinedContainedItems/>
												<ContainedItems/>
											</ContextMenu>
											<ExtTooltip xsi:type="TextDecoration" id="36:02023637-7868-4a5f-8576-835a76e0c9ba">
												<Properties>
													<Name>МоделиНомерСтрокиExtendedTooltip</Name>
													<Kind>Label</Kind>
													<Visible>true</Visible>
													<UserVisible>
														<xr:common>true</xr:common>
													</UserVisible>
													<Enabled>true</Enabled>
													<Width>0</Width>
													<Height>0</Height>
													<HorStretchable>auto</HorStretchable>
													<VertStretchable>auto</VertStretchable>
													<SkipOnInput>auto</SkipOnInput>
													<TextColor>auto</TextColor>
													<Font kind="AutoFont"/>
													<ShortCut/>
													<Title/>
													<Tooltip/>
													<TooltipRepresentation>Auto</TooltipRepresentation>
													<HyperLink>false</HyperLink>
													<HorAlignment>Left</HorAlignment>
													<VertAlignment>Auto</VertAlignment>
													<TitleHeight>0</TitleHeight>
													<BackColor>auto</BackColor>
													<BorderColor>auto</BorderColor>
													<Border width="1">
														<style xmlns="http://v8.1c.ru/8.1/data/ui" xsi:type="ControlBorderType">WithoutBorder</style>
													</Border>
												</Properties>
												<Events/>
												<PredefinedContainedItems/>
											</ExtTooltip>
										</PredefinedContainedItems>
									</Text>
									<Input id="10:02023637-7868-4a5f-8576-835a76e0c9ba">
										<Properties>
											<Name>МоделиМодельБП</Name>
											<Type>InputField</Type>
											<DataPath>Объект.Модели.МодельБП</DataPath>
											<Visible>true</Visible>
											<UserVisible>
												<xr:common>true</xr:common>
											</UserVisible>
											<DefaultItem>false</DefaultItem>
											<Enabled>true</Enabled>
											<ReadOnly>false</ReadOnly>
											<SkipOnInput>auto</SkipOnInput>
											<Title/>
											<TitleTextColor>auto</TitleTextColor>
											<TitleBackColor>auto</TitleBackColor>
											<TitleFont kind="AutoFont"/>
											<TitleLocation>Auto</TitleLocation>
											<TitleHeight>0</TitleHeight>
											<ToolTip/>
											<ToolTipRepresentation>Auto</ToolTipRepresentation>
											<WarningOnEditRepresentation>Auto</WarningOnEditRepresentation>
											<WarningOnEdit/>
											<Shortcut/>
											<CommandsContent/>
											<HorizontalAlign>Auto</HorizontalAlign>
											<VerticalAlign>Auto</VerticalAlign>
											<EditMode>EnterOnInput</EditMode>
											<FixingInTable>None</FixingInTable>
											<CellHyperlink>false</CellHyperlink>
											<AutoCellHeight>false</AutoCellHeight>
											<ShowInHeader>true</ShowInHeader>
											<HeaderPicture/>
											<HeaderHorizontalAlign>Left</HeaderHorizontalAlign>
											<ShowInFooter>true</ShowInFooter>
											<FooterDataPath/>
											<FooterText/>
											<FooterTextColor>auto</FooterTextColor>
											<FooterBackColor>auto</FooterBackColor>
											<FooterFont kind="AutoFont"/>
											<FooterPicture/>
											<FooterHorizontalAlign>Auto</FooterHorizontalAlign>
											<Width>0</Width>
											<RowsCount>0</RowsCount>
											<HorizontalStretchable>auto</HorizontalStretchable>
											<VerticalStretchable>auto</VerticalStretchable>
											<Wrap>true</Wrap>
											<PasswordMode>auto</PasswordMode>
											<MultiLine>auto</MultiLine>
											<ExtendedEdit>auto</ExtendedEdit>
											<MarkNegatives>auto</MarkNegatives>
											<ChoiceListButton>auto</ChoiceListButton>
											<DropListButton>auto</DropListButton>
											<ChoiceButton>auto</ChoiceButton>
											<ChoiceButtonRepresentation>Auto</ChoiceButtonRepresentation>
											<ClearButton>auto</ClearButton>
											<SpinButton>auto</SpinButton>
											<OpenButton>auto</OpenButton>
											<CreateButton>auto</CreateButton>
											<Mask/>
											<ListChoiceMode>false</ListChoiceMode>
											<ChoiceListHeight>0</ChoiceListHeight>
											<DropListWidth>0</DropListWidth>
											<AutoChoiceIncomplete>auto</AutoChoiceIncomplete>
											<QuickChoice>auto</QuickChoice>
											<ChoiceObjects>Auto</ChoiceObjects>
											<Format/>
											<InputFormat/>
											<AutoMarkIncomplete>auto</AutoMarkIncomplete>
											<ChoiceType>true</ChoiceType>
											<IncompleteChoiceMode>OnEnterPressed</IncompleteChoiceMode>
											<TypeDomainEnabled>true</TypeDomainEnabled>
											<TextEdit>true</TextEdit>
											<EditTextUpdateMode>Auto</EditTextUpdateMode>
											<MinVal xsi:nil="true"/>
											<MaxVal xsi:nil="true"/>
											<ChoiceButtonPicture/>
											<ChoiceForm/>
											<ChoiceParamLinks/>
											<ChoiceParams/>
											<AvailableTypes/>
											<ValueList/>
											<TextColor>auto</TextColor>
											<BackColor>auto</BackColor>
											<BorderColor>auto</BorderColor>
											<Font kind="AutoFont"/>
											<LinkByType/>
											<InputHint/>
											<ChoiceHistoryOnInput>Auto</ChoiceHistoryOnInput>
										</Properties>
										<Events>
											<Event name="StartChoice">МоделиМодельБПНачалоВыбора</Event>
										</Events>
										<PredefinedContainedItems>
											<ContextMenu xsi:type="ContextMenuGroup" id="11:02023637-7868-4a5f-8576-835a76e0c9ba">
												<Properties>
													<Name>МоделиМодельБПКонтекстноеМеню</Name>
													<Type>ContextMenu</Type>
													<Visible>true</Visible>
													<UserVisible>
														<xr:common>true</xr:common>
													</UserVisible>
													<Enabled>true</Enabled>
													<ReadOnly>false</ReadOnly>
													<EnableContentChange>false</EnableContentChange>
													<Title/>
													<TitleTextColor>auto</TitleTextColor>
													<TitleFont kind="AutoFont"/>
													<ToolTip/>
													<ToolTipRepresentation>Auto</ToolTipRepresentation>
													<Shortcut/>
													<Width>0</Width>
													<Height>0</Height>
													<HorizontalStretch>auto</HorizontalStretch>
													<VerticalStretch>auto</VerticalStretch>
													<FillWithStdCommands>true</FillWithStdCommands>
												</Properties>
												<PredefinedContainedItems/>
												<ContainedItems/>
											</ContextMenu>
											<ExtTooltip xsi:type="TextDecoration" id="37:02023637-7868-4a5f-8576-835a76e0c9ba">
												<Properties>
													<Name>МоделиМодельБПExtendedTooltip</Name>
													<Kind>Label</Kind>
													<Visible>true</Visible>
													<UserVisible>
														<xr:common>true</xr:common>
													</UserVisible>
													<Enabled>true</Enabled>
													<Width>0</Width>
													<Height>0</Height>
													<HorStretchable>auto</HorStretchable>
													<VertStretchable>auto</VertStretchable>
													<SkipOnInput>auto</SkipOnInput>
													<TextColor>auto</TextColor>
													<Font kind="AutoFont"/>
													<ShortCut/>
													<Title/>
													<Tooltip/>
													<TooltipRepresentation>Auto</TooltipRepresentation>
													<HyperLink>false</HyperLink>
													<HorAlignment>Left</HorAlignment>
													<VertAlignment>Auto</VertAlignment>
													<TitleHeight>0</TitleHeight>
													<BackColor>auto</BackColor>
													<BorderColor>auto</BorderColor>
													<Border width="1">
														<style xmlns="http://v8.1c.ru/8.1/data/ui" xsi:type="ControlBorderType">WithoutBorder</style>
													</Border>
												</Properties>
												<Events/>
												<PredefinedContainedItems/>
											</ExtTooltip>
										</PredefinedContainedItems>
									</Input>
								</ContainedItems>
							</Table>
						</ContainedItems>
					</Page>
					<Page id="23:02023637-7868-4a5f-8576-835a76e0c9ba">
						<Properties>
							<Name>ГруппаБизнесПроцессы</Name>
							<Type>Page</Type>
							<Visible>false</Visible>
							<UserVisible>
								<xr:common>true</xr:common>
							</UserVisible>
							<Enabled>true</Enabled>
							<ReadOnly>false</ReadOnly>
							<EnableContentChange>false</EnableContentChange>
							<Title>
								<v8:item>
									<v8:lang>ru</v8:lang>
									<v8:content>Бизнес-процессы</v8:content>
								</v8:item>
							</Title>
							<TitleTextColor>auto</TitleTextColor>
							<TitleFont kind="AutoFont"/>
							<ToolTip>
								<v8:item>
									<v8:lang>ru</v8:lang>
									<v8:content>Группа бизнес процессы</v8:content>
								</v8:item>
							</ToolTip>
							<ToolTipRepresentation>Auto</ToolTipRepresentation>
							<Shortcut/>
							<Width>0</Width>
							<Height>0</Height>
							<HorizontalStretch>auto</HorizontalStretch>
							<VerticalStretch>auto</VerticalStretch>
							<Picture/>
							<Grouping>Vertical</Grouping>
							<ChildrenWidth>Auto</ChildrenWidth>
							<Format/>
							<ShowTitle>true</ShowTitle>
							<TitleAttribute/>
							<BackColor>auto</BackColor>
						</Properties>
						<PredefinedContainedItems>
							<ExtTooltip xsi:type="TextDecoration" id="38:02023637-7868-4a5f-8576-835a76e0c9ba">
								<Properties>
									<Name>ГруппаБизнесПроцессыExtendedTooltip</Name>
									<Kind>Label</Kind>
									<Visible>true</Visible>
									<UserVisible>
										<xr:common>true</xr:common>
									</UserVisible>
									<Enabled>true</Enabled>
									<Width>0</Width>
									<Height>0</Height>
									<HorStretchable>auto</HorStretchable>
									<VertStretchable>auto</VertStretchable>
									<SkipOnInput>auto</SkipOnInput>
									<TextColor>auto</TextColor>
									<Font kind="AutoFont"/>
									<ShortCut/>
									<Title/>
									<Tooltip/>
									<TooltipRepresentation>Auto</TooltipRepresentation>
									<HyperLink>false</HyperLink>
									<HorAlignment>Left</HorAlignment>
									<VertAlignment>Auto</VertAlignment>
									<TitleHeight>0</TitleHeight>
									<BackColor>auto</BackColor>
									<BorderColor>auto</BorderColor>
									<Border width="1">
										<style xmlns="http://v8.1c.ru/8.1/data/ui" xsi:type="ControlBorderType">WithoutBorder</style>
									</Border>
								</Properties>
								<Events/>
								<PredefinedContainedItems/>
							</ExtTooltip>
						</PredefinedContainedItems>
						<ContainedItems>
							<Table id="14:02023637-7868-4a5f-8576-835a76e0c9ba">
								<Properties>
									<Name>БизнесПроцессы</Name>
									<Representation>HierarchicalList</Representation>
									<Visible>true</Visible>
									<UserVisible>
										<xr:common>true</xr:common>
									</UserVisible>
									<TitleLocation>None</TitleLocation>
									<TitleRowsCount>0</TitleRowsCount>
									<CommandBarLocation>Auto</CommandBarLocation>
									<AutoFill>false</AutoFill>
									<Enabled>true</Enabled>
									<ReadOnly>false</ReadOnly>
									<SkipOnInput>auto</SkipOnInput>
									<DefaultElement>false</DefaultElement>
									<ChangeRowSet>true</ChangeRowSet>
									<ChangeRowOrder>true</ChangeRowOrder>
									<Width>0</Width>
									<Height>0</Height>
									<RowsCount>0</RowsCount>
									<ChoiceMode>false</ChoiceMode>
									<MultipleChoice>false</MultipleChoice>
									<RowInputMode>EndOfList</RowInputMode>
									<RowsSelectionMode>MultiRow</RowsSelectionMode>
									<RowSelectionMode>Cell</RowSelectionMode>
									<ShowHeader>true</ShowHeader>
									<HeaderHeight>1</HeaderHeight>
									<ShowFooter>false</ShowFooter>
									<FooterHeight>1</FooterHeight>
									<HorScroll>AutoUse</HorScroll>
									<VertScroll>AutoUse</VertScroll>
									<ShowHorLines>true</ShowHorLines>
									<ShowVertLines>true</ShowVertLines>
									<FixedLeft>4294967295</FixedLeft>
									<FixedRight>4294967295</FixedRight>
									<UseAlternationRowColor>false</UseAlternationRowColor>
									<AutoInsertNewRow>true</AutoInsertNewRow>
									<AutoInsertNotCompletedVals>auto</AutoInsertNotCompletedVals>
									<AutoMarkNotcompletedVals>auto</AutoMarkNotcompletedVals>
									<SearchOnInput>Auto</SearchOnInput>
									<InitialListView>Auto</InitialListView>
									<InitialTreeView>NoExpand</InitialTreeView>
									<UseOutput>Auto</UseOutput>
									<HorStretchable>true</HorStretchable>
									<VertStretchable>true</VertStretchable>
									<EnableStartDrag>true</EnableStartDrag>
									<EnableDrag>true</EnableDrag>
									<DataPath>Объект.БизнесПроцессы</DataPath>
									<RowPictureDataPath/>
									<RowsPicture/>
									<TextColor>auto</TextColor>
									<BackColor>auto</BackColor>
									<BorderColor>auto</BorderColor>
									<Font kind="AutoFont"/>
									<Title/>
									<TitleTextColor>auto</TitleTextColor>
									<TitleFont kind="AutoFont"/>
									<ShortCut/>
									<CommandsContent/>
									<Tooltip/>
									<TooltipRepresentation>Auto</TooltipRepresentation>
									<FilterData xsi:nil="true"/>
								</Properties>
								<Events/>
								<PredefinedContainedItems>
									<ContextMenu xsi:type="ContextMenuGroup" id="15:02023637-7868-4a5f-8576-835a76e0c9ba">
										<Properties>
											<Name>БизнесПроцессыКонтекстноеМеню</Name>
											<Type>ContextMenu</Type>
											<Visible>true</Visible>
											<UserVisible>
												<xr:common>true</xr:common>
											</UserVisible>
											<Enabled>true</Enabled>
											<ReadOnly>false</ReadOnly>
											<EnableContentChange>false</EnableContentChange>
											<Title/>
											<TitleTextColor>auto</TitleTextColor>
											<TitleFont kind="AutoFont"/>
											<ToolTip/>
											<ToolTipRepresentation>Auto</ToolTipRepresentation>
											<Shortcut/>
											<Width>0</Width>
											<Height>0</Height>
											<HorizontalStretch>auto</HorizontalStretch>
											<VerticalStretch>auto</VerticalStretch>
											<FillWithStdCommands>true</FillWithStdCommands>
										</Properties>
										<PredefinedContainedItems/>
										<ContainedItems/>
									</ContextMenu>
									<CommandBar xsi:type="AutoMenuGroup" id="16:02023637-7868-4a5f-8576-835a76e0c9ba">
										<Properties>
											<Name>БизнесПроцессыКоманднаяПанель</Name>
											<Type>AutoCommandBar</Type>
											<Visible>true</Visible>
											<UserVisible>
												<xr:common>true</xr:common>
											</UserVisible>
											<Enabled>true</Enabled>
											<ReadOnly>false</ReadOnly>
											<EnableContentChange>false</EnableContentChange>
											<Title/>
											<TitleTextColor>auto</TitleTextColor>
											<TitleFont kind="AutoFont"/>
											<ToolTip/>
											<ToolTipRepresentation>Auto</ToolTipRepresentation>
											<Shortcut/>
											<Width>0</Width>
											<Height>0</Height>
											<HorizontalStretch>auto</HorizontalStretch>
											<VerticalStretch>auto</VerticalStretch>
											<HorAlignment>Left</HorAlignment>
											<FillWithStdCommands>false</FillWithStdCommands>
										</Properties>
										<PredefinedContainedItems/>
										<ContainedItems/>
									</CommandBar>
									<ExtTooltip xsi:type="TextDecoration" id="39:02023637-7868-4a5f-8576-835a76e0c9ba">
										<Properties>
											<Name>БизнесПроцессыExtendedTooltip</Name>
											<Kind>Label</Kind>
											<Visible>true</Visible>
											<UserVisible>
												<xr:common>true</xr:common>
											</UserVisible>
											<Enabled>true</Enabled>
											<Width>0</Width>
											<Height>0</Height>
											<HorStretchable>auto</HorStretchable>
											<VertStretchable>auto</VertStretchable>
											<SkipOnInput>auto</SkipOnInput>
											<TextColor>auto</TextColor>
											<Font kind="AutoFont"/>
											<ShortCut/>
											<Title/>
											<Tooltip/>
											<TooltipRepresentation>Auto</TooltipRepresentation>
											<HyperLink>false</HyperLink>
											<HorAlignment>Left</HorAlignment>
											<VertAlignment>Auto</VertAlignment>
											<TitleHeight>0</TitleHeight>
											<BackColor>auto</BackColor>
											<BorderColor>auto</BorderColor>
											<Border width="1">
												<style xmlns="http://v8.1c.ru/8.1/data/ui" xsi:type="ControlBorderType">WithoutBorder</style>
											</Border>
										</Properties>
										<Events/>
										<PredefinedContainedItems/>
									</ExtTooltip>
								</PredefinedContainedItems>
								<ContainedItems>
									<Text id="17:02023637-7868-4a5f-8576-835a76e0c9ba">
										<Properties>
											<Name>БизнесПроцессыНомерСтроки</Name>
											<Type>LabelField</Type>
											<DataPath>Объект.БизнесПроцессы.LineNumber</DataPath>
											<Visible>true</Visible>
											<UserVisible>
												<xr:common>true</xr:common>
											</UserVisible>
											<DefaultItem>false</DefaultItem>
											<Enabled>true</Enabled>
											<ReadOnly>false</ReadOnly>
											<SkipOnInput>auto</SkipOnInput>
											<Title/>
											<TitleTextColor>auto</TitleTextColor>
											<TitleBackColor>auto</TitleBackColor>
											<TitleFont kind="AutoFont"/>
											<TitleLocation>Auto</TitleLocation>
											<TitleHeight>0</TitleHeight>
											<ToolTip/>
											<ToolTipRepresentation>Auto</ToolTipRepresentation>
											<WarningOnEditRepresentation>Auto</WarningOnEditRepresentation>
											<WarningOnEdit/>
											<Shortcut/>
											<CommandsContent/>
											<HorizontalAlign>Auto</HorizontalAlign>
											<VerticalAlign>Auto</VerticalAlign>
											<EditMode>EnterOnInput</EditMode>
											<FixingInTable>None</FixingInTable>
											<CellHyperlink>false</CellHyperlink>
											<AutoCellHeight>false</AutoCellHeight>
											<ShowInHeader>true</ShowInHeader>
											<HeaderPicture/>
											<HeaderHorizontalAlign>Left</HeaderHorizontalAlign>
											<ShowInFooter>true</ShowInFooter>
											<FooterDataPath/>
											<FooterText/>
											<FooterTextColor>auto</FooterTextColor>
											<FooterBackColor>auto</FooterBackColor>
											<FooterFont kind="AutoFont"/>
											<FooterPicture/>
											<FooterHorizontalAlign>Auto</FooterHorizontalAlign>
											<Width>0</Width>
											<RowsCount>0</RowsCount>
											<HorizontalStretchable>auto</HorizontalStretchable>
											<VerticalStretchable>auto</VerticalStretchable>
											<MarkNegatives>auto</MarkNegatives>
											<Format/>
											<HiperLink>false</HiperLink>
											<PasswordMode>auto</PasswordMode>
											<TextColor>auto</TextColor>
											<BackColor>auto</BackColor>
											<Font kind="AutoFont"/>
										</Properties>
										<Events/>
										<PredefinedContainedItems>
											<ContextMenu xsi:type="ContextMenuGroup" id="18:02023637-7868-4a5f-8576-835a76e0c9ba">
												<Properties>
													<Name>БизнесПроцессыНомерСтрокиКонтекстноеМеню</Name>
													<Type>ContextMenu</Type>
													<Visible>true</Visible>
													<UserVisible>
														<xr:common>true</xr:common>
													</UserVisible>
													<Enabled>true</Enabled>
													<ReadOnly>false</ReadOnly>
													<EnableContentChange>false</EnableContentChange>
													<Title/>
													<TitleTextColor>auto</TitleTextColor>
													<TitleFont kind="AutoFont"/>
													<ToolTip/>
													<ToolTipRepresentation>Auto</ToolTipRepresentation>
													<Shortcut/>
													<Width>0</Width>
													<Height>0</Height>
													<HorizontalStretch>auto</HorizontalStretch>
													<VerticalStretch>auto</VerticalStretch>
													<FillWithStdCommands>true</FillWithStdCommands>
												</Properties>
												<PredefinedContainedItems/>
												<ContainedItems/>
											</ContextMenu>
											<ExtTooltip xsi:type="TextDecoration" id="40:02023637-7868-4a5f-8576-835a76e0c9ba">
												<Properties>
													<Name>БизнесПроцессыНомерСтрокиExtendedTooltip</Name>
													<Kind>Label</Kind>
													<Visible>true</Visible>
													<UserVisible>
														<xr:common>true</xr:common>
													</UserVisible>
													<Enabled>true</Enabled>
													<Width>0</Width>
													<Height>0</Height>
													<HorStretchable>auto</HorStretchable>
													<VertStretchable>auto</VertStretchable>
													<SkipOnInput>auto</SkipOnInput>
													<TextColor>auto</TextColor>
													<Font kind="AutoFont"/>
													<ShortCut/>
													<Title/>
													<Tooltip/>
													<TooltipRepresentation>Auto</TooltipRepresentation>
													<HyperLink>false</HyperLink>
													<HorAlignment>Left</HorAlignment>
													<VertAlignment>Auto</VertAlignment>
													<TitleHeight>0</TitleHeight>
													<BackColor>auto</BackColor>
													<BorderColor>auto</BorderColor>
													<Border width="1">
														<style xmlns="http://v8.1c.ru/8.1/data/ui" xsi:type="ControlBorderType">WithoutBorder</style>
													</Border>
												</Properties>
												<Events/>
												<PredefinedContainedItems/>
											</ExtTooltip>
										</PredefinedContainedItems>
									</Text>
									<Input id="19:02023637-7868-4a5f-8576-835a76e0c9ba">
										<Properties>
											<Name>БизнесПроцессыБизнесПроцесс</Name>
											<Type>InputField</Type>
											<DataPath>Объект.БизнесПроцессы.БизнесПроцесс</DataPath>
											<Visible>true</Visible>
											<UserVisible>
												<xr:common>true</xr:common>
											</UserVisible>
											<DefaultItem>false</DefaultItem>
											<Enabled>true</Enabled>
											<ReadOnly>false</ReadOnly>
											<SkipOnInput>auto</SkipOnInput>
											<Title/>
											<TitleTextColor>auto</TitleTextColor>
											<TitleBackColor>auto</TitleBackColor>
											<TitleFont kind="AutoFont"/>
											<TitleLocation>Auto</TitleLocation>
											<TitleHeight>0</TitleHeight>
											<ToolTip/>
											<ToolTipRepresentation>Auto</ToolTipRepresentation>
											<WarningOnEditRepresentation>Auto</WarningOnEditRepresentation>
											<WarningOnEdit/>
											<Shortcut/>
											<CommandsContent/>
											<HorizontalAlign>Auto</HorizontalAlign>
											<VerticalAlign>Auto</VerticalAlign>
											<EditMode>EnterOnInput</EditMode>
											<FixingInTable>None</FixingInTable>
											<CellHyperlink>false</CellHyperlink>
											<AutoCellHeight>false</AutoCellHeight>
											<ShowInHeader>true</ShowInHeader>
											<HeaderPicture/>
											<HeaderHorizontalAlign>Left</HeaderHorizontalAlign>
											<ShowInFooter>true</ShowInFooter>
											<FooterDataPath/>
											<FooterText/>
											<FooterTextColor>auto</FooterTextColor>
											<FooterBackColor>auto</FooterBackColor>
											<FooterFont kind="AutoFont"/>
											<FooterPicture/>
											<FooterHorizontalAlign>Auto</FooterHorizontalAlign>
											<Width>0</Width>
											<RowsCount>0</RowsCount>
											<HorizontalStretchable>auto</HorizontalStretchable>
											<VerticalStretchable>auto</VerticalStretchable>
											<Wrap>true</Wrap>
											<PasswordMode>auto</PasswordMode>
											<MultiLine>auto</MultiLine>
											<ExtendedEdit>auto</ExtendedEdit>
											<MarkNegatives>auto</MarkNegatives>
											<ChoiceListButton>auto</ChoiceListButton>
											<DropListButton>auto</DropListButton>
											<ChoiceButton>auto</ChoiceButton>
											<ChoiceButtonRepresentation>Auto</ChoiceButtonRepresentation>
											<ClearButton>auto</ClearButton>
											<SpinButton>auto</SpinButton>
											<OpenButton>auto</OpenButton>
											<CreateButton>auto</CreateButton>
											<Mask/>
											<ListChoiceMode>false</ListChoiceMode>
											<ChoiceListHeight>0</ChoiceListHeight>
											<DropListWidth>0</DropListWidth>
											<AutoChoiceIncomplete>auto</AutoChoiceIncomplete>
											<QuickChoice>auto</QuickChoice>
											<ChoiceObjects>Auto</ChoiceObjects>
											<Format/>
											<InputFormat/>
											<AutoMarkIncomplete>auto</AutoMarkIncomplete>
											<ChoiceType>true</ChoiceType>
											<IncompleteChoiceMode>OnEnterPressed</IncompleteChoiceMode>
											<TypeDomainEnabled>true</TypeDomainEnabled>
											<TextEdit>true</TextEdit>
											<EditTextUpdateMode>Auto</EditTextUpdateMode>
											<MinVal xsi:nil="true"/>
											<MaxVal xsi:nil="true"/>
											<ChoiceButtonPicture/>
											<ChoiceForm/>
											<ChoiceParamLinks/>
											<ChoiceParams/>
											<AvailableTypes/>
											<ValueList/>
											<TextColor>auto</TextColor>
											<BackColor>auto</BackColor>
											<BorderColor>auto</BorderColor>
											<Font kind="AutoFont"/>
											<LinkByType/>
											<InputHint/>
											<ChoiceHistoryOnInput>Auto</ChoiceHistoryOnInput>
										</Properties>
										<Events/>
										<PredefinedContainedItems>
											<ContextMenu xsi:type="ContextMenuGroup" id="20:02023637-7868-4a5f-8576-835a76e0c9ba">
												<Properties>
													<Name>БизнесПроцессыБизнесПроцессКонтекстноеМеню</Name>
													<Type>ContextMenu</Type>
													<Visible>true</Visible>
													<UserVisible>
														<xr:common>true</xr:common>
													</UserVisible>
													<Enabled>true</Enabled>
													<ReadOnly>false</ReadOnly>
													<EnableContentChange>false</EnableContentChange>
													<Title/>
													<TitleTextColor>auto</TitleTextColor>
													<TitleFont kind="AutoFont"/>
													<ToolTip/>
													<ToolTipRepresentation>Auto</ToolTipRepresentation>
													<Shortcut/>
													<Width>0</Width>
													<Height>0</Height>
													<HorizontalStretch>auto</HorizontalStretch>
													<VerticalStretch>auto</VerticalStretch>
													<FillWithStdCommands>true</FillWithStdCommands>
												</Properties>
												<PredefinedContainedItems/>
												<ContainedItems/>
											</ContextMenu>
											<ExtTooltip xsi:type="TextDecoration" id="41:02023637-7868-4a5f-8576-835a76e0c9ba">
												<Properties>
													<Name>БизнесПроцессыБизнесПроцессExtendedTooltip</Name>
													<Kind>Label</Kind>
													<Visible>true</Visible>
													<UserVisible>
														<xr:common>true</xr:common>
													</UserVisible>
													<Enabled>true</Enabled>
													<Width>0</Width>
													<Height>0</Height>
													<HorStretchable>auto</HorStretchable>
													<VertStretchable>auto</VertStretchable>
													<SkipOnInput>auto</SkipOnInput>
													<TextColor>auto</TextColor>
													<Font kind="AutoFont"/>
													<ShortCut/>
													<Title/>
													<Tooltip/>
													<TooltipRepresentation>Auto</TooltipRepresentation>
													<HyperLink>false</HyperLink>
													<HorAlignment>Left</HorAlignment>
													<VertAlignment>Auto</VertAlignment>
													<TitleHeight>0</TitleHeight>
													<BackColor>auto</BackColor>
													<BorderColor>auto</BorderColor>
													<Border width="1">
														<style xmlns="http://v8.1c.ru/8.1/data/ui" xsi:type="ControlBorderType">WithoutBorder</style>
													</Border>
												</Properties>
												<Events/>
												<PredefinedContainedItems/>
											</ExtTooltip>
										</PredefinedContainedItems>
									</Input>
								</ContainedItems>
							</Table>
						</ContainedItems>
					</Page>
				</ContainedItems>
			</Pages>
			<CheckBox id="25:02023637-7868-4a5f-8576-835a76e0c9ba">
				<Properties>
					<Name>ОбработатьВсеМодели</Name>
					<Type>CheckBoxField</Type>
					<DataPath>Объект.ОбработатьВсеМодели</DataPath>
					<Visible>true</Visible>
					<UserVisible>
						<xr:common>true</xr:common>
					</UserVisible>
					<DefaultItem>false</DefaultItem>
					<Enabled>true</Enabled>
					<ReadOnly>false</ReadOnly>
					<SkipOnInput>auto</SkipOnInput>
					<Title/>
					<TitleTextColor>auto</TitleTextColor>
					<TitleBackColor>auto</TitleBackColor>
					<TitleFont kind="AutoFont"/>
					<TitleLocation>Right</TitleLocation>
					<TitleHeight>0</TitleHeight>
					<ToolTip/>
					<ToolTipRepresentation>Auto</ToolTipRepresentation>
					<WarningOnEditRepresentation>Auto</WarningOnEditRepresentation>
					<WarningOnEdit/>
					<Shortcut/>
					<CommandsContent/>
					<HorizontalAlign>Auto</HorizontalAlign>
					<VerticalAlign>Auto</VerticalAlign>
					<EditMode>Enter</EditMode>
					<FixingInTable>None</FixingInTable>
					<CellHyperlink>false</CellHyperlink>
					<AutoCellHeight>false</AutoCellHeight>
					<ShowInHeader>true</ShowInHeader>
					<HeaderPicture/>
					<HeaderHorizontalAlign>Left</HeaderHorizontalAlign>
					<ShowInFooter>true</ShowInFooter>
					<FooterDataPath/>
					<FooterText/>
					<FooterTextColor>auto</FooterTextColor>
					<FooterBackColor>auto</FooterBackColor>
					<FooterFont kind="AutoFont"/>
					<FooterPicture/>
					<FooterHorizontalAlign>Auto</FooterHorizontalAlign>
					<CheckBoxType>Auto</CheckBoxType>
					<ThreeState>false</ThreeState>
					<BorderColor>auto</BorderColor>
					<EqualElementsWidth>auto</EqualElementsWidth>
				</Properties>
				<Events>
					<Event name="OnChange">ОбработатьВсеМоделиПриИзменении</Event>
				</Events>
				<PredefinedContainedItems>
					<ContextMenu xsi:type="ContextMenuGroup" id="26:02023637-7868-4a5f-8576-835a76e0c9ba">
						<Properties>
							<Name>ОбработатьВсеМоделиКонтекстноеМеню</Name>
							<Type>ContextMenu</Type>
							<Visible>true</Visible>
							<UserVisible>
								<xr:common>true</xr:common>
							</UserVisible>
							<Enabled>true</Enabled>
							<ReadOnly>false</ReadOnly>
							<EnableContentChange>false</EnableContentChange>
							<Title/>
							<TitleTextColor>auto</TitleTextColor>
							<TitleFont kind="AutoFont"/>
							<ToolTip/>
							<ToolTipRepresentation>Auto</ToolTipRepresentation>
							<Shortcut/>
							<Width>0</Width>
							<Height>0</Height>
							<HorizontalStretch>auto</HorizontalStretch>
							<VerticalStretch>auto</VerticalStretch>
							<FillWithStdCommands>true</FillWithStdCommands>
						</Properties>
						<PredefinedContainedItems/>
						<ContainedItems/>
					</ContextMenu>
					<ExtTooltip xsi:type="TextDecoration" id="42:02023637-7868-4a5f-8576-835a76e0c9ba">
						<Properties>
							<Name>ОбработатьВсеМоделиExtendedTooltip</Name>
							<Kind>Label</Kind>
							<Visible>true</Visible>
							<UserVisible>
								<xr:common>true</xr:common>
							</UserVisible>
							<Enabled>true</Enabled>
							<Width>0</Width>
							<Height>0</Height>
							<HorStretchable>auto</HorStretchable>
							<VertStretchable>auto</VertStretchable>
							<SkipOnInput>auto</SkipOnInput>
							<TextColor>auto</TextColor>
							<Font kind="AutoFont"/>
							<ShortCut/>
							<Title/>
							<Tooltip/>
							<TooltipRepresentation>Auto</TooltipRepresentation>
							<HyperLink>false</HyperLink>
							<HorAlignment>Left</HorAlignment>
							<VertAlignment>Auto</VertAlignment>
							<TitleHeight>0</TitleHeight>
							<BackColor>auto</BackColor>
							<BorderColor>auto</BorderColor>
							<Border width="1">
								<style xmlns="http://v8.1c.ru/8.1/data/ui" xsi:type="ControlBorderType">WithoutBorder</style>
							</Border>
						</Properties>
						<Events/>
						<PredefinedContainedItems/>
					</ExtTooltip>
				</PredefinedContainedItems>
			</CheckBox>
		</ContainedItems>
	</Elements>
	<NavigationPanel/>
	<CommandPanel/>
</Form>