﻿<?xml version="1.0" encoding="UTF-8"?>
<MetaDataObject xmlns="http://v8.1c.ru/8.3/MDClasses" xmlns:app="http://v8.1c.ru/8.2/managed-application/core" xmlns:cfg="http://v8.1c.ru/8.1/data/enterprise/current-config" xmlns:cmi="http://v8.1c.ru/8.2/managed-application/cmi" xmlns:ent="http://v8.1c.ru/8.1/data/enterprise" xmlns:lf="http://v8.1c.ru/8.2/managed-application/logform" xmlns:style="http://v8.1c.ru/8.1/data/ui/style" xmlns:sys="http://v8.1c.ru/8.1/data/ui/fonts/system" xmlns:v8="http://v8.1c.ru/8.1/data/core" xmlns:v8ui="http://v8.1c.ru/8.1/data/ui" xmlns:web="http://v8.1c.ru/8.1/data/ui/colors/web" xmlns:win="http://v8.1c.ru/8.1/data/ui/colors/windows" xmlns:xen="http://v8.1c.ru/8.3/xcf/enums" xmlns:xpr="http://v8.1c.ru/8.3/xcf/predef" xmlns:xr="http://v8.1c.ru/8.3/xcf/readable" xmlns:xs="http://www.w3.org/2001/XMLSchema" xmlns:xsi="http://www.w3.org/2001/XMLSchema-instance">
	<DataProcessor uuid="6cd74348-38a4-4eca-9462-37048ad1bf58">
		<InnerInfo>
			<xr:producedType name="DataProcessorObject.ПС_НачальноеЗаполнениеИБ" category="Object">
				<xr:typeId>24787a9c-7488-4a34-a4be-22286ec50bd0</xr:typeId>
				<xr:valTypeId>1d001c9b-7981-46fb-9ab9-612bbc4b8646</xr:valTypeId>
			</xr:producedType>
			<xr:producedType name="DataProcessorManager.ПС_НачальноеЗаполнениеИБ" category="Manager">
				<xr:typeId>2592768f-daa2-4f8e-955b-2e74213c4a42</xr:typeId>
				<xr:valTypeId>c6809721-98f5-4575-84c1-4df2fbd063f7</xr:valTypeId>
			</xr:producedType>
		</InnerInfo>
		<Properties>
			<Name>ПС_НачальноеЗаполнениеИБ</Name>
			<Synonym>
				<v8:item>
					<v8:lang>ru</v8:lang>
					<v8:content>Описание изменений системы</v8:content>
				</v8:item>
			</Synonym>
			<Comment>Описание изменений системы</Comment>
			<UseStandardCommands>true</UseStandardCommands>
			<DefaultForm>DataProcessor.ПС_НачальноеЗаполнениеИБ.Form.ОписаниеОбновлений</DefaultForm>
			<AuxiliaryForm>DataProcessor.ПС_НачальноеЗаполнениеИБ.Form.ОписаниеОбновленийУпр</AuxiliaryForm>
			<IncludeHelpInContents>true</IncludeHelpInContents>
			<ExtendedPresentation>
				<v8:item>
					<v8:lang>ru</v8:lang>
					<v8:content>Описание изменений системы(ПС)</v8:content>
				</v8:item>
			</ExtendedPresentation>
			<Explanation/>
		</Properties>
		<ChildObjects>
			<Form>ОписаниеОбновлений</Form>
			<Form>ОписаниеОбновленийУпр</Form>
			<Template>КомпонентаЗащиты_Hasp_Linux32</Template>
			<Template>КомпонентаЗащиты_Hasp_Linux64</Template>
			<Template>КомпонентаЗащиты_Hasp_Win32</Template>
			<Template>КомпонентаЗащиты_Hasp_Win64</Template>
			<Template>ОписаниеОбновлений</Template>
		</ChildObjects>
	</DataProcessor>
</MetaDataObject>