﻿<?xml version="1.0" encoding="UTF-8"?>
<Form xmlns="http://v8.1c.ru/8.3/xcf/logform" xmlns:app="http://v8.1c.ru/8.2/managed-application/core" xmlns:dcscor="http://v8.1c.ru/8.1/data-composition-system/core" xmlns:dcsset="http://v8.1c.ru/8.1/data-composition-system/settings" xmlns:ent="http://v8.1c.ru/8.1/data/enterprise" xmlns:lf="http://v8.1c.ru/8.2/managed-application/logform" xmlns:style="http://v8.1c.ru/8.1/data/ui/style" xmlns:v8="http://v8.1c.ru/8.1/data/core" xmlns:web="http://v8.1c.ru/8.1/data/ui/colors/web" xmlns:win="http://v8.1c.ru/8.1/data/ui/colors/windows" xmlns:xr="http://v8.1c.ru/8.3/xcf/readable" xmlns:xs="http://www.w3.org/2001/XMLSchema" xmlns:xsi="http://www.w3.org/2001/XMLSchema-instance">
	<Attributes>
		<Attribute id="1">
			<Name>Объект</Name>
			<Title/>
			<Type>
				<v8:Type xmlns:d5p1="http://v8.1c.ru/8.1/data/enterprise/current-config">d5p1:DataProcessorObject.ПС_НачальноеЗаполнениеИБ</v8:Type>
			</Type>
			<Accessibility>
				<xr:common>true</xr:common>
			</Accessibility>
			<Editing>
				<xr:common>true</xr:common>
			</Editing>
			<Content/>
			<SavingContent/>
			<MainProperty>true</MainProperty>
			<StoredData>false</StoredData>
			<FunctionalOptions/>
			<FillCheck>DontCheck</FillCheck>
			<Columns/>
			<ExtInfo/>
		</Attribute>
		<Attribute id="2">
			<Name>ДокументОписаниеОбновлений</Name>
			<Title>
				<v8:item>
					<v8:lang>ru</v8:lang>
					<v8:content>Документ описание обновлений</v8:content>
				</v8:item>
			</Title>
			<Type>
				<v8:Type xmlns:mxl="http://v8.1c.ru/8.2/data/spreadsheet">mxl:SpreadsheetDocument</v8:Type>
			</Type>
			<Accessibility>
				<xr:common>true</xr:common>
			</Accessibility>
			<Editing>
				<xr:common>true</xr:common>
			</Editing>
			<Content/>
			<SavingContent/>
			<MainProperty>false</MainProperty>
			<StoredData>false</StoredData>
			<FunctionalOptions/>
			<FillCheck>DontCheck</FillCheck>
			<Columns/>
			<ExtInfo/>
		</Attribute>
		<ConditionalAppearance/>
	</Attributes>
	<Commands/>
	<Parameters/>
	<Elements id="0:02023637-7868-4a5f-8576-835a76e0c9ba">
		<Properties>
			<Title>
				<v8:item>
					<v8:lang>ru</v8:lang>
					<v8:content>Описание изменений системы</v8:content>
				</v8:item>
			</Title>
			<Width>0</Width>
			<Height>0</Height>
			<OpeningMode>Independent</OpeningMode>
			<EnterKeyBehavior>ControlNavigation</EnterKeyBehavior>
			<AutoSaveFormDataInSettings>DontUse</AutoSaveFormDataInSettings>
			<SaveFormDataInSettings>DontUse</SaveFormDataInSettings>
			<SettingsStorage/>
			<AutoTitle>false</AutoTitle>
			<AutoURL>true</AutoURL>
			<ChildrenGrouping>Vertical</ChildrenGrouping>
			<ChildItemsWidth>Auto</ChildItemsWidth>
			<AutoFillCheck>true</AutoFillCheck>
			<Customizable>false</Customizable>
			<Enabled>true</Enabled>
			<ReadOnly>false</ReadOnly>
			<CommandBarLocation>None</CommandBarLocation>
			<VerticalScrolling>useIfNecessary</VerticalScrolling>
			<BaseFontVariant>Auto</BaseFontVariant>
			<CommandsContent/>
		</Properties>
		<Events>
			<Event name="OnOpen">ПриОткрытии</Event>
		</Events>
		<PredefinedContainedItems>
			<CommandBar xsi:type="AutoMenuGroup" id="-1:02023637-7868-4a5f-8576-835a76e0c9ba">
				<Properties>
					<Name>ФормаКоманднаяПанель</Name>
					<Type>AutoCommandBar</Type>
					<Visible>true</Visible>
					<UserVisible>
						<xr:common>true</xr:common>
					</UserVisible>
					<Enabled>true</Enabled>
					<ReadOnly>false</ReadOnly>
					<EnableContentChange>false</EnableContentChange>
					<Title/>
					<TitleTextColor>auto</TitleTextColor>
					<TitleFont kind="AutoFont"/>
					<ToolTip/>
					<ToolTipRepresentation>Auto</ToolTipRepresentation>
					<Shortcut/>
					<Width>0</Width>
					<Height>0</Height>
					<HorizontalStretch>auto</HorizontalStretch>
					<VerticalStretch>auto</VerticalStretch>
					<HorAlignment>Left</HorAlignment>
					<FillWithStdCommands>true</FillWithStdCommands>
				</Properties>
				<PredefinedContainedItems/>
				<ContainedItems/>
			</CommandBar>
		</PredefinedContainedItems>
		<ContainedItems>
			<SpreadSheetDoc id="1:02023637-7868-4a5f-8576-835a76e0c9ba">
				<Properties>
					<Name>ДокументОписаниеОбновлений</Name>
					<Type>SpreadsheetDocumentField</Type>
					<DataPath>ДокументОписаниеОбновлений</DataPath>
					<Visible>true</Visible>
					<UserVisible>
						<xr:common>true</xr:common>
					</UserVisible>
					<DefaultItem>false</DefaultItem>
					<Enabled>true</Enabled>
					<ReadOnly>false</ReadOnly>
					<SkipOnInput>auto</SkipOnInput>
					<Title/>
					<TitleTextColor>auto</TitleTextColor>
					<TitleBackColor>auto</TitleBackColor>
					<TitleFont kind="AutoFont"/>
					<TitleLocation>None</TitleLocation>
					<TitleHeight>0</TitleHeight>
					<ToolTip/>
					<ToolTipRepresentation>Auto</ToolTipRepresentation>
					<WarningOnEditRepresentation>Auto</WarningOnEditRepresentation>
					<WarningOnEdit/>
					<Shortcut/>
					<CommandsContent/>
					<HorizontalAlign>Auto</HorizontalAlign>
					<VerticalAlign>Auto</VerticalAlign>
					<EditMode>Enter</EditMode>
					<FixingInTable>None</FixingInTable>
					<CellHyperlink>false</CellHyperlink>
					<AutoCellHeight>false</AutoCellHeight>
					<ShowInHeader>true</ShowInHeader>
					<HeaderPicture/>
					<HeaderHorizontalAlign>Left</HeaderHorizontalAlign>
					<ShowInFooter>true</ShowInFooter>
					<FooterDataPath/>
					<FooterText/>
					<FooterTextColor>auto</FooterTextColor>
					<FooterBackColor>auto</FooterBackColor>
					<FooterFont kind="AutoFont"/>
					<FooterPicture/>
					<FooterHorizontalAlign>Auto</FooterHorizontalAlign>
					<Width>100</Width>
					<Height>100</Height>
					<HorStretchable>true</HorStretchable>
					<VertStretchable>true</VertStretchable>
					<ShowGrid>false</ShowGrid>
					<ShowHeaders>false</ShowHeaders>
					<ShowVertScroll>true</ShowVertScroll>
					<ShowHorScroll>true</ShowHorScroll>
					<BlackAndWhite>false</BlackAndWhite>
					<Protection>false</Protection>
					<SelectionShowMode>Always</SelectionShowMode>
					<UseOutput>Auto</UseOutput>
					<Edit>false</Edit>
					<ShowGroups>true</ShowGroups>
					<EnableStartDrag>true</EnableStartDrag>
					<EnableDrag>true</EnableDrag>
					<ViewScalingMode>Auto</ViewScalingMode>
					<BorderColor>auto</BorderColor>
				</Properties>
				<Events/>
				<PredefinedContainedItems>
					<ContextMenu xsi:type="ContextMenuGroup" id="2:02023637-7868-4a5f-8576-835a76e0c9ba">
						<Properties>
							<Name>ДокументОписаниеОбновленийКонтекстноеМеню</Name>
							<Type>ContextMenu</Type>
							<Visible>true</Visible>
							<UserVisible>
								<xr:common>true</xr:common>
							</UserVisible>
							<Enabled>true</Enabled>
							<ReadOnly>false</ReadOnly>
							<EnableContentChange>false</EnableContentChange>
							<Title/>
							<TitleTextColor>auto</TitleTextColor>
							<TitleFont kind="AutoFont"/>
							<ToolTip/>
							<ToolTipRepresentation>Auto</ToolTipRepresentation>
							<Shortcut/>
							<Width>0</Width>
							<Height>0</Height>
							<HorizontalStretch>auto</HorizontalStretch>
							<VerticalStretch>auto</VerticalStretch>
							<FillWithStdCommands>true</FillWithStdCommands>
						</Properties>
						<PredefinedContainedItems/>
						<ContainedItems/>
					</ContextMenu>
					<ExtTooltip xsi:type="TextDecoration" id="3:02023637-7868-4a5f-8576-835a76e0c9ba">
						<Properties>
							<Name>ДокументОписаниеОбновленийExtendedTooltip</Name>
							<Kind>Label</Kind>
							<Visible>true</Visible>
							<UserVisible>
								<xr:common>true</xr:common>
							</UserVisible>
							<Enabled>true</Enabled>
							<Width>0</Width>
							<Height>0</Height>
							<HorStretchable>auto</HorStretchable>
							<VertStretchable>auto</VertStretchable>
							<SkipOnInput>auto</SkipOnInput>
							<TextColor>auto</TextColor>
							<Font kind="AutoFont"/>
							<ShortCut/>
							<Title/>
							<Tooltip/>
							<TooltipRepresentation>Auto</TooltipRepresentation>
							<HyperLink>false</HyperLink>
							<HorAlignment>Left</HorAlignment>
							<VertAlignment>Auto</VertAlignment>
							<TitleHeight>0</TitleHeight>
							<BackColor>auto</BackColor>
							<BorderColor>auto</BorderColor>
							<Border width="1">
								<style xmlns="http://v8.1c.ru/8.1/data/ui" xsi:type="ControlBorderType">WithoutBorder</style>
							</Border>
						</Properties>
						<Events/>
						<PredefinedContainedItems/>
					</ExtTooltip>
				</PredefinedContainedItems>
			</SpreadSheetDoc>
		</ContainedItems>
	</Elements>
	<NavigationPanel/>
	<CommandPanel/>
</Form>