﻿<?xml version="1.0" encoding="UTF-8"?>
<MetaDataObject xmlns="http://v8.1c.ru/8.3/MDClasses" xmlns:app="http://v8.1c.ru/8.2/managed-application/core" xmlns:cfg="http://v8.1c.ru/8.1/data/enterprise/current-config" xmlns:cmi="http://v8.1c.ru/8.2/managed-application/cmi" xmlns:ent="http://v8.1c.ru/8.1/data/enterprise" xmlns:lf="http://v8.1c.ru/8.2/managed-application/logform" xmlns:style="http://v8.1c.ru/8.1/data/ui/style" xmlns:sys="http://v8.1c.ru/8.1/data/ui/fonts/system" xmlns:v8="http://v8.1c.ru/8.1/data/core" xmlns:v8ui="http://v8.1c.ru/8.1/data/ui" xmlns:web="http://v8.1c.ru/8.1/data/ui/colors/web" xmlns:win="http://v8.1c.ru/8.1/data/ui/colors/windows" xmlns:xen="http://v8.1c.ru/8.3/xcf/enums" xmlns:xpr="http://v8.1c.ru/8.3/xcf/predef" xmlns:xr="http://v8.1c.ru/8.3/xcf/readable" xmlns:xs="http://www.w3.org/2001/XMLSchema" xmlns:xsi="http://www.w3.org/2001/XMLSchema-instance">
	<DataProcessor uuid="72736d14-efec-48bd-8f3e-ba847d39fd34">
		<InnerInfo>
			<xr:producedType name="DataProcessorObject.ПС_КалендарьРабочегоВремени" category="Object">
				<xr:typeId>ffb2dc08-c4c4-49f8-a8eb-580384c66ebf</xr:typeId>
				<xr:valTypeId>a84caf64-8742-4a20-862c-82c4055945bc</xr:valTypeId>
			</xr:producedType>
			<xr:producedType name="DataProcessorManager.ПС_КалендарьРабочегоВремени" category="Manager">
				<xr:typeId>887eab4b-b8b0-4eb3-8747-52ffcbd73ca8</xr:typeId>
				<xr:valTypeId>e999fcc9-c154-4c9f-9e5e-3b2e0ed6b05d</xr:valTypeId>
			</xr:producedType>
		</InnerInfo>
		<Properties>
			<Name>ПС_КалендарьРабочегоВремени</Name>
			<Synonym>
				<v8:item>
					<v8:lang>ru</v8:lang>
					<v8:content>Календарь рабочего времени</v8:content>
				</v8:item>
			</Synonym>
			<Comment/>
			<UseStandardCommands>true</UseStandardCommands>
			<DefaultForm>DataProcessor.ПС_КалендарьРабочегоВремени.Form.ФормаУпр</DefaultForm>
			<AuxiliaryForm/>
			<IncludeHelpInContents>true</IncludeHelpInContents>
			<ExtendedPresentation/>
			<Explanation/>
		</Properties>
		<ChildObjects>
			<Form>ФормаУпр</Form>
			<Form>ФормаДиаграммаГантаУпр</Form>
			<Template>МакетДня</Template>
			<Template>МакетНеделя</Template>
		</ChildObjects>
	</DataProcessor>
</MetaDataObject>