﻿<?xml version="1.0" encoding="UTF-8"?>
<MetaDataObject xmlns="http://v8.1c.ru/8.3/MDClasses" xmlns:app="http://v8.1c.ru/8.2/managed-application/core" xmlns:cfg="http://v8.1c.ru/8.1/data/enterprise/current-config" xmlns:cmi="http://v8.1c.ru/8.2/managed-application/cmi" xmlns:ent="http://v8.1c.ru/8.1/data/enterprise" xmlns:lf="http://v8.1c.ru/8.2/managed-application/logform" xmlns:style="http://v8.1c.ru/8.1/data/ui/style" xmlns:sys="http://v8.1c.ru/8.1/data/ui/fonts/system" xmlns:v8="http://v8.1c.ru/8.1/data/core" xmlns:v8ui="http://v8.1c.ru/8.1/data/ui" xmlns:web="http://v8.1c.ru/8.1/data/ui/colors/web" xmlns:win="http://v8.1c.ru/8.1/data/ui/colors/windows" xmlns:xen="http://v8.1c.ru/8.3/xcf/enums" xmlns:xpr="http://v8.1c.ru/8.3/xcf/predef" xmlns:xr="http://v8.1c.ru/8.3/xcf/readable" xmlns:xs="http://www.w3.org/2001/XMLSchema" xmlns:xsi="http://www.w3.org/2001/XMLSchema-instance">
	<DataProcessor uuid="fcb31839-4c81-4937-8d79-fda82c552c68">
		<InnerInfo>
			<xr:producedType name="DataProcessorObject.ПС_КонсольЗаданий" category="Object">
				<xr:typeId>c8d58a22-1172-412f-9229-b694147e4eef</xr:typeId>
				<xr:valTypeId>fdc4243d-1724-449a-8cfd-73932d77532c</xr:valTypeId>
			</xr:producedType>
			<xr:producedType name="DataProcessorManager.ПС_КонсольЗаданий" category="Manager">
				<xr:typeId>205da9d7-008d-415e-91f5-fbd2ac60ea8e</xr:typeId>
				<xr:valTypeId>2df8b1de-9e52-45fb-b568-54c2937149b5</xr:valTypeId>
			</xr:producedType>
		</InnerInfo>
		<Properties>
			<Name>ПС_КонсольЗаданий</Name>
			<Synonym>
				<v8:item>
					<v8:lang>ru</v8:lang>
					<v8:content>Консоль заданий (ПС)</v8:content>
				</v8:item>
			</Synonym>
			<Comment>Консоль заданий 1С:Предприятия 8.1</Comment>
			<UseStandardCommands>false</UseStandardCommands>
			<DefaultForm>DataProcessor.ПС_КонсольЗаданий.Form.ФормаКонсоли</DefaultForm>
			<AuxiliaryForm/>
			<IncludeHelpInContents>true</IncludeHelpInContents>
			<ExtendedPresentation/>
			<Explanation/>
		</Properties>
		<ChildObjects>
			<Form>ФормаКонсоли</Form>
			<Form>ДиалогРегламентногоЗадания</Form>
			<Form>ДиалогФоновогоЗадания</Form>
			<Form>ДиалогОтбораФоновогоЗадания</Form>
			<Form>ДиалогОтбораРегламентногоЗадания</Form>
			<Form>ДиалогНастроекСписка</Form>
		</ChildObjects>
	</DataProcessor>
</MetaDataObject>