﻿<?xml version="1.0" encoding="UTF-8"?>
<MetaDataObject xmlns="http://v8.1c.ru/8.3/MDClasses" xmlns:app="http://v8.1c.ru/8.2/managed-application/core" xmlns:cfg="http://v8.1c.ru/8.1/data/enterprise/current-config" xmlns:cmi="http://v8.1c.ru/8.2/managed-application/cmi" xmlns:ent="http://v8.1c.ru/8.1/data/enterprise" xmlns:lf="http://v8.1c.ru/8.2/managed-application/logform" xmlns:style="http://v8.1c.ru/8.1/data/ui/style" xmlns:sys="http://v8.1c.ru/8.1/data/ui/fonts/system" xmlns:v8="http://v8.1c.ru/8.1/data/core" xmlns:v8ui="http://v8.1c.ru/8.1/data/ui" xmlns:web="http://v8.1c.ru/8.1/data/ui/colors/web" xmlns:win="http://v8.1c.ru/8.1/data/ui/colors/windows" xmlns:xen="http://v8.1c.ru/8.3/xcf/enums" xmlns:xpr="http://v8.1c.ru/8.3/xcf/predef" xmlns:xr="http://v8.1c.ru/8.3/xcf/readable" xmlns:xs="http://www.w3.org/2001/XMLSchema" xmlns:xsi="http://www.w3.org/2001/XMLSchema-instance">
	<DataProcessor uuid="40190cd6-661f-445f-8e01-b47b89763095">
		<InnerInfo>
			<xr:producedType name="DataProcessorObject.ПС_КалендарьЗапускаПроцессов" category="Object">
				<xr:typeId>075e0e10-7fcb-4c11-af0f-e60e9ef36ff8</xr:typeId>
				<xr:valTypeId>f956bdb0-7c64-442f-af08-80e50064a760</xr:valTypeId>
			</xr:producedType>
			<xr:producedType name="DataProcessorManager.ПС_КалендарьЗапускаПроцессов" category="Manager">
				<xr:typeId>710de7d2-029e-4e6a-b15e-44336026d258</xr:typeId>
				<xr:valTypeId>dc0acd38-0ad8-4a87-8dff-8642a0752989</xr:valTypeId>
			</xr:producedType>
		</InnerInfo>
		<Properties>
			<Name>ПС_КалендарьЗапускаПроцессов</Name>
			<Synonym>
				<v8:item>
					<v8:lang>ru</v8:lang>
					<v8:content>Календарь запуска процессов</v8:content>
				</v8:item>
			</Synonym>
			<Comment/>
			<UseStandardCommands>true</UseStandardCommands>
			<DefaultForm>DataProcessor.ПС_КалендарьЗапускаПроцессов.Form.Форма</DefaultForm>
			<AuxiliaryForm>DataProcessor.ПС_КалендарьЗапускаПроцессов.Form.ФормаУпр</AuxiliaryForm>
			<IncludeHelpInContents>true</IncludeHelpInContents>
			<ExtendedPresentation/>
			<Explanation/>
		</Properties>
		<ChildObjects>
			<Form>Форма</Form>
			<Form>ФормаУпр</Form>
			<Template>МакетДня</Template>
			<Template>МакетНеделя</Template>
		</ChildObjects>
	</DataProcessor>
</MetaDataObject>