﻿<?xml version="1.0" encoding="UTF-8"?>
<document xmlns="http://v8.1c.ru/8.2/data/spreadsheet" xmlns:style="http://v8.1c.ru/8.1/data/ui/style" xmlns:v8="http://v8.1c.ru/8.1/data/core" xmlns:v8ui="http://v8.1c.ru/8.1/data/ui" xmlns:xs="http://www.w3.org/2001/XMLSchema" xmlns:xsi="http://www.w3.org/2001/XMLSchema-instance">
	<languageSettings>
		<currentLanguage>ru</currentLanguage>
		<defaultLanguage>ru</defaultLanguage>
		<languageInfo>
			<id>ru</id>
			<code>Русский</code>
			<description>Русский</description>
		</languageInfo>
	</languageSettings>
	<columns>
		<size>5</size>
		<columnsItem>
			<index>0</index>
			<column>
				<formatIndex>1</formatIndex>
			</column>
		</columnsItem>
		<columnsItem>
			<index>1</index>
			<column>
				<formatIndex>2</formatIndex>
			</column>
		</columnsItem>
		<columnsItem>
			<index>2</index>
			<column>
				<formatIndex>3</formatIndex>
			</column>
		</columnsItem>
	</columns>
	<rowsItem>
		<index>0</index>
		<row>
			<formatIndex>4</formatIndex>
			<c>
				<c>
					<f>0</f>
				</c>
			</c>
			<c>
				<c>
					<f>0</f>
				</c>
			</c>
		</row>
	</rowsItem>
	<rowsItem>
		<index>1</index>
		<row>
			<c>
				<c>
					<f>0</f>
				</c>
			</c>
			<c>
				<c>
					<f>5</f>
					<tl>
						<v8:item>
							<v8:lang>ru</v8:lang>
							<v8:content>Легенда:</v8:content>
						</v8:item>
					</tl>
				</c>
			</c>
		</row>
	</rowsItem>
	<rowsItem>
		<index>2</index>
		<row>
			<c>
				<i>1</i>
				<c>
					<f>6</f>
					<tl>
						<v8:item>
							<v8:lang>ru</v8:lang>
							<v8:content>Выполненные</v8:content>
						</v8:item>
					</tl>
				</c>
			</c>
		</row>
	</rowsItem>
	<rowsItem>
		<index>3</index>
		<row>
			<c>
				<c>
					<f>7</f>
				</c>
			</c>
			<c>
				<c>
					<f>6</f>
					<tl>
						<v8:item>
							<v8:lang>ru</v8:lang>
							<v8:content>Не выполненные</v8:content>
						</v8:item>
					</tl>
				</c>
			</c>
		</row>
	</rowsItem>
	<rowsItem>
		<index>4</index>
		<row>
			<c>
				<c>
					<f>0</f>
				</c>
			</c>
			<c>
				<c>
					<f>8</f>
					<tl>
						<v8:item>
							<v8:lang>ru</v8:lang>
							<v8:content>Просроченные</v8:content>
						</v8:item>
					</tl>
				</c>
			</c>
		</row>
	</rowsItem>
	<rowsItem>
		<index>5</index>
		<row>
			<c>
				<c>
					<f>0</f>
				</c>
			</c>
			<c>
				<c>
					<f>6</f>
					<tl>
						<v8:item>
							<v8:lang>ru</v8:lang>
							<v8:content>Не просроченные</v8:content>
						</v8:item>
					</tl>
				</c>
			</c>
		</row>
	</rowsItem>
	<rowsItem>
		<index>6</index>
		<row>
			<c>
				<i>2</i>
				<c>
					<f>0</f>
					<tl/>
				</c>
			</c>
		</row>
	</rowsItem>
	<templateMode>true</templateMode>
	<defaultFormatIndex>9</defaultFormatIndex>
	<height>7</height>
	<vgRows>7</vgRows>
	<merge>
		<r>2</r>
		<c>1</c>
		<w>3</w>
	</merge>
	<merge>
		<r>3</r>
		<c>1</c>
		<w>3</w>
	</merge>
	<merge>
		<r>4</r>
		<c>1</c>
		<w>3</w>
	</merge>
	<merge>
		<r>5</r>
		<c>1</c>
		<w>3</w>
	</merge>
	<namedItem xsi:type="NamedItemCells">
		<name>Выполненая</name>
		<area>
			<type>Rectangle</type>
			<beginRow>2</beginRow>
			<endRow>2</endRow>
			<beginColumn>1</beginColumn>
			<endColumn>4</endColumn>
		</area>
	</namedItem>
	<namedItem xsi:type="NamedItemCells">
		<name>НеВыполненая</name>
		<area>
			<type>Rectangle</type>
			<beginRow>3</beginRow>
			<endRow>3</endRow>
			<beginColumn>4</beginColumn>
			<endColumn>1</endColumn>
		</area>
	</namedItem>
	<namedItem xsi:type="NamedItemCells">
		<name>НеПросроченая</name>
		<area>
			<type>Rectangle</type>
			<beginRow>5</beginRow>
			<endRow>5</endRow>
			<beginColumn>4</beginColumn>
			<endColumn>1</endColumn>
		</area>
	</namedItem>
	<namedItem xsi:type="NamedItemCells">
		<name>Просроченая</name>
		<area>
			<type>Rectangle</type>
			<beginRow>4</beginRow>
			<endRow>4</endRow>
			<beginColumn>4</beginColumn>
			<endColumn>1</endColumn>
		</area>
	</namedItem>
	<line width="1" gap="false">
		<v8ui:style xsi:type="v8ui:SpreadsheetDocumentCellLineType">Solid</v8ui:style>
	</line>
	<font faceName="Arial" height="10" bold="true" italic="false" underline="false" strikeout="false" kind="Absolute"/>
	<font faceName="Arial" height="8" bold="true" italic="false" underline="false" strikeout="false" kind="Absolute"/>
	<format>
		<width>35</width>
	</format>
	<format>
		<width>144</width>
	</format>
	<format>
		<width>118</width>
	</format>
	<format>
		<height>21</height>
	</format>
	<format>
		<font>0</font>
	</format>
	<format>
		<font>1</font>
		<border>0</border>
		<horizontalAlignment>Center</horizontalAlignment>
		<textColor>style:FormTextColor</textColor>
		<backColor>#FFFFFF</backColor>
	</format>
	<format>
		<textColor>#FF0000</textColor>
	</format>
	<format>
		<font>1</font>
		<border>0</border>
		<width>139</width>
		<horizontalAlignment>Center</horizontalAlignment>
		<textColor>style:FormTextColor</textColor>
		<backColor>#FFFFFF</backColor>
	</format>
	<format>
		<width>72</width>
	</format>
</document>