﻿<?xml version="1.0" encoding="UTF-8"?>
<MetaDataObject xmlns="http://v8.1c.ru/8.3/MDClasses" xmlns:app="http://v8.1c.ru/8.2/managed-application/core" xmlns:cfg="http://v8.1c.ru/8.1/data/enterprise/current-config" xmlns:cmi="http://v8.1c.ru/8.2/managed-application/cmi" xmlns:ent="http://v8.1c.ru/8.1/data/enterprise" xmlns:lf="http://v8.1c.ru/8.2/managed-application/logform" xmlns:style="http://v8.1c.ru/8.1/data/ui/style" xmlns:sys="http://v8.1c.ru/8.1/data/ui/fonts/system" xmlns:v8="http://v8.1c.ru/8.1/data/core" xmlns:v8ui="http://v8.1c.ru/8.1/data/ui" xmlns:web="http://v8.1c.ru/8.1/data/ui/colors/web" xmlns:win="http://v8.1c.ru/8.1/data/ui/colors/windows" xmlns:xen="http://v8.1c.ru/8.3/xcf/enums" xmlns:xpr="http://v8.1c.ru/8.3/xcf/predef" xmlns:xr="http://v8.1c.ru/8.3/xcf/readable" xmlns:xs="http://www.w3.org/2001/XMLSchema" xmlns:xsi="http://www.w3.org/2001/XMLSchema-instance">
	<DataProcessor uuid="f4354ffc-8cb7-4f22-a060-eb559c0f5ace">
		<InnerInfo>
			<xr:producedType name="DataProcessorObject.ПС_ОчисткаВерсийФайлов" category="Object">
				<xr:typeId>6acc56d3-4b16-4e46-b80e-3e166546b49b</xr:typeId>
				<xr:valTypeId>72e4a7c1-a1a4-486c-bf91-fef1426327da</xr:valTypeId>
			</xr:producedType>
			<xr:producedType name="DataProcessorManager.ПС_ОчисткаВерсийФайлов" category="Manager">
				<xr:typeId>9b5e8cdf-7375-4688-99e8-de489ea85b0d</xr:typeId>
				<xr:valTypeId>8d74c15c-24c2-417b-94b1-5eeda6e090b2</xr:valTypeId>
			</xr:producedType>
		</InnerInfo>
		<Properties>
			<Name>ПС_ОчисткаВерсийФайлов</Name>
			<Synonym>
				<v8:item>
					<v8:lang>ru</v8:lang>
					<v8:content>Очистка версий документов</v8:content>
				</v8:item>
			</Synonym>
			<Comment/>
			<UseStandardCommands>true</UseStandardCommands>
			<DefaultForm>DataProcessor.ПС_ОчисткаВерсийФайлов.Form.ФормаЭлемента</DefaultForm>
			<AuxiliaryForm/>
			<IncludeHelpInContents>true</IncludeHelpInContents>
			<ExtendedPresentation/>
			<Explanation/>
		</Properties>
		<ChildObjects>
			<Form>ФормаЭлемента</Form>
			<Form>ФормаСпискаРасширений</Form>
		</ChildObjects>
	</DataProcessor>
</MetaDataObject>