﻿<?xml version="1.0" encoding="UTF-8"?>
<MetaDataObject xmlns="http://v8.1c.ru/8.3/MDClasses" xmlns:app="http://v8.1c.ru/8.2/managed-application/core" xmlns:cfg="http://v8.1c.ru/8.1/data/enterprise/current-config" xmlns:cmi="http://v8.1c.ru/8.2/managed-application/cmi" xmlns:ent="http://v8.1c.ru/8.1/data/enterprise" xmlns:lf="http://v8.1c.ru/8.2/managed-application/logform" xmlns:style="http://v8.1c.ru/8.1/data/ui/style" xmlns:sys="http://v8.1c.ru/8.1/data/ui/fonts/system" xmlns:v8="http://v8.1c.ru/8.1/data/core" xmlns:v8ui="http://v8.1c.ru/8.1/data/ui" xmlns:web="http://v8.1c.ru/8.1/data/ui/colors/web" xmlns:win="http://v8.1c.ru/8.1/data/ui/colors/windows" xmlns:xen="http://v8.1c.ru/8.3/xcf/enums" xmlns:xpr="http://v8.1c.ru/8.3/xcf/predef" xmlns:xr="http://v8.1c.ru/8.3/xcf/readable" xmlns:xs="http://www.w3.org/2001/XMLSchema" xmlns:xsi="http://www.w3.org/2001/XMLSchema-instance">
	<DataProcessor uuid="bcce1424-95da-4434-ba52-1a84229633ec">
		<InnerInfo>
			<xr:producedType name="DataProcessorObject.ПС_РабочийСтол" category="Object">
				<xr:typeId>5411e671-eb64-4bb5-ad7c-116d078c9f01</xr:typeId>
				<xr:valTypeId>787d218c-5488-42d8-83f5-951b998e4428</xr:valTypeId>
			</xr:producedType>
			<xr:producedType name="DataProcessorManager.ПС_РабочийСтол" category="Manager">
				<xr:typeId>1d6d2d00-2572-4531-887d-cfa5ae36c770</xr:typeId>
				<xr:valTypeId>d389d0f2-3994-470a-b778-9c0c6e821e9e</xr:valTypeId>
			</xr:producedType>
		</InnerInfo>
		<Properties>
			<Name>ПС_РабочийСтол</Name>
			<Synonym>
				<v8:item>
					<v8:lang>ru</v8:lang>
					<v8:content>Рабочий стол</v8:content>
				</v8:item>
			</Synonym>
			<Comment/>
			<UseStandardCommands>false</UseStandardCommands>
			<DefaultForm>DataProcessor.ПС_РабочийСтол.Form.ФормаУпр</DefaultForm>
			<AuxiliaryForm>DataProcessor.ПС_РабочийСтол.Form.ФормаУпр</AuxiliaryForm>
			<IncludeHelpInContents>true</IncludeHelpInContents>
			<ExtendedPresentation>
				<v8:item>
					<v8:lang>ru</v8:lang>
					<v8:content>Рабочий стол</v8:content>
				</v8:item>
			</ExtendedPresentation>
			<Explanation/>
		</Properties>
		<ChildObjects>
			<Form>ФормаУпр</Form>
			<Command uuid="7dddb56a-a742-4ad1-9b46-ef64eea2204a">
				<Properties>
					<Name>ПС_РабочийСтол</Name>
					<Synonym>
						<v8:item>
							<v8:lang>ru</v8:lang>
							<v8:content>Рабочий стол</v8:content>
						</v8:item>
					</Synonym>
					<Comment/>
					<Group>NavigationPanelImportant</Group>
					<CommandParameterType/>
					<ParameterUseMode>Single</ParameterUseMode>
					<ModifiesData>false</ModifiesData>
					<Representation>PictureAndText</Representation>
					<ToolTip>
						<v8:item>
							<v8:lang>ru</v8:lang>
							<v8:content>Открыть рабочий стол</v8:content>
						</v8:item>
					</ToolTip>
					<Picture>
						<xr:pictureRef>CommonPicture.ПС_РабочийСтол</xr:pictureRef>
						<xr:loadTransparent>true</xr:loadTransparent>
						<xr:transparentPixel x="3" y="0"/>
					</Picture>
					<Shortcut/>
				</Properties>
			</Command>
		</ChildObjects>
	</DataProcessor>
</MetaDataObject>