﻿<?xml version="1.0" encoding="UTF-8"?>
<MetaDataObject xmlns="http://v8.1c.ru/8.3/MDClasses" xmlns:app="http://v8.1c.ru/8.2/managed-application/core" xmlns:cfg="http://v8.1c.ru/8.1/data/enterprise/current-config" xmlns:cmi="http://v8.1c.ru/8.2/managed-application/cmi" xmlns:ent="http://v8.1c.ru/8.1/data/enterprise" xmlns:lf="http://v8.1c.ru/8.2/managed-application/logform" xmlns:style="http://v8.1c.ru/8.1/data/ui/style" xmlns:sys="http://v8.1c.ru/8.1/data/ui/fonts/system" xmlns:v8="http://v8.1c.ru/8.1/data/core" xmlns:v8ui="http://v8.1c.ru/8.1/data/ui" xmlns:web="http://v8.1c.ru/8.1/data/ui/colors/web" xmlns:win="http://v8.1c.ru/8.1/data/ui/colors/windows" xmlns:xen="http://v8.1c.ru/8.3/xcf/enums" xmlns:xpr="http://v8.1c.ru/8.3/xcf/predef" xmlns:xr="http://v8.1c.ru/8.3/xcf/readable" xmlns:xs="http://www.w3.org/2001/XMLSchema" xmlns:xsi="http://www.w3.org/2001/XMLSchema-instance">
	<Enum uuid="56c897b7-d34e-4d7d-9a3b-d0779be5c189">
		<InnerInfo>
			<xr:producedType name="EnumRef.СпособыSMTPАутентификации" category="Ref">
				<xr:typeId>37548c27-9bd4-48d9-93ce-9f149740606f</xr:typeId>
				<xr:valTypeId>c5455baf-f805-4a79-9ae2-00304938fba6</xr:valTypeId>
			</xr:producedType>
			<xr:producedType name="EnumManager.СпособыSMTPАутентификации" category="Manager">
				<xr:typeId>01fd47e2-c97c-48dd-83bb-5aeff37a7c4d</xr:typeId>
				<xr:valTypeId>4817c1b2-5b71-4847-966e-4163881af3da</xr:valTypeId>
			</xr:producedType>
			<xr:producedType name="EnumList.СпособыSMTPАутентификации" category="List">
				<xr:typeId>0a795758-7931-40fd-a4c8-87d0d081093e</xr:typeId>
				<xr:valTypeId>e1419b71-cd78-422b-8ed8-fe100ce9c104</xr:valTypeId>
			</xr:producedType>
		</InnerInfo>
		<Properties>
			<Name>СпособыSMTPАутентификации</Name>
			<Synonym>
				<v8:item>
					<v8:lang>ru</v8:lang>
					<v8:content>Способы SMTP аутентификации</v8:content>
				</v8:item>
			</Synonym>
			<Comment/>
			<UseStandardCommands>false</UseStandardCommands>
			<StandardAttributes>
				<xr:Attribute name="Order">
					<xr:LinkByType/>
					<xr:FillChecking>DontCheck</xr:FillChecking>
					<xr:MultiLine>false</xr:MultiLine>
					<xr:FillFromFillingValue>false</xr:FillFromFillingValue>
					<xr:CreateOnInput>Auto</xr:CreateOnInput>
					<xr:MaxValue xsi:nil="true"/>
					<xr:ToolTip/>
					<xr:ExtendedEdit>false</xr:ExtendedEdit>
					<xr:Format/>
					<xr:ChoiceForm/>
					<xr:QuickChoice>Auto</xr:QuickChoice>
					<xr:ChoiceHistoryOnInput>Auto</xr:ChoiceHistoryOnInput>
					<xr:EditFormat/>
					<xr:PasswordMode>false</xr:PasswordMode>
					<xr:MarkNegatives>false</xr:MarkNegatives>
					<xr:MinValue xsi:nil="true"/>
					<xr:Synonym/>
					<xr:Comment/>
					<xr:FullTextSearch>Use</xr:FullTextSearch>
					<xr:ChoiceParameterLinks/>
					<xr:FillValue xsi:nil="true"/>
					<xr:Mask/>
					<xr:ChoiceParameters/>
				</xr:Attribute>
				<xr:Attribute name="Ref">
					<xr:LinkByType/>
					<xr:FillChecking>DontCheck</xr:FillChecking>
					<xr:MultiLine>false</xr:MultiLine>
					<xr:FillFromFillingValue>false</xr:FillFromFillingValue>
					<xr:CreateOnInput>Auto</xr:CreateOnInput>
					<xr:MaxValue xsi:nil="true"/>
					<xr:ToolTip/>
					<xr:ExtendedEdit>false</xr:ExtendedEdit>
					<xr:Format/>
					<xr:ChoiceForm/>
					<xr:QuickChoice>Auto</xr:QuickChoice>
					<xr:ChoiceHistoryOnInput>Auto</xr:ChoiceHistoryOnInput>
					<xr:EditFormat/>
					<xr:PasswordMode>false</xr:PasswordMode>
					<xr:MarkNegatives>false</xr:MarkNegatives>
					<xr:MinValue xsi:nil="true"/>
					<xr:Synonym/>
					<xr:Comment/>
					<xr:FullTextSearch>Use</xr:FullTextSearch>
					<xr:ChoiceParameterLinks/>
					<xr:FillValue xsi:nil="true"/>
					<xr:Mask/>
					<xr:ChoiceParameters/>
				</xr:Attribute>
			</StandardAttributes>
			<Characteristics/>
			<QuickChoice>true</QuickChoice>
			<ChoiceMode>BothWays</ChoiceMode>
			<DefaultListForm/>
			<DefaultChoiceForm/>
			<AuxiliaryListForm/>
			<AuxiliaryChoiceForm/>
			<ListPresentation/>
			<ExtendedListPresentation/>
			<Explanation/>
		</Properties>
		<ChildObjects>
			<EnumValue uuid="3ac81c80-56bd-4750-b135-07ab522e3eab">
				<Properties>
					<Name>CramMD5</Name>
					<Synonym>
						<v8:item>
							<v8:lang>ru</v8:lang>
							<v8:content>Cram MD5</v8:content>
						</v8:item>
					</Synonym>
					<Comment/>
				</Properties>
			</EnumValue>
			<EnumValue uuid="5657872f-c7d5-446f-bcc3-d0b86ad63a42">
				<Properties>
					<Name>Login</Name>
					<Synonym>
						<v8:item>
							<v8:lang>ru</v8:lang>
							<v8:content>Login</v8:content>
						</v8:item>
					</Synonym>
					<Comment/>
				</Properties>
			</EnumValue>
			<EnumValue uuid="d5214cb9-67e2-469f-989f-3f2b662ae830">
				<Properties>
					<Name>Plain</Name>
					<Synonym>
						<v8:item>
							<v8:lang>ru</v8:lang>
							<v8:content>Plain</v8:content>
						</v8:item>
					</Synonym>
					<Comment/>
				</Properties>
			</EnumValue>
			<EnumValue uuid="69679e88-4f2b-4dd6-8cb2-b88293d07b55">
				<Properties>
					<Name>БезАутентификации</Name>
					<Synonym>
						<v8:item>
							<v8:lang>ru</v8:lang>
							<v8:content>Без аутентификации</v8:content>
						</v8:item>
					</Synonym>
					<Comment/>
				</Properties>
			</EnumValue>
			<EnumValue uuid="68679208-9972-4854-8649-49bdf6212255">
				<Properties>
					<Name>ПоУмолчанию</Name>
					<Synonym>
						<v8:item>
							<v8:lang>ru</v8:lang>
							<v8:content>По умолчанию</v8:content>
						</v8:item>
					</Synonym>
					<Comment/>
				</Properties>
			</EnumValue>
		</ChildObjects>
	</Enum>
</MetaDataObject>