﻿<?xml version="1.0" encoding="UTF-8"?>
<document xmlns="http://v8.1c.ru/8.2/data/spreadsheet" xmlns:style="http://v8.1c.ru/8.1/data/ui/style" xmlns:v8="http://v8.1c.ru/8.1/data/core" xmlns:v8ui="http://v8.1c.ru/8.1/data/ui" xmlns:xs="http://www.w3.org/2001/XMLSchema" xmlns:xsi="http://www.w3.org/2001/XMLSchema-instance">
	<languageSettings>
		<currentLanguage>ru</currentLanguage>
		<defaultLanguage>ru</defaultLanguage>
		<languageInfo>
			<id>ru</id>
			<code>Русский</code>
			<description>Русский</description>
		</languageInfo>
	</languageSettings>
	<columns>
		<size>3</size>
		<columnsItem>
			<index>0</index>
			<column>
				<formatIndex>1</formatIndex>
			</column>
		</columnsItem>
		<columnsItem>
			<index>1</index>
			<column>
				<formatIndex>2</formatIndex>
			</column>
		</columnsItem>
		<columnsItem>
			<index>2</index>
			<column>
				<formatIndex>3</formatIndex>
			</column>
		</columnsItem>
	</columns>
	<rowsItem>
		<index>0</index>
		<row>
			<c>
				<c>
					<f>4</f>
				</c>
			</c>
			<c>
				<c>
					<f>5</f>
					<tl>
						<v8:item>
							<v8:lang>ru</v8:lang>
							<v8:content>Количество дней и часов</v8:content>
						</v8:item>
					</tl>
				</c>
			</c>
			<c>
				<c>
					<f>6</f>
					<parameter>ИмяМесяца</parameter>
				</c>
			</c>
		</row>
	</rowsItem>
	<rowsItem>
		<index>1</index>
		<row>
			<c>
				<c>
					<f>7</f>
				</c>
			</c>
			<c>
				<c>
					<f>8</f>
					<tl>
						<v8:item>
							<v8:lang>ru</v8:lang>
							<v8:content>Календарные дни</v8:content>
						</v8:item>
					</tl>
				</c>
			</c>
			<c>
				<c>
					<f>9</f>
					<parameter>КалендарныеДни</parameter>
				</c>
			</c>
		</row>
	</rowsItem>
	<rowsItem>
		<index>2</index>
		<row>
			<c>
				<c>
					<f>7</f>
				</c>
			</c>
			<c>
				<c>
					<f>8</f>
					<tl>
						<v8:item>
							<v8:lang>ru</v8:lang>
							<v8:content>Рабочие дни</v8:content>
						</v8:item>
					</tl>
				</c>
			</c>
			<c>
				<c>
					<f>9</f>
					<parameter>РабочиеДни</parameter>
				</c>
			</c>
		</row>
	</rowsItem>
	<rowsItem>
		<index>3</index>
		<row>
			<c>
				<c>
					<f>7</f>
				</c>
			</c>
			<c>
				<c>
					<f>8</f>
					<tl>
						<v8:item>
							<v8:lang>ru</v8:lang>
							<v8:content>Выходные и праздничные дни</v8:content>
						</v8:item>
					</tl>
				</c>
			</c>
			<c>
				<c>
					<f>9</f>
					<parameter>ВыходныеДни</parameter>
				</c>
			</c>
		</row>
	</rowsItem>
	<rowsItem>
		<index>4</index>
		<row>
			<c>
				<c>
					<f>7</f>
				</c>
			</c>
			<c>
				<c>
					<f>8</f>
					<tl>
						<v8:item>
							<v8:lang>ru</v8:lang>
							<v8:content>Рабочее время (в часах):
при 40-часовой рабочей неделе</v8:content>
						</v8:item>
					</tl>
				</c>
			</c>
			<c>
				<c>
					<f>9</f>
					<parameter>РабочееВремя40</parameter>
				</c>
			</c>
		</row>
	</rowsItem>
	<rowsItem>
		<index>5</index>
		<row>
			<c>
				<c>
					<f>7</f>
				</c>
			</c>
			<c>
				<c>
					<f>8</f>
					<tl>
						<v8:item>
							<v8:lang>ru</v8:lang>
							<v8:content>при 36-часовой рабочей неделе</v8:content>
						</v8:item>
					</tl>
				</c>
			</c>
			<c>
				<c>
					<f>9</f>
					<parameter>РабочееВремя36</parameter>
				</c>
			</c>
		</row>
	</rowsItem>
	<rowsItem>
		<index>6</index>
		<row>
			<c>
				<c>
					<f>4</f>
				</c>
			</c>
			<c>
				<c>
					<f>10</f>
					<tl>
						<v8:item>
							<v8:lang>ru</v8:lang>
							<v8:content>при 24-часовой рабочей неделе</v8:content>
						</v8:item>
					</tl>
				</c>
			</c>
			<c>
				<c>
					<f>11</f>
					<parameter>РабочееВремя24</parameter>
				</c>
			</c>
		</row>
	</rowsItem>
	<rowsItem>
		<index>8</index>
		<row>
			<formatIndex>12</formatIndex>
			<c>
				<c>
					<f>13</f>
				</c>
			</c>
			<c>
				<c>
					<f>14</f>
					<parameter>НомерКвартала</parameter>
				</c>
			</c>
		</row>
	</rowsItem>
	<rowsItem>
		<index>10</index>
		<row>
			<formatIndex>15</formatIndex>
			<c>
				<i>1</i>
				<c>
					<f>16</f>
					<tl>
						<v8:item>
							<v8:lang>ru</v8:lang>
							<v8:content>Производственный календарь на [Год] год</v8:content>
						</v8:item>
					</tl>
				</c>
			</c>
		</row>
	</rowsItem>
	<rowsItem>
		<index>12</index>
		<row>
			<c>
				<i>1</i>
				<c>
					<f>13</f>
					<tl>
						<v8:item>
							<v8:lang>ru</v8:lang>
							<v8:content>Расчет среднемесячного количества часов</v8:content>
						</v8:item>
					</tl>
				</c>
			</c>
		</row>
	</rowsItem>
	<rowsItem>
		<index>13</index>
		<row>
			<c>
				<i>1</i>
				<c>
					<f>17</f>
					<tl>
						<v8:item>
							<v8:lang>ru</v8:lang>
							<v8:content>Количество дней и часов</v8:content>
						</v8:item>
					</tl>
				</c>
			</c>
			<c>
				<c>
					<f>18</f>
					<parameter>ИмяМесяца</parameter>
				</c>
			</c>
		</row>
	</rowsItem>
	<rowsItem>
		<index>14</index>
		<row>
			<c>
				<i>1</i>
				<c>
					<f>19</f>
					<tl>
						<v8:item>
							<v8:lang>ru</v8:lang>
							<v8:content>Рабочее время (в часах):
при 40-часовой рабочей неделе</v8:content>
						</v8:item>
					</tl>
				</c>
			</c>
			<c>
				<c>
					<f>20</f>
					<parameter>РабочееВремя40</parameter>
				</c>
			</c>
		</row>
	</rowsItem>
	<rowsItem>
		<index>15</index>
		<row>
			<c>
				<i>1</i>
				<c>
					<f>21</f>
					<tl>
						<v8:item>
							<v8:lang>ru</v8:lang>
							<v8:content>при 36-часовой рабочей неделе</v8:content>
						</v8:item>
					</tl>
				</c>
			</c>
			<c>
				<c>
					<f>22</f>
					<parameter>РабочееВремя36</parameter>
				</c>
			</c>
		</row>
	</rowsItem>
	<rowsItem>
		<index>16</index>
		<row>
			<c>
				<i>1</i>
				<c>
					<f>23</f>
					<tl>
						<v8:item>
							<v8:lang>ru</v8:lang>
							<v8:content>при 24-часовой рабочей неделе</v8:content>
						</v8:item>
					</tl>
				</c>
			</c>
			<c>
				<c>
					<f>24</f>
					<parameter>РабочееВремя24</parameter>
				</c>
			</c>
		</row>
	</rowsItem>
	<templateMode>true</templateMode>
	<defaultFormatIndex>25</defaultFormatIndex>
	<height>17</height>
	<vgRows>17</vgRows>
	<namedItem xsi:type="NamedItemCells">
		<name>Заголовок</name>
		<area>
			<type>Rows</type>
			<beginRow>10</beginRow>
			<endRow>10</endRow>
			<beginColumn>-1</beginColumn>
			<endColumn>-1</endColumn>
		</area>
	</namedItem>
	<namedItem xsi:type="NamedItemCells">
		<name>Квартал</name>
		<area>
			<type>Rows</type>
			<beginRow>8</beginRow>
			<endRow>8</endRow>
			<beginColumn>-1</beginColumn>
			<endColumn>-1</endColumn>
		</area>
	</namedItem>
	<namedItem xsi:type="NamedItemCells">
		<name>КолонкаМесяца</name>
		<area>
			<type>Rectangle</type>
			<beginRow>0</beginRow>
			<endRow>6</endRow>
			<beginColumn>2</beginColumn>
			<endColumn>2</endColumn>
		</area>
	</namedItem>
	<namedItem xsi:type="NamedItemCells">
		<name>КолонкаМесяцаСр</name>
		<area>
			<type>Rectangle</type>
			<beginRow>11</beginRow>
			<endRow>16</endRow>
			<beginColumn>2</beginColumn>
			<endColumn>2</endColumn>
		</area>
	</namedItem>
	<namedItem xsi:type="NamedItemCells">
		<name>Среднемесячный</name>
		<area>
			<type>Rectangle</type>
			<beginRow>11</beginRow>
			<endRow>16</endRow>
			<beginColumn>0</beginColumn>
			<endColumn>2</endColumn>
		</area>
	</namedItem>
	<namedItem xsi:type="NamedItemCells">
		<name>ШапкаКвартала</name>
		<area>
			<type>Rectangle</type>
			<beginRow>0</beginRow>
			<endRow>6</endRow>
			<beginColumn>0</beginColumn>
			<endColumn>1</endColumn>
		</area>
	</namedItem>
	<line width="1" gap="false">
		<v8ui:style xsi:type="v8ui:SpreadsheetDocumentCellLineType">None</v8ui:style>
	</line>
	<line width="1" gap="false">
		<v8ui:style xsi:type="v8ui:SpreadsheetDocumentCellLineType">Solid</v8ui:style>
	</line>
	<font faceName="Arial" height="8" bold="true" italic="false" underline="false" strikeout="false" kind="Absolute"/>
	<font faceName="Arial" height="10" bold="true" italic="false" underline="false" strikeout="false" kind="Absolute"/>
	<format>
		<width>19</width>
	</format>
	<format>
		<width>187</width>
	</format>
	<format>
		<width>87</width>
	</format>
	<format>
		<border>0</border>
	</format>
	<format>
		<border>1</border>
		<backColor>style:FormBackColor</backColor>
	</format>
	<format>
		<font>0</font>
		<border>1</border>
		<horizontalAlignment>Center</horizontalAlignment>
		<fillType>Parameter</fillType>
	</format>
	<format>
		<leftBorder>0</leftBorder>
		<rightBorder>0</rightBorder>
	</format>
	<format>
		<leftBorder>1</leftBorder>
		<rightBorder>1</rightBorder>
		<backColor>style:FormBackColor</backColor>
	</format>
	<format>
		<leftBorder>1</leftBorder>
		<rightBorder>1</rightBorder>
		<horizontalAlignment>Center</horizontalAlignment>
		<fillType>Parameter</fillType>
	</format>
	<format>
		<leftBorder>1</leftBorder>
		<rightBorder>1</rightBorder>
		<bottomBorder>1</bottomBorder>
		<backColor>style:FormBackColor</backColor>
	</format>
	<format>
		<leftBorder>1</leftBorder>
		<rightBorder>1</rightBorder>
		<bottomBorder>1</bottomBorder>
		<horizontalAlignment>Center</horizontalAlignment>
		<fillType>Parameter</fillType>
	</format>
	<format>
		<height>72</height>
	</format>
	<format>
		<font>0</font>
	</format>
	<format>
		<font>0</font>
		<fillType>Parameter</fillType>
	</format>
	<format>
		<height>67</height>
	</format>
	<format>
		<font>1</font>
		<fillType>Template</fillType>
	</format>
	<format>
		<border>1</border>
		<width>187</width>
		<backColor>style:FormBackColor</backColor>
	</format>
	<format>
		<font>0</font>
		<border>1</border>
		<width>72</width>
		<horizontalAlignment>Center</horizontalAlignment>
		<textPlacement>Wrap</textPlacement>
		<fillType>Parameter</fillType>
	</format>
	<format>
		<leftBorder>1</leftBorder>
		<topBorder>0</topBorder>
		<rightBorder>1</rightBorder>
		<width>187</width>
		<backColor>style:FormBackColor</backColor>
	</format>
	<format>
		<leftBorder>1</leftBorder>
		<topBorder>0</topBorder>
		<rightBorder>1</rightBorder>
		<width>72</width>
		<horizontalAlignment>Center</horizontalAlignment>
		<fillType>Parameter</fillType>
	</format>
	<format>
		<leftBorder>1</leftBorder>
		<rightBorder>1</rightBorder>
		<width>187</width>
		<backColor>style:FormBackColor</backColor>
	</format>
	<format>
		<leftBorder>1</leftBorder>
		<rightBorder>1</rightBorder>
		<width>72</width>
		<horizontalAlignment>Center</horizontalAlignment>
		<fillType>Parameter</fillType>
	</format>
	<format>
		<leftBorder>1</leftBorder>
		<rightBorder>1</rightBorder>
		<bottomBorder>1</bottomBorder>
		<width>187</width>
		<backColor>style:FormBackColor</backColor>
	</format>
	<format>
		<leftBorder>1</leftBorder>
		<rightBorder>1</rightBorder>
		<bottomBorder>1</bottomBorder>
		<width>72</width>
		<horizontalAlignment>Center</horizontalAlignment>
		<fillType>Parameter</fillType>
	</format>
	<format>
		<width>72</width>
	</format>
</document>