﻿<?xml version="1.0" encoding="UTF-8"?>
<Form xmlns="http://v8.1c.ru/8.3/xcf/logform" xmlns:app="http://v8.1c.ru/8.2/managed-application/core" xmlns:dcscor="http://v8.1c.ru/8.1/data-composition-system/core" xmlns:dcsset="http://v8.1c.ru/8.1/data-composition-system/settings" xmlns:ent="http://v8.1c.ru/8.1/data/enterprise" xmlns:lf="http://v8.1c.ru/8.2/managed-application/logform" xmlns:style="http://v8.1c.ru/8.1/data/ui/style" xmlns:v8="http://v8.1c.ru/8.1/data/core" xmlns:web="http://v8.1c.ru/8.1/data/ui/colors/web" xmlns:win="http://v8.1c.ru/8.1/data/ui/colors/windows" xmlns:xr="http://v8.1c.ru/8.3/xcf/readable" xmlns:xs="http://www.w3.org/2001/XMLSchema" xmlns:xsi="http://www.w3.org/2001/XMLSchema-instance">
	<Attributes>
		<Attribute id="1">
			<Name>Запись</Name>
			<Title/>
			<Type>
				<v8:Type xmlns:d5p1="http://v8.1c.ru/8.1/data/enterprise/current-config">d5p1:InformationRegisterRecordManager.ПС_ИзбранныеМодели</v8:Type>
			</Type>
			<Accessibility>
				<xr:common>true</xr:common>
			</Accessibility>
			<Editing>
				<xr:common>true</xr:common>
			</Editing>
			<Content/>
			<SavingContent/>
			<MainProperty>true</MainProperty>
			<StoredData>true</StoredData>
			<FunctionalOptions/>
			<FillCheck>DontCheck</FillCheck>
			<Columns/>
			<ExtInfo/>
		</Attribute>
		<Attribute id="2">
			<Name>СсылкаНаКартинку</Name>
			<Title>
				<v8:item>
					<v8:lang>ru</v8:lang>
					<v8:content>Ссылка на картинку</v8:content>
				</v8:item>
			</Title>
			<Type>
				<v8:Type>xs:string</v8:Type>
				<v8:StringQualifiers>
					<v8:Length>0</v8:Length>
					<v8:AllowedLength>Variable</v8:AllowedLength>
				</v8:StringQualifiers>
			</Type>
			<Accessibility>
				<xr:common>true</xr:common>
			</Accessibility>
			<Editing>
				<xr:common>true</xr:common>
			</Editing>
			<Content/>
			<SavingContent/>
			<MainProperty>false</MainProperty>
			<StoredData>false</StoredData>
			<FunctionalOptions/>
			<FillCheck>DontCheck</FillCheck>
			<Columns/>
			<ExtInfo/>
		</Attribute>
		<Attribute id="3">
			<Name>Редактирование</Name>
			<Title>
				<v8:item>
					<v8:lang>ru</v8:lang>
					<v8:content>Редактирование</v8:content>
				</v8:item>
			</Title>
			<Type>
				<v8:Type>xs:boolean</v8:Type>
			</Type>
			<Accessibility>
				<xr:common>true</xr:common>
			</Accessibility>
			<Editing>
				<xr:common>true</xr:common>
			</Editing>
			<Content/>
			<SavingContent/>
			<MainProperty>false</MainProperty>
			<StoredData>false</StoredData>
			<FunctionalOptions/>
			<FillCheck>DontCheck</FillCheck>
			<Columns/>
			<ExtInfo/>
		</Attribute>
		<Attribute id="4">
			<Name>ИмяФайлаКартинки</Name>
			<Title>
				<v8:item>
					<v8:lang>ru</v8:lang>
					<v8:content>Имя файла картинки</v8:content>
				</v8:item>
			</Title>
			<Type>
				<v8:Type>xs:string</v8:Type>
				<v8:StringQualifiers>
					<v8:Length>0</v8:Length>
					<v8:AllowedLength>Variable</v8:AllowedLength>
				</v8:StringQualifiers>
			</Type>
			<Accessibility>
				<xr:common>true</xr:common>
			</Accessibility>
			<Editing>
				<xr:common>true</xr:common>
			</Editing>
			<Content/>
			<SavingContent/>
			<MainProperty>false</MainProperty>
			<StoredData>false</StoredData>
			<FunctionalOptions/>
			<FillCheck>DontCheck</FillCheck>
			<Columns/>
			<ExtInfo/>
		</Attribute>
		<ConditionalAppearance/>
	</Attributes>
	<Commands>
		<Command>
			<Name>ВыбратьКартинку</Name>
			<Title>
				<v8:item>
					<v8:lang>ru</v8:lang>
					<v8:content>Выбрать картинку</v8:content>
				</v8:item>
			</Title>
			<ToolTip>
				<v8:item>
					<v8:lang>ru</v8:lang>
					<v8:content>Выбрать картинку</v8:content>
				</v8:item>
			</ToolTip>
			<Using>
				<xr:common>true</xr:common>
			</Using>
			<ShortCut/>
			<Picture/>
			<Handler>ВыбратьКартинку</Handler>
			<FunctionalOptions/>
			<DefaultRepresentation>Auto</DefaultRepresentation>
			<ModifiesStoredData>false</ModifiesStoredData>
			<AddedFromContext>false</AddedFromContext>
		</Command>
	</Commands>
	<Parameters/>
	<Elements id="0:02023637-7868-4a5f-8576-835a76e0c9ba">
		<Properties>
			<Title/>
			<Width>0</Width>
			<Height>0</Height>
			<OpeningMode>LockOwnerWindow</OpeningMode>
			<EnterKeyBehavior>ControlNavigation</EnterKeyBehavior>
			<AutoSaveFormDataInSettings>DontUse</AutoSaveFormDataInSettings>
			<SaveFormDataInSettings>DontUse</SaveFormDataInSettings>
			<SettingsStorage/>
			<AutoTitle>true</AutoTitle>
			<AutoURL>true</AutoURL>
			<ChildrenGrouping>Vertical</ChildrenGrouping>
			<ChildItemsWidth>Auto</ChildItemsWidth>
			<AutoFillCheck>true</AutoFillCheck>
			<Customizable>true</Customizable>
			<Enabled>true</Enabled>
			<ReadOnly>false</ReadOnly>
			<CommandBarLocation>Auto</CommandBarLocation>
			<VerticalScrolling>useIfNecessary</VerticalScrolling>
			<BaseFontVariant>Auto</BaseFontVariant>
			<CommandsContent/>
		</Properties>
		<Events>
			<Event name="OnCreateAtServer">ПриСозданииНаСервере</Event>
			<Event name="BeforeWriteAtServer">ПередЗаписьюНаСервере</Event>
		</Events>
		<PredefinedContainedItems>
			<CommandBar xsi:type="AutoMenuGroup" id="-1:02023637-7868-4a5f-8576-835a76e0c9ba">
				<Properties>
					<Name>ФормаКоманднаяПанель</Name>
					<Type>AutoCommandBar</Type>
					<Visible>true</Visible>
					<UserVisible>
						<xr:common>true</xr:common>
					</UserVisible>
					<Enabled>true</Enabled>
					<ReadOnly>false</ReadOnly>
					<EnableContentChange>false</EnableContentChange>
					<Title/>
					<TitleTextColor>auto</TitleTextColor>
					<TitleFont kind="AutoFont"/>
					<ToolTip/>
					<ToolTipRepresentation>Auto</ToolTipRepresentation>
					<Shortcut/>
					<Width>0</Width>
					<Height>0</Height>
					<HorizontalStretch>auto</HorizontalStretch>
					<VerticalStretch>auto</VerticalStretch>
					<HorAlignment>Left</HorAlignment>
					<FillWithStdCommands>true</FillWithStdCommands>
				</Properties>
				<PredefinedContainedItems/>
				<ContainedItems/>
			</CommandBar>
		</PredefinedContainedItems>
		<ContainedItems>
			<Group id="11:02023637-7868-4a5f-8576-835a76e0c9ba">
				<Properties>
					<Name>ГруппаОсновные</Name>
					<Type>UsualGroup</Type>
					<Visible>true</Visible>
					<UserVisible>
						<xr:common>true</xr:common>
					</UserVisible>
					<Enabled>true</Enabled>
					<ReadOnly>false</ReadOnly>
					<EnableContentChange>false</EnableContentChange>
					<Title/>
					<TitleTextColor>auto</TitleTextColor>
					<TitleFont kind="AutoFont"/>
					<ToolTip/>
					<ToolTipRepresentation>Auto</ToolTipRepresentation>
					<Shortcut/>
					<Width>0</Width>
					<Height>0</Height>
					<HorizontalStretch>auto</HorizontalStretch>
					<VerticalStretch>auto</VerticalStretch>
					<Group>Horizontal</Group>
					<Behavior>Usual</Behavior>
					<CollapsedRepresentationTitle/>
					<Collapsed>false</Collapsed>
					<ControlRepresentation>TitleHyperlink</ControlRepresentation>
					<Representation>None</Representation>
					<ShowLeftMargin>true</ShowLeftMargin>
					<ChildItemsWidth>Auto</ChildItemsWidth>
					<Format/>
					<ShowTitle>false</ShowTitle>
					<TitleDataPath/>
					<BackColor>auto</BackColor>
				</Properties>
				<PredefinedContainedItems>
					<ExtTooltip xsi:type="TextDecoration" id="15:02023637-7868-4a5f-8576-835a76e0c9ba">
						<Properties>
							<Name>ГруппаОсновныеExtendedTooltip</Name>
							<Kind>Label</Kind>
							<Visible>true</Visible>
							<UserVisible>
								<xr:common>true</xr:common>
							</UserVisible>
							<Enabled>true</Enabled>
							<Width>0</Width>
							<Height>0</Height>
							<HorStretchable>auto</HorStretchable>
							<VertStretchable>auto</VertStretchable>
							<SkipOnInput>auto</SkipOnInput>
							<TextColor>auto</TextColor>
							<Font kind="AutoFont"/>
							<ShortCut/>
							<Title/>
							<Tooltip/>
							<TooltipRepresentation>Auto</TooltipRepresentation>
							<HyperLink>false</HyperLink>
							<HorAlignment>Left</HorAlignment>
							<VertAlignment>Auto</VertAlignment>
							<TitleHeight>0</TitleHeight>
							<BackColor>auto</BackColor>
							<BorderColor>auto</BorderColor>
							<Border width="1">
								<style xmlns="http://v8.1c.ru/8.1/data/ui" xsi:type="ControlBorderType">WithoutBorder</style>
							</Border>
						</Properties>
						<Events/>
						<PredefinedContainedItems/>
					</ExtTooltip>
				</PredefinedContainedItems>
				<ContainedItems>
					<Group id="9:02023637-7868-4a5f-8576-835a76e0c9ba">
						<Properties>
							<Name>ГруппаЛево</Name>
							<Type>UsualGroup</Type>
							<Visible>true</Visible>
							<UserVisible>
								<xr:common>true</xr:common>
							</UserVisible>
							<Enabled>true</Enabled>
							<ReadOnly>false</ReadOnly>
							<EnableContentChange>false</EnableContentChange>
							<Title/>
							<TitleTextColor>auto</TitleTextColor>
							<TitleFont kind="AutoFont"/>
							<ToolTip/>
							<ToolTipRepresentation>Auto</ToolTipRepresentation>
							<Shortcut/>
							<Width>0</Width>
							<Height>0</Height>
							<HorizontalStretch>auto</HorizontalStretch>
							<VerticalStretch>auto</VerticalStretch>
							<Group>Vertical</Group>
							<Behavior>Usual</Behavior>
							<CollapsedRepresentationTitle/>
							<Collapsed>false</Collapsed>
							<ControlRepresentation>TitleHyperlink</ControlRepresentation>
							<Representation>None</Representation>
							<ShowLeftMargin>true</ShowLeftMargin>
							<ChildItemsWidth>Auto</ChildItemsWidth>
							<Format/>
							<ShowTitle>false</ShowTitle>
							<TitleDataPath/>
							<BackColor>auto</BackColor>
						</Properties>
						<PredefinedContainedItems>
							<ExtTooltip xsi:type="TextDecoration" id="16:02023637-7868-4a5f-8576-835a76e0c9ba">
								<Properties>
									<Name>ГруппаЛевоExtendedTooltip</Name>
									<Kind>Label</Kind>
									<Visible>true</Visible>
									<UserVisible>
										<xr:common>true</xr:common>
									</UserVisible>
									<Enabled>true</Enabled>
									<Width>0</Width>
									<Height>0</Height>
									<HorStretchable>auto</HorStretchable>
									<VertStretchable>auto</VertStretchable>
									<SkipOnInput>auto</SkipOnInput>
									<TextColor>auto</TextColor>
									<Font kind="AutoFont"/>
									<ShortCut/>
									<Title/>
									<Tooltip/>
									<TooltipRepresentation>Auto</TooltipRepresentation>
									<HyperLink>false</HyperLink>
									<HorAlignment>Left</HorAlignment>
									<VertAlignment>Auto</VertAlignment>
									<TitleHeight>0</TitleHeight>
									<BackColor>auto</BackColor>
									<BorderColor>auto</BorderColor>
									<Border width="1">
										<style xmlns="http://v8.1c.ru/8.1/data/ui" xsi:type="ControlBorderType">WithoutBorder</style>
									</Border>
								</Properties>
								<Events/>
								<PredefinedContainedItems/>
							</ExtTooltip>
						</PredefinedContainedItems>
						<ContainedItems>
							<Input id="1:02023637-7868-4a5f-8576-835a76e0c9ba">
								<Properties>
									<Name>Пользователь</Name>
									<Type>InputField</Type>
									<DataPath>Запись.Пользователь</DataPath>
									<Visible>false</Visible>
									<UserVisible>
										<xr:common>true</xr:common>
									</UserVisible>
									<DefaultItem>false</DefaultItem>
									<Enabled>false</Enabled>
									<ReadOnly>false</ReadOnly>
									<SkipOnInput>auto</SkipOnInput>
									<Title/>
									<TitleTextColor>auto</TitleTextColor>
									<TitleBackColor>auto</TitleBackColor>
									<TitleFont kind="AutoFont"/>
									<TitleLocation>Auto</TitleLocation>
									<TitleHeight>0</TitleHeight>
									<ToolTip/>
									<ToolTipRepresentation>Auto</ToolTipRepresentation>
									<WarningOnEditRepresentation>Auto</WarningOnEditRepresentation>
									<WarningOnEdit/>
									<Shortcut/>
									<CommandsContent/>
									<HorizontalAlign>Auto</HorizontalAlign>
									<VerticalAlign>Auto</VerticalAlign>
									<EditMode>Enter</EditMode>
									<FixingInTable>None</FixingInTable>
									<CellHyperlink>false</CellHyperlink>
									<AutoCellHeight>false</AutoCellHeight>
									<ShowInHeader>true</ShowInHeader>
									<HeaderPicture/>
									<HeaderHorizontalAlign>Left</HeaderHorizontalAlign>
									<ShowInFooter>true</ShowInFooter>
									<FooterDataPath/>
									<FooterText/>
									<FooterTextColor>auto</FooterTextColor>
									<FooterBackColor>auto</FooterBackColor>
									<FooterFont kind="AutoFont"/>
									<FooterPicture/>
									<FooterHorizontalAlign>Auto</FooterHorizontalAlign>
									<Width>0</Width>
									<RowsCount>0</RowsCount>
									<HorizontalStretchable>auto</HorizontalStretchable>
									<VerticalStretchable>auto</VerticalStretchable>
									<Wrap>true</Wrap>
									<PasswordMode>auto</PasswordMode>
									<MultiLine>auto</MultiLine>
									<ExtendedEdit>auto</ExtendedEdit>
									<MarkNegatives>auto</MarkNegatives>
									<ChoiceListButton>auto</ChoiceListButton>
									<DropListButton>auto</DropListButton>
									<ChoiceButton>auto</ChoiceButton>
									<ChoiceButtonRepresentation>Auto</ChoiceButtonRepresentation>
									<ClearButton>auto</ClearButton>
									<SpinButton>auto</SpinButton>
									<OpenButton>auto</OpenButton>
									<CreateButton>auto</CreateButton>
									<Mask/>
									<ListChoiceMode>false</ListChoiceMode>
									<ChoiceListHeight>0</ChoiceListHeight>
									<DropListWidth>0</DropListWidth>
									<AutoChoiceIncomplete>auto</AutoChoiceIncomplete>
									<QuickChoice>auto</QuickChoice>
									<ChoiceObjects>Auto</ChoiceObjects>
									<Format/>
									<InputFormat/>
									<AutoMarkIncomplete>auto</AutoMarkIncomplete>
									<ChoiceType>true</ChoiceType>
									<IncompleteChoiceMode>OnEnterPressed</IncompleteChoiceMode>
									<TypeDomainEnabled>true</TypeDomainEnabled>
									<TextEdit>true</TextEdit>
									<EditTextUpdateMode>Auto</EditTextUpdateMode>
									<MinVal xsi:nil="true"/>
									<MaxVal xsi:nil="true"/>
									<ChoiceButtonPicture/>
									<ChoiceForm/>
									<ChoiceParamLinks/>
									<ChoiceParams/>
									<AvailableTypes/>
									<ValueList/>
									<TextColor>auto</TextColor>
									<BackColor>auto</BackColor>
									<BorderColor>auto</BorderColor>
									<Font kind="AutoFont"/>
									<LinkByType/>
									<InputHint/>
									<ChoiceHistoryOnInput>Auto</ChoiceHistoryOnInput>
								</Properties>
								<Events/>
								<PredefinedContainedItems>
									<ContextMenu xsi:type="ContextMenuGroup" id="2:02023637-7868-4a5f-8576-835a76e0c9ba">
										<Properties>
											<Name>ПользовательКонтекстноеМеню</Name>
											<Type>ContextMenu</Type>
											<Visible>true</Visible>
											<UserVisible>
												<xr:common>true</xr:common>
											</UserVisible>
											<Enabled>true</Enabled>
											<ReadOnly>false</ReadOnly>
											<EnableContentChange>false</EnableContentChange>
											<Title/>
											<TitleTextColor>auto</TitleTextColor>
											<TitleFont kind="AutoFont"/>
											<ToolTip/>
											<ToolTipRepresentation>Auto</ToolTipRepresentation>
											<Shortcut/>
											<Width>0</Width>
											<Height>0</Height>
											<HorizontalStretch>auto</HorizontalStretch>
											<VerticalStretch>auto</VerticalStretch>
											<FillWithStdCommands>true</FillWithStdCommands>
										</Properties>
										<PredefinedContainedItems/>
										<ContainedItems/>
									</ContextMenu>
									<ExtTooltip xsi:type="TextDecoration" id="17:02023637-7868-4a5f-8576-835a76e0c9ba">
										<Properties>
											<Name>ПользовательExtendedTooltip</Name>
											<Kind>Label</Kind>
											<Visible>true</Visible>
											<UserVisible>
												<xr:common>true</xr:common>
											</UserVisible>
											<Enabled>true</Enabled>
											<Width>0</Width>
											<Height>0</Height>
											<HorStretchable>auto</HorStretchable>
											<VertStretchable>auto</VertStretchable>
											<SkipOnInput>auto</SkipOnInput>
											<TextColor>auto</TextColor>
											<Font kind="AutoFont"/>
											<ShortCut/>
											<Title/>
											<Tooltip/>
											<TooltipRepresentation>Auto</TooltipRepresentation>
											<HyperLink>false</HyperLink>
											<HorAlignment>Left</HorAlignment>
											<VertAlignment>Auto</VertAlignment>
											<TitleHeight>0</TitleHeight>
											<BackColor>auto</BackColor>
											<BorderColor>auto</BorderColor>
											<Border width="1">
												<style xmlns="http://v8.1c.ru/8.1/data/ui" xsi:type="ControlBorderType">WithoutBorder</style>
											</Border>
										</Properties>
										<Events/>
										<PredefinedContainedItems/>
									</ExtTooltip>
								</PredefinedContainedItems>
							</Input>
							<Input id="3:02023637-7868-4a5f-8576-835a76e0c9ba">
								<Properties>
									<Name>МодельБП</Name>
									<Type>InputField</Type>
									<DataPath>Запись.МодельБП</DataPath>
									<Visible>true</Visible>
									<UserVisible>
										<xr:common>true</xr:common>
									</UserVisible>
									<DefaultItem>false</DefaultItem>
									<Enabled>true</Enabled>
									<ReadOnly>false</ReadOnly>
									<SkipOnInput>auto</SkipOnInput>
									<Title>
										<v8:item>
											<v8:lang>ru</v8:lang>
											<v8:content>Модель бизнес-процесса</v8:content>
										</v8:item>
									</Title>
									<TitleTextColor>auto</TitleTextColor>
									<TitleBackColor>auto</TitleBackColor>
									<TitleFont kind="AutoFont"/>
									<TitleLocation>Auto</TitleLocation>
									<TitleHeight>0</TitleHeight>
									<ToolTip/>
									<ToolTipRepresentation>Auto</ToolTipRepresentation>
									<WarningOnEditRepresentation>Auto</WarningOnEditRepresentation>
									<WarningOnEdit/>
									<Shortcut/>
									<CommandsContent/>
									<HorizontalAlign>Auto</HorizontalAlign>
									<VerticalAlign>Auto</VerticalAlign>
									<EditMode>Enter</EditMode>
									<FixingInTable>None</FixingInTable>
									<CellHyperlink>false</CellHyperlink>
									<AutoCellHeight>false</AutoCellHeight>
									<ShowInHeader>true</ShowInHeader>
									<HeaderPicture/>
									<HeaderHorizontalAlign>Left</HeaderHorizontalAlign>
									<ShowInFooter>true</ShowInFooter>
									<FooterDataPath/>
									<FooterText/>
									<FooterTextColor>auto</FooterTextColor>
									<FooterBackColor>auto</FooterBackColor>
									<FooterFont kind="AutoFont"/>
									<FooterPicture/>
									<FooterHorizontalAlign>Auto</FooterHorizontalAlign>
									<Width>0</Width>
									<RowsCount>0</RowsCount>
									<HorizontalStretchable>auto</HorizontalStretchable>
									<VerticalStretchable>auto</VerticalStretchable>
									<Wrap>true</Wrap>
									<PasswordMode>auto</PasswordMode>
									<MultiLine>auto</MultiLine>
									<ExtendedEdit>auto</ExtendedEdit>
									<MarkNegatives>auto</MarkNegatives>
									<ChoiceListButton>auto</ChoiceListButton>
									<DropListButton>auto</DropListButton>
									<ChoiceButton>auto</ChoiceButton>
									<ChoiceButtonRepresentation>Auto</ChoiceButtonRepresentation>
									<ClearButton>auto</ClearButton>
									<SpinButton>auto</SpinButton>
									<OpenButton>auto</OpenButton>
									<CreateButton>auto</CreateButton>
									<Mask/>
									<ListChoiceMode>false</ListChoiceMode>
									<ChoiceListHeight>0</ChoiceListHeight>
									<DropListWidth>0</DropListWidth>
									<AutoChoiceIncomplete>auto</AutoChoiceIncomplete>
									<QuickChoice>auto</QuickChoice>
									<ChoiceObjects>Auto</ChoiceObjects>
									<Format/>
									<InputFormat/>
									<AutoMarkIncomplete>auto</AutoMarkIncomplete>
									<ChoiceType>true</ChoiceType>
									<IncompleteChoiceMode>OnEnterPressed</IncompleteChoiceMode>
									<TypeDomainEnabled>true</TypeDomainEnabled>
									<TextEdit>true</TextEdit>
									<EditTextUpdateMode>Auto</EditTextUpdateMode>
									<MinVal xsi:nil="true"/>
									<MaxVal xsi:nil="true"/>
									<ChoiceButtonPicture/>
									<ChoiceForm/>
									<ChoiceParamLinks/>
									<ChoiceParams/>
									<AvailableTypes/>
									<ValueList/>
									<TextColor>auto</TextColor>
									<BackColor>auto</BackColor>
									<BorderColor>auto</BorderColor>
									<Font kind="AutoFont"/>
									<LinkByType/>
									<InputHint/>
									<ChoiceHistoryOnInput>Auto</ChoiceHistoryOnInput>
								</Properties>
								<Events>
									<Event name="ChoiceProcessing">МодельБПОбработкаВыбора</Event>
								</Events>
								<PredefinedContainedItems>
									<ContextMenu xsi:type="ContextMenuGroup" id="4:02023637-7868-4a5f-8576-835a76e0c9ba">
										<Properties>
											<Name>МодельБПКонтекстноеМеню</Name>
											<Type>ContextMenu</Type>
											<Visible>true</Visible>
											<UserVisible>
												<xr:common>true</xr:common>
											</UserVisible>
											<Enabled>true</Enabled>
											<ReadOnly>false</ReadOnly>
											<EnableContentChange>false</EnableContentChange>
											<Title/>
											<TitleTextColor>auto</TitleTextColor>
											<TitleFont kind="AutoFont"/>
											<ToolTip/>
											<ToolTipRepresentation>Auto</ToolTipRepresentation>
											<Shortcut/>
											<Width>0</Width>
											<Height>0</Height>
											<HorizontalStretch>auto</HorizontalStretch>
											<VerticalStretch>auto</VerticalStretch>
											<FillWithStdCommands>true</FillWithStdCommands>
										</Properties>
										<PredefinedContainedItems/>
										<ContainedItems/>
									</ContextMenu>
									<ExtTooltip xsi:type="TextDecoration" id="18:02023637-7868-4a5f-8576-835a76e0c9ba">
										<Properties>
											<Name>МодельБПExtendedTooltip</Name>
											<Kind>Label</Kind>
											<Visible>true</Visible>
											<UserVisible>
												<xr:common>true</xr:common>
											</UserVisible>
											<Enabled>true</Enabled>
											<Width>0</Width>
											<Height>0</Height>
											<HorStretchable>auto</HorStretchable>
											<VertStretchable>auto</VertStretchable>
											<SkipOnInput>auto</SkipOnInput>
											<TextColor>auto</TextColor>
											<Font kind="AutoFont"/>
											<ShortCut/>
											<Title/>
											<Tooltip/>
											<TooltipRepresentation>Auto</TooltipRepresentation>
											<HyperLink>false</HyperLink>
											<HorAlignment>Left</HorAlignment>
											<VertAlignment>Auto</VertAlignment>
											<TitleHeight>0</TitleHeight>
											<BackColor>auto</BackColor>
											<BorderColor>auto</BorderColor>
											<Border width="1">
												<style xmlns="http://v8.1c.ru/8.1/data/ui" xsi:type="ControlBorderType">WithoutBorder</style>
											</Border>
										</Properties>
										<Events/>
										<PredefinedContainedItems/>
									</ExtTooltip>
								</PredefinedContainedItems>
							</Input>
							<Input id="5:02023637-7868-4a5f-8576-835a76e0c9ba">
								<Properties>
									<Name>Описание</Name>
									<Type>InputField</Type>
									<DataPath>Запись.Описание</DataPath>
									<Visible>true</Visible>
									<UserVisible>
										<xr:common>true</xr:common>
									</UserVisible>
									<DefaultItem>false</DefaultItem>
									<Enabled>true</Enabled>
									<ReadOnly>false</ReadOnly>
									<SkipOnInput>auto</SkipOnInput>
									<Title/>
									<TitleTextColor>auto</TitleTextColor>
									<TitleBackColor>auto</TitleBackColor>
									<TitleFont kind="AutoFont"/>
									<TitleLocation>Auto</TitleLocation>
									<TitleHeight>0</TitleHeight>
									<ToolTip/>
									<ToolTipRepresentation>Auto</ToolTipRepresentation>
									<WarningOnEditRepresentation>Auto</WarningOnEditRepresentation>
									<WarningOnEdit/>
									<Shortcut/>
									<CommandsContent/>
									<HorizontalAlign>Auto</HorizontalAlign>
									<VerticalAlign>Auto</VerticalAlign>
									<EditMode>Enter</EditMode>
									<FixingInTable>None</FixingInTable>
									<CellHyperlink>false</CellHyperlink>
									<AutoCellHeight>false</AutoCellHeight>
									<ShowInHeader>true</ShowInHeader>
									<HeaderPicture/>
									<HeaderHorizontalAlign>Left</HeaderHorizontalAlign>
									<ShowInFooter>true</ShowInFooter>
									<FooterDataPath/>
									<FooterText/>
									<FooterTextColor>auto</FooterTextColor>
									<FooterBackColor>auto</FooterBackColor>
									<FooterFont kind="AutoFont"/>
									<FooterPicture/>
									<FooterHorizontalAlign>Auto</FooterHorizontalAlign>
									<Width>0</Width>
									<RowsCount>0</RowsCount>
									<HorizontalStretchable>auto</HorizontalStretchable>
									<VerticalStretchable>auto</VerticalStretchable>
									<Wrap>true</Wrap>
									<PasswordMode>auto</PasswordMode>
									<MultiLine>auto</MultiLine>
									<ExtendedEdit>auto</ExtendedEdit>
									<MarkNegatives>auto</MarkNegatives>
									<ChoiceListButton>auto</ChoiceListButton>
									<DropListButton>auto</DropListButton>
									<ChoiceButton>auto</ChoiceButton>
									<ChoiceButtonRepresentation>Auto</ChoiceButtonRepresentation>
									<ClearButton>auto</ClearButton>
									<SpinButton>auto</SpinButton>
									<OpenButton>auto</OpenButton>
									<CreateButton>auto</CreateButton>
									<Mask/>
									<ListChoiceMode>false</ListChoiceMode>
									<ChoiceListHeight>0</ChoiceListHeight>
									<DropListWidth>0</DropListWidth>
									<AutoChoiceIncomplete>auto</AutoChoiceIncomplete>
									<QuickChoice>auto</QuickChoice>
									<ChoiceObjects>Auto</ChoiceObjects>
									<Format/>
									<InputFormat/>
									<AutoMarkIncomplete>auto</AutoMarkIncomplete>
									<ChoiceType>true</ChoiceType>
									<IncompleteChoiceMode>OnEnterPressed</IncompleteChoiceMode>
									<TypeDomainEnabled>true</TypeDomainEnabled>
									<TextEdit>true</TextEdit>
									<EditTextUpdateMode>Auto</EditTextUpdateMode>
									<MinVal xsi:nil="true"/>
									<MaxVal xsi:nil="true"/>
									<ChoiceButtonPicture/>
									<ChoiceForm/>
									<ChoiceParamLinks/>
									<ChoiceParams/>
									<AvailableTypes/>
									<ValueList/>
									<TextColor>auto</TextColor>
									<BackColor>auto</BackColor>
									<BorderColor>auto</BorderColor>
									<Font kind="AutoFont"/>
									<LinkByType/>
									<InputHint/>
									<ChoiceHistoryOnInput>Auto</ChoiceHistoryOnInput>
								</Properties>
								<Events/>
								<PredefinedContainedItems>
									<ContextMenu xsi:type="ContextMenuGroup" id="6:02023637-7868-4a5f-8576-835a76e0c9ba">
										<Properties>
											<Name>ОписаниеКонтекстноеМеню</Name>
											<Type>ContextMenu</Type>
											<Visible>true</Visible>
											<UserVisible>
												<xr:common>true</xr:common>
											</UserVisible>
											<Enabled>true</Enabled>
											<ReadOnly>false</ReadOnly>
											<EnableContentChange>false</EnableContentChange>
											<Title/>
											<TitleTextColor>auto</TitleTextColor>
											<TitleFont kind="AutoFont"/>
											<ToolTip/>
											<ToolTipRepresentation>Auto</ToolTipRepresentation>
											<Shortcut/>
											<Width>0</Width>
											<Height>0</Height>
											<HorizontalStretch>auto</HorizontalStretch>
											<VerticalStretch>auto</VerticalStretch>
											<FillWithStdCommands>true</FillWithStdCommands>
										</Properties>
										<PredefinedContainedItems/>
										<ContainedItems/>
									</ContextMenu>
									<ExtTooltip xsi:type="TextDecoration" id="19:02023637-7868-4a5f-8576-835a76e0c9ba">
										<Properties>
											<Name>ОписаниеExtendedTooltip</Name>
											<Kind>Label</Kind>
											<Visible>true</Visible>
											<UserVisible>
												<xr:common>true</xr:common>
											</UserVisible>
											<Enabled>true</Enabled>
											<Width>0</Width>
											<Height>0</Height>
											<HorStretchable>auto</HorStretchable>
											<VertStretchable>auto</VertStretchable>
											<SkipOnInput>auto</SkipOnInput>
											<TextColor>auto</TextColor>
											<Font kind="AutoFont"/>
											<ShortCut/>
											<Title/>
											<Tooltip/>
											<TooltipRepresentation>Auto</TooltipRepresentation>
											<HyperLink>false</HyperLink>
											<HorAlignment>Left</HorAlignment>
											<VertAlignment>Auto</VertAlignment>
											<TitleHeight>0</TitleHeight>
											<BackColor>auto</BackColor>
											<BorderColor>auto</BorderColor>
											<Border width="1">
												<style xmlns="http://v8.1c.ru/8.1/data/ui" xsi:type="ControlBorderType">WithoutBorder</style>
											</Border>
										</Properties>
										<Events/>
										<PredefinedContainedItems/>
									</ExtTooltip>
								</PredefinedContainedItems>
							</Input>
						</ContainedItems>
					</Group>
					<Group id="10:02023637-7868-4a5f-8576-835a76e0c9ba">
						<Properties>
							<Name>ГруппаПраво</Name>
							<Type>UsualGroup</Type>
							<Visible>true</Visible>
							<UserVisible>
								<xr:common>true</xr:common>
							</UserVisible>
							<Enabled>true</Enabled>
							<ReadOnly>false</ReadOnly>
							<EnableContentChange>false</EnableContentChange>
							<Title/>
							<TitleTextColor>auto</TitleTextColor>
							<TitleFont kind="AutoFont"/>
							<ToolTip/>
							<ToolTipRepresentation>Auto</ToolTipRepresentation>
							<Shortcut/>
							<Width>0</Width>
							<Height>0</Height>
							<HorizontalStretch>auto</HorizontalStretch>
							<VerticalStretch>auto</VerticalStretch>
							<Group>Vertical</Group>
							<Behavior>Usual</Behavior>
							<CollapsedRepresentationTitle/>
							<Collapsed>false</Collapsed>
							<ControlRepresentation>TitleHyperlink</ControlRepresentation>
							<Representation>None</Representation>
							<ShowLeftMargin>true</ShowLeftMargin>
							<ChildItemsWidth>Auto</ChildItemsWidth>
							<Format/>
							<ShowTitle>false</ShowTitle>
							<TitleDataPath/>
							<BackColor>auto</BackColor>
						</Properties>
						<PredefinedContainedItems>
							<ExtTooltip xsi:type="TextDecoration" id="20:02023637-7868-4a5f-8576-835a76e0c9ba">
								<Properties>
									<Name>ГруппаПравоExtendedTooltip</Name>
									<Kind>Label</Kind>
									<Visible>true</Visible>
									<UserVisible>
										<xr:common>true</xr:common>
									</UserVisible>
									<Enabled>true</Enabled>
									<Width>0</Width>
									<Height>0</Height>
									<HorStretchable>auto</HorStretchable>
									<VertStretchable>auto</VertStretchable>
									<SkipOnInput>auto</SkipOnInput>
									<TextColor>auto</TextColor>
									<Font kind="AutoFont"/>
									<ShortCut/>
									<Title/>
									<Tooltip/>
									<TooltipRepresentation>Auto</TooltipRepresentation>
									<HyperLink>false</HyperLink>
									<HorAlignment>Left</HorAlignment>
									<VertAlignment>Auto</VertAlignment>
									<TitleHeight>0</TitleHeight>
									<BackColor>auto</BackColor>
									<BorderColor>auto</BorderColor>
									<Border width="1">
										<style xmlns="http://v8.1c.ru/8.1/data/ui" xsi:type="ControlBorderType">WithoutBorder</style>
									</Border>
								</Properties>
								<Events/>
								<PredefinedContainedItems/>
							</ExtTooltip>
						</PredefinedContainedItems>
						<ContainedItems>
							<Image id="12:02023637-7868-4a5f-8576-835a76e0c9ba">
								<Properties>
									<Name>ПолеКартинки1</Name>
									<Type>PictureField</Type>
									<DataPath>СсылкаНаКартинку</DataPath>
									<Visible>true</Visible>
									<UserVisible>
										<xr:common>true</xr:common>
									</UserVisible>
									<DefaultItem>true</DefaultItem>
									<Enabled>true</Enabled>
									<ReadOnly>false</ReadOnly>
									<SkipOnInput>auto</SkipOnInput>
									<Title>
										<v8:item>
											<v8:lang>ru</v8:lang>
											<v8:content>Выберите картинку</v8:content>
										</v8:item>
									</Title>
									<TitleTextColor>auto</TitleTextColor>
									<TitleBackColor>auto</TitleBackColor>
									<TitleFont kind="AutoFont"/>
									<TitleLocation>None</TitleLocation>
									<TitleHeight>0</TitleHeight>
									<ToolTip>
										<v8:item>
											<v8:lang>ru</v8:lang>
											<v8:content>Выберите картинку</v8:content>
										</v8:item>
									</ToolTip>
									<ToolTipRepresentation>Auto</ToolTipRepresentation>
									<WarningOnEditRepresentation>DontShow</WarningOnEditRepresentation>
									<WarningOnEdit/>
									<Shortcut/>
									<CommandsContent/>
									<HorizontalAlign>Auto</HorizontalAlign>
									<VerticalAlign>Auto</VerticalAlign>
									<EditMode>Enter</EditMode>
									<FixingInTable>None</FixingInTable>
									<CellHyperlink>false</CellHyperlink>
									<AutoCellHeight>false</AutoCellHeight>
									<ShowInHeader>true</ShowInHeader>
									<HeaderPicture/>
									<HeaderHorizontalAlign>Left</HeaderHorizontalAlign>
									<ShowInFooter>true</ShowInFooter>
									<FooterDataPath/>
									<FooterText/>
									<FooterTextColor>auto</FooterTextColor>
									<FooterBackColor>auto</FooterBackColor>
									<FooterFont kind="AutoFont"/>
									<FooterPicture/>
									<FooterHorizontalAlign>Auto</FooterHorizontalAlign>
									<Width>0</Width>
									<Height>0</Height>
									<HorizontalStretchable>false</HorizontalStretchable>
									<VerticalStretchable>false</VerticalStretchable>
									<PictureSizeMode>AutoSize</PictureSizeMode>
									<Zoomable>true</Zoomable>
									<HyperLink>true</HyperLink>
									<NonselectedPictureText>
										<v8:item>
											<v8:lang>ru</v8:lang>
											<v8:content>Выберите картинку</v8:content>
										</v8:item>
									</NonselectedPictureText>
									<EnableStartDrag>false</EnableStartDrag>
									<EnableDrag>false</EnableDrag>
									<PictureValues/>
									<TextColor>auto</TextColor>
									<BorderColor>auto</BorderColor>
									<Font kind="AutoFont"/>
									<Border width="1">
										<style xmlns="http://v8.1c.ru/8.1/data/ui" xsi:type="ControlBorderType">Single</style>
									</Border>
								</Properties>
								<Events>
									<Event name="Click">ПолеКартинки1Нажатие</Event>
								</Events>
								<PredefinedContainedItems>
									<ContextMenu xsi:type="ContextMenuGroup" id="13:02023637-7868-4a5f-8576-835a76e0c9ba">
										<Properties>
											<Name>ПолеКартинки1КонтекстноеМеню</Name>
											<Type>ContextMenu</Type>
											<Visible>true</Visible>
											<UserVisible>
												<xr:common>true</xr:common>
											</UserVisible>
											<Enabled>true</Enabled>
											<ReadOnly>false</ReadOnly>
											<EnableContentChange>false</EnableContentChange>
											<Title/>
											<TitleTextColor>auto</TitleTextColor>
											<TitleFont kind="AutoFont"/>
											<ToolTip/>
											<ToolTipRepresentation>Auto</ToolTipRepresentation>
											<Shortcut/>
											<Width>0</Width>
											<Height>0</Height>
											<HorizontalStretch>auto</HorizontalStretch>
											<VerticalStretch>auto</VerticalStretch>
											<FillWithStdCommands>true</FillWithStdCommands>
										</Properties>
										<PredefinedContainedItems/>
										<ContainedItems/>
									</ContextMenu>
									<ExtTooltip xsi:type="TextDecoration" id="21:02023637-7868-4a5f-8576-835a76e0c9ba">
										<Properties>
											<Name>ПолеКартинки1ExtendedTooltip</Name>
											<Kind>Label</Kind>
											<Visible>true</Visible>
											<UserVisible>
												<xr:common>true</xr:common>
											</UserVisible>
											<Enabled>true</Enabled>
											<Width>0</Width>
											<Height>0</Height>
											<HorStretchable>auto</HorStretchable>
											<VertStretchable>auto</VertStretchable>
											<SkipOnInput>auto</SkipOnInput>
											<TextColor>auto</TextColor>
											<Font kind="AutoFont"/>
											<ShortCut/>
											<Title/>
											<Tooltip/>
											<TooltipRepresentation>Auto</TooltipRepresentation>
											<HyperLink>false</HyperLink>
											<HorAlignment>Left</HorAlignment>
											<VertAlignment>Auto</VertAlignment>
											<TitleHeight>0</TitleHeight>
											<BackColor>auto</BackColor>
											<BorderColor>auto</BorderColor>
											<Border width="1">
												<style xmlns="http://v8.1c.ru/8.1/data/ui" xsi:type="ControlBorderType">WithoutBorder</style>
											</Border>
										</Properties>
										<Events/>
										<PredefinedContainedItems/>
									</ExtTooltip>
								</PredefinedContainedItems>
							</Image>
							<Button id="14:02023637-7868-4a5f-8576-835a76e0c9ba">
								<Properties>
									<Name>ФормаЗагрузитьКартинку</Name>
									<Kind>UsualButton</Kind>
									<Visible>true</Visible>
									<UserVisible>
										<xr:common>true</xr:common>
									</UserVisible>
									<TitleRowsCount>0</TitleRowsCount>
									<Representation>Auto</Representation>
									<DefaultButton>false</DefaultButton>
									<SkipOnInput>auto</SkipOnInput>
									<Enabled>true</Enabled>
									<DefaultElement>false</DefaultElement>
									<Important>auto</Important>
									<Width>0</Width>
									<Height>0</Height>
									<PlacementArea>userCmds</PlacementArea>
									<Check>false</Check>
									<Command>Form.Command.ВыбратьКартинку</Command>
									<Parameter xsi:nil="true"/>
									<AttributeProperty/>
									<TextColor>auto</TextColor>
									<BackColor>auto</BackColor>
									<BorderColor>auto</BorderColor>
									<Font kind="AutoFont"/>
									<ShortCut/>
									<Picture/>
									<Title/>
									<TooltipRepresentation>Auto</TooltipRepresentation>
								</Properties>
								<PredefinedContainedItems>
									<ExtTooltip xsi:type="TextDecoration" id="22:02023637-7868-4a5f-8576-835a76e0c9ba">
										<Properties>
											<Name>ФормаЗагрузитьКартинкуExtendedTooltip</Name>
											<Kind>Label</Kind>
											<Visible>true</Visible>
											<UserVisible>
												<xr:common>true</xr:common>
											</UserVisible>
											<Enabled>true</Enabled>
											<Width>0</Width>
											<Height>0</Height>
											<HorStretchable>auto</HorStretchable>
											<VertStretchable>auto</VertStretchable>
											<SkipOnInput>auto</SkipOnInput>
											<TextColor>auto</TextColor>
											<Font kind="AutoFont"/>
											<ShortCut/>
											<Title/>
											<Tooltip/>
											<TooltipRepresentation>Auto</TooltipRepresentation>
											<HyperLink>false</HyperLink>
											<HorAlignment>Left</HorAlignment>
											<VertAlignment>Auto</VertAlignment>
											<TitleHeight>0</TitleHeight>
											<BackColor>auto</BackColor>
											<BorderColor>auto</BorderColor>
											<Border width="1">
												<style xmlns="http://v8.1c.ru/8.1/data/ui" xsi:type="ControlBorderType">WithoutBorder</style>
											</Border>
										</Properties>
										<Events/>
										<PredefinedContainedItems/>
									</ExtTooltip>
								</PredefinedContainedItems>
							</Button>
						</ContainedItems>
					</Group>
				</ContainedItems>
			</Group>
		</ContainedItems>
	</Elements>
	<NavigationPanel/>
	<CommandPanel/>
</Form>