﻿<?xml version="1.0" encoding="UTF-8"?>
<Form xmlns="http://v8.1c.ru/8.3/xcf/logform" xmlns:app="http://v8.1c.ru/8.2/managed-application/core" xmlns:dcscor="http://v8.1c.ru/8.1/data-composition-system/core" xmlns:dcsset="http://v8.1c.ru/8.1/data-composition-system/settings" xmlns:ent="http://v8.1c.ru/8.1/data/enterprise" xmlns:lf="http://v8.1c.ru/8.2/managed-application/logform" xmlns:style="http://v8.1c.ru/8.1/data/ui/style" xmlns:v8="http://v8.1c.ru/8.1/data/core" xmlns:web="http://v8.1c.ru/8.1/data/ui/colors/web" xmlns:win="http://v8.1c.ru/8.1/data/ui/colors/windows" xmlns:xr="http://v8.1c.ru/8.3/xcf/readable" xmlns:xs="http://www.w3.org/2001/XMLSchema" xmlns:xsi="http://www.w3.org/2001/XMLSchema-instance">
	<Attributes>
		<Attribute id="1">
			<Name>ПраваПоОбъектуДоступа</Name>
			<Title>
				<v8:item>
					<v8:lang>ru</v8:lang>
					<v8:content>Права по объекту доступа</v8:content>
				</v8:item>
			</Title>
			<Type>
				<v8:Type xmlns:d5p1="http://v8.1c.ru/8.1/data/enterprise/current-config">d5p1:DynamicList</v8:Type>
			</Type>
			<Accessibility>
				<xr:common>true</xr:common>
			</Accessibility>
			<Editing>
				<xr:common>true</xr:common>
			</Editing>
			<Content/>
			<SavingContent/>
			<MainProperty>false</MainProperty>
			<StoredData>false</StoredData>
			<FunctionalOptions/>
			<FillCheck>DontCheck</FillCheck>
			<Columns/>
			<ExtInfo>
				<Property>
					<Name>QueryText</Name>
					<Value xsi:type="xs:string">ВЫБРАТЬ
	ПраваПользователей.Пользователь,
	ВЫБОР
		КОГДА ПраваПользователей.ЧтениеЗапрещено = ИСТИНА
			ТОГДА ЛОЖЬ
		ИНАЧЕ ПраваПользователей.Чтение
	КОНЕЦ КАК Чтение,
	ВЫБОР
		КОГДА ПраваПользователей.ИзменениеЗапрещено = ИСТИНА
				ИЛИ ПраваПользователей.ЧтениеЗапрещено = ИСТИНА
			ТОГДА ЛОЖЬ
		ИНАЧЕ ПраваПользователей.Изменение
	КОНЕЦ КАК Изменение

ИЗ
	(ВЫБРАТЬ
		ВложенныйЗапрос.Пользователь КАК Пользователь,
		МАКСИМУМ(ВложенныйЗапрос.Чтение) КАК Чтение,
		МАКСИМУМ(ВложенныйЗапрос.Изменение) КАК Изменение,
		МАКСИМУМ(ВложенныйЗапрос.ЧтениеЗапрещено) КАК ЧтениеЗапрещено,
		МАКСИМУМ(ВложенныйЗапрос.ИзменениеЗапрещено) КАК ИзменениеЗапрещено
	ИЗ
		(ВЫБРАТЬ
			ПС_ПраваПользователейНаДескрипторыДоступа.Пользователь КАК Пользователь,
			ПС_ПраваПользователейНаДескрипторыДоступа.Чтение КАК Чтение,
			ПС_ПраваПользователейНаДескрипторыДоступа.Изменение КАК Изменение,
			ПС_ПраваПользователейНаДескрипторыДоступа.ЧтениеЗапрещено КАК ЧтениеЗапрещено,
			ПС_ПраваПользователейНаДескрипторыДоступа.ИзменениеЗапрещено КАК ИзменениеЗапрещено
		ИЗ
			(ВЫБРАТЬ РАЗЛИЧНЫЕ
				ПС_РаспределениеОбъектовПоДескрипторамДоступа.ДескрипторДоступа КАК ДескрипторДоступа
			ИЗ
				РегистрСведений.ПС_РаспределениеОбъектовПоДескрипторамДоступа КАК ПС_РаспределениеОбъектовПоДескрипторамДоступа
			ГДЕ
				ПС_РаспределениеОбъектовПоДескрипторамДоступа.Объект = &amp;ОбъектДоступа) КАК ВложенныйЗапрос
				ВНУТРЕННЕЕ СОЕДИНЕНИЕ РегистрСведений.ПС_ПраваПользователейНаДескрипторыДоступа КАК ПС_ПраваПользователейНаДескрипторыДоступа
				ПО ВложенныйЗапрос.ДескрипторДоступа = ПС_ПраваПользователейНаДескрипторыДоступа.ДескрипторДоступа
		
		ОБЪЕДИНИТЬ ВСЕ
		
		ВЫБРАТЬ
			ПС_ПраваПользователейНаДескрипторыДоступа.Пользователь,
			ПС_ПраваПользователейНаДескрипторыДоступа.Чтение,
			ПС_ПраваПользователейНаДескрипторыДоступа.Изменение,
			ПС_ПраваПользователейНаДескрипторыДоступа.ЧтениеЗапрещено,
			ПС_ПраваПользователейНаДескрипторыДоступа.ИзменениеЗапрещено
		ИЗ
			(ВЫБРАТЬ РАЗЛИЧНЫЕ
				ПС_РаспределениеОбъектовПоДескрипторамДоступаДополнительныеОграниченияПрав.ДескрипторДоступа КАК ДескрипторДоступа,
				ПС_РаспределениеОбъектовПоДескрипторамДоступаДополнительныеОграниченияПрав.Пользователь КАК Пользователь
			ИЗ
				РегистрСведений.ПС_РаспределениеОбъектовПоДескрипторамДоступаДополнительныеОграниченияПрав КАК ПС_РаспределениеОбъектовПоДескрипторамДоступаДополнительныеОграниченияПрав
			ГДЕ
				ПС_РаспределениеОбъектовПоДескрипторамДоступаДополнительныеОграниченияПрав.Объект = &amp;ОбъектДоступа) КАК ВложенныйЗапрос
				ВНУТРЕННЕЕ СОЕДИНЕНИЕ РегистрСведений.ПС_ПраваПользователейНаДескрипторыДоступа КАК ПС_ПраваПользователейНаДескрипторыДоступа
				ПО ВложенныйЗапрос.ДескрипторДоступа = ПС_ПраваПользователейНаДескрипторыДоступа.ДескрипторДоступа
					И ВложенныйЗапрос.Пользователь = ПС_ПраваПользователейНаДескрипторыДоступа.Пользователь) КАК ВложенныйЗапрос
	
	СГРУППИРОВАТЬ ПО
		ВложенныйЗапрос.Пользователь) КАК ПраваПользователей</Value>
				</Property>
				<Property>
					<Name>MainTable</Name>
					<Value xsi:type="xr:MDObjectRef"/>
				</Property>
				<Property>
					<Name>MainTableCategory</Name>
					<Value xsi:type="xs:decimal">0</Value>
				</Property>
				<Property>
					<Name>DynamicalDataSelection</Name>
					<Value xsi:type="xs:boolean">true</Value>
				</Property>
				<Property>
					<Name>ManualQuery</Name>
					<Value xsi:type="xs:boolean">true</Value>
				</Property>
				<Property>
					<Name>FiledsMapItemId0</Name>
					<Value xsi:type="xs:decimal">1</Value>
				</Property>
				<Property>
					<Name>FiledsMapItemName0</Name>
					<Value xsi:type="xs:string">Изменение</Value>
				</Property>
				<Property>
					<Name>FiledsMapItemId1</Name>
					<Value xsi:type="xs:decimal">2</Value>
				</Property>
				<Property>
					<Name>FiledsMapItemName1</Name>
					<Value xsi:type="xs:string">Пользователь</Value>
				</Property>
				<Property>
					<Name>FiledsMapItemId2</Name>
					<Value xsi:type="xs:decimal">3</Value>
				</Property>
				<Property>
					<Name>FiledsMapItemName2</Name>
					<Value xsi:type="xs:string">Чтение</Value>
				</Property>
				<Property>
					<Name>Order</Name>
					<Value xsi:type="dcsset:Order">
						<dcsset:item xsi:type="dcsset:OrderItemField">
							<dcsset:use>false</dcsset:use>
							<dcsset:field>Пользователь</dcsset:field>
							<dcsset:orderType>Asc</dcsset:orderType>
						</dcsset:item>
					</Value>
				</Property>
			</ExtInfo>
		</Attribute>
		<ConditionalAppearance/>
	</Attributes>
	<Commands/>
	<Parameters>
		<Parameter>
			<Name>ОбъектДоступа</Name>
			<Type>
				<v8:Type xmlns:d5p1="http://v8.1c.ru/8.1/data/enterprise/current-config">d5p1:CatalogRef.ПС_ВнешниеФайлы</v8:Type>
				<v8:Type xmlns:d5p1="http://v8.1c.ru/8.1/data/enterprise/current-config">d5p1:TaskRef.ПС_Задача</v8:Type>
			</Type>
			<KeyParameter>true</KeyParameter>
		</Parameter>
	</Parameters>
	<Elements id="0:02023637-7868-4a5f-8576-835a76e0c9ba">
		<Properties>
			<Title>
				<v8:item>
					<v8:lang>ru</v8:lang>
					<v8:content>Права доступа</v8:content>
				</v8:item>
			</Title>
			<Width>0</Width>
			<Height>0</Height>
			<OpeningMode>Independent</OpeningMode>
			<EnterKeyBehavior>ControlNavigation</EnterKeyBehavior>
			<AutoSaveFormDataInSettings>DontUse</AutoSaveFormDataInSettings>
			<SaveFormDataInSettings>DontUse</SaveFormDataInSettings>
			<SettingsStorage/>
			<AutoTitle>false</AutoTitle>
			<AutoURL>true</AutoURL>
			<ChildrenGrouping>Vertical</ChildrenGrouping>
			<ChildItemsWidth>Auto</ChildItemsWidth>
			<AutoFillCheck>true</AutoFillCheck>
			<Customizable>true</Customizable>
			<Enabled>true</Enabled>
			<ReadOnly>false</ReadOnly>
			<CommandBarLocation>Auto</CommandBarLocation>
			<VerticalScrolling>useIfNecessary</VerticalScrolling>
			<BaseFontVariant>Auto</BaseFontVariant>
			<CommandsContent/>
		</Properties>
		<Events>
			<Event name="OnOpen">ПриОткрытии</Event>
		</Events>
		<PredefinedContainedItems>
			<CommandBar xsi:type="AutoMenuGroup" id="-1:02023637-7868-4a5f-8576-835a76e0c9ba">
				<Properties>
					<Name>ФормаКоманднаяПанель</Name>
					<Type>AutoCommandBar</Type>
					<Visible>true</Visible>
					<UserVisible>
						<xr:common>true</xr:common>
					</UserVisible>
					<Enabled>true</Enabled>
					<ReadOnly>false</ReadOnly>
					<EnableContentChange>false</EnableContentChange>
					<Title/>
					<TitleTextColor>auto</TitleTextColor>
					<TitleFont kind="AutoFont"/>
					<ToolTip/>
					<ToolTipRepresentation>Auto</ToolTipRepresentation>
					<Shortcut/>
					<Width>0</Width>
					<Height>0</Height>
					<HorizontalStretch>auto</HorizontalStretch>
					<VerticalStretch>auto</VerticalStretch>
					<HorAlignment>Left</HorAlignment>
					<FillWithStdCommands>false</FillWithStdCommands>
				</Properties>
				<PredefinedContainedItems/>
				<ContainedItems/>
			</CommandBar>
		</PredefinedContainedItems>
		<ContainedItems>
			<Table id="1:02023637-7868-4a5f-8576-835a76e0c9ba">
				<Properties>
					<Name>ПраваПоОбъектуДоступа</Name>
					<Representation>HierarchicalList</Representation>
					<Visible>true</Visible>
					<UserVisible>
						<xr:common>true</xr:common>
					</UserVisible>
					<TitleLocation>None</TitleLocation>
					<TitleRowsCount>0</TitleRowsCount>
					<CommandBarLocation>Auto</CommandBarLocation>
					<AutoFill>false</AutoFill>
					<Enabled>true</Enabled>
					<ReadOnly>true</ReadOnly>
					<SkipOnInput>auto</SkipOnInput>
					<DefaultElement>false</DefaultElement>
					<ChangeRowSet>true</ChangeRowSet>
					<ChangeRowOrder>true</ChangeRowOrder>
					<Width>0</Width>
					<Height>0</Height>
					<RowsCount>0</RowsCount>
					<ChoiceMode>false</ChoiceMode>
					<MultipleChoice>false</MultipleChoice>
					<RowInputMode>EndOfList</RowInputMode>
					<RowsSelectionMode>MultiRow</RowsSelectionMode>
					<RowSelectionMode>Cell</RowSelectionMode>
					<ShowHeader>true</ShowHeader>
					<HeaderHeight>1</HeaderHeight>
					<ShowFooter>false</ShowFooter>
					<FooterHeight>1</FooterHeight>
					<HorScroll>AutoUse</HorScroll>
					<VertScroll>AutoUse</VertScroll>
					<ShowHorLines>true</ShowHorLines>
					<ShowVertLines>true</ShowVertLines>
					<FixedLeft>4294967295</FixedLeft>
					<FixedRight>4294967295</FixedRight>
					<UseAlternationRowColor>true</UseAlternationRowColor>
					<AutoInsertNewRow>false</AutoInsertNewRow>
					<AutoInsertNotCompletedVals>auto</AutoInsertNotCompletedVals>
					<AutoMarkNotcompletedVals>auto</AutoMarkNotcompletedVals>
					<SearchOnInput>Auto</SearchOnInput>
					<InitialListView>Auto</InitialListView>
					<InitialTreeView>NoExpand</InitialTreeView>
					<UseOutput>Auto</UseOutput>
					<HorStretchable>true</HorStretchable>
					<VertStretchable>true</VertStretchable>
					<EnableStartDrag>true</EnableStartDrag>
					<EnableDrag>false</EnableDrag>
					<DataPath>ПраваПоОбъектуДоступа</DataPath>
					<RowPictureDataPath>ПраваПоОбъектуДоступа.DefaultPicture</RowPictureDataPath>
					<RowsPicture/>
					<TextColor>auto</TextColor>
					<BackColor>auto</BackColor>
					<BorderColor>auto</BorderColor>
					<Font kind="AutoFont"/>
					<Title/>
					<TitleTextColor>auto</TitleTextColor>
					<TitleFont kind="AutoFont"/>
					<ShortCut/>
					<CommandsContent/>
					<Tooltip/>
					<TooltipRepresentation>Auto</TooltipRepresentation>
					<AutoRefresh>false</AutoRefresh>
					<AutoRefreshInterval>60</AutoRefreshInterval>
					<Period xsi:type="v8:StandardPeriod">
						<v8:variant xsi:type="v8:StandardPeriodVariant">Custom</v8:variant>
						<v8:startDate>0001-01-01T00:00:00</v8:startDate>
						<v8:endDate>0001-01-01T00:00:00</v8:endDate>
					</Period>
					<ChoiceFolderAndItem>Items</ChoiceFolderAndItem>
					<RestoreCurrentLine>false</RestoreCurrentLine>
					<TopParent xsi:nil="true"/>
					<ShowRoot>true</ShowRoot>
					<AllowRootChoice>false</AllowRootChoice>
					<UpdateOnDataChanges>Auto</UpdateOnDataChanges>
				</Properties>
				<Events>
					<Event name="Selection">ПраваПоОбъектуДоступаВыбор</Event>
				</Events>
				<PredefinedContainedItems>
					<ContextMenu xsi:type="ContextMenuGroup" id="2:02023637-7868-4a5f-8576-835a76e0c9ba">
						<Properties>
							<Name>ПраваПоОбъектуДоступаКонтекстноеМеню</Name>
							<Type>ContextMenu</Type>
							<Visible>true</Visible>
							<UserVisible>
								<xr:common>true</xr:common>
							</UserVisible>
							<Enabled>true</Enabled>
							<ReadOnly>false</ReadOnly>
							<EnableContentChange>false</EnableContentChange>
							<Title/>
							<TitleTextColor>auto</TitleTextColor>
							<TitleFont kind="AutoFont"/>
							<ToolTip/>
							<ToolTipRepresentation>Auto</ToolTipRepresentation>
							<Shortcut/>
							<Width>0</Width>
							<Height>0</Height>
							<HorizontalStretch>auto</HorizontalStretch>
							<VerticalStretch>auto</VerticalStretch>
							<FillWithStdCommands>true</FillWithStdCommands>
						</Properties>
						<PredefinedContainedItems/>
						<ContainedItems/>
					</ContextMenu>
					<CommandBar xsi:type="AutoMenuGroup" id="3:02023637-7868-4a5f-8576-835a76e0c9ba">
						<Properties>
							<Name>ПраваПоОбъектуДоступаКоманднаяПанель</Name>
							<Type>AutoCommandBar</Type>
							<Visible>true</Visible>
							<UserVisible>
								<xr:common>true</xr:common>
							</UserVisible>
							<Enabled>true</Enabled>
							<ReadOnly>false</ReadOnly>
							<EnableContentChange>false</EnableContentChange>
							<Title/>
							<TitleTextColor>auto</TitleTextColor>
							<TitleFont kind="AutoFont"/>
							<ToolTip/>
							<ToolTipRepresentation>Auto</ToolTipRepresentation>
							<Shortcut/>
							<Width>0</Width>
							<Height>0</Height>
							<HorizontalStretch>auto</HorizontalStretch>
							<VerticalStretch>auto</VerticalStretch>
							<HorAlignment>Left</HorAlignment>
							<FillWithStdCommands>false</FillWithStdCommands>
						</Properties>
						<PredefinedContainedItems/>
						<ContainedItems/>
					</CommandBar>
					<ExtTooltip xsi:type="TextDecoration" id="10:02023637-7868-4a5f-8576-835a76e0c9ba">
						<Properties>
							<Name>ПраваПоОбъектуДоступаExtendedTooltip</Name>
							<Kind>Label</Kind>
							<Visible>true</Visible>
							<UserVisible>
								<xr:common>true</xr:common>
							</UserVisible>
							<Enabled>true</Enabled>
							<Width>0</Width>
							<Height>0</Height>
							<HorStretchable>auto</HorStretchable>
							<VertStretchable>auto</VertStretchable>
							<SkipOnInput>auto</SkipOnInput>
							<TextColor>auto</TextColor>
							<Font kind="AutoFont"/>
							<ShortCut/>
							<Title/>
							<Tooltip/>
							<TooltipRepresentation>Auto</TooltipRepresentation>
							<HyperLink>false</HyperLink>
							<HorAlignment>Left</HorAlignment>
							<VertAlignment>Auto</VertAlignment>
							<TitleHeight>0</TitleHeight>
							<BackColor>auto</BackColor>
							<BorderColor>auto</BorderColor>
							<Border width="1">
								<style xmlns="http://v8.1c.ru/8.1/data/ui" xsi:type="ControlBorderType">WithoutBorder</style>
							</Border>
						</Properties>
						<Events/>
						<PredefinedContainedItems/>
					</ExtTooltip>
				</PredefinedContainedItems>
				<ContainedItems>
					<Text id="6:02023637-7868-4a5f-8576-835a76e0c9ba">
						<Properties>
							<Name>ПраваПоОбъектуДоступаПользователь</Name>
							<Type>LabelField</Type>
							<DataPath>ПраваПоОбъектуДоступа.Пользователь</DataPath>
							<Visible>true</Visible>
							<UserVisible>
								<xr:common>true</xr:common>
							</UserVisible>
							<DefaultItem>false</DefaultItem>
							<Enabled>true</Enabled>
							<ReadOnly>false</ReadOnly>
							<SkipOnInput>auto</SkipOnInput>
							<Title/>
							<TitleTextColor>auto</TitleTextColor>
							<TitleBackColor>auto</TitleBackColor>
							<TitleFont kind="AutoFont"/>
							<TitleLocation>Auto</TitleLocation>
							<TitleHeight>0</TitleHeight>
							<ToolTip/>
							<ToolTipRepresentation>Auto</ToolTipRepresentation>
							<WarningOnEditRepresentation>Auto</WarningOnEditRepresentation>
							<WarningOnEdit/>
							<Shortcut/>
							<CommandsContent/>
							<HorizontalAlign>Auto</HorizontalAlign>
							<VerticalAlign>Auto</VerticalAlign>
							<EditMode>Enter</EditMode>
							<FixingInTable>None</FixingInTable>
							<CellHyperlink>false</CellHyperlink>
							<AutoCellHeight>false</AutoCellHeight>
							<ShowInHeader>true</ShowInHeader>
							<HeaderPicture/>
							<HeaderHorizontalAlign>Left</HeaderHorizontalAlign>
							<ShowInFooter>true</ShowInFooter>
							<FooterDataPath/>
							<FooterText/>
							<FooterTextColor>auto</FooterTextColor>
							<FooterBackColor>auto</FooterBackColor>
							<FooterFont kind="AutoFont"/>
							<FooterPicture/>
							<FooterHorizontalAlign>Auto</FooterHorizontalAlign>
							<Width>0</Width>
							<RowsCount>0</RowsCount>
							<HorizontalStretchable>auto</HorizontalStretchable>
							<VerticalStretchable>auto</VerticalStretchable>
							<MarkNegatives>auto</MarkNegatives>
							<Format/>
							<HiperLink>false</HiperLink>
							<PasswordMode>auto</PasswordMode>
							<TextColor>auto</TextColor>
							<BackColor>auto</BackColor>
							<Font kind="AutoFont"/>
						</Properties>
						<Events/>
						<PredefinedContainedItems>
							<ContextMenu xsi:type="ContextMenuGroup" id="7:02023637-7868-4a5f-8576-835a76e0c9ba">
								<Properties>
									<Name>ПраваПоОбъектуДоступаПользовательКонтекстноеМеню</Name>
									<Type>ContextMenu</Type>
									<Visible>true</Visible>
									<UserVisible>
										<xr:common>true</xr:common>
									</UserVisible>
									<Enabled>true</Enabled>
									<ReadOnly>false</ReadOnly>
									<EnableContentChange>false</EnableContentChange>
									<Title/>
									<TitleTextColor>auto</TitleTextColor>
									<TitleFont kind="AutoFont"/>
									<ToolTip/>
									<ToolTipRepresentation>Auto</ToolTipRepresentation>
									<Shortcut/>
									<Width>0</Width>
									<Height>0</Height>
									<HorizontalStretch>auto</HorizontalStretch>
									<VerticalStretch>auto</VerticalStretch>
									<FillWithStdCommands>true</FillWithStdCommands>
								</Properties>
								<PredefinedContainedItems/>
								<ContainedItems/>
							</ContextMenu>
							<ExtTooltip xsi:type="TextDecoration" id="11:02023637-7868-4a5f-8576-835a76e0c9ba">
								<Properties>
									<Name>ПраваПоОбъектуДоступаПользовательExtendedTooltip</Name>
									<Kind>Label</Kind>
									<Visible>true</Visible>
									<UserVisible>
										<xr:common>true</xr:common>
									</UserVisible>
									<Enabled>true</Enabled>
									<Width>0</Width>
									<Height>0</Height>
									<HorStretchable>auto</HorStretchable>
									<VertStretchable>auto</VertStretchable>
									<SkipOnInput>auto</SkipOnInput>
									<TextColor>auto</TextColor>
									<Font kind="AutoFont"/>
									<ShortCut/>
									<Title/>
									<Tooltip/>
									<TooltipRepresentation>Auto</TooltipRepresentation>
									<HyperLink>false</HyperLink>
									<HorAlignment>Left</HorAlignment>
									<VertAlignment>Auto</VertAlignment>
									<TitleHeight>0</TitleHeight>
									<BackColor>auto</BackColor>
									<BorderColor>auto</BorderColor>
									<Border width="1">
										<style xmlns="http://v8.1c.ru/8.1/data/ui" xsi:type="ControlBorderType">WithoutBorder</style>
									</Border>
								</Properties>
								<Events/>
								<PredefinedContainedItems/>
							</ExtTooltip>
						</PredefinedContainedItems>
					</Text>
					<CheckBox id="8:02023637-7868-4a5f-8576-835a76e0c9ba">
						<Properties>
							<Name>ПраваПоОбъектуДоступаЧтение</Name>
							<Type>CheckBoxField</Type>
							<DataPath>ПраваПоОбъектуДоступа.Чтение</DataPath>
							<Visible>true</Visible>
							<UserVisible>
								<xr:common>true</xr:common>
							</UserVisible>
							<DefaultItem>false</DefaultItem>
							<Enabled>true</Enabled>
							<ReadOnly>false</ReadOnly>
							<SkipOnInput>auto</SkipOnInput>
							<Title/>
							<TitleTextColor>auto</TitleTextColor>
							<TitleBackColor>auto</TitleBackColor>
							<TitleFont kind="AutoFont"/>
							<TitleLocation>Auto</TitleLocation>
							<TitleHeight>0</TitleHeight>
							<ToolTip/>
							<ToolTipRepresentation>Auto</ToolTipRepresentation>
							<WarningOnEditRepresentation>Auto</WarningOnEditRepresentation>
							<WarningOnEdit/>
							<Shortcut/>
							<CommandsContent/>
							<HorizontalAlign>Auto</HorizontalAlign>
							<VerticalAlign>Auto</VerticalAlign>
							<EditMode>Enter</EditMode>
							<FixingInTable>None</FixingInTable>
							<CellHyperlink>false</CellHyperlink>
							<AutoCellHeight>false</AutoCellHeight>
							<ShowInHeader>true</ShowInHeader>
							<HeaderPicture/>
							<HeaderHorizontalAlign>Left</HeaderHorizontalAlign>
							<ShowInFooter>true</ShowInFooter>
							<FooterDataPath/>
							<FooterText/>
							<FooterTextColor>auto</FooterTextColor>
							<FooterBackColor>auto</FooterBackColor>
							<FooterFont kind="AutoFont"/>
							<FooterPicture/>
							<FooterHorizontalAlign>Auto</FooterHorizontalAlign>
							<CheckBoxType>Auto</CheckBoxType>
							<ThreeState>false</ThreeState>
							<BorderColor>auto</BorderColor>
							<EqualElementsWidth>auto</EqualElementsWidth>
						</Properties>
						<Events/>
						<PredefinedContainedItems>
							<ContextMenu xsi:type="ContextMenuGroup" id="9:02023637-7868-4a5f-8576-835a76e0c9ba">
								<Properties>
									<Name>ПраваПоОбъектуДоступаЧтениеКонтекстноеМеню</Name>
									<Type>ContextMenu</Type>
									<Visible>true</Visible>
									<UserVisible>
										<xr:common>true</xr:common>
									</UserVisible>
									<Enabled>true</Enabled>
									<ReadOnly>false</ReadOnly>
									<EnableContentChange>false</EnableContentChange>
									<Title/>
									<TitleTextColor>auto</TitleTextColor>
									<TitleFont kind="AutoFont"/>
									<ToolTip/>
									<ToolTipRepresentation>Auto</ToolTipRepresentation>
									<Shortcut/>
									<Width>0</Width>
									<Height>0</Height>
									<HorizontalStretch>auto</HorizontalStretch>
									<VerticalStretch>auto</VerticalStretch>
									<FillWithStdCommands>true</FillWithStdCommands>
								</Properties>
								<PredefinedContainedItems/>
								<ContainedItems/>
							</ContextMenu>
							<ExtTooltip xsi:type="TextDecoration" id="12:02023637-7868-4a5f-8576-835a76e0c9ba">
								<Properties>
									<Name>ПраваПоОбъектуДоступаЧтениеExtendedTooltip</Name>
									<Kind>Label</Kind>
									<Visible>true</Visible>
									<UserVisible>
										<xr:common>true</xr:common>
									</UserVisible>
									<Enabled>true</Enabled>
									<Width>0</Width>
									<Height>0</Height>
									<HorStretchable>auto</HorStretchable>
									<VertStretchable>auto</VertStretchable>
									<SkipOnInput>auto</SkipOnInput>
									<TextColor>auto</TextColor>
									<Font kind="AutoFont"/>
									<ShortCut/>
									<Title/>
									<Tooltip/>
									<TooltipRepresentation>Auto</TooltipRepresentation>
									<HyperLink>false</HyperLink>
									<HorAlignment>Left</HorAlignment>
									<VertAlignment>Auto</VertAlignment>
									<TitleHeight>0</TitleHeight>
									<BackColor>auto</BackColor>
									<BorderColor>auto</BorderColor>
									<Border width="1">
										<style xmlns="http://v8.1c.ru/8.1/data/ui" xsi:type="ControlBorderType">WithoutBorder</style>
									</Border>
								</Properties>
								<Events/>
								<PredefinedContainedItems/>
							</ExtTooltip>
						</PredefinedContainedItems>
					</CheckBox>
					<CheckBox id="4:02023637-7868-4a5f-8576-835a76e0c9ba">
						<Properties>
							<Name>ПраваПоОбъектуДоступаИзменение</Name>
							<Type>CheckBoxField</Type>
							<DataPath>ПраваПоОбъектуДоступа.Изменение</DataPath>
							<Visible>true</Visible>
							<UserVisible>
								<xr:common>true</xr:common>
							</UserVisible>
							<DefaultItem>false</DefaultItem>
							<Enabled>true</Enabled>
							<ReadOnly>false</ReadOnly>
							<SkipOnInput>auto</SkipOnInput>
							<Title/>
							<TitleTextColor>auto</TitleTextColor>
							<TitleBackColor>auto</TitleBackColor>
							<TitleFont kind="AutoFont"/>
							<TitleLocation>Auto</TitleLocation>
							<TitleHeight>0</TitleHeight>
							<ToolTip/>
							<ToolTipRepresentation>Auto</ToolTipRepresentation>
							<WarningOnEditRepresentation>Auto</WarningOnEditRepresentation>
							<WarningOnEdit/>
							<Shortcut/>
							<CommandsContent/>
							<HorizontalAlign>Auto</HorizontalAlign>
							<VerticalAlign>Auto</VerticalAlign>
							<EditMode>Enter</EditMode>
							<FixingInTable>None</FixingInTable>
							<CellHyperlink>false</CellHyperlink>
							<AutoCellHeight>false</AutoCellHeight>
							<ShowInHeader>true</ShowInHeader>
							<HeaderPicture/>
							<HeaderHorizontalAlign>Left</HeaderHorizontalAlign>
							<ShowInFooter>true</ShowInFooter>
							<FooterDataPath/>
							<FooterText/>
							<FooterTextColor>auto</FooterTextColor>
							<FooterBackColor>auto</FooterBackColor>
							<FooterFont kind="AutoFont"/>
							<FooterPicture/>
							<FooterHorizontalAlign>Auto</FooterHorizontalAlign>
							<CheckBoxType>Auto</CheckBoxType>
							<ThreeState>false</ThreeState>
							<BorderColor>auto</BorderColor>
							<EqualElementsWidth>auto</EqualElementsWidth>
						</Properties>
						<Events/>
						<PredefinedContainedItems>
							<ContextMenu xsi:type="ContextMenuGroup" id="5:02023637-7868-4a5f-8576-835a76e0c9ba">
								<Properties>
									<Name>ПраваПоОбъектуДоступаИзменениеКонтекстноеМеню</Name>
									<Type>ContextMenu</Type>
									<Visible>true</Visible>
									<UserVisible>
										<xr:common>true</xr:common>
									</UserVisible>
									<Enabled>true</Enabled>
									<ReadOnly>false</ReadOnly>
									<EnableContentChange>false</EnableContentChange>
									<Title/>
									<TitleTextColor>auto</TitleTextColor>
									<TitleFont kind="AutoFont"/>
									<ToolTip/>
									<ToolTipRepresentation>Auto</ToolTipRepresentation>
									<Shortcut/>
									<Width>0</Width>
									<Height>0</Height>
									<HorizontalStretch>auto</HorizontalStretch>
									<VerticalStretch>auto</VerticalStretch>
									<FillWithStdCommands>true</FillWithStdCommands>
								</Properties>
								<PredefinedContainedItems/>
								<ContainedItems/>
							</ContextMenu>
							<ExtTooltip xsi:type="TextDecoration" id="13:02023637-7868-4a5f-8576-835a76e0c9ba">
								<Properties>
									<Name>ПраваПоОбъектуДоступаИзменениеExtendedTooltip</Name>
									<Kind>Label</Kind>
									<Visible>true</Visible>
									<UserVisible>
										<xr:common>true</xr:common>
									</UserVisible>
									<Enabled>true</Enabled>
									<Width>0</Width>
									<Height>0</Height>
									<HorStretchable>auto</HorStretchable>
									<VertStretchable>auto</VertStretchable>
									<SkipOnInput>auto</SkipOnInput>
									<TextColor>auto</TextColor>
									<Font kind="AutoFont"/>
									<ShortCut/>
									<Title/>
									<Tooltip/>
									<TooltipRepresentation>Auto</TooltipRepresentation>
									<HyperLink>false</HyperLink>
									<HorAlignment>Left</HorAlignment>
									<VertAlignment>Auto</VertAlignment>
									<TitleHeight>0</TitleHeight>
									<BackColor>auto</BackColor>
									<BorderColor>auto</BorderColor>
									<Border width="1">
										<style xmlns="http://v8.1c.ru/8.1/data/ui" xsi:type="ControlBorderType">WithoutBorder</style>
									</Border>
								</Properties>
								<Events/>
								<PredefinedContainedItems/>
							</ExtTooltip>
						</PredefinedContainedItems>
					</CheckBox>
				</ContainedItems>
			</Table>
		</ContainedItems>
	</Elements>
	<NavigationPanel/>
	<CommandPanel/>
</Form>