﻿<?xml version="1.0" encoding="UTF-8"?>
<Form xmlns="http://v8.1c.ru/8.3/xcf/logform" xmlns:app="http://v8.1c.ru/8.2/managed-application/core" xmlns:dcscor="http://v8.1c.ru/8.1/data-composition-system/core" xmlns:dcsset="http://v8.1c.ru/8.1/data-composition-system/settings" xmlns:ent="http://v8.1c.ru/8.1/data/enterprise" xmlns:lf="http://v8.1c.ru/8.2/managed-application/logform" xmlns:style="http://v8.1c.ru/8.1/data/ui/style" xmlns:v8="http://v8.1c.ru/8.1/data/core" xmlns:web="http://v8.1c.ru/8.1/data/ui/colors/web" xmlns:win="http://v8.1c.ru/8.1/data/ui/colors/windows" xmlns:xr="http://v8.1c.ru/8.3/xcf/readable" xmlns:xs="http://www.w3.org/2001/XMLSchema" xmlns:xsi="http://www.w3.org/2001/XMLSchema-instance">
	<Attributes>
		<Attribute id="1">
			<Name>Отчет</Name>
			<Title/>
			<Type>
				<v8:Type xmlns:d5p1="http://v8.1c.ru/8.1/data/enterprise/current-config">d5p1:ReportObject.ПС_ДокументыСИстекающимСроком</v8:Type>
			</Type>
			<Accessibility>
				<xr:common>true</xr:common>
			</Accessibility>
			<Editing>
				<xr:common>true</xr:common>
			</Editing>
			<Content/>
			<SavingContent/>
			<MainProperty>true</MainProperty>
			<StoredData>false</StoredData>
			<FunctionalOptions/>
			<FillCheck>DontCheck</FillCheck>
			<Columns/>
			<ExtInfo/>
		</Attribute>
		<Attribute id="2">
			<Name>НаименованиеТекущегоВарианта</Name>
			<Title>
				<v8:item>
					<v8:lang>ru</v8:lang>
					<v8:content>Вариант отчета</v8:content>
				</v8:item>
			</Title>
			<Type>
				<v8:Type>xs:string</v8:Type>
				<v8:StringQualifiers>
					<v8:Length>0</v8:Length>
					<v8:AllowedLength>Variable</v8:AllowedLength>
				</v8:StringQualifiers>
			</Type>
			<Accessibility>
				<xr:common>true</xr:common>
			</Accessibility>
			<Editing>
				<xr:common>true</xr:common>
			</Editing>
			<Content/>
			<SavingContent/>
			<MainProperty>false</MainProperty>
			<StoredData>false</StoredData>
			<FunctionalOptions/>
			<FillCheck>DontCheck</FillCheck>
			<Columns/>
			<ExtInfo/>
		</Attribute>
		<Attribute id="3">
			<Name>Результат</Name>
			<Title>
				<v8:item>
					<v8:lang>ru</v8:lang>
					<v8:content>Результат</v8:content>
				</v8:item>
			</Title>
			<Type>
				<v8:Type xmlns:mxl="http://v8.1c.ru/8.2/data/spreadsheet">mxl:SpreadsheetDocument</v8:Type>
			</Type>
			<Accessibility>
				<xr:common>true</xr:common>
			</Accessibility>
			<Editing>
				<xr:common>true</xr:common>
			</Editing>
			<Content/>
			<SavingContent/>
			<MainProperty>false</MainProperty>
			<StoredData>false</StoredData>
			<FunctionalOptions/>
			<FillCheck>DontCheck</FillCheck>
			<Columns/>
			<ExtInfo/>
		</Attribute>
		<Attribute id="4">
			<Name>ДанныеРасшифровки</Name>
			<Title/>
			<Type>
				<v8:Type>xs:string</v8:Type>
				<v8:StringQualifiers>
					<v8:Length>0</v8:Length>
					<v8:AllowedLength>Variable</v8:AllowedLength>
				</v8:StringQualifiers>
			</Type>
			<Accessibility>
				<xr:common>true</xr:common>
			</Accessibility>
			<Editing>
				<xr:common>true</xr:common>
			</Editing>
			<Content/>
			<SavingContent/>
			<MainProperty>false</MainProperty>
			<StoredData>false</StoredData>
			<FunctionalOptions/>
			<FillCheck>DontCheck</FillCheck>
			<Columns/>
			<ExtInfo/>
		</Attribute>
		<ConditionalAppearance/>
	</Attributes>
	<Commands>
		<Command>
			<Name>ПользовательскаяИнформация</Name>
			<Title>
				<v8:item>
					<v8:lang>ru</v8:lang>
					<v8:content>Как пользоваться отчетом?</v8:content>
				</v8:item>
			</Title>
			<ToolTip>
				<v8:item>
					<v8:lang>ru</v8:lang>
					<v8:content>Пользовательская информация</v8:content>
				</v8:item>
			</ToolTip>
			<Using>
				<xr:common>true</xr:common>
			</Using>
			<ShortCut/>
			<Picture>
				<xr:pictureRef>CommonPicture.ПС_КакПользоватьсяОтчетами</xr:pictureRef>
				<xr:loadTransparent>false</xr:loadTransparent>
			</Picture>
			<Handler>ПользовательскаяИнформация</Handler>
			<FunctionalOptions/>
			<DefaultRepresentation>TextPicture</DefaultRepresentation>
			<ModifiesStoredData>false</ModifiesStoredData>
			<AddedFromContext>false</AddedFromContext>
		</Command>
	</Commands>
	<Parameters/>
	<Elements id="0:02023637-7868-4a5f-8576-835a76e0c9ba">
		<Properties>
			<Title/>
			<Width>0</Width>
			<Height>0</Height>
			<OpeningMode>Independent</OpeningMode>
			<EnterKeyBehavior>ControlNavigation</EnterKeyBehavior>
			<AutoSaveFormDataInSettings>DontUse</AutoSaveFormDataInSettings>
			<SaveFormDataInSettings>DontUse</SaveFormDataInSettings>
			<SettingsStorage/>
			<AutoTitle>true</AutoTitle>
			<AutoURL>true</AutoURL>
			<ChildrenGrouping>Vertical</ChildrenGrouping>
			<ChildItemsWidth>Auto</ChildItemsWidth>
			<AutoFillCheck>true</AutoFillCheck>
			<Customizable>true</Customizable>
			<Enabled>true</Enabled>
			<ReadOnly>false</ReadOnly>
			<CommandBarLocation>None</CommandBarLocation>
			<VerticalScrolling>useIfNecessary</VerticalScrolling>
			<BaseFontVariant>Auto</BaseFontVariant>
			<CommandsContent>
				<ExcludedCommand>No</ExcludedCommand>
				<ExcludedCommand>SaveValues</ExcludedCommand>
				<ExcludedCommand>Close</ExcludedCommand>
				<ExcludedCommand>Help</ExcludedCommand>
				<ExcludedCommand>ChangeSettingsStructure</ExcludedCommand>
				<ExcludedCommand>Retry</ExcludedCommand>
				<ExcludedCommand>Yes</ExcludedCommand>
				<ExcludedCommand>Cancel</ExcludedCommand>
				<ExcludedCommand>RestoreValues</ExcludedCommand>
				<ExcludedCommand>EndEdit</ExcludedCommand>
				<ExcludedCommand>Cancel</ExcludedCommand>
				<ExcludedCommand>SaveVariant</ExcludedCommand>
				<ExcludedCommand>LoadVariant</ExcludedCommand>
				<ExcludedCommand>Ignore</ExcludedCommand>
				<ExcludedCommand>OK</ExcludedCommand>
				<ExcludedCommand>ChangeVariant</ExcludedCommand>
			</CommandsContent>
			<ReportResult>Результат</ReportResult>
			<DetailsInformation>ДанныеРасшифровки</DetailsInformation>
			<SettingsMode>Main</SettingsMode>
			<CurrentVariantPresentationField>НаименованиеТекущегоВарианта</CurrentVariantPresentationField>
			<ShowState>Auto</ShowState>
			<UserSettingsGroup/>
		</Properties>
		<Events>
			<Event name="FillCheckProcessingAtServer">ОбработкаПроверкиЗаполненияНаСервере</Event>
		</Events>
		<PredefinedContainedItems>
			<CommandBar xsi:type="AutoMenuGroup" id="-1:02023637-7868-4a5f-8576-835a76e0c9ba">
				<Properties>
					<Name>ФормаКоманднаяПанель</Name>
					<Type>AutoCommandBar</Type>
					<Visible>true</Visible>
					<UserVisible>
						<xr:common>true</xr:common>
					</UserVisible>
					<Enabled>true</Enabled>
					<ReadOnly>false</ReadOnly>
					<EnableContentChange>false</EnableContentChange>
					<Title/>
					<TitleTextColor>auto</TitleTextColor>
					<TitleFont kind="AutoFont"/>
					<ToolTip/>
					<ToolTipRepresentation>Auto</ToolTipRepresentation>
					<Shortcut/>
					<Width>0</Width>
					<Height>0</Height>
					<HorizontalStretch>auto</HorizontalStretch>
					<VerticalStretch>auto</VerticalStretch>
					<HorAlignment>Left</HorAlignment>
					<FillWithStdCommands>false</FillWithStdCommands>
				</Properties>
				<PredefinedContainedItems/>
				<ContainedItems/>
			</CommandBar>
		</PredefinedContainedItems>
		<ContainedItems>
			<Group id="1:02023637-7868-4a5f-8576-835a76e0c9ba">
				<Properties>
					<Name>ГруппаВарианта</Name>
					<Type>UsualGroup</Type>
					<Visible>false</Visible>
					<UserVisible>
						<xr:common>true</xr:common>
					</UserVisible>
					<Enabled>true</Enabled>
					<ReadOnly>false</ReadOnly>
					<EnableContentChange>false</EnableContentChange>
					<Title>
						<v8:item>
							<v8:lang>ru</v8:lang>
							<v8:content>Группа варианта</v8:content>
						</v8:item>
					</Title>
					<TitleTextColor>auto</TitleTextColor>
					<TitleFont kind="AutoFont"/>
					<ToolTip/>
					<ToolTipRepresentation>Auto</ToolTipRepresentation>
					<Shortcut/>
					<Width>0</Width>
					<Height>0</Height>
					<HorizontalStretch>auto</HorizontalStretch>
					<VerticalStretch>auto</VerticalStretch>
					<Group>Horizontal</Group>
					<Behavior>Usual</Behavior>
					<CollapsedRepresentationTitle/>
					<Collapsed>false</Collapsed>
					<ControlRepresentation>TitleHyperlink</ControlRepresentation>
					<Representation>None</Representation>
					<ShowLeftMargin>true</ShowLeftMargin>
					<ChildItemsWidth>Auto</ChildItemsWidth>
					<Format/>
					<ShowTitle>false</ShowTitle>
					<TitleDataPath/>
					<BackColor>auto</BackColor>
				</Properties>
				<PredefinedContainedItems>
					<ExtTooltip xsi:type="TextDecoration" id="23:02023637-7868-4a5f-8576-835a76e0c9ba">
						<Properties>
							<Name>ГруппаВариантаExtendedTooltip</Name>
							<Kind>Label</Kind>
							<Visible>true</Visible>
							<UserVisible>
								<xr:common>true</xr:common>
							</UserVisible>
							<Enabled>true</Enabled>
							<Width>0</Width>
							<Height>0</Height>
							<HorStretchable>auto</HorStretchable>
							<VertStretchable>auto</VertStretchable>
							<SkipOnInput>auto</SkipOnInput>
							<TextColor>auto</TextColor>
							<Font kind="AutoFont"/>
							<ShortCut/>
							<Title/>
							<Tooltip/>
							<TooltipRepresentation>Auto</TooltipRepresentation>
							<HyperLink>false</HyperLink>
							<HorAlignment>Left</HorAlignment>
							<VertAlignment>Auto</VertAlignment>
							<TitleHeight>0</TitleHeight>
							<BackColor>auto</BackColor>
							<BorderColor>auto</BorderColor>
							<Border width="1">
								<style xmlns="http://v8.1c.ru/8.1/data/ui" xsi:type="ControlBorderType">WithoutBorder</style>
							</Border>
						</Properties>
						<Events/>
						<PredefinedContainedItems/>
					</ExtTooltip>
				</PredefinedContainedItems>
				<ContainedItems>
					<Input id="2:02023637-7868-4a5f-8576-835a76e0c9ba">
						<Properties>
							<Name>НаименованиеТекущегоВарианта</Name>
							<Type>InputField</Type>
							<DataPath>НаименованиеТекущегоВарианта</DataPath>
							<Visible>true</Visible>
							<UserVisible>
								<xr:common>true</xr:common>
							</UserVisible>
							<DefaultItem>false</DefaultItem>
							<Enabled>true</Enabled>
							<ReadOnly>true</ReadOnly>
							<SkipOnInput>auto</SkipOnInput>
							<Title/>
							<TitleTextColor>auto</TitleTextColor>
							<TitleBackColor>auto</TitleBackColor>
							<TitleFont kind="AutoFont"/>
							<TitleLocation>Left</TitleLocation>
							<TitleHeight>0</TitleHeight>
							<ToolTip/>
							<ToolTipRepresentation>Auto</ToolTipRepresentation>
							<WarningOnEditRepresentation>Auto</WarningOnEditRepresentation>
							<WarningOnEdit/>
							<Shortcut/>
							<CommandsContent/>
							<HorizontalAlign>Auto</HorizontalAlign>
							<VerticalAlign>Auto</VerticalAlign>
							<EditMode>Enter</EditMode>
							<FixingInTable>None</FixingInTable>
							<CellHyperlink>false</CellHyperlink>
							<AutoCellHeight>false</AutoCellHeight>
							<ShowInHeader>true</ShowInHeader>
							<HeaderPicture/>
							<HeaderHorizontalAlign>Left</HeaderHorizontalAlign>
							<ShowInFooter>true</ShowInFooter>
							<FooterDataPath/>
							<FooterText/>
							<FooterTextColor>auto</FooterTextColor>
							<FooterBackColor>auto</FooterBackColor>
							<FooterFont kind="AutoFont"/>
							<FooterPicture/>
							<FooterHorizontalAlign>Auto</FooterHorizontalAlign>
							<Width>0</Width>
							<RowsCount>0</RowsCount>
							<HorizontalStretchable>auto</HorizontalStretchable>
							<VerticalStretchable>auto</VerticalStretchable>
							<Wrap>true</Wrap>
							<PasswordMode>auto</PasswordMode>
							<MultiLine>auto</MultiLine>
							<ExtendedEdit>auto</ExtendedEdit>
							<MarkNegatives>auto</MarkNegatives>
							<ChoiceListButton>auto</ChoiceListButton>
							<DropListButton>auto</DropListButton>
							<ChoiceButton>auto</ChoiceButton>
							<ChoiceButtonRepresentation>Auto</ChoiceButtonRepresentation>
							<ClearButton>auto</ClearButton>
							<SpinButton>auto</SpinButton>
							<OpenButton>auto</OpenButton>
							<CreateButton>auto</CreateButton>
							<Mask/>
							<ListChoiceMode>false</ListChoiceMode>
							<ChoiceListHeight>0</ChoiceListHeight>
							<DropListWidth>0</DropListWidth>
							<AutoChoiceIncomplete>auto</AutoChoiceIncomplete>
							<QuickChoice>auto</QuickChoice>
							<ChoiceObjects>Auto</ChoiceObjects>
							<Format/>
							<InputFormat/>
							<AutoMarkIncomplete>auto</AutoMarkIncomplete>
							<ChoiceType>true</ChoiceType>
							<IncompleteChoiceMode>OnEnterPressed</IncompleteChoiceMode>
							<TypeDomainEnabled>true</TypeDomainEnabled>
							<TextEdit>true</TextEdit>
							<EditTextUpdateMode>Auto</EditTextUpdateMode>
							<MinVal xsi:nil="true"/>
							<MaxVal xsi:nil="true"/>
							<ChoiceButtonPicture/>
							<ChoiceForm/>
							<ChoiceParamLinks/>
							<ChoiceParams/>
							<AvailableTypes/>
							<ValueList/>
							<TextColor>auto</TextColor>
							<BackColor>auto</BackColor>
							<BorderColor>auto</BorderColor>
							<Font kind="AutoFont"/>
							<LinkByType/>
							<InputHint/>
							<ChoiceHistoryOnInput>Auto</ChoiceHistoryOnInput>
						</Properties>
						<Events/>
						<PredefinedContainedItems>
							<ContextMenu xsi:type="ContextMenuGroup" id="3:02023637-7868-4a5f-8576-835a76e0c9ba">
								<Properties>
									<Name>НаименованиеТекущегоВариантаКонтекстноеМеню</Name>
									<Type>ContextMenu</Type>
									<Visible>true</Visible>
									<UserVisible>
										<xr:common>true</xr:common>
									</UserVisible>
									<Enabled>true</Enabled>
									<ReadOnly>false</ReadOnly>
									<EnableContentChange>false</EnableContentChange>
									<Title/>
									<TitleTextColor>auto</TitleTextColor>
									<TitleFont kind="AutoFont"/>
									<ToolTip/>
									<ToolTipRepresentation>Auto</ToolTipRepresentation>
									<Shortcut/>
									<Width>0</Width>
									<Height>0</Height>
									<HorizontalStretch>auto</HorizontalStretch>
									<VerticalStretch>auto</VerticalStretch>
									<FillWithStdCommands>true</FillWithStdCommands>
								</Properties>
								<PredefinedContainedItems/>
								<ContainedItems/>
							</ContextMenu>
							<ExtTooltip xsi:type="TextDecoration" id="24:02023637-7868-4a5f-8576-835a76e0c9ba">
								<Properties>
									<Name>НаименованиеТекущегоВариантаExtendedTooltip</Name>
									<Kind>Label</Kind>
									<Visible>true</Visible>
									<UserVisible>
										<xr:common>true</xr:common>
									</UserVisible>
									<Enabled>true</Enabled>
									<Width>0</Width>
									<Height>0</Height>
									<HorStretchable>auto</HorStretchable>
									<VertStretchable>auto</VertStretchable>
									<SkipOnInput>auto</SkipOnInput>
									<TextColor>auto</TextColor>
									<Font kind="AutoFont"/>
									<ShortCut/>
									<Title/>
									<Tooltip/>
									<TooltipRepresentation>Auto</TooltipRepresentation>
									<HyperLink>false</HyperLink>
									<HorAlignment>Left</HorAlignment>
									<VertAlignment>Auto</VertAlignment>
									<TitleHeight>0</TitleHeight>
									<BackColor>auto</BackColor>
									<BorderColor>auto</BorderColor>
									<Border width="1">
										<style xmlns="http://v8.1c.ru/8.1/data/ui" xsi:type="ControlBorderType">WithoutBorder</style>
									</Border>
								</Properties>
								<Events/>
								<PredefinedContainedItems/>
							</ExtTooltip>
						</PredefinedContainedItems>
					</Input>
					<Button id="4:02023637-7868-4a5f-8576-835a76e0c9ba">
						<Properties>
							<Name>ЗагрузитьВариант</Name>
							<Kind>UsualButton</Kind>
							<Visible>true</Visible>
							<UserVisible>
								<xr:common>true</xr:common>
							</UserVisible>
							<TitleRowsCount>0</TitleRowsCount>
							<Representation>Auto</Representation>
							<DefaultButton>false</DefaultButton>
							<SkipOnInput>auto</SkipOnInput>
							<Enabled>true</Enabled>
							<DefaultElement>false</DefaultElement>
							<Important>auto</Important>
							<Width>0</Width>
							<Height>0</Height>
							<PlacementArea>userCmds</PlacementArea>
							<Check>false</Check>
							<Command>0:b08b7a35-583a-4756-b814-0436ff9139c0</Command>
							<Parameter xsi:nil="true"/>
							<AttributeProperty/>
							<TextColor>auto</TextColor>
							<BackColor>auto</BackColor>
							<BorderColor>auto</BorderColor>
							<Font kind="AutoFont"/>
							<ShortCut/>
							<Picture/>
							<Title/>
							<TooltipRepresentation>Auto</TooltipRepresentation>
						</Properties>
						<PredefinedContainedItems>
							<ExtTooltip xsi:type="TextDecoration" id="25:02023637-7868-4a5f-8576-835a76e0c9ba">
								<Properties>
									<Name>ЗагрузитьВариантExtendedTooltip</Name>
									<Kind>Label</Kind>
									<Visible>true</Visible>
									<UserVisible>
										<xr:common>true</xr:common>
									</UserVisible>
									<Enabled>true</Enabled>
									<Width>0</Width>
									<Height>0</Height>
									<HorStretchable>auto</HorStretchable>
									<VertStretchable>auto</VertStretchable>
									<SkipOnInput>auto</SkipOnInput>
									<TextColor>auto</TextColor>
									<Font kind="AutoFont"/>
									<ShortCut/>
									<Title/>
									<Tooltip/>
									<TooltipRepresentation>Auto</TooltipRepresentation>
									<HyperLink>false</HyperLink>
									<HorAlignment>Left</HorAlignment>
									<VertAlignment>Auto</VertAlignment>
									<TitleHeight>0</TitleHeight>
									<BackColor>auto</BackColor>
									<BorderColor>auto</BorderColor>
									<Border width="1">
										<style xmlns="http://v8.1c.ru/8.1/data/ui" xsi:type="ControlBorderType">WithoutBorder</style>
									</Border>
								</Properties>
								<Events/>
								<PredefinedContainedItems/>
							</ExtTooltip>
						</PredefinedContainedItems>
					</Button>
				</ContainedItems>
			</Group>
			<Menu id="12:02023637-7868-4a5f-8576-835a76e0c9ba">
				<Properties>
					<Name>ОсновнаяКоманднаяПанель</Name>
					<Type>CommandBar</Type>
					<Visible>true</Visible>
					<UserVisible>
						<xr:common>true</xr:common>
					</UserVisible>
					<Enabled>true</Enabled>
					<ReadOnly>false</ReadOnly>
					<EnableContentChange>false</EnableContentChange>
					<Title>
						<v8:item>
							<v8:lang>ru</v8:lang>
							<v8:content>Основная командная панель</v8:content>
						</v8:item>
					</Title>
					<TitleTextColor>auto</TitleTextColor>
					<TitleFont kind="AutoFont"/>
					<ToolTip>
						<v8:item>
							<v8:lang>ru</v8:lang>
							<v8:content>Основная командная панель</v8:content>
						</v8:item>
					</ToolTip>
					<ToolTipRepresentation>Auto</ToolTipRepresentation>
					<Shortcut/>
					<Width>0</Width>
					<Height>0</Height>
					<HorizontalStretch>auto</HorizontalStretch>
					<VerticalStretch>auto</VerticalStretch>
					<HorAlignment>Left</HorAlignment>
					<CommandSource/>
				</Properties>
				<PredefinedContainedItems>
					<ExtTooltip xsi:type="TextDecoration" id="26:02023637-7868-4a5f-8576-835a76e0c9ba">
						<Properties>
							<Name>ОсновнаяКоманднаяПанельExtendedTooltip</Name>
							<Kind>Label</Kind>
							<Visible>true</Visible>
							<UserVisible>
								<xr:common>true</xr:common>
							</UserVisible>
							<Enabled>true</Enabled>
							<Width>0</Width>
							<Height>0</Height>
							<HorStretchable>auto</HorStretchable>
							<VertStretchable>auto</VertStretchable>
							<SkipOnInput>auto</SkipOnInput>
							<TextColor>auto</TextColor>
							<Font kind="AutoFont"/>
							<ShortCut/>
							<Title/>
							<Tooltip/>
							<TooltipRepresentation>Auto</TooltipRepresentation>
							<HyperLink>false</HyperLink>
							<HorAlignment>Left</HorAlignment>
							<VertAlignment>Auto</VertAlignment>
							<TitleHeight>0</TitleHeight>
							<BackColor>auto</BackColor>
							<BorderColor>auto</BorderColor>
							<Border width="1">
								<style xmlns="http://v8.1c.ru/8.1/data/ui" xsi:type="ControlBorderType">WithoutBorder</style>
							</Border>
						</Properties>
						<Events/>
						<PredefinedContainedItems/>
					</ExtTooltip>
				</PredefinedContainedItems>
				<ContainedItems>
					<Button id="13:02023637-7868-4a5f-8576-835a76e0c9ba">
						<Properties>
							<Name>Сформировать</Name>
							<Kind>CommandBarButton</Kind>
							<Visible>true</Visible>
							<UserVisible>
								<xr:common>true</xr:common>
							</UserVisible>
							<TitleRowsCount>0</TitleRowsCount>
							<Representation>Auto</Representation>
							<DefaultButton>true</DefaultButton>
							<SkipOnInput>auto</SkipOnInput>
							<Enabled>true</Enabled>
							<DefaultElement>false</DefaultElement>
							<Important>auto</Important>
							<Width>0</Width>
							<Height>0</Height>
							<PlacementArea>userCmds</PlacementArea>
							<Check>false</Check>
							<Command>Form.StandardCommand.Generate</Command>
							<Parameter xsi:nil="true"/>
							<AttributeProperty/>
							<TextColor>auto</TextColor>
							<BackColor>auto</BackColor>
							<BorderColor>auto</BorderColor>
							<Font kind="AutoFont"/>
							<ShortCut/>
							<Picture/>
							<Title/>
							<TooltipRepresentation>Auto</TooltipRepresentation>
						</Properties>
						<PredefinedContainedItems>
							<ExtTooltip xsi:type="TextDecoration" id="27:02023637-7868-4a5f-8576-835a76e0c9ba">
								<Properties>
									<Name>СформироватьExtendedTooltip</Name>
									<Kind>Label</Kind>
									<Visible>true</Visible>
									<UserVisible>
										<xr:common>true</xr:common>
									</UserVisible>
									<Enabled>true</Enabled>
									<Width>0</Width>
									<Height>0</Height>
									<HorStretchable>auto</HorStretchable>
									<VertStretchable>auto</VertStretchable>
									<SkipOnInput>auto</SkipOnInput>
									<TextColor>auto</TextColor>
									<Font kind="AutoFont"/>
									<ShortCut/>
									<Title/>
									<Tooltip/>
									<TooltipRepresentation>Auto</TooltipRepresentation>
									<HyperLink>false</HyperLink>
									<HorAlignment>Left</HorAlignment>
									<VertAlignment>Auto</VertAlignment>
									<TitleHeight>0</TitleHeight>
									<BackColor>auto</BackColor>
									<BorderColor>auto</BorderColor>
									<Border width="1">
										<style xmlns="http://v8.1c.ru/8.1/data/ui" xsi:type="ControlBorderType">WithoutBorder</style>
									</Border>
								</Properties>
								<Events/>
								<PredefinedContainedItems/>
							</ExtTooltip>
						</PredefinedContainedItems>
					</Button>
					<Button id="22:02023637-7868-4a5f-8576-835a76e0c9ba">
						<Properties>
							<Name>ПользовательскаяИнформация</Name>
							<Kind>CommandBarButton</Kind>
							<Visible>true</Visible>
							<UserVisible>
								<xr:common>true</xr:common>
							</UserVisible>
							<TitleRowsCount>0</TitleRowsCount>
							<Representation>Auto</Representation>
							<DefaultButton>false</DefaultButton>
							<SkipOnInput>auto</SkipOnInput>
							<Enabled>true</Enabled>
							<DefaultElement>false</DefaultElement>
							<Important>auto</Important>
							<Width>0</Width>
							<Height>0</Height>
							<PlacementArea>userCmds</PlacementArea>
							<Check>false</Check>
							<Command>Form.Command.ПользовательскаяИнформация</Command>
							<Parameter xsi:nil="true"/>
							<AttributeProperty/>
							<TextColor>auto</TextColor>
							<BackColor>auto</BackColor>
							<BorderColor>auto</BorderColor>
							<Font kind="AutoFont"/>
							<ShortCut/>
							<Picture/>
							<Title/>
							<TooltipRepresentation>Auto</TooltipRepresentation>
						</Properties>
						<PredefinedContainedItems>
							<ExtTooltip xsi:type="TextDecoration" id="28:02023637-7868-4a5f-8576-835a76e0c9ba">
								<Properties>
									<Name>ПользовательскаяИнформацияExtendedTooltip</Name>
									<Kind>Label</Kind>
									<Visible>true</Visible>
									<UserVisible>
										<xr:common>true</xr:common>
									</UserVisible>
									<Enabled>true</Enabled>
									<Width>0</Width>
									<Height>0</Height>
									<HorStretchable>auto</HorStretchable>
									<VertStretchable>auto</VertStretchable>
									<SkipOnInput>auto</SkipOnInput>
									<TextColor>auto</TextColor>
									<Font kind="AutoFont"/>
									<ShortCut/>
									<Title/>
									<Tooltip/>
									<TooltipRepresentation>Auto</TooltipRepresentation>
									<HyperLink>false</HyperLink>
									<HorAlignment>Left</HorAlignment>
									<VertAlignment>Auto</VertAlignment>
									<TitleHeight>0</TitleHeight>
									<BackColor>auto</BackColor>
									<BorderColor>auto</BorderColor>
									<Border width="1">
										<style xmlns="http://v8.1c.ru/8.1/data/ui" xsi:type="ControlBorderType">WithoutBorder</style>
									</Border>
								</Properties>
								<Events/>
								<PredefinedContainedItems/>
							</ExtTooltip>
						</PredefinedContainedItems>
					</Button>
					<Button id="14:02023637-7868-4a5f-8576-835a76e0c9ba">
						<Properties>
							<Name>НастройкиОтчета</Name>
							<Kind>CommandBarButton</Kind>
							<Visible>true</Visible>
							<UserVisible>
								<xr:common>true</xr:common>
							</UserVisible>
							<TitleRowsCount>0</TitleRowsCount>
							<Representation>Auto</Representation>
							<DefaultButton>false</DefaultButton>
							<SkipOnInput>auto</SkipOnInput>
							<Enabled>true</Enabled>
							<DefaultElement>false</DefaultElement>
							<Important>auto</Important>
							<Width>0</Width>
							<Height>0</Height>
							<PlacementArea>userCmds</PlacementArea>
							<Check>false</Check>
							<Command>Form.StandardCommand.ReportSettings</Command>
							<Parameter xsi:nil="true"/>
							<AttributeProperty/>
							<TextColor>auto</TextColor>
							<BackColor>auto</BackColor>
							<BorderColor>auto</BorderColor>
							<Font kind="AutoFont"/>
							<ShortCut/>
							<Picture/>
							<Title/>
							<TooltipRepresentation>Auto</TooltipRepresentation>
						</Properties>
						<PredefinedContainedItems>
							<ExtTooltip xsi:type="TextDecoration" id="29:02023637-7868-4a5f-8576-835a76e0c9ba">
								<Properties>
									<Name>НастройкиОтчетаExtendedTooltip</Name>
									<Kind>Label</Kind>
									<Visible>true</Visible>
									<UserVisible>
										<xr:common>true</xr:common>
									</UserVisible>
									<Enabled>true</Enabled>
									<Width>0</Width>
									<Height>0</Height>
									<HorStretchable>auto</HorStretchable>
									<VertStretchable>auto</VertStretchable>
									<SkipOnInput>auto</SkipOnInput>
									<TextColor>auto</TextColor>
									<Font kind="AutoFont"/>
									<ShortCut/>
									<Title/>
									<Tooltip/>
									<TooltipRepresentation>Auto</TooltipRepresentation>
									<HyperLink>false</HyperLink>
									<HorAlignment>Left</HorAlignment>
									<VertAlignment>Auto</VertAlignment>
									<TitleHeight>0</TitleHeight>
									<BackColor>auto</BackColor>
									<BorderColor>auto</BorderColor>
									<Border width="1">
										<style xmlns="http://v8.1c.ru/8.1/data/ui" xsi:type="ControlBorderType">WithoutBorder</style>
									</Border>
								</Properties>
								<Events/>
								<PredefinedContainedItems/>
							</ExtTooltip>
						</PredefinedContainedItems>
					</Button>
					<Button id="15:02023637-7868-4a5f-8576-835a76e0c9ba">
						<Properties>
							<Name>НовоеОкно</Name>
							<Kind>CommandBarButton</Kind>
							<Visible>true</Visible>
							<UserVisible>
								<xr:common>true</xr:common>
							</UserVisible>
							<TitleRowsCount>0</TitleRowsCount>
							<Representation>Auto</Representation>
							<DefaultButton>false</DefaultButton>
							<SkipOnInput>auto</SkipOnInput>
							<Enabled>true</Enabled>
							<DefaultElement>false</DefaultElement>
							<Important>false</Important>
							<Width>0</Width>
							<Height>0</Height>
							<PlacementArea>userCmds</PlacementArea>
							<Check>false</Check>
							<Command>Form.StandardCommand.NewWindow</Command>
							<Parameter xsi:nil="true"/>
							<AttributeProperty/>
							<TextColor>auto</TextColor>
							<BackColor>auto</BackColor>
							<BorderColor>auto</BorderColor>
							<Font kind="AutoFont"/>
							<ShortCut/>
							<Picture/>
							<Title/>
							<TooltipRepresentation>Auto</TooltipRepresentation>
						</Properties>
						<PredefinedContainedItems>
							<ExtTooltip xsi:type="TextDecoration" id="30:02023637-7868-4a5f-8576-835a76e0c9ba">
								<Properties>
									<Name>НовоеОкноExtendedTooltip</Name>
									<Kind>Label</Kind>
									<Visible>true</Visible>
									<UserVisible>
										<xr:common>true</xr:common>
									</UserVisible>
									<Enabled>true</Enabled>
									<Width>0</Width>
									<Height>0</Height>
									<HorStretchable>auto</HorStretchable>
									<VertStretchable>auto</VertStretchable>
									<SkipOnInput>auto</SkipOnInput>
									<TextColor>auto</TextColor>
									<Font kind="AutoFont"/>
									<ShortCut/>
									<Title/>
									<Tooltip/>
									<TooltipRepresentation>Auto</TooltipRepresentation>
									<HyperLink>false</HyperLink>
									<HorAlignment>Left</HorAlignment>
									<VertAlignment>Auto</VertAlignment>
									<TitleHeight>0</TitleHeight>
									<BackColor>auto</BackColor>
									<BorderColor>auto</BorderColor>
									<Border width="1">
										<style xmlns="http://v8.1c.ru/8.1/data/ui" xsi:type="ControlBorderType">WithoutBorder</style>
									</Border>
								</Properties>
								<Events/>
								<PredefinedContainedItems/>
							</ExtTooltip>
						</PredefinedContainedItems>
					</Button>
					<Button id="16:02023637-7868-4a5f-8576-835a76e0c9ba">
						<Properties>
							<Name>СохранитьНастройкиОтчета</Name>
							<Kind>CommandBarButton</Kind>
							<Visible>true</Visible>
							<UserVisible>
								<xr:common>true</xr:common>
							</UserVisible>
							<TitleRowsCount>0</TitleRowsCount>
							<Representation>Auto</Representation>
							<DefaultButton>false</DefaultButton>
							<SkipOnInput>auto</SkipOnInput>
							<Enabled>true</Enabled>
							<DefaultElement>false</DefaultElement>
							<Important>false</Important>
							<Width>0</Width>
							<Height>0</Height>
							<PlacementArea>userCmds</PlacementArea>
							<Check>false</Check>
							<Command>Form.StandardCommand.SaveReportSettings</Command>
							<Parameter xsi:nil="true"/>
							<AttributeProperty/>
							<TextColor>auto</TextColor>
							<BackColor>auto</BackColor>
							<BorderColor>auto</BorderColor>
							<Font kind="AutoFont"/>
							<ShortCut/>
							<Picture/>
							<Title/>
							<TooltipRepresentation>Auto</TooltipRepresentation>
						</Properties>
						<PredefinedContainedItems>
							<ExtTooltip xsi:type="TextDecoration" id="31:02023637-7868-4a5f-8576-835a76e0c9ba">
								<Properties>
									<Name>СохранитьНастройкиОтчетаExtendedTooltip</Name>
									<Kind>Label</Kind>
									<Visible>true</Visible>
									<UserVisible>
										<xr:common>true</xr:common>
									</UserVisible>
									<Enabled>true</Enabled>
									<Width>0</Width>
									<Height>0</Height>
									<HorStretchable>auto</HorStretchable>
									<VertStretchable>auto</VertStretchable>
									<SkipOnInput>auto</SkipOnInput>
									<TextColor>auto</TextColor>
									<Font kind="AutoFont"/>
									<ShortCut/>
									<Title/>
									<Tooltip/>
									<TooltipRepresentation>Auto</TooltipRepresentation>
									<HyperLink>false</HyperLink>
									<HorAlignment>Left</HorAlignment>
									<VertAlignment>Auto</VertAlignment>
									<TitleHeight>0</TitleHeight>
									<BackColor>auto</BackColor>
									<BorderColor>auto</BorderColor>
									<Border width="1">
										<style xmlns="http://v8.1c.ru/8.1/data/ui" xsi:type="ControlBorderType">WithoutBorder</style>
									</Border>
								</Properties>
								<Events/>
								<PredefinedContainedItems/>
							</ExtTooltip>
						</PredefinedContainedItems>
					</Button>
					<Button id="17:02023637-7868-4a5f-8576-835a76e0c9ba">
						<Properties>
							<Name>ЗагрузитьНастройкиОтчета</Name>
							<Kind>CommandBarButton</Kind>
							<Visible>true</Visible>
							<UserVisible>
								<xr:common>true</xr:common>
							</UserVisible>
							<TitleRowsCount>0</TitleRowsCount>
							<Representation>Auto</Representation>
							<DefaultButton>false</DefaultButton>
							<SkipOnInput>auto</SkipOnInput>
							<Enabled>true</Enabled>
							<DefaultElement>false</DefaultElement>
							<Important>false</Important>
							<Width>0</Width>
							<Height>0</Height>
							<PlacementArea>userCmds</PlacementArea>
							<Check>false</Check>
							<Command>Form.StandardCommand.LoadReportSettings</Command>
							<Parameter xsi:nil="true"/>
							<AttributeProperty/>
							<TextColor>auto</TextColor>
							<BackColor>auto</BackColor>
							<BorderColor>auto</BorderColor>
							<Font kind="AutoFont"/>
							<ShortCut/>
							<Picture/>
							<Title/>
							<TooltipRepresentation>Auto</TooltipRepresentation>
						</Properties>
						<PredefinedContainedItems>
							<ExtTooltip xsi:type="TextDecoration" id="32:02023637-7868-4a5f-8576-835a76e0c9ba">
								<Properties>
									<Name>ЗагрузитьНастройкиОтчетаExtendedTooltip</Name>
									<Kind>Label</Kind>
									<Visible>true</Visible>
									<UserVisible>
										<xr:common>true</xr:common>
									</UserVisible>
									<Enabled>true</Enabled>
									<Width>0</Width>
									<Height>0</Height>
									<HorStretchable>auto</HorStretchable>
									<VertStretchable>auto</VertStretchable>
									<SkipOnInput>auto</SkipOnInput>
									<TextColor>auto</TextColor>
									<Font kind="AutoFont"/>
									<ShortCut/>
									<Title/>
									<Tooltip/>
									<TooltipRepresentation>Auto</TooltipRepresentation>
									<HyperLink>false</HyperLink>
									<HorAlignment>Left</HorAlignment>
									<VertAlignment>Auto</VertAlignment>
									<TitleHeight>0</TitleHeight>
									<BackColor>auto</BackColor>
									<BorderColor>auto</BorderColor>
									<Border width="1">
										<style xmlns="http://v8.1c.ru/8.1/data/ui" xsi:type="ControlBorderType">WithoutBorder</style>
									</Border>
								</Properties>
								<Events/>
								<PredefinedContainedItems/>
							</ExtTooltip>
						</PredefinedContainedItems>
					</Button>
					<Button id="18:02023637-7868-4a5f-8576-835a76e0c9ba">
						<Properties>
							<Name>СтандартныеНастройки</Name>
							<Kind>CommandBarButton</Kind>
							<Visible>true</Visible>
							<UserVisible>
								<xr:common>true</xr:common>
							</UserVisible>
							<TitleRowsCount>0</TitleRowsCount>
							<Representation>Auto</Representation>
							<DefaultButton>false</DefaultButton>
							<SkipOnInput>auto</SkipOnInput>
							<Enabled>true</Enabled>
							<DefaultElement>false</DefaultElement>
							<Important>false</Important>
							<Width>0</Width>
							<Height>0</Height>
							<PlacementArea>userCmds</PlacementArea>
							<Check>false</Check>
							<Command>Form.StandardCommand.StandardSettings</Command>
							<Parameter xsi:nil="true"/>
							<AttributeProperty/>
							<TextColor>auto</TextColor>
							<BackColor>auto</BackColor>
							<BorderColor>auto</BorderColor>
							<Font kind="AutoFont"/>
							<ShortCut/>
							<Picture/>
							<Title/>
							<TooltipRepresentation>Auto</TooltipRepresentation>
						</Properties>
						<PredefinedContainedItems>
							<ExtTooltip xsi:type="TextDecoration" id="33:02023637-7868-4a5f-8576-835a76e0c9ba">
								<Properties>
									<Name>СтандартныеНастройкиExtendedTooltip</Name>
									<Kind>Label</Kind>
									<Visible>true</Visible>
									<UserVisible>
										<xr:common>true</xr:common>
									</UserVisible>
									<Enabled>true</Enabled>
									<Width>0</Width>
									<Height>0</Height>
									<HorStretchable>auto</HorStretchable>
									<VertStretchable>auto</VertStretchable>
									<SkipOnInput>auto</SkipOnInput>
									<TextColor>auto</TextColor>
									<Font kind="AutoFont"/>
									<ShortCut/>
									<Title/>
									<Tooltip/>
									<TooltipRepresentation>Auto</TooltipRepresentation>
									<HyperLink>false</HyperLink>
									<HorAlignment>Left</HorAlignment>
									<VertAlignment>Auto</VertAlignment>
									<TitleHeight>0</TitleHeight>
									<BackColor>auto</BackColor>
									<BorderColor>auto</BorderColor>
									<Border width="1">
										<style xmlns="http://v8.1c.ru/8.1/data/ui" xsi:type="ControlBorderType">WithoutBorder</style>
									</Border>
								</Properties>
								<Events/>
								<PredefinedContainedItems/>
							</ExtTooltip>
						</PredefinedContainedItems>
					</Button>
					<Button id="19:02023637-7868-4a5f-8576-835a76e0c9ba">
						<Properties>
							<Name>Печать</Name>
							<Kind>CommandBarButton</Kind>
							<Visible>true</Visible>
							<UserVisible>
								<xr:common>true</xr:common>
							</UserVisible>
							<TitleRowsCount>0</TitleRowsCount>
							<Representation>Auto</Representation>
							<DefaultButton>false</DefaultButton>
							<SkipOnInput>auto</SkipOnInput>
							<Enabled>true</Enabled>
							<DefaultElement>false</DefaultElement>
							<Important>auto</Important>
							<Width>0</Width>
							<Height>0</Height>
							<PlacementArea>userCmds</PlacementArea>
							<Check>false</Check>
							<Command>Form.StandardCommand.Print</Command>
							<Parameter xsi:nil="true"/>
							<AttributeProperty/>
							<TextColor>auto</TextColor>
							<BackColor>auto</BackColor>
							<BorderColor>auto</BorderColor>
							<Font kind="AutoFont"/>
							<ShortCut/>
							<Picture/>
							<Title/>
							<TooltipRepresentation>Auto</TooltipRepresentation>
						</Properties>
						<PredefinedContainedItems>
							<ExtTooltip xsi:type="TextDecoration" id="34:02023637-7868-4a5f-8576-835a76e0c9ba">
								<Properties>
									<Name>ПечатьExtendedTooltip</Name>
									<Kind>Label</Kind>
									<Visible>true</Visible>
									<UserVisible>
										<xr:common>true</xr:common>
									</UserVisible>
									<Enabled>true</Enabled>
									<Width>0</Width>
									<Height>0</Height>
									<HorStretchable>auto</HorStretchable>
									<VertStretchable>auto</VertStretchable>
									<SkipOnInput>auto</SkipOnInput>
									<TextColor>auto</TextColor>
									<Font kind="AutoFont"/>
									<ShortCut/>
									<Title/>
									<Tooltip/>
									<TooltipRepresentation>Auto</TooltipRepresentation>
									<HyperLink>false</HyperLink>
									<HorAlignment>Left</HorAlignment>
									<VertAlignment>Auto</VertAlignment>
									<TitleHeight>0</TitleHeight>
									<BackColor>auto</BackColor>
									<BorderColor>auto</BorderColor>
									<Border width="1">
										<style xmlns="http://v8.1c.ru/8.1/data/ui" xsi:type="ControlBorderType">WithoutBorder</style>
									</Border>
								</Properties>
								<Events/>
								<PredefinedContainedItems/>
							</ExtTooltip>
						</PredefinedContainedItems>
					</Button>
					<Button id="20:02023637-7868-4a5f-8576-835a76e0c9ba">
						<Properties>
							<Name>Сохранить</Name>
							<Kind>CommandBarButton</Kind>
							<Visible>true</Visible>
							<UserVisible>
								<xr:common>true</xr:common>
							</UserVisible>
							<TitleRowsCount>0</TitleRowsCount>
							<Representation>Auto</Representation>
							<DefaultButton>false</DefaultButton>
							<SkipOnInput>auto</SkipOnInput>
							<Enabled>true</Enabled>
							<DefaultElement>false</DefaultElement>
							<Important>auto</Important>
							<Width>0</Width>
							<Height>0</Height>
							<PlacementArea>userCmds</PlacementArea>
							<Check>false</Check>
							<Command>Form.StandardCommand.Save</Command>
							<Parameter xsi:nil="true"/>
							<AttributeProperty/>
							<TextColor>auto</TextColor>
							<BackColor>auto</BackColor>
							<BorderColor>auto</BorderColor>
							<Font kind="AutoFont"/>
							<ShortCut/>
							<Picture/>
							<Title/>
							<TooltipRepresentation>Auto</TooltipRepresentation>
						</Properties>
						<PredefinedContainedItems>
							<ExtTooltip xsi:type="TextDecoration" id="35:02023637-7868-4a5f-8576-835a76e0c9ba">
								<Properties>
									<Name>СохранитьExtendedTooltip</Name>
									<Kind>Label</Kind>
									<Visible>true</Visible>
									<UserVisible>
										<xr:common>true</xr:common>
									</UserVisible>
									<Enabled>true</Enabled>
									<Width>0</Width>
									<Height>0</Height>
									<HorStretchable>auto</HorStretchable>
									<VertStretchable>auto</VertStretchable>
									<SkipOnInput>auto</SkipOnInput>
									<TextColor>auto</TextColor>
									<Font kind="AutoFont"/>
									<ShortCut/>
									<Title/>
									<Tooltip/>
									<TooltipRepresentation>Auto</TooltipRepresentation>
									<HyperLink>false</HyperLink>
									<HorAlignment>Left</HorAlignment>
									<VertAlignment>Auto</VertAlignment>
									<TitleHeight>0</TitleHeight>
									<BackColor>auto</BackColor>
									<BorderColor>auto</BorderColor>
									<Border width="1">
										<style xmlns="http://v8.1c.ru/8.1/data/ui" xsi:type="ControlBorderType">WithoutBorder</style>
									</Border>
								</Properties>
								<Events/>
								<PredefinedContainedItems/>
							</ExtTooltip>
						</PredefinedContainedItems>
					</Button>
					<Button id="21:02023637-7868-4a5f-8576-835a76e0c9ba">
						<Properties>
							<Name>ИзменитьФорму</Name>
							<Kind>CommandBarButton</Kind>
							<Visible>true</Visible>
							<UserVisible>
								<xr:common>true</xr:common>
							</UserVisible>
							<TitleRowsCount>0</TitleRowsCount>
							<Representation>Auto</Representation>
							<DefaultButton>false</DefaultButton>
							<SkipOnInput>auto</SkipOnInput>
							<Enabled>true</Enabled>
							<DefaultElement>false</DefaultElement>
							<Important>auto</Important>
							<Width>0</Width>
							<Height>0</Height>
							<PlacementArea>userCmds</PlacementArea>
							<Check>false</Check>
							<Command>Form.StandardCommand.CustomizeForm</Command>
							<Parameter xsi:nil="true"/>
							<AttributeProperty/>
							<TextColor>auto</TextColor>
							<BackColor>auto</BackColor>
							<BorderColor>auto</BorderColor>
							<Font kind="AutoFont"/>
							<ShortCut/>
							<Picture/>
							<Title/>
							<TooltipRepresentation>Auto</TooltipRepresentation>
						</Properties>
						<PredefinedContainedItems>
							<ExtTooltip xsi:type="TextDecoration" id="36:02023637-7868-4a5f-8576-835a76e0c9ba">
								<Properties>
									<Name>ИзменитьФормуExtendedTooltip</Name>
									<Kind>Label</Kind>
									<Visible>true</Visible>
									<UserVisible>
										<xr:common>true</xr:common>
									</UserVisible>
									<Enabled>true</Enabled>
									<Width>0</Width>
									<Height>0</Height>
									<HorStretchable>auto</HorStretchable>
									<VertStretchable>auto</VertStretchable>
									<SkipOnInput>auto</SkipOnInput>
									<TextColor>auto</TextColor>
									<Font kind="AutoFont"/>
									<ShortCut/>
									<Title/>
									<Tooltip/>
									<TooltipRepresentation>Auto</TooltipRepresentation>
									<HyperLink>false</HyperLink>
									<HorAlignment>Left</HorAlignment>
									<VertAlignment>Auto</VertAlignment>
									<TitleHeight>0</TitleHeight>
									<BackColor>auto</BackColor>
									<BorderColor>auto</BorderColor>
									<Border width="1">
										<style xmlns="http://v8.1c.ru/8.1/data/ui" xsi:type="ControlBorderType">WithoutBorder</style>
									</Border>
								</Properties>
								<Events/>
								<PredefinedContainedItems/>
							</ExtTooltip>
						</PredefinedContainedItems>
					</Button>
				</ContainedItems>
			</Menu>
			<Table id="6:02023637-7868-4a5f-8576-835a76e0c9ba">
				<Properties>
					<Name>КомпоновщикНастроекПользовательскиеНастройки</Name>
					<Representation>HierarchicalList</Representation>
					<Visible>true</Visible>
					<UserVisible>
						<xr:common>true</xr:common>
					</UserVisible>
					<TitleLocation>None</TitleLocation>
					<TitleRowsCount>0</TitleRowsCount>
					<CommandBarLocation>None</CommandBarLocation>
					<AutoFill>true</AutoFill>
					<Enabled>true</Enabled>
					<ReadOnly>false</ReadOnly>
					<SkipOnInput>auto</SkipOnInput>
					<DefaultElement>false</DefaultElement>
					<ChangeRowSet>true</ChangeRowSet>
					<ChangeRowOrder>true</ChangeRowOrder>
					<Width>0</Width>
					<Height>0</Height>
					<RowsCount>0</RowsCount>
					<ChoiceMode>false</ChoiceMode>
					<MultipleChoice>false</MultipleChoice>
					<RowInputMode>EndOfList</RowInputMode>
					<RowsSelectionMode>MultiRow</RowsSelectionMode>
					<RowSelectionMode>Cell</RowSelectionMode>
					<ShowHeader>false</ShowHeader>
					<HeaderHeight>1</HeaderHeight>
					<ShowFooter>false</ShowFooter>
					<FooterHeight>1</FooterHeight>
					<HorScroll>AutoUse</HorScroll>
					<VertScroll>AutoUse</VertScroll>
					<ShowHorLines>true</ShowHorLines>
					<ShowVertLines>true</ShowVertLines>
					<FixedLeft>4294967295</FixedLeft>
					<FixedRight>4294967295</FixedRight>
					<UseAlternationRowColor>false</UseAlternationRowColor>
					<AutoInsertNewRow>false</AutoInsertNewRow>
					<AutoInsertNotCompletedVals>auto</AutoInsertNotCompletedVals>
					<AutoMarkNotcompletedVals>auto</AutoMarkNotcompletedVals>
					<SearchOnInput>Auto</SearchOnInput>
					<InitialListView>Auto</InitialListView>
					<InitialTreeView>NoExpand</InitialTreeView>
					<UseOutput>Auto</UseOutput>
					<HorStretchable>true</HorStretchable>
					<VertStretchable>false</VertStretchable>
					<EnableStartDrag>false</EnableStartDrag>
					<EnableDrag>false</EnableDrag>
					<DataPath>Отчет.SettingsComposer.UserSettings</DataPath>
					<RowPictureDataPath/>
					<RowsPicture/>
					<TextColor>auto</TextColor>
					<BackColor>auto</BackColor>
					<BorderColor>auto</BorderColor>
					<Font kind="AutoFont"/>
					<Title>
						<v8:item>
							<v8:lang>ru</v8:lang>
							<v8:content>Таблица пользовательских настроек</v8:content>
						</v8:item>
					</Title>
					<TitleTextColor>auto</TitleTextColor>
					<TitleFont kind="AutoFont"/>
					<ShortCut/>
					<CommandsContent>
						<ExcludedCommand>HierarchicalList</ExcludedCommand>
						<ExcludedCommand>Tree</ExcludedCommand>
						<ExcludedCommand>List</ExcludedCommand>
					</CommandsContent>
					<Tooltip/>
					<TooltipRepresentation>Auto</TooltipRepresentation>
					<FilterViewMode>QuickAccess</FilterViewMode>
				</Properties>
				<Events/>
				<PredefinedContainedItems>
					<ContextMenu xsi:type="ContextMenuGroup" id="7:02023637-7868-4a5f-8576-835a76e0c9ba">
						<Properties>
							<Name>КомпоновщикНастроекПользовательскиеНастройкиКонтекстноеМеню</Name>
							<Type>ContextMenu</Type>
							<Visible>true</Visible>
							<UserVisible>
								<xr:common>true</xr:common>
							</UserVisible>
							<Enabled>true</Enabled>
							<ReadOnly>false</ReadOnly>
							<EnableContentChange>false</EnableContentChange>
							<Title/>
							<TitleTextColor>auto</TitleTextColor>
							<TitleFont kind="AutoFont"/>
							<ToolTip/>
							<ToolTipRepresentation>Auto</ToolTipRepresentation>
							<Shortcut/>
							<Width>0</Width>
							<Height>0</Height>
							<HorizontalStretch>auto</HorizontalStretch>
							<VerticalStretch>auto</VerticalStretch>
							<FillWithStdCommands>true</FillWithStdCommands>
						</Properties>
						<PredefinedContainedItems/>
						<ContainedItems/>
					</ContextMenu>
					<CommandBar xsi:type="AutoMenuGroup" id="8:02023637-7868-4a5f-8576-835a76e0c9ba">
						<Properties>
							<Name>КомпоновщикНастроекПользовательскиеНастройкиКоманднаяПанель</Name>
							<Type>AutoCommandBar</Type>
							<Visible>true</Visible>
							<UserVisible>
								<xr:common>true</xr:common>
							</UserVisible>
							<Enabled>true</Enabled>
							<ReadOnly>false</ReadOnly>
							<EnableContentChange>false</EnableContentChange>
							<Title/>
							<TitleTextColor>auto</TitleTextColor>
							<TitleFont kind="AutoFont"/>
							<ToolTip/>
							<ToolTipRepresentation>Auto</ToolTipRepresentation>
							<Shortcut/>
							<Width>0</Width>
							<Height>0</Height>
							<HorizontalStretch>auto</HorizontalStretch>
							<VerticalStretch>auto</VerticalStretch>
							<HorAlignment>Left</HorAlignment>
							<FillWithStdCommands>true</FillWithStdCommands>
						</Properties>
						<PredefinedContainedItems/>
						<ContainedItems/>
					</CommandBar>
					<ExtTooltip xsi:type="TextDecoration" id="37:02023637-7868-4a5f-8576-835a76e0c9ba">
						<Properties>
							<Name>КомпоновщикНастроекПользовательскиеНастройкиExtendedTooltip</Name>
							<Kind>Label</Kind>
							<Visible>true</Visible>
							<UserVisible>
								<xr:common>true</xr:common>
							</UserVisible>
							<Enabled>true</Enabled>
							<Width>0</Width>
							<Height>0</Height>
							<HorStretchable>auto</HorStretchable>
							<VertStretchable>auto</VertStretchable>
							<SkipOnInput>auto</SkipOnInput>
							<TextColor>auto</TextColor>
							<Font kind="AutoFont"/>
							<ShortCut/>
							<Title/>
							<Tooltip/>
							<TooltipRepresentation>Auto</TooltipRepresentation>
							<HyperLink>false</HyperLink>
							<HorAlignment>Left</HorAlignment>
							<VertAlignment>Auto</VertAlignment>
							<TitleHeight>0</TitleHeight>
							<BackColor>auto</BackColor>
							<BorderColor>auto</BorderColor>
							<Border width="1">
								<style xmlns="http://v8.1c.ru/8.1/data/ui" xsi:type="ControlBorderType">WithoutBorder</style>
							</Border>
						</Properties>
						<Events/>
						<PredefinedContainedItems/>
					</ExtTooltip>
				</PredefinedContainedItems>
				<ContainedItems/>
			</Table>
			<SpreadSheetDoc id="9:02023637-7868-4a5f-8576-835a76e0c9ba">
				<Properties>
					<Name>Результат</Name>
					<Type>SpreadsheetDocumentField</Type>
					<DataPath>Результат</DataPath>
					<Visible>true</Visible>
					<UserVisible>
						<xr:common>true</xr:common>
					</UserVisible>
					<DefaultItem>true</DefaultItem>
					<Enabled>true</Enabled>
					<ReadOnly>false</ReadOnly>
					<SkipOnInput>auto</SkipOnInput>
					<Title/>
					<TitleTextColor>auto</TitleTextColor>
					<TitleBackColor>auto</TitleBackColor>
					<TitleFont kind="AutoFont"/>
					<TitleLocation>None</TitleLocation>
					<TitleHeight>0</TitleHeight>
					<ToolTip/>
					<ToolTipRepresentation>Auto</ToolTipRepresentation>
					<WarningOnEditRepresentation>Auto</WarningOnEditRepresentation>
					<WarningOnEdit/>
					<Shortcut/>
					<CommandsContent/>
					<HorizontalAlign>Auto</HorizontalAlign>
					<VerticalAlign>Auto</VerticalAlign>
					<EditMode>Enter</EditMode>
					<FixingInTable>None</FixingInTable>
					<CellHyperlink>false</CellHyperlink>
					<AutoCellHeight>false</AutoCellHeight>
					<ShowInHeader>true</ShowInHeader>
					<HeaderPicture/>
					<HeaderHorizontalAlign>Left</HeaderHorizontalAlign>
					<ShowInFooter>true</ShowInFooter>
					<FooterDataPath/>
					<FooterText/>
					<FooterTextColor>auto</FooterTextColor>
					<FooterBackColor>auto</FooterBackColor>
					<FooterFont kind="AutoFont"/>
					<FooterPicture/>
					<FooterHorizontalAlign>Auto</FooterHorizontalAlign>
					<Width>100</Width>
					<Height>10</Height>
					<HorStretchable>true</HorStretchable>
					<VertStretchable>true</VertStretchable>
					<ShowGrid>false</ShowGrid>
					<ShowHeaders>false</ShowHeaders>
					<ShowVertScroll>true</ShowVertScroll>
					<ShowHorScroll>true</ShowHorScroll>
					<BlackAndWhite>false</BlackAndWhite>
					<Protection>false</Protection>
					<SelectionShowMode>Always</SelectionShowMode>
					<UseOutput>Auto</UseOutput>
					<Edit>false</Edit>
					<ShowGroups>true</ShowGroups>
					<EnableStartDrag>true</EnableStartDrag>
					<EnableDrag>true</EnableDrag>
					<ViewScalingMode>Auto</ViewScalingMode>
					<BorderColor>auto</BorderColor>
				</Properties>
				<Events/>
				<PredefinedContainedItems>
					<ContextMenu xsi:type="ContextMenuGroup" id="10:02023637-7868-4a5f-8576-835a76e0c9ba">
						<Properties>
							<Name>РезультатКонтекстноеМеню</Name>
							<Type>ContextMenu</Type>
							<Visible>true</Visible>
							<UserVisible>
								<xr:common>true</xr:common>
							</UserVisible>
							<Enabled>true</Enabled>
							<ReadOnly>false</ReadOnly>
							<EnableContentChange>false</EnableContentChange>
							<Title/>
							<TitleTextColor>auto</TitleTextColor>
							<TitleFont kind="AutoFont"/>
							<ToolTip/>
							<ToolTipRepresentation>Auto</ToolTipRepresentation>
							<Shortcut/>
							<Width>0</Width>
							<Height>0</Height>
							<HorizontalStretch>auto</HorizontalStretch>
							<VerticalStretch>auto</VerticalStretch>
							<FillWithStdCommands>true</FillWithStdCommands>
						</Properties>
						<PredefinedContainedItems/>
						<ContainedItems/>
					</ContextMenu>
					<ExtTooltip xsi:type="TextDecoration" id="38:02023637-7868-4a5f-8576-835a76e0c9ba">
						<Properties>
							<Name>РезультатExtendedTooltip</Name>
							<Kind>Label</Kind>
							<Visible>true</Visible>
							<UserVisible>
								<xr:common>true</xr:common>
							</UserVisible>
							<Enabled>true</Enabled>
							<Width>0</Width>
							<Height>0</Height>
							<HorStretchable>auto</HorStretchable>
							<VertStretchable>auto</VertStretchable>
							<SkipOnInput>auto</SkipOnInput>
							<TextColor>auto</TextColor>
							<Font kind="AutoFont"/>
							<ShortCut/>
							<Title/>
							<Tooltip/>
							<TooltipRepresentation>Auto</TooltipRepresentation>
							<HyperLink>false</HyperLink>
							<HorAlignment>Left</HorAlignment>
							<VertAlignment>Auto</VertAlignment>
							<TitleHeight>0</TitleHeight>
							<BackColor>auto</BackColor>
							<BorderColor>auto</BorderColor>
							<Border width="1">
								<style xmlns="http://v8.1c.ru/8.1/data/ui" xsi:type="ControlBorderType">WithoutBorder</style>
							</Border>
						</Properties>
						<Events/>
						<PredefinedContainedItems/>
					</ExtTooltip>
				</PredefinedContainedItems>
			</SpreadSheetDoc>
		</ContainedItems>
	</Elements>
	<NavigationPanel/>
	<CommandPanel/>
</Form>