﻿<?xml version="1.0" encoding="UTF-8"?>
<MetaDataObject xmlns="http://v8.1c.ru/8.3/MDClasses" xmlns:app="http://v8.1c.ru/8.2/managed-application/core" xmlns:cfg="http://v8.1c.ru/8.1/data/enterprise/current-config" xmlns:cmi="http://v8.1c.ru/8.2/managed-application/cmi" xmlns:ent="http://v8.1c.ru/8.1/data/enterprise" xmlns:lf="http://v8.1c.ru/8.2/managed-application/logform" xmlns:style="http://v8.1c.ru/8.1/data/ui/style" xmlns:sys="http://v8.1c.ru/8.1/data/ui/fonts/system" xmlns:v8="http://v8.1c.ru/8.1/data/core" xmlns:v8ui="http://v8.1c.ru/8.1/data/ui" xmlns:web="http://v8.1c.ru/8.1/data/ui/colors/web" xmlns:win="http://v8.1c.ru/8.1/data/ui/colors/windows" xmlns:xen="http://v8.1c.ru/8.3/xcf/enums" xmlns:xpr="http://v8.1c.ru/8.3/xcf/predef" xmlns:xr="http://v8.1c.ru/8.3/xcf/readable" xmlns:xs="http://www.w3.org/2001/XMLSchema" xmlns:xsi="http://www.w3.org/2001/XMLSchema-instance">
	<Report uuid="462116fa-6162-4af8-b408-5519be00ccd9">
		<InnerInfo>
			<xr:producedType name="ReportObject.ПС_ДолжностныеИнструкции" category="Object">
				<xr:typeId>f7c67e0a-0fe7-46f5-b7a2-7093b4a6308a</xr:typeId>
				<xr:valTypeId>a8e72a79-7a35-4a88-8724-2bfd12589296</xr:valTypeId>
			</xr:producedType>
			<xr:producedType name="ReportManager.ПС_ДолжностныеИнструкции" category="Manager">
				<xr:typeId>150cb709-67e7-41dd-a87a-cbe85bb6e1e5</xr:typeId>
				<xr:valTypeId>fd70b7e2-6181-46ea-9cbb-455bfdae5746</xr:valTypeId>
			</xr:producedType>
		</InnerInfo>
		<Properties>
			<Name>ПС_ДолжностныеИнструкции</Name>
			<Synonym>
				<v8:item>
					<v8:lang>ru</v8:lang>
					<v8:content>Должностные инструкции</v8:content>
				</v8:item>
			</Synonym>
			<Comment/>
			<UseStandardCommands>false</UseStandardCommands>
			<DefaultForm>Report.ПС_ДолжностныеИнструкции.Form.ФормаОтчета</DefaultForm>
			<AuxiliaryForm>Report.ПС_ДолжностныеИнструкции.Form.ФормаОтчета</AuxiliaryForm>
			<MainDataCompositionSchema>Report.ПС_ДолжностныеИнструкции.Template.ОсновнаяСхемаКомпоновкиДанных</MainDataCompositionSchema>
			<DefaultSettingsForm>Report.ПС_ДолжностныеИнструкции.Form.ФормаНастроек</DefaultSettingsForm>
			<AuxiliarySettingsForm>Report.ПС_ДолжностныеИнструкции.Form.ФормаНастроек</AuxiliarySettingsForm>
			<DefaultVariantForm/>
			<VariantsStorage/>
			<SettingsStorage/>
			<IncludeHelpInContents>true</IncludeHelpInContents>
			<ExtendedPresentation/>
			<Explanation/>
		</Properties>
		<ChildObjects>
			<Attribute uuid="c2f42454-a5d2-4524-9dc6-51ff24b5b361">
				<Properties>
					<Name>Построитель</Name>
					<Synonym>
						<v8:item>
							<v8:lang>ru</v8:lang>
							<v8:content>Построитель</v8:content>
						</v8:item>
					</Synonym>
					<Comment/>
					<Type>
						<v8:Type>cfg:ReportBuilder</v8:Type>
					</Type>
					<PasswordMode>false</PasswordMode>
					<Format/>
					<EditFormat/>
					<ToolTip/>
					<MarkNegatives>false</MarkNegatives>
					<Mask/>
					<MultiLine>false</MultiLine>
					<ExtendedEdit>false</ExtendedEdit>
					<MinValue xsi:nil="true"/>
					<MaxValue xsi:nil="true"/>
					<FillChecking>DontCheck</FillChecking>
					<ChoiceFoldersAndItems>Items</ChoiceFoldersAndItems>
					<ChoiceParameterLinks/>
					<ChoiceParameters/>
					<QuickChoice>Auto</QuickChoice>
					<CreateOnInput>Auto</CreateOnInput>
					<ChoiceForm/>
					<LinkByType/>
					<ChoiceHistoryOnInput>Auto</ChoiceHistoryOnInput>
				</Properties>
			</Attribute>
			<Form>Форма</Form>
			<Form>ФормаНастройки</Form>
			<Form>ФормаОтчета</Form>
			<Form>ФормаНастроек</Form>
			<Template>МакетЗаголовка</Template>
			<Template>ПользовательскаяИнформация</Template>
			<Template>ОсновнаяСхемаКомпоновкиДанных</Template>
		</ChildObjects>
	</Report>
</MetaDataObject>