﻿<?xml version="1.0" encoding="UTF-8"?>
<Form xmlns="http://v8.1c.ru/8.3/xcf/logform" xmlns:app="http://v8.1c.ru/8.2/managed-application/core" xmlns:dcscor="http://v8.1c.ru/8.1/data-composition-system/core" xmlns:dcsset="http://v8.1c.ru/8.1/data-composition-system/settings" xmlns:ent="http://v8.1c.ru/8.1/data/enterprise" xmlns:lf="http://v8.1c.ru/8.2/managed-application/logform" xmlns:style="http://v8.1c.ru/8.1/data/ui/style" xmlns:v8="http://v8.1c.ru/8.1/data/core" xmlns:web="http://v8.1c.ru/8.1/data/ui/colors/web" xmlns:win="http://v8.1c.ru/8.1/data/ui/colors/windows" xmlns:xr="http://v8.1c.ru/8.3/xcf/readable" xmlns:xs="http://www.w3.org/2001/XMLSchema" xmlns:xsi="http://www.w3.org/2001/XMLSchema-instance">
	<Attributes>
		<Attribute id="1">
			<Name>Отчет</Name>
			<Title/>
			<Type>
				<v8:Type xmlns:d5p1="http://v8.1c.ru/8.1/data/enterprise/current-config">d5p1:ReportObject.ПС_ГрафическийОтчетПоБизнесПроцессам</v8:Type>
			</Type>
			<Accessibility>
				<xr:common>true</xr:common>
			</Accessibility>
			<Editing>
				<xr:common>true</xr:common>
			</Editing>
			<Content/>
			<SavingContent/>
			<MainProperty>true</MainProperty>
			<StoredData>false</StoredData>
			<FunctionalOptions/>
			<FillCheck>DontCheck</FillCheck>
			<Columns/>
			<ExtInfo/>
		</Attribute>
		<Attribute id="2">
			<Name>СхемаБП</Name>
			<Title>
				<v8:item>
					<v8:lang>ru</v8:lang>
					<v8:content>Схема БП</v8:content>
				</v8:item>
			</Title>
			<Type>
				<v8:Type xmlns:d5p1="http://v8.1c.ru/8.2/data/graphscheme">d5p1:FlowchartContextType</v8:Type>
			</Type>
			<Accessibility>
				<xr:common>true</xr:common>
			</Accessibility>
			<Editing>
				<xr:common>true</xr:common>
			</Editing>
			<Content/>
			<SavingContent/>
			<MainProperty>false</MainProperty>
			<StoredData>false</StoredData>
			<FunctionalOptions/>
			<FillCheck>DontCheck</FillCheck>
			<Columns/>
			<ExtInfo/>
		</Attribute>
		<Attribute id="3">
			<Name>Реквизит</Name>
			<Title>
				<v8:item>
					<v8:lang>ru</v8:lang>
					<v8:content>Реквизит</v8:content>
				</v8:item>
			</Title>
			<Type>
				<v8:Type>xs:string</v8:Type>
				<v8:StringQualifiers>
					<v8:Length>10</v8:Length>
					<v8:AllowedLength>Variable</v8:AllowedLength>
				</v8:StringQualifiers>
			</Type>
			<Accessibility>
				<xr:common>true</xr:common>
			</Accessibility>
			<Editing>
				<xr:common>true</xr:common>
			</Editing>
			<Content/>
			<SavingContent/>
			<MainProperty>false</MainProperty>
			<StoredData>false</StoredData>
			<FunctionalOptions/>
			<FillCheck>DontCheck</FillCheck>
			<Columns/>
			<ExtInfo/>
		</Attribute>
		<Attribute id="4">
			<Name>АвтоВыполнение</Name>
			<Title>
				<v8:item>
					<v8:lang>ru</v8:lang>
					<v8:content>Авто выполнение</v8:content>
				</v8:item>
			</Title>
			<Type>
				<v8:Type>xs:boolean</v8:Type>
			</Type>
			<Accessibility>
				<xr:common>true</xr:common>
			</Accessibility>
			<Editing>
				<xr:common>true</xr:common>
			</Editing>
			<Content/>
			<SavingContent/>
			<MainProperty>false</MainProperty>
			<StoredData>false</StoredData>
			<FunctionalOptions/>
			<FillCheck>DontCheck</FillCheck>
			<Columns/>
			<ExtInfo/>
		</Attribute>
		<Attribute id="5">
			<Name>АдресВХ</Name>
			<Title>
				<v8:item>
					<v8:lang>ru</v8:lang>
					<v8:content>Адрес ВХ</v8:content>
				</v8:item>
			</Title>
			<Type>
				<v8:Type>xs:string</v8:Type>
				<v8:StringQualifiers>
					<v8:Length>0</v8:Length>
					<v8:AllowedLength>Variable</v8:AllowedLength>
				</v8:StringQualifiers>
			</Type>
			<Accessibility>
				<xr:common>true</xr:common>
			</Accessibility>
			<Editing>
				<xr:common>true</xr:common>
			</Editing>
			<Content/>
			<SavingContent/>
			<MainProperty>false</MainProperty>
			<StoredData>false</StoredData>
			<FunctionalOptions/>
			<FillCheck>DontCheck</FillCheck>
			<Columns/>
			<ExtInfo/>
		</Attribute>
		<Attribute id="6">
			<Name>ТекущаяЗадача</Name>
			<Title>
				<v8:item>
					<v8:lang>ru</v8:lang>
					<v8:content>Текущая задача</v8:content>
				</v8:item>
			</Title>
			<Type>
				<v8:Type xmlns:d5p1="http://v8.1c.ru/8.1/data/enterprise/current-config">d5p1:TaskRef.ПС_Задача</v8:Type>
			</Type>
			<Accessibility>
				<xr:common>true</xr:common>
			</Accessibility>
			<Editing>
				<xr:common>true</xr:common>
			</Editing>
			<Content/>
			<SavingContent/>
			<MainProperty>false</MainProperty>
			<StoredData>false</StoredData>
			<FunctionalOptions/>
			<FillCheck>DontCheck</FillCheck>
			<Columns/>
			<ExtInfo/>
		</Attribute>
		<Attribute id="7">
			<Name>ТекущаяЗадачаАктуальна</Name>
			<Title>
				<v8:item>
					<v8:lang>ru</v8:lang>
					<v8:content>Текущая задача актуальна</v8:content>
				</v8:item>
			</Title>
			<Type>
				<v8:Type>xs:boolean</v8:Type>
			</Type>
			<Accessibility>
				<xr:common>true</xr:common>
			</Accessibility>
			<Editing>
				<xr:common>true</xr:common>
			</Editing>
			<Content/>
			<SavingContent/>
			<MainProperty>false</MainProperty>
			<StoredData>false</StoredData>
			<FunctionalOptions/>
			<FillCheck>DontCheck</FillCheck>
			<Columns/>
			<ExtInfo/>
		</Attribute>
		<Attribute id="8">
			<Name>ТекущийПользователь</Name>
			<Title>
				<v8:item>
					<v8:lang>ru</v8:lang>
					<v8:content>Текущий пользователь</v8:content>
				</v8:item>
			</Title>
			<Type>
				<v8:Type xmlns:d5p1="http://v8.1c.ru/8.1/data/enterprise/current-config">d5p1:CatalogRef.Пользователи</v8:Type>
			</Type>
			<Accessibility>
				<xr:common>true</xr:common>
			</Accessibility>
			<Editing>
				<xr:common>true</xr:common>
			</Editing>
			<Content/>
			<SavingContent/>
			<MainProperty>false</MainProperty>
			<StoredData>false</StoredData>
			<FunctionalOptions/>
			<FillCheck>DontCheck</FillCheck>
			<Columns/>
			<ExtInfo/>
		</Attribute>
		<ConditionalAppearance/>
	</Attributes>
	<Commands>
		<Command>
			<Name>СформироватьОтчет</Name>
			<Title>
				<v8:item>
					<v8:lang>ru</v8:lang>
					<v8:content>Обновить</v8:content>
				</v8:item>
			</Title>
			<ToolTip>
				<v8:item>
					<v8:lang>ru</v8:lang>
					<v8:content>Сформировать отчет</v8:content>
				</v8:item>
			</ToolTip>
			<Using>
				<xr:common>true</xr:common>
			</Using>
			<ShortCut/>
			<Picture>
				<xr:pictureRef>StdPicture.Refresh</xr:pictureRef>
				<xr:loadTransparent>true</xr:loadTransparent>
			</Picture>
			<Handler>СформироватьОтчет</Handler>
			<FunctionalOptions/>
			<DefaultRepresentation>TextPicture</DefaultRepresentation>
			<ModifiesStoredData>false</ModifiesStoredData>
			<AddedFromContext>false</AddedFromContext>
		</Command>
		<Command>
			<Name>ПользовательскаяИнформация</Name>
			<Title>
				<v8:item>
					<v8:lang>ru</v8:lang>
					<v8:content>Пользовательская информация</v8:content>
				</v8:item>
			</Title>
			<ToolTip>
				<v8:item>
					<v8:lang>ru</v8:lang>
					<v8:content>Пользовательская информация</v8:content>
				</v8:item>
			</ToolTip>
			<Using>
				<xr:common>true</xr:common>
			</Using>
			<ShortCut/>
			<Picture>
				<xr:pictureRef>CommonPicture.ПС_КакПользоватьсяОтчетами</xr:pictureRef>
				<xr:loadTransparent>false</xr:loadTransparent>
			</Picture>
			<Handler>ПользовательскаяИнформация</Handler>
			<FunctionalOptions/>
			<DefaultRepresentation>TextPicture</DefaultRepresentation>
			<ModifiesStoredData>false</ModifiesStoredData>
			<AddedFromContext>false</AddedFromContext>
		</Command>
	</Commands>
	<Parameters>
		<Parameter>
			<Name>БизнесПроцесс</Name>
			<Type>
				<v8:Type xmlns:d5p1="http://v8.1c.ru/8.1/data/enterprise/current-config">d5p1:BusinessProcessRef.ПС_БизнесПроцесс</v8:Type>
			</Type>
			<KeyParameter>false</KeyParameter>
		</Parameter>
	</Parameters>
	<Elements id="0:02023637-7868-4a5f-8576-835a76e0c9ba">
		<Properties>
			<Title/>
			<Width>0</Width>
			<Height>0</Height>
			<OpeningMode>Independent</OpeningMode>
			<EnterKeyBehavior>ControlNavigation</EnterKeyBehavior>
			<AutoSaveFormDataInSettings>DontUse</AutoSaveFormDataInSettings>
			<SaveFormDataInSettings>DontUse</SaveFormDataInSettings>
			<SettingsStorage/>
			<AutoTitle>true</AutoTitle>
			<AutoURL>true</AutoURL>
			<ChildrenGrouping>Vertical</ChildrenGrouping>
			<ChildItemsWidth>Auto</ChildItemsWidth>
			<AutoFillCheck>true</AutoFillCheck>
			<Customizable>true</Customizable>
			<Enabled>true</Enabled>
			<ReadOnly>false</ReadOnly>
			<CommandBarLocation>Auto</CommandBarLocation>
			<VerticalScrolling>useIfNecessary</VerticalScrolling>
			<BaseFontVariant>Auto</BaseFontVariant>
			<CommandsContent>
				<ExcludedCommand>NewWindow</ExcludedCommand>
				<ExcludedCommand>ReportSettings</ExcludedCommand>
				<ExcludedCommand>CustomizeForm</ExcludedCommand>
				<ExcludedCommand>SaveReportSettings</ExcludedCommand>
				<ExcludedCommand>SaveVariant</ExcludedCommand>
				<ExcludedCommand>Print</ExcludedCommand>
				<ExcludedCommand>Save</ExcludedCommand>
				<ExcludedCommand>LoadVariant</ExcludedCommand>
				<ExcludedCommand>LoadReportSettings</ExcludedCommand>
				<ExcludedCommand>Generate</ExcludedCommand>
				<ExcludedCommand>StandardSettings</ExcludedCommand>
				<ExcludedCommand>ChangeVariant</ExcludedCommand>
			</CommandsContent>
			<ReportResult/>
			<DetailsInformation/>
			<SettingsMode>Main</SettingsMode>
			<CurrentVariantPresentationField/>
			<ShowState>Auto</ShowState>
			<UserSettingsGroup/>
		</Properties>
		<Events>
			<Event name="NotificationProcessing">ОбработкаОповещения</Event>
			<Event name="OnOpen">ПриОткрытии</Event>
			<Event name="OnCreateAtServer">ПриСозданииНаСервере</Event>
		</Events>
		<PredefinedContainedItems>
			<CommandBar xsi:type="AutoMenuGroup" id="-1:02023637-7868-4a5f-8576-835a76e0c9ba">
				<Properties>
					<Name>ФормаКоманднаяПанель</Name>
					<Type>AutoCommandBar</Type>
					<Visible>true</Visible>
					<UserVisible>
						<xr:common>true</xr:common>
					</UserVisible>
					<Enabled>true</Enabled>
					<ReadOnly>false</ReadOnly>
					<EnableContentChange>false</EnableContentChange>
					<Title/>
					<TitleTextColor>auto</TitleTextColor>
					<TitleFont kind="AutoFont"/>
					<ToolTip/>
					<ToolTipRepresentation>Auto</ToolTipRepresentation>
					<Shortcut/>
					<Width>0</Width>
					<Height>0</Height>
					<HorizontalStretch>auto</HorizontalStretch>
					<VerticalStretch>auto</VerticalStretch>
					<HorAlignment>Left</HorAlignment>
					<FillWithStdCommands>false</FillWithStdCommands>
				</Properties>
				<PredefinedContainedItems/>
				<ContainedItems/>
			</CommandBar>
		</PredefinedContainedItems>
		<ContainedItems>
			<Group id="8:02023637-7868-4a5f-8576-835a76e0c9ba">
				<Properties>
					<Name>ГруппаКоманднаяПанель</Name>
					<Type>UsualGroup</Type>
					<Visible>true</Visible>
					<UserVisible>
						<xr:common>true</xr:common>
					</UserVisible>
					<Enabled>true</Enabled>
					<ReadOnly>false</ReadOnly>
					<EnableContentChange>false</EnableContentChange>
					<Title>
						<v8:item>
							<v8:lang>ru</v8:lang>
							<v8:content>Группа командная панель</v8:content>
						</v8:item>
					</Title>
					<TitleTextColor>auto</TitleTextColor>
					<TitleFont kind="AutoFont"/>
					<ToolTip>
						<v8:item>
							<v8:lang>ru</v8:lang>
							<v8:content>Группа командная панель</v8:content>
						</v8:item>
					</ToolTip>
					<ToolTipRepresentation>Auto</ToolTipRepresentation>
					<Shortcut/>
					<Width>0</Width>
					<Height>0</Height>
					<HorizontalStretch>auto</HorizontalStretch>
					<VerticalStretch>auto</VerticalStretch>
					<Group>Horizontal</Group>
					<Behavior>Usual</Behavior>
					<CollapsedRepresentationTitle/>
					<Collapsed>false</Collapsed>
					<ControlRepresentation>TitleHyperlink</ControlRepresentation>
					<Representation>None</Representation>
					<ShowLeftMargin>true</ShowLeftMargin>
					<ChildItemsWidth>Auto</ChildItemsWidth>
					<Format/>
					<ShowTitle>false</ShowTitle>
					<TitleDataPath/>
					<BackColor>auto</BackColor>
				</Properties>
				<PredefinedContainedItems>
					<ExtTooltip xsi:type="TextDecoration" id="11:02023637-7868-4a5f-8576-835a76e0c9ba">
						<Properties>
							<Name>ГруппаКоманднаяПанельExtendedTooltip</Name>
							<Kind>Label</Kind>
							<Visible>true</Visible>
							<UserVisible>
								<xr:common>true</xr:common>
							</UserVisible>
							<Enabled>true</Enabled>
							<Width>0</Width>
							<Height>0</Height>
							<HorStretchable>auto</HorStretchable>
							<VertStretchable>auto</VertStretchable>
							<SkipOnInput>auto</SkipOnInput>
							<TextColor>auto</TextColor>
							<Font kind="AutoFont"/>
							<ShortCut/>
							<Title/>
							<Tooltip/>
							<TooltipRepresentation>Auto</TooltipRepresentation>
							<HyperLink>false</HyperLink>
							<HorAlignment>Left</HorAlignment>
							<VertAlignment>Auto</VertAlignment>
							<TitleHeight>0</TitleHeight>
							<BackColor>auto</BackColor>
							<BorderColor>auto</BorderColor>
							<Border width="1">
								<style xmlns="http://v8.1c.ru/8.1/data/ui" xsi:type="ControlBorderType">WithoutBorder</style>
							</Border>
						</Properties>
						<Events/>
						<PredefinedContainedItems/>
					</ExtTooltip>
				</PredefinedContainedItems>
				<ContainedItems>
					<Button id="3:02023637-7868-4a5f-8576-835a76e0c9ba">
						<Properties>
							<Name>СформироватьОтчет</Name>
							<Kind>UsualButton</Kind>
							<Visible>true</Visible>
							<UserVisible>
								<xr:common>true</xr:common>
							</UserVisible>
							<TitleRowsCount>0</TitleRowsCount>
							<Representation>Auto</Representation>
							<DefaultButton>true</DefaultButton>
							<SkipOnInput>auto</SkipOnInput>
							<Enabled>true</Enabled>
							<DefaultElement>false</DefaultElement>
							<Important>auto</Important>
							<Width>10</Width>
							<Height>0</Height>
							<PlacementArea>userCmds</PlacementArea>
							<Check>false</Check>
							<Command>Form.Command.СформироватьОтчет</Command>
							<Parameter xsi:nil="true"/>
							<AttributeProperty/>
							<TextColor>auto</TextColor>
							<BackColor>auto</BackColor>
							<BorderColor>auto</BorderColor>
							<Font kind="AutoFont"/>
							<ShortCut/>
							<Picture/>
							<Title>
								<v8:item>
									<v8:lang>ru</v8:lang>
									<v8:content>Обновить</v8:content>
								</v8:item>
							</Title>
							<TooltipRepresentation>Auto</TooltipRepresentation>
						</Properties>
						<PredefinedContainedItems>
							<ExtTooltip xsi:type="TextDecoration" id="12:02023637-7868-4a5f-8576-835a76e0c9ba">
								<Properties>
									<Name>СформироватьОтчетExtendedTooltip</Name>
									<Kind>Label</Kind>
									<Visible>true</Visible>
									<UserVisible>
										<xr:common>true</xr:common>
									</UserVisible>
									<Enabled>true</Enabled>
									<Width>0</Width>
									<Height>0</Height>
									<HorStretchable>auto</HorStretchable>
									<VertStretchable>auto</VertStretchable>
									<SkipOnInput>auto</SkipOnInput>
									<TextColor>auto</TextColor>
									<Font kind="AutoFont"/>
									<ShortCut/>
									<Title/>
									<Tooltip/>
									<TooltipRepresentation>Auto</TooltipRepresentation>
									<HyperLink>false</HyperLink>
									<HorAlignment>Left</HorAlignment>
									<VertAlignment>Auto</VertAlignment>
									<TitleHeight>0</TitleHeight>
									<BackColor>auto</BackColor>
									<BorderColor>auto</BorderColor>
									<Border width="1">
										<style xmlns="http://v8.1c.ru/8.1/data/ui" xsi:type="ControlBorderType">WithoutBorder</style>
									</Border>
								</Properties>
								<Events/>
								<PredefinedContainedItems/>
							</ExtTooltip>
						</PredefinedContainedItems>
					</Button>
					<TextDecoration id="6:02023637-7868-4a5f-8576-835a76e0c9ba">
						<Properties>
							<Name>ПредставлениеБП</Name>
							<Kind>Label</Kind>
							<Visible>true</Visible>
							<UserVisible>
								<xr:common>true</xr:common>
							</UserVisible>
							<Enabled>true</Enabled>
							<Width>100</Width>
							<Height>0</Height>
							<HorStretchable>true</HorStretchable>
							<VertStretchable>auto</VertStretchable>
							<SkipOnInput>auto</SkipOnInput>
							<TextColor>auto</TextColor>
							<Font faceName="Verdana" height="13" bold="true" italic="false" underline="false" strikeout="false" kind="Absolute"/>
							<ShortCut/>
							<Title>
								<v8:item>
									<v8:lang>ru</v8:lang>
									<v8:content>Представление БП</v8:content>
								</v8:item>
							</Title>
							<Tooltip/>
							<TooltipRepresentation>Auto</TooltipRepresentation>
							<HyperLink>false</HyperLink>
							<HorAlignment>Left</HorAlignment>
							<VertAlignment>Auto</VertAlignment>
							<TitleHeight>0</TitleHeight>
							<BackColor>auto</BackColor>
							<BorderColor>auto</BorderColor>
							<Border width="1">
								<style xmlns="http://v8.1c.ru/8.1/data/ui" xsi:type="ControlBorderType">WithoutBorder</style>
							</Border>
						</Properties>
						<Events/>
						<PredefinedContainedItems>
							<ContextMenu xsi:type="ContextMenuGroup" id="7:02023637-7868-4a5f-8576-835a76e0c9ba">
								<Properties>
									<Name>ПредставлениеБПКонтекстноеМеню</Name>
									<Type>ContextMenu</Type>
									<Visible>true</Visible>
									<UserVisible>
										<xr:common>true</xr:common>
									</UserVisible>
									<Enabled>true</Enabled>
									<ReadOnly>false</ReadOnly>
									<EnableContentChange>false</EnableContentChange>
									<Title/>
									<TitleTextColor>auto</TitleTextColor>
									<TitleFont kind="AutoFont"/>
									<ToolTip/>
									<ToolTipRepresentation>Auto</ToolTipRepresentation>
									<Shortcut/>
									<Width>0</Width>
									<Height>0</Height>
									<HorizontalStretch>auto</HorizontalStretch>
									<VerticalStretch>auto</VerticalStretch>
									<FillWithStdCommands>true</FillWithStdCommands>
								</Properties>
								<PredefinedContainedItems/>
								<ContainedItems/>
							</ContextMenu>
							<ExtTooltip xsi:type="TextDecoration" id="13:02023637-7868-4a5f-8576-835a76e0c9ba">
								<Properties>
									<Name>ПредставлениеБПExtendedTooltip</Name>
									<Kind>Label</Kind>
									<Visible>true</Visible>
									<UserVisible>
										<xr:common>true</xr:common>
									</UserVisible>
									<Enabled>true</Enabled>
									<Width>0</Width>
									<Height>0</Height>
									<HorStretchable>auto</HorStretchable>
									<VertStretchable>auto</VertStretchable>
									<SkipOnInput>auto</SkipOnInput>
									<TextColor>auto</TextColor>
									<Font kind="AutoFont"/>
									<ShortCut/>
									<Title/>
									<Tooltip/>
									<TooltipRepresentation>Auto</TooltipRepresentation>
									<HyperLink>false</HyperLink>
									<HorAlignment>Left</HorAlignment>
									<VertAlignment>Auto</VertAlignment>
									<TitleHeight>0</TitleHeight>
									<BackColor>auto</BackColor>
									<BorderColor>auto</BorderColor>
									<Border width="1">
										<style xmlns="http://v8.1c.ru/8.1/data/ui" xsi:type="ControlBorderType">WithoutBorder</style>
									</Border>
								</Properties>
								<Events/>
								<PredefinedContainedItems/>
							</ExtTooltip>
						</PredefinedContainedItems>
					</TextDecoration>
					<Button id="10:02023637-7868-4a5f-8576-835a76e0c9ba">
						<Properties>
							<Name>ПользовательскаяИнформация</Name>
							<Kind>UsualButton</Kind>
							<Visible>true</Visible>
							<UserVisible>
								<xr:common>true</xr:common>
							</UserVisible>
							<TitleRowsCount>0</TitleRowsCount>
							<Representation>Auto</Representation>
							<DefaultButton>false</DefaultButton>
							<SkipOnInput>auto</SkipOnInput>
							<Enabled>true</Enabled>
							<DefaultElement>false</DefaultElement>
							<Important>auto</Important>
							<Width>0</Width>
							<Height>0</Height>
							<PlacementArea>userCmds</PlacementArea>
							<Check>false</Check>
							<Command>Form.Command.ПользовательскаяИнформация</Command>
							<Parameter xsi:nil="true"/>
							<AttributeProperty/>
							<TextColor>auto</TextColor>
							<BackColor>auto</BackColor>
							<BorderColor>auto</BorderColor>
							<Font kind="AutoFont"/>
							<ShortCut/>
							<Picture/>
							<Title>
								<v8:item>
									<v8:lang>ru</v8:lang>
									<v8:content>Как пользоваться отчетом?</v8:content>
								</v8:item>
							</Title>
							<TooltipRepresentation>Auto</TooltipRepresentation>
						</Properties>
						<PredefinedContainedItems>
							<ExtTooltip xsi:type="TextDecoration" id="14:02023637-7868-4a5f-8576-835a76e0c9ba">
								<Properties>
									<Name>ПользовательскаяИнформацияExtendedTooltip</Name>
									<Kind>Label</Kind>
									<Visible>true</Visible>
									<UserVisible>
										<xr:common>true</xr:common>
									</UserVisible>
									<Enabled>true</Enabled>
									<Width>0</Width>
									<Height>0</Height>
									<HorStretchable>auto</HorStretchable>
									<VertStretchable>auto</VertStretchable>
									<SkipOnInput>auto</SkipOnInput>
									<TextColor>auto</TextColor>
									<Font kind="AutoFont"/>
									<ShortCut/>
									<Title/>
									<Tooltip/>
									<TooltipRepresentation>Auto</TooltipRepresentation>
									<HyperLink>false</HyperLink>
									<HorAlignment>Left</HorAlignment>
									<VertAlignment>Auto</VertAlignment>
									<TitleHeight>0</TitleHeight>
									<BackColor>auto</BackColor>
									<BorderColor>auto</BorderColor>
									<Border width="1">
										<style xmlns="http://v8.1c.ru/8.1/data/ui" xsi:type="ControlBorderType">WithoutBorder</style>
									</Border>
								</Properties>
								<Events/>
								<PredefinedContainedItems/>
							</ExtTooltip>
						</PredefinedContainedItems>
					</Button>
					<Button id="9:02023637-7868-4a5f-8576-835a76e0c9ba">
						<Properties>
							<Name>Справка</Name>
							<Kind>UsualButton</Kind>
							<Visible>true</Visible>
							<UserVisible>
								<xr:common>true</xr:common>
							</UserVisible>
							<TitleRowsCount>0</TitleRowsCount>
							<Representation>Picture</Representation>
							<DefaultButton>false</DefaultButton>
							<SkipOnInput>auto</SkipOnInput>
							<Enabled>true</Enabled>
							<DefaultElement>false</DefaultElement>
							<Important>auto</Important>
							<Width>3</Width>
							<Height>0</Height>
							<PlacementArea>userCmds</PlacementArea>
							<Check>false</Check>
							<Command>Form.StandardCommand.Help</Command>
							<Parameter xsi:nil="true"/>
							<AttributeProperty/>
							<TextColor>auto</TextColor>
							<BackColor>auto</BackColor>
							<BorderColor>auto</BorderColor>
							<Font kind="AutoFont"/>
							<ShortCut/>
							<Picture>
								<xr:pictureRef>StdPicture.Help</xr:pictureRef>
								<xr:loadTransparent>true</xr:loadTransparent>
							</Picture>
							<Title/>
							<TooltipRepresentation>Auto</TooltipRepresentation>
						</Properties>
						<PredefinedContainedItems>
							<ExtTooltip xsi:type="TextDecoration" id="15:02023637-7868-4a5f-8576-835a76e0c9ba">
								<Properties>
									<Name>СправкаExtendedTooltip</Name>
									<Kind>Label</Kind>
									<Visible>true</Visible>
									<UserVisible>
										<xr:common>true</xr:common>
									</UserVisible>
									<Enabled>true</Enabled>
									<Width>0</Width>
									<Height>0</Height>
									<HorStretchable>auto</HorStretchable>
									<VertStretchable>auto</VertStretchable>
									<SkipOnInput>auto</SkipOnInput>
									<TextColor>auto</TextColor>
									<Font kind="AutoFont"/>
									<ShortCut/>
									<Title/>
									<Tooltip/>
									<TooltipRepresentation>Auto</TooltipRepresentation>
									<HyperLink>false</HyperLink>
									<HorAlignment>Left</HorAlignment>
									<VertAlignment>Auto</VertAlignment>
									<TitleHeight>0</TitleHeight>
									<BackColor>auto</BackColor>
									<BorderColor>auto</BorderColor>
									<Border width="1">
										<style xmlns="http://v8.1c.ru/8.1/data/ui" xsi:type="ControlBorderType">WithoutBorder</style>
									</Border>
								</Properties>
								<Events/>
								<PredefinedContainedItems/>
							</ExtTooltip>
						</PredefinedContainedItems>
					</Button>
				</ContainedItems>
			</Group>
			<Flowchart id="4:02023637-7868-4a5f-8576-835a76e0c9ba">
				<Properties>
					<Name>СхемаБП</Name>
					<Type>GraphicalSchemaField</Type>
					<DataPath>СхемаБП</DataPath>
					<Visible>true</Visible>
					<UserVisible>
						<xr:common>true</xr:common>
					</UserVisible>
					<DefaultItem>true</DefaultItem>
					<Enabled>true</Enabled>
					<ReadOnly>true</ReadOnly>
					<SkipOnInput>auto</SkipOnInput>
					<Title/>
					<TitleTextColor>auto</TitleTextColor>
					<TitleBackColor>auto</TitleBackColor>
					<TitleFont kind="AutoFont"/>
					<TitleLocation>None</TitleLocation>
					<TitleHeight>0</TitleHeight>
					<ToolTip/>
					<ToolTipRepresentation>Auto</ToolTipRepresentation>
					<WarningOnEditRepresentation>Auto</WarningOnEditRepresentation>
					<WarningOnEdit/>
					<Shortcut/>
					<CommandsContent/>
					<HorizontalAlign>Auto</HorizontalAlign>
					<VerticalAlign>Auto</VerticalAlign>
					<EditMode>Enter</EditMode>
					<FixingInTable>None</FixingInTable>
					<CellHyperlink>false</CellHyperlink>
					<AutoCellHeight>false</AutoCellHeight>
					<ShowInHeader>true</ShowInHeader>
					<HeaderPicture/>
					<HeaderHorizontalAlign>Left</HeaderHorizontalAlign>
					<ShowInFooter>true</ShowInFooter>
					<FooterDataPath/>
					<FooterText/>
					<FooterTextColor>auto</FooterTextColor>
					<FooterBackColor>auto</FooterBackColor>
					<FooterFont kind="AutoFont"/>
					<FooterPicture/>
					<FooterHorizontalAlign>Auto</FooterHorizontalAlign>
					<Width>50</Width>
					<Height>10</Height>
					<UseOutput>Enable</UseOutput>
					<Edit>true</Edit>
					<BorderColor>auto</BorderColor>
				</Properties>
				<Events>
					<Event name="Selection">СхемаБПВыбор</Event>
				</Events>
				<PredefinedContainedItems>
					<ContextMenu xsi:type="ContextMenuGroup" id="5:02023637-7868-4a5f-8576-835a76e0c9ba">
						<Properties>
							<Name>СхемаБПКонтекстноеМеню</Name>
							<Type>ContextMenu</Type>
							<Visible>true</Visible>
							<UserVisible>
								<xr:common>true</xr:common>
							</UserVisible>
							<Enabled>true</Enabled>
							<ReadOnly>false</ReadOnly>
							<EnableContentChange>false</EnableContentChange>
							<Title/>
							<TitleTextColor>auto</TitleTextColor>
							<TitleFont kind="AutoFont"/>
							<ToolTip/>
							<ToolTipRepresentation>Auto</ToolTipRepresentation>
							<Shortcut/>
							<Width>0</Width>
							<Height>0</Height>
							<HorizontalStretch>auto</HorizontalStretch>
							<VerticalStretch>auto</VerticalStretch>
							<FillWithStdCommands>true</FillWithStdCommands>
						</Properties>
						<PredefinedContainedItems/>
						<ContainedItems/>
					</ContextMenu>
					<ExtTooltip xsi:type="TextDecoration" id="16:02023637-7868-4a5f-8576-835a76e0c9ba">
						<Properties>
							<Name>СхемаБПExtendedTooltip</Name>
							<Kind>Label</Kind>
							<Visible>true</Visible>
							<UserVisible>
								<xr:common>true</xr:common>
							</UserVisible>
							<Enabled>true</Enabled>
							<Width>0</Width>
							<Height>0</Height>
							<HorStretchable>auto</HorStretchable>
							<VertStretchable>auto</VertStretchable>
							<SkipOnInput>auto</SkipOnInput>
							<TextColor>auto</TextColor>
							<Font kind="AutoFont"/>
							<ShortCut/>
							<Title/>
							<Tooltip/>
							<TooltipRepresentation>Auto</TooltipRepresentation>
							<HyperLink>false</HyperLink>
							<HorAlignment>Left</HorAlignment>
							<VertAlignment>Auto</VertAlignment>
							<TitleHeight>0</TitleHeight>
							<BackColor>auto</BackColor>
							<BorderColor>auto</BorderColor>
							<Border width="1">
								<style xmlns="http://v8.1c.ru/8.1/data/ui" xsi:type="ControlBorderType">WithoutBorder</style>
							</Border>
						</Properties>
						<Events/>
						<PredefinedContainedItems/>
					</ExtTooltip>
				</PredefinedContainedItems>
			</Flowchart>
		</ContainedItems>
	</Elements>
	<NavigationPanel/>
	<CommandPanel/>
</Form>