﻿<?xml version="1.0" encoding="UTF-8"?>
<Form xmlns="http://v8.1c.ru/8.3/xcf/logform" xmlns:app="http://v8.1c.ru/8.2/managed-application/core" xmlns:dcscor="http://v8.1c.ru/8.1/data-composition-system/core" xmlns:dcsset="http://v8.1c.ru/8.1/data-composition-system/settings" xmlns:ent="http://v8.1c.ru/8.1/data/enterprise" xmlns:lf="http://v8.1c.ru/8.2/managed-application/logform" xmlns:style="http://v8.1c.ru/8.1/data/ui/style" xmlns:v8="http://v8.1c.ru/8.1/data/core" xmlns:web="http://v8.1c.ru/8.1/data/ui/colors/web" xmlns:win="http://v8.1c.ru/8.1/data/ui/colors/windows" xmlns:xr="http://v8.1c.ru/8.3/xcf/readable" xmlns:xs="http://www.w3.org/2001/XMLSchema" xmlns:xsi="http://www.w3.org/2001/XMLSchema-instance">
	<Attributes>
		<Attribute id="1">
			<Name>Отчет</Name>
			<Title/>
			<Type>
				<v8:Type xmlns:d5p1="http://v8.1c.ru/8.1/data/enterprise/current-config">d5p1:ReportObject.ПС_КонтрольныеТочки</v8:Type>
			</Type>
			<Accessibility>
				<xr:common>true</xr:common>
			</Accessibility>
			<Editing>
				<xr:common>true</xr:common>
			</Editing>
			<Content/>
			<SavingContent/>
			<MainProperty>true</MainProperty>
			<StoredData>false</StoredData>
			<FunctionalOptions/>
			<FillCheck>DontCheck</FillCheck>
			<Columns/>
			<ExtInfo/>
		</Attribute>
		<Attribute id="2">
			<Name>НаименованиеТекущегоВарианта</Name>
			<Title>
				<v8:item>
					<v8:lang>ru</v8:lang>
					<v8:content>Вариант отчета</v8:content>
				</v8:item>
			</Title>
			<Type>
				<v8:Type>xs:string</v8:Type>
				<v8:StringQualifiers>
					<v8:Length>0</v8:Length>
					<v8:AllowedLength>Variable</v8:AllowedLength>
				</v8:StringQualifiers>
			</Type>
			<Accessibility>
				<xr:common>true</xr:common>
			</Accessibility>
			<Editing>
				<xr:common>true</xr:common>
			</Editing>
			<Content/>
			<SavingContent/>
			<MainProperty>false</MainProperty>
			<StoredData>false</StoredData>
			<FunctionalOptions/>
			<FillCheck>DontCheck</FillCheck>
			<Columns/>
			<ExtInfo/>
		</Attribute>
		<Attribute id="3">
			<Name>Результат</Name>
			<Title>
				<v8:item>
					<v8:lang>ru</v8:lang>
					<v8:content>Результат</v8:content>
				</v8:item>
			</Title>
			<Type>
				<v8:Type xmlns:mxl="http://v8.1c.ru/8.2/data/spreadsheet">mxl:SpreadsheetDocument</v8:Type>
			</Type>
			<Accessibility>
				<xr:common>true</xr:common>
			</Accessibility>
			<Editing>
				<xr:common>true</xr:common>
			</Editing>
			<Content/>
			<SavingContent/>
			<MainProperty>false</MainProperty>
			<StoredData>false</StoredData>
			<FunctionalOptions/>
			<FillCheck>DontCheck</FillCheck>
			<Columns/>
			<ExtInfo/>
		</Attribute>
		<Attribute id="4">
			<Name>ДанныеРасшифровки</Name>
			<Title/>
			<Type>
				<v8:Type>xs:string</v8:Type>
				<v8:StringQualifiers>
					<v8:Length>0</v8:Length>
					<v8:AllowedLength>Variable</v8:AllowedLength>
				</v8:StringQualifiers>
			</Type>
			<Accessibility>
				<xr:common>true</xr:common>
			</Accessibility>
			<Editing>
				<xr:common>true</xr:common>
			</Editing>
			<Content/>
			<SavingContent/>
			<MainProperty>false</MainProperty>
			<StoredData>false</StoredData>
			<FunctionalOptions/>
			<FillCheck>DontCheck</FillCheck>
			<Columns/>
			<ExtInfo/>
		</Attribute>
		<ConditionalAppearance/>
	</Attributes>
	<Commands>
		<Command>
			<Name>СформироватьОтчет</Name>
			<Title>
				<v8:item>
					<v8:lang>ru</v8:lang>
					<v8:content>Сформировать</v8:content>
				</v8:item>
			</Title>
			<ToolTip>
				<v8:item>
					<v8:lang>ru</v8:lang>
					<v8:content>Сформировать отчет</v8:content>
				</v8:item>
			</ToolTip>
			<Using>
				<xr:common>true</xr:common>
			</Using>
			<ShortCut/>
			<Picture>
				<xr:pictureRef>StdPicture.GenerateReport</xr:pictureRef>
				<xr:loadTransparent>true</xr:loadTransparent>
			</Picture>
			<Handler>СформироватьОтчет</Handler>
			<FunctionalOptions/>
			<DefaultRepresentation>TextPicture</DefaultRepresentation>
			<ModifiesStoredData>false</ModifiesStoredData>
			<AddedFromContext>false</AddedFromContext>
		</Command>
		<Command>
			<Name>ПользовательскаяИнформация</Name>
			<Title>
				<v8:item>
					<v8:lang>ru</v8:lang>
					<v8:content>Как пользоваться отчетом?</v8:content>
				</v8:item>
			</Title>
			<ToolTip>
				<v8:item>
					<v8:lang>ru</v8:lang>
					<v8:content>Пользовательская информация</v8:content>
				</v8:item>
			</ToolTip>
			<Using>
				<xr:common>true</xr:common>
			</Using>
			<ShortCut/>
			<Picture>
				<xr:pictureRef>CommonPicture.ПС_КакПользоватьсяОтчетами</xr:pictureRef>
				<xr:loadTransparent>false</xr:loadTransparent>
			</Picture>
			<Handler>ПользовательскаяИнформация</Handler>
			<FunctionalOptions/>
			<DefaultRepresentation>TextPicture</DefaultRepresentation>
			<ModifiesStoredData>false</ModifiesStoredData>
			<AddedFromContext>false</AddedFromContext>
		</Command>
	</Commands>
	<Parameters/>
	<Elements id="0:02023637-7868-4a5f-8576-835a76e0c9ba">
		<Properties>
			<Title/>
			<Width>0</Width>
			<Height>0</Height>
			<OpeningMode>Independent</OpeningMode>
			<EnterKeyBehavior>ControlNavigation</EnterKeyBehavior>
			<AutoSaveFormDataInSettings>DontUse</AutoSaveFormDataInSettings>
			<SaveFormDataInSettings>DontUse</SaveFormDataInSettings>
			<SettingsStorage/>
			<AutoTitle>true</AutoTitle>
			<AutoURL>true</AutoURL>
			<ChildrenGrouping>Vertical</ChildrenGrouping>
			<ChildItemsWidth>Auto</ChildItemsWidth>
			<AutoFillCheck>true</AutoFillCheck>
			<Customizable>true</Customizable>
			<Enabled>true</Enabled>
			<ReadOnly>false</ReadOnly>
			<CommandBarLocation>None</CommandBarLocation>
			<VerticalScrolling>useIfNecessary</VerticalScrolling>
			<BaseFontVariant>Auto</BaseFontVariant>
			<CommandsContent>
				<ExcludedCommand>NewWindow</ExcludedCommand>
				<ExcludedCommand>No</ExcludedCommand>
				<ExcludedCommand>ReportSettings</ExcludedCommand>
				<ExcludedCommand>CustomizeForm</ExcludedCommand>
				<ExcludedCommand>SaveValues</ExcludedCommand>
				<ExcludedCommand>Close</ExcludedCommand>
				<ExcludedCommand>ChangeSettingsStructure</ExcludedCommand>
				<ExcludedCommand>Abort</ExcludedCommand>
				<ExcludedCommand>Retry</ExcludedCommand>
				<ExcludedCommand>Yes</ExcludedCommand>
				<ExcludedCommand>Cancel</ExcludedCommand>
				<ExcludedCommand>RestoreValues</ExcludedCommand>
				<ExcludedCommand>EndEdit</ExcludedCommand>
				<ExcludedCommand>SaveReportSettings</ExcludedCommand>
				<ExcludedCommand>Cancel</ExcludedCommand>
				<ExcludedCommand>SaveVariant</ExcludedCommand>
				<ExcludedCommand>Save</ExcludedCommand>
				<ExcludedCommand>LoadVariant</ExcludedCommand>
				<ExcludedCommand>LoadReportSettings</ExcludedCommand>
				<ExcludedCommand>Generate</ExcludedCommand>
				<ExcludedCommand>StandardSettings</ExcludedCommand>
				<ExcludedCommand>Ignore</ExcludedCommand>
				<ExcludedCommand>OK</ExcludedCommand>
				<ExcludedCommand>ChangeVariant</ExcludedCommand>
			</CommandsContent>
			<ReportResult>Результат</ReportResult>
			<DetailsInformation>ДанныеРасшифровки</DetailsInformation>
			<SettingsMode>Main</SettingsMode>
			<CurrentVariantPresentationField>НаименованиеТекущегоВарианта</CurrentVariantPresentationField>
			<ShowState>Auto</ShowState>
			<UserSettingsGroup/>
		</Properties>
		<Events>
			<Event name="OnCreateAtServer">ПриСозданииНаСервере</Event>
		</Events>
		<PredefinedContainedItems>
			<CommandBar xsi:type="AutoMenuGroup" id="-1:02023637-7868-4a5f-8576-835a76e0c9ba">
				<Properties>
					<Name>ФормаКоманднаяПанель</Name>
					<Type>AutoCommandBar</Type>
					<Visible>true</Visible>
					<UserVisible>
						<xr:common>true</xr:common>
					</UserVisible>
					<Enabled>true</Enabled>
					<ReadOnly>false</ReadOnly>
					<EnableContentChange>false</EnableContentChange>
					<Title/>
					<TitleTextColor>auto</TitleTextColor>
					<TitleFont kind="AutoFont"/>
					<ToolTip/>
					<ToolTipRepresentation>Auto</ToolTipRepresentation>
					<Shortcut/>
					<Width>0</Width>
					<Height>0</Height>
					<HorizontalStretch>auto</HorizontalStretch>
					<VerticalStretch>auto</VerticalStretch>
					<HorAlignment>Left</HorAlignment>
					<FillWithStdCommands>false</FillWithStdCommands>
				</Properties>
				<PredefinedContainedItems/>
				<ContainedItems/>
			</CommandBar>
		</PredefinedContainedItems>
		<ContainedItems>
			<Menu id="43:02023637-7868-4a5f-8576-835a76e0c9ba">
				<Properties>
					<Name>ОсновнаяКоманднаяПанель</Name>
					<Type>CommandBar</Type>
					<Visible>true</Visible>
					<UserVisible>
						<xr:common>true</xr:common>
					</UserVisible>
					<Enabled>true</Enabled>
					<ReadOnly>false</ReadOnly>
					<EnableContentChange>false</EnableContentChange>
					<Title>
						<v8:item>
							<v8:lang>ru</v8:lang>
							<v8:content>Основная командная панель</v8:content>
						</v8:item>
					</Title>
					<TitleTextColor>auto</TitleTextColor>
					<TitleFont kind="AutoFont"/>
					<ToolTip>
						<v8:item>
							<v8:lang>ru</v8:lang>
							<v8:content>Основная командная панель</v8:content>
						</v8:item>
					</ToolTip>
					<ToolTipRepresentation>Auto</ToolTipRepresentation>
					<Shortcut/>
					<Width>0</Width>
					<Height>0</Height>
					<HorizontalStretch>auto</HorizontalStretch>
					<VerticalStretch>auto</VerticalStretch>
					<HorAlignment>Left</HorAlignment>
					<CommandSource>Form</CommandSource>
				</Properties>
				<PredefinedContainedItems>
					<ExtTooltip xsi:type="TextDecoration" id="48:02023637-7868-4a5f-8576-835a76e0c9ba">
						<Properties>
							<Name>ОсновнаяКоманднаяПанельExtendedTooltip</Name>
							<Kind>Label</Kind>
							<Visible>true</Visible>
							<UserVisible>
								<xr:common>true</xr:common>
							</UserVisible>
							<Enabled>true</Enabled>
							<Width>0</Width>
							<Height>0</Height>
							<HorStretchable>auto</HorStretchable>
							<VertStretchable>auto</VertStretchable>
							<SkipOnInput>auto</SkipOnInput>
							<TextColor>auto</TextColor>
							<Font kind="AutoFont"/>
							<ShortCut/>
							<Title/>
							<Tooltip/>
							<TooltipRepresentation>Auto</TooltipRepresentation>
							<HyperLink>false</HyperLink>
							<HorAlignment>Left</HorAlignment>
							<VertAlignment>Auto</VertAlignment>
							<TitleHeight>0</TitleHeight>
							<BackColor>auto</BackColor>
							<BorderColor>auto</BorderColor>
							<Border width="1">
								<style xmlns="http://v8.1c.ru/8.1/data/ui" xsi:type="ControlBorderType">WithoutBorder</style>
							</Border>
						</Properties>
						<Events/>
						<PredefinedContainedItems/>
					</ExtTooltip>
				</PredefinedContainedItems>
				<ContainedItems>
					<Button id="42:02023637-7868-4a5f-8576-835a76e0c9ba">
						<Properties>
							<Name>СформироватьОтчет</Name>
							<Kind>CommandBarButton</Kind>
							<Visible>true</Visible>
							<UserVisible>
								<xr:common>true</xr:common>
							</UserVisible>
							<TitleRowsCount>0</TitleRowsCount>
							<Representation>Auto</Representation>
							<DefaultButton>true</DefaultButton>
							<SkipOnInput>auto</SkipOnInput>
							<Enabled>true</Enabled>
							<DefaultElement>false</DefaultElement>
							<Important>auto</Important>
							<Width>0</Width>
							<Height>0</Height>
							<PlacementArea>userCmds</PlacementArea>
							<Check>false</Check>
							<Command>Form.Command.СформироватьОтчет</Command>
							<Parameter xsi:nil="true"/>
							<AttributeProperty/>
							<TextColor>auto</TextColor>
							<BackColor>auto</BackColor>
							<BorderColor>auto</BorderColor>
							<Font kind="AutoFont"/>
							<ShortCut/>
							<Picture>
								<xr:pictureRef>StdPicture.GenerateReport</xr:pictureRef>
								<xr:loadTransparent>true</xr:loadTransparent>
							</Picture>
							<Title/>
							<TooltipRepresentation>Auto</TooltipRepresentation>
						</Properties>
						<PredefinedContainedItems>
							<ExtTooltip xsi:type="TextDecoration" id="49:02023637-7868-4a5f-8576-835a76e0c9ba">
								<Properties>
									<Name>СформироватьОтчетExtendedTooltip</Name>
									<Kind>Label</Kind>
									<Visible>true</Visible>
									<UserVisible>
										<xr:common>true</xr:common>
									</UserVisible>
									<Enabled>true</Enabled>
									<Width>0</Width>
									<Height>0</Height>
									<HorStretchable>auto</HorStretchable>
									<VertStretchable>auto</VertStretchable>
									<SkipOnInput>auto</SkipOnInput>
									<TextColor>auto</TextColor>
									<Font kind="AutoFont"/>
									<ShortCut/>
									<Title/>
									<Tooltip/>
									<TooltipRepresentation>Auto</TooltipRepresentation>
									<HyperLink>false</HyperLink>
									<HorAlignment>Left</HorAlignment>
									<VertAlignment>Auto</VertAlignment>
									<TitleHeight>0</TitleHeight>
									<BackColor>auto</BackColor>
									<BorderColor>auto</BorderColor>
									<Border width="1">
										<style xmlns="http://v8.1c.ru/8.1/data/ui" xsi:type="ControlBorderType">WithoutBorder</style>
									</Border>
								</Properties>
								<Events/>
								<PredefinedContainedItems/>
							</ExtTooltip>
						</PredefinedContainedItems>
					</Button>
					<Button id="45:02023637-7868-4a5f-8576-835a76e0c9ba">
						<Properties>
							<Name>ФормаСправка</Name>
							<Kind>CommandBarButton</Kind>
							<Visible>true</Visible>
							<UserVisible>
								<xr:common>true</xr:common>
							</UserVisible>
							<TitleRowsCount>0</TitleRowsCount>
							<Representation>Auto</Representation>
							<DefaultButton>false</DefaultButton>
							<SkipOnInput>auto</SkipOnInput>
							<Enabled>true</Enabled>
							<DefaultElement>false</DefaultElement>
							<Important>auto</Important>
							<Width>0</Width>
							<Height>0</Height>
							<PlacementArea>userCmds</PlacementArea>
							<Check>false</Check>
							<Command>Form.StandardCommand.Help</Command>
							<Parameter xsi:nil="true"/>
							<AttributeProperty/>
							<TextColor>auto</TextColor>
							<BackColor>auto</BackColor>
							<BorderColor>auto</BorderColor>
							<Font kind="AutoFont"/>
							<ShortCut/>
							<Picture/>
							<Title/>
							<TooltipRepresentation>Auto</TooltipRepresentation>
						</Properties>
						<PredefinedContainedItems>
							<ExtTooltip xsi:type="TextDecoration" id="50:02023637-7868-4a5f-8576-835a76e0c9ba">
								<Properties>
									<Name>ФормаСправкаExtendedTooltip</Name>
									<Kind>Label</Kind>
									<Visible>true</Visible>
									<UserVisible>
										<xr:common>true</xr:common>
									</UserVisible>
									<Enabled>true</Enabled>
									<Width>0</Width>
									<Height>0</Height>
									<HorStretchable>auto</HorStretchable>
									<VertStretchable>auto</VertStretchable>
									<SkipOnInput>auto</SkipOnInput>
									<TextColor>auto</TextColor>
									<Font kind="AutoFont"/>
									<ShortCut/>
									<Title/>
									<Tooltip/>
									<TooltipRepresentation>Auto</TooltipRepresentation>
									<HyperLink>false</HyperLink>
									<HorAlignment>Left</HorAlignment>
									<VertAlignment>Auto</VertAlignment>
									<TitleHeight>0</TitleHeight>
									<BackColor>auto</BackColor>
									<BorderColor>auto</BorderColor>
									<Border width="1">
										<style xmlns="http://v8.1c.ru/8.1/data/ui" xsi:type="ControlBorderType">WithoutBorder</style>
									</Border>
								</Properties>
								<Events/>
								<PredefinedContainedItems/>
							</ExtTooltip>
						</PredefinedContainedItems>
					</Button>
					<Buttons id="47:02023637-7868-4a5f-8576-835a76e0c9ba">
						<Properties>
							<Name>ФормаГруппаИнформация</Name>
							<Type>ButtonGroup</Type>
							<Visible>true</Visible>
							<UserVisible>
								<xr:common>true</xr:common>
							</UserVisible>
							<Enabled>true</Enabled>
							<ReadOnly>false</ReadOnly>
							<EnableContentChange>false</EnableContentChange>
							<Title>
								<v8:item>
									<v8:lang>ru</v8:lang>
									<v8:content>Форма группа информация</v8:content>
								</v8:item>
							</Title>
							<TitleTextColor>auto</TitleTextColor>
							<TitleFont kind="AutoFont"/>
							<ToolTip>
								<v8:item>
									<v8:lang>ru</v8:lang>
									<v8:content>Форма группа информация</v8:content>
								</v8:item>
							</ToolTip>
							<ToolTipRepresentation>Auto</ToolTipRepresentation>
							<Shortcut/>
							<Width>0</Width>
							<Height>0</Height>
							<HorizontalStretch>auto</HorizontalStretch>
							<VerticalStretch>auto</VerticalStretch>
							<CommandSource/>
							<PlacementArea>userCmds</PlacementArea>
						</Properties>
						<PredefinedContainedItems>
							<ExtTooltip xsi:type="TextDecoration" id="51:02023637-7868-4a5f-8576-835a76e0c9ba">
								<Properties>
									<Name>ФормаГруппаИнформацияExtendedTooltip</Name>
									<Kind>Label</Kind>
									<Visible>true</Visible>
									<UserVisible>
										<xr:common>true</xr:common>
									</UserVisible>
									<Enabled>true</Enabled>
									<Width>0</Width>
									<Height>0</Height>
									<HorStretchable>auto</HorStretchable>
									<VertStretchable>auto</VertStretchable>
									<SkipOnInput>auto</SkipOnInput>
									<TextColor>auto</TextColor>
									<Font kind="AutoFont"/>
									<ShortCut/>
									<Title/>
									<Tooltip/>
									<TooltipRepresentation>Auto</TooltipRepresentation>
									<HyperLink>false</HyperLink>
									<HorAlignment>Left</HorAlignment>
									<VertAlignment>Auto</VertAlignment>
									<TitleHeight>0</TitleHeight>
									<BackColor>auto</BackColor>
									<BorderColor>auto</BorderColor>
									<Border width="1">
										<style xmlns="http://v8.1c.ru/8.1/data/ui" xsi:type="ControlBorderType">WithoutBorder</style>
									</Border>
								</Properties>
								<Events/>
								<PredefinedContainedItems/>
							</ExtTooltip>
						</PredefinedContainedItems>
						<ContainedItems>
							<Button id="44:02023637-7868-4a5f-8576-835a76e0c9ba">
								<Properties>
									<Name>ФормаПользовательскаяИнформация</Name>
									<Kind>CommandBarButton</Kind>
									<Visible>true</Visible>
									<UserVisible>
										<xr:common>true</xr:common>
									</UserVisible>
									<TitleRowsCount>0</TitleRowsCount>
									<Representation>Auto</Representation>
									<DefaultButton>false</DefaultButton>
									<SkipOnInput>auto</SkipOnInput>
									<Enabled>true</Enabled>
									<DefaultElement>false</DefaultElement>
									<Important>auto</Important>
									<Width>0</Width>
									<Height>0</Height>
									<PlacementArea>userCmds</PlacementArea>
									<Check>false</Check>
									<Command>Form.Command.ПользовательскаяИнформация</Command>
									<Parameter xsi:nil="true"/>
									<AttributeProperty/>
									<TextColor>auto</TextColor>
									<BackColor>auto</BackColor>
									<BorderColor>auto</BorderColor>
									<Font kind="AutoFont"/>
									<ShortCut/>
									<Picture/>
									<Title/>
									<TooltipRepresentation>Auto</TooltipRepresentation>
								</Properties>
								<PredefinedContainedItems>
									<ExtTooltip xsi:type="TextDecoration" id="52:02023637-7868-4a5f-8576-835a76e0c9ba">
										<Properties>
											<Name>ФормаПользовательскаяИнформацияExtendedTooltip</Name>
											<Kind>Label</Kind>
											<Visible>true</Visible>
											<UserVisible>
												<xr:common>true</xr:common>
											</UserVisible>
											<Enabled>true</Enabled>
											<Width>0</Width>
											<Height>0</Height>
											<HorStretchable>auto</HorStretchable>
											<VertStretchable>auto</VertStretchable>
											<SkipOnInput>auto</SkipOnInput>
											<TextColor>auto</TextColor>
											<Font kind="AutoFont"/>
											<ShortCut/>
											<Title/>
											<Tooltip/>
											<TooltipRepresentation>Auto</TooltipRepresentation>
											<HyperLink>false</HyperLink>
											<HorAlignment>Left</HorAlignment>
											<VertAlignment>Auto</VertAlignment>
											<TitleHeight>0</TitleHeight>
											<BackColor>auto</BackColor>
											<BorderColor>auto</BorderColor>
											<Border width="1">
												<style xmlns="http://v8.1c.ru/8.1/data/ui" xsi:type="ControlBorderType">WithoutBorder</style>
											</Border>
										</Properties>
										<Events/>
										<PredefinedContainedItems/>
									</ExtTooltip>
								</PredefinedContainedItems>
							</Button>
							<Button id="46:02023637-7868-4a5f-8576-835a76e0c9ba">
								<Properties>
									<Name>ФормаПечать</Name>
									<Kind>CommandBarButton</Kind>
									<Visible>true</Visible>
									<UserVisible>
										<xr:common>true</xr:common>
									</UserVisible>
									<TitleRowsCount>0</TitleRowsCount>
									<Representation>Auto</Representation>
									<DefaultButton>false</DefaultButton>
									<SkipOnInput>auto</SkipOnInput>
									<Enabled>true</Enabled>
									<DefaultElement>false</DefaultElement>
									<Important>true</Important>
									<Width>0</Width>
									<Height>0</Height>
									<PlacementArea>userCmds</PlacementArea>
									<Check>false</Check>
									<Command>Form.StandardCommand.Print</Command>
									<Parameter xsi:nil="true"/>
									<AttributeProperty/>
									<TextColor>auto</TextColor>
									<BackColor>auto</BackColor>
									<BorderColor>auto</BorderColor>
									<Font kind="AutoFont"/>
									<ShortCut/>
									<Picture/>
									<Title/>
									<TooltipRepresentation>Auto</TooltipRepresentation>
								</Properties>
								<PredefinedContainedItems>
									<ExtTooltip xsi:type="TextDecoration" id="53:02023637-7868-4a5f-8576-835a76e0c9ba">
										<Properties>
											<Name>ФормаПечатьExtendedTooltip</Name>
											<Kind>Label</Kind>
											<Visible>true</Visible>
											<UserVisible>
												<xr:common>true</xr:common>
											</UserVisible>
											<Enabled>true</Enabled>
											<Width>0</Width>
											<Height>0</Height>
											<HorStretchable>auto</HorStretchable>
											<VertStretchable>auto</VertStretchable>
											<SkipOnInput>auto</SkipOnInput>
											<TextColor>auto</TextColor>
											<Font kind="AutoFont"/>
											<ShortCut/>
											<Title/>
											<Tooltip/>
											<TooltipRepresentation>Auto</TooltipRepresentation>
											<HyperLink>false</HyperLink>
											<HorAlignment>Left</HorAlignment>
											<VertAlignment>Auto</VertAlignment>
											<TitleHeight>0</TitleHeight>
											<BackColor>auto</BackColor>
											<BorderColor>auto</BorderColor>
											<Border width="1">
												<style xmlns="http://v8.1c.ru/8.1/data/ui" xsi:type="ControlBorderType">WithoutBorder</style>
											</Border>
										</Properties>
										<Events/>
										<PredefinedContainedItems/>
									</ExtTooltip>
								</PredefinedContainedItems>
							</Button>
						</ContainedItems>
					</Buttons>
				</ContainedItems>
			</Menu>
			<Group id="19:02023637-7868-4a5f-8576-835a76e0c9ba">
				<Properties>
					<Name>ГруппаПериод</Name>
					<Type>UsualGroup</Type>
					<Visible>true</Visible>
					<UserVisible>
						<xr:common>true</xr:common>
					</UserVisible>
					<Enabled>true</Enabled>
					<ReadOnly>false</ReadOnly>
					<EnableContentChange>false</EnableContentChange>
					<Title>
						<v8:item>
							<v8:lang>ru</v8:lang>
							<v8:content>Группа период</v8:content>
						</v8:item>
					</Title>
					<TitleTextColor>auto</TitleTextColor>
					<TitleFont kind="AutoFont"/>
					<ToolTip>
						<v8:item>
							<v8:lang>ru</v8:lang>
							<v8:content>Группа период</v8:content>
						</v8:item>
					</ToolTip>
					<ToolTipRepresentation>Auto</ToolTipRepresentation>
					<Shortcut/>
					<Width>0</Width>
					<Height>0</Height>
					<HorizontalStretch>auto</HorizontalStretch>
					<VerticalStretch>auto</VerticalStretch>
					<Group>Horizontal</Group>
					<Behavior>Usual</Behavior>
					<CollapsedRepresentationTitle/>
					<Collapsed>false</Collapsed>
					<ControlRepresentation>TitleHyperlink</ControlRepresentation>
					<Representation>StrongSeparation</Representation>
					<ShowLeftMargin>true</ShowLeftMargin>
					<ChildItemsWidth>Auto</ChildItemsWidth>
					<Format/>
					<ShowTitle>false</ShowTitle>
					<TitleDataPath/>
					<BackColor>auto</BackColor>
				</Properties>
				<PredefinedContainedItems>
					<ExtTooltip xsi:type="TextDecoration" id="54:02023637-7868-4a5f-8576-835a76e0c9ba">
						<Properties>
							<Name>ГруппаПериодExtendedTooltip</Name>
							<Kind>Label</Kind>
							<Visible>true</Visible>
							<UserVisible>
								<xr:common>true</xr:common>
							</UserVisible>
							<Enabled>true</Enabled>
							<Width>0</Width>
							<Height>0</Height>
							<HorStretchable>auto</HorStretchable>
							<VertStretchable>auto</VertStretchable>
							<SkipOnInput>auto</SkipOnInput>
							<TextColor>auto</TextColor>
							<Font kind="AutoFont"/>
							<ShortCut/>
							<Title/>
							<Tooltip/>
							<TooltipRepresentation>Auto</TooltipRepresentation>
							<HyperLink>false</HyperLink>
							<HorAlignment>Left</HorAlignment>
							<VertAlignment>Auto</VertAlignment>
							<TitleHeight>0</TitleHeight>
							<BackColor>auto</BackColor>
							<BorderColor>auto</BorderColor>
							<Border width="1">
								<style xmlns="http://v8.1c.ru/8.1/data/ui" xsi:type="ControlBorderType">WithoutBorder</style>
							</Border>
						</Properties>
						<Events/>
						<PredefinedContainedItems/>
					</ExtTooltip>
				</PredefinedContainedItems>
				<ContainedItems>
					<CheckBox id="17:02023637-7868-4a5f-8576-835a76e0c9ba">
						<Properties>
							<Name>ПоказыватьЗавершенныеПроцессыЗаПериод</Name>
							<Type>CheckBoxField</Type>
							<DataPath>Отчет.ПоказыватьЗавершенныеПроцессыЗаПериод</DataPath>
							<Visible>true</Visible>
							<UserVisible>
								<xr:common>true</xr:common>
							</UserVisible>
							<DefaultItem>false</DefaultItem>
							<Enabled>true</Enabled>
							<ReadOnly>false</ReadOnly>
							<SkipOnInput>auto</SkipOnInput>
							<Title>
								<v8:item>
									<v8:lang>ru</v8:lang>
									<v8:content>Показывать завершенные процессы за период</v8:content>
								</v8:item>
							</Title>
							<TitleTextColor>auto</TitleTextColor>
							<TitleBackColor>auto</TitleBackColor>
							<TitleFont kind="AutoFont"/>
							<TitleLocation>Right</TitleLocation>
							<TitleHeight>0</TitleHeight>
							<ToolTip/>
							<ToolTipRepresentation>Auto</ToolTipRepresentation>
							<WarningOnEditRepresentation>Auto</WarningOnEditRepresentation>
							<WarningOnEdit/>
							<Shortcut/>
							<CommandsContent/>
							<HorizontalAlign>Auto</HorizontalAlign>
							<VerticalAlign>Auto</VerticalAlign>
							<EditMode>Enter</EditMode>
							<FixingInTable>None</FixingInTable>
							<CellHyperlink>false</CellHyperlink>
							<AutoCellHeight>false</AutoCellHeight>
							<ShowInHeader>true</ShowInHeader>
							<HeaderPicture/>
							<HeaderHorizontalAlign>Left</HeaderHorizontalAlign>
							<ShowInFooter>true</ShowInFooter>
							<FooterDataPath/>
							<FooterText/>
							<FooterTextColor>auto</FooterTextColor>
							<FooterBackColor>auto</FooterBackColor>
							<FooterFont kind="AutoFont"/>
							<FooterPicture/>
							<FooterHorizontalAlign>Auto</FooterHorizontalAlign>
							<CheckBoxType>Auto</CheckBoxType>
							<ThreeState>false</ThreeState>
							<BorderColor>auto</BorderColor>
							<EqualElementsWidth>auto</EqualElementsWidth>
						</Properties>
						<Events/>
						<PredefinedContainedItems>
							<ContextMenu xsi:type="ContextMenuGroup" id="18:02023637-7868-4a5f-8576-835a76e0c9ba">
								<Properties>
									<Name>ПоказыватьЗавершенныеПроцессыЗаПериодКонтекстноеМеню</Name>
									<Type>ContextMenu</Type>
									<Visible>true</Visible>
									<UserVisible>
										<xr:common>true</xr:common>
									</UserVisible>
									<Enabled>true</Enabled>
									<ReadOnly>false</ReadOnly>
									<EnableContentChange>false</EnableContentChange>
									<Title/>
									<TitleTextColor>auto</TitleTextColor>
									<TitleFont kind="AutoFont"/>
									<ToolTip/>
									<ToolTipRepresentation>Auto</ToolTipRepresentation>
									<Shortcut/>
									<Width>0</Width>
									<Height>0</Height>
									<HorizontalStretch>auto</HorizontalStretch>
									<VerticalStretch>auto</VerticalStretch>
									<FillWithStdCommands>true</FillWithStdCommands>
								</Properties>
								<PredefinedContainedItems/>
								<ContainedItems/>
							</ContextMenu>
							<ExtTooltip xsi:type="TextDecoration" id="55:02023637-7868-4a5f-8576-835a76e0c9ba">
								<Properties>
									<Name>ПоказыватьЗавершенныеПроцессыЗаПериодExtendedTooltip</Name>
									<Kind>Label</Kind>
									<Visible>true</Visible>
									<UserVisible>
										<xr:common>true</xr:common>
									</UserVisible>
									<Enabled>true</Enabled>
									<Width>0</Width>
									<Height>0</Height>
									<HorStretchable>auto</HorStretchable>
									<VertStretchable>auto</VertStretchable>
									<SkipOnInput>auto</SkipOnInput>
									<TextColor>auto</TextColor>
									<Font kind="AutoFont"/>
									<ShortCut/>
									<Title/>
									<Tooltip/>
									<TooltipRepresentation>Auto</TooltipRepresentation>
									<HyperLink>false</HyperLink>
									<HorAlignment>Left</HorAlignment>
									<VertAlignment>Auto</VertAlignment>
									<TitleHeight>0</TitleHeight>
									<BackColor>auto</BackColor>
									<BorderColor>auto</BorderColor>
									<Border width="1">
										<style xmlns="http://v8.1c.ru/8.1/data/ui" xsi:type="ControlBorderType">WithoutBorder</style>
									</Border>
								</Properties>
								<Events/>
								<PredefinedContainedItems/>
							</ExtTooltip>
						</PredefinedContainedItems>
					</CheckBox>
					<Input id="15:02023637-7868-4a5f-8576-835a76e0c9ba">
						<Properties>
							<Name>Период</Name>
							<Type>InputField</Type>
							<DataPath>Отчет.Период</DataPath>
							<Visible>true</Visible>
							<UserVisible>
								<xr:common>true</xr:common>
							</UserVisible>
							<DefaultItem>false</DefaultItem>
							<Enabled>true</Enabled>
							<ReadOnly>false</ReadOnly>
							<SkipOnInput>auto</SkipOnInput>
							<Title/>
							<TitleTextColor>auto</TitleTextColor>
							<TitleBackColor>auto</TitleBackColor>
							<TitleFont kind="AutoFont"/>
							<TitleLocation>None</TitleLocation>
							<TitleHeight>0</TitleHeight>
							<ToolTip/>
							<ToolTipRepresentation>Auto</ToolTipRepresentation>
							<WarningOnEditRepresentation>Auto</WarningOnEditRepresentation>
							<WarningOnEdit/>
							<Shortcut/>
							<CommandsContent/>
							<HorizontalAlign>Auto</HorizontalAlign>
							<VerticalAlign>Auto</VerticalAlign>
							<EditMode>Enter</EditMode>
							<FixingInTable>None</FixingInTable>
							<CellHyperlink>false</CellHyperlink>
							<AutoCellHeight>false</AutoCellHeight>
							<ShowInHeader>true</ShowInHeader>
							<HeaderPicture/>
							<HeaderHorizontalAlign>Left</HeaderHorizontalAlign>
							<ShowInFooter>true</ShowInFooter>
							<FooterDataPath/>
							<FooterText/>
							<FooterTextColor>auto</FooterTextColor>
							<FooterBackColor>auto</FooterBackColor>
							<FooterFont kind="AutoFont"/>
							<FooterPicture/>
							<FooterHorizontalAlign>Auto</FooterHorizontalAlign>
							<Width>30</Width>
							<RowsCount>0</RowsCount>
							<HorizontalStretchable>false</HorizontalStretchable>
							<VerticalStretchable>auto</VerticalStretchable>
							<Wrap>true</Wrap>
							<PasswordMode>auto</PasswordMode>
							<MultiLine>auto</MultiLine>
							<ExtendedEdit>auto</ExtendedEdit>
							<MarkNegatives>auto</MarkNegatives>
							<ChoiceListButton>auto</ChoiceListButton>
							<DropListButton>auto</DropListButton>
							<ChoiceButton>auto</ChoiceButton>
							<ChoiceButtonRepresentation>Auto</ChoiceButtonRepresentation>
							<ClearButton>auto</ClearButton>
							<SpinButton>auto</SpinButton>
							<OpenButton>auto</OpenButton>
							<CreateButton>auto</CreateButton>
							<Mask/>
							<ListChoiceMode>false</ListChoiceMode>
							<ChoiceListHeight>0</ChoiceListHeight>
							<DropListWidth>0</DropListWidth>
							<AutoChoiceIncomplete>auto</AutoChoiceIncomplete>
							<QuickChoice>auto</QuickChoice>
							<ChoiceObjects>Auto</ChoiceObjects>
							<Format/>
							<InputFormat/>
							<AutoMarkIncomplete>auto</AutoMarkIncomplete>
							<ChoiceType>true</ChoiceType>
							<IncompleteChoiceMode>OnEnterPressed</IncompleteChoiceMode>
							<TypeDomainEnabled>true</TypeDomainEnabled>
							<TextEdit>true</TextEdit>
							<EditTextUpdateMode>Auto</EditTextUpdateMode>
							<MinVal xsi:nil="true"/>
							<MaxVal xsi:nil="true"/>
							<ChoiceButtonPicture/>
							<ChoiceForm/>
							<ChoiceParamLinks/>
							<ChoiceParams/>
							<AvailableTypes/>
							<ValueList/>
							<TextColor>auto</TextColor>
							<BackColor>auto</BackColor>
							<BorderColor>auto</BorderColor>
							<Font kind="AutoFont"/>
							<LinkByType/>
							<InputHint/>
							<ChoiceHistoryOnInput>Auto</ChoiceHistoryOnInput>
						</Properties>
						<Events/>
						<PredefinedContainedItems>
							<ContextMenu xsi:type="ContextMenuGroup" id="16:02023637-7868-4a5f-8576-835a76e0c9ba">
								<Properties>
									<Name>ПериодКонтекстноеМеню</Name>
									<Type>ContextMenu</Type>
									<Visible>true</Visible>
									<UserVisible>
										<xr:common>true</xr:common>
									</UserVisible>
									<Enabled>true</Enabled>
									<ReadOnly>false</ReadOnly>
									<EnableContentChange>false</EnableContentChange>
									<Title/>
									<TitleTextColor>auto</TitleTextColor>
									<TitleFont kind="AutoFont"/>
									<ToolTip/>
									<ToolTipRepresentation>Auto</ToolTipRepresentation>
									<Shortcut/>
									<Width>0</Width>
									<Height>0</Height>
									<HorizontalStretch>auto</HorizontalStretch>
									<VerticalStretch>auto</VerticalStretch>
									<FillWithStdCommands>true</FillWithStdCommands>
								</Properties>
								<PredefinedContainedItems/>
								<ContainedItems/>
							</ContextMenu>
							<ExtTooltip xsi:type="TextDecoration" id="56:02023637-7868-4a5f-8576-835a76e0c9ba">
								<Properties>
									<Name>ПериодExtendedTooltip</Name>
									<Kind>Label</Kind>
									<Visible>true</Visible>
									<UserVisible>
										<xr:common>true</xr:common>
									</UserVisible>
									<Enabled>true</Enabled>
									<Width>0</Width>
									<Height>0</Height>
									<HorStretchable>auto</HorStretchable>
									<VertStretchable>auto</VertStretchable>
									<SkipOnInput>auto</SkipOnInput>
									<TextColor>auto</TextColor>
									<Font kind="AutoFont"/>
									<ShortCut/>
									<Title/>
									<Tooltip/>
									<TooltipRepresentation>Auto</TooltipRepresentation>
									<HyperLink>false</HyperLink>
									<HorAlignment>Left</HorAlignment>
									<VertAlignment>Auto</VertAlignment>
									<TitleHeight>0</TitleHeight>
									<BackColor>auto</BackColor>
									<BorderColor>auto</BorderColor>
									<Border width="1">
										<style xmlns="http://v8.1c.ru/8.1/data/ui" xsi:type="ControlBorderType">WithoutBorder</style>
									</Border>
								</Properties>
								<Events/>
								<PredefinedContainedItems/>
							</ExtTooltip>
						</PredefinedContainedItems>
					</Input>
				</ContainedItems>
			</Group>
			<Group id="20:02023637-7868-4a5f-8576-835a76e0c9ba">
				<Properties>
					<Name>ГруппаПараметры</Name>
					<Type>UsualGroup</Type>
					<Visible>true</Visible>
					<UserVisible>
						<xr:common>true</xr:common>
					</UserVisible>
					<Enabled>true</Enabled>
					<ReadOnly>false</ReadOnly>
					<EnableContentChange>false</EnableContentChange>
					<Title>
						<v8:item>
							<v8:lang>ru</v8:lang>
							<v8:content>Группа параметры</v8:content>
						</v8:item>
					</Title>
					<TitleTextColor>auto</TitleTextColor>
					<TitleFont kind="AutoFont"/>
					<ToolTip>
						<v8:item>
							<v8:lang>ru</v8:lang>
							<v8:content>Группа параметры</v8:content>
						</v8:item>
					</ToolTip>
					<ToolTipRepresentation>Auto</ToolTipRepresentation>
					<Shortcut/>
					<Width>0</Width>
					<Height>0</Height>
					<HorizontalStretch>auto</HorizontalStretch>
					<VerticalStretch>auto</VerticalStretch>
					<Group>Vertical</Group>
					<Behavior>Usual</Behavior>
					<CollapsedRepresentationTitle/>
					<Collapsed>false</Collapsed>
					<ControlRepresentation>TitleHyperlink</ControlRepresentation>
					<Representation>StrongSeparation</Representation>
					<ShowLeftMargin>true</ShowLeftMargin>
					<ChildItemsWidth>Auto</ChildItemsWidth>
					<Format/>
					<ShowTitle>false</ShowTitle>
					<TitleDataPath/>
					<BackColor>auto</BackColor>
				</Properties>
				<PredefinedContainedItems>
					<ExtTooltip xsi:type="TextDecoration" id="57:02023637-7868-4a5f-8576-835a76e0c9ba">
						<Properties>
							<Name>ГруппаПараметрыExtendedTooltip</Name>
							<Kind>Label</Kind>
							<Visible>true</Visible>
							<UserVisible>
								<xr:common>true</xr:common>
							</UserVisible>
							<Enabled>true</Enabled>
							<Width>0</Width>
							<Height>0</Height>
							<HorStretchable>auto</HorStretchable>
							<VertStretchable>auto</VertStretchable>
							<SkipOnInput>auto</SkipOnInput>
							<TextColor>auto</TextColor>
							<Font kind="AutoFont"/>
							<ShortCut/>
							<Title/>
							<Tooltip/>
							<TooltipRepresentation>Auto</TooltipRepresentation>
							<HyperLink>false</HyperLink>
							<HorAlignment>Left</HorAlignment>
							<VertAlignment>Auto</VertAlignment>
							<TitleHeight>0</TitleHeight>
							<BackColor>auto</BackColor>
							<BorderColor>auto</BorderColor>
							<Border width="1">
								<style xmlns="http://v8.1c.ru/8.1/data/ui" xsi:type="ControlBorderType">WithoutBorder</style>
							</Border>
						</Properties>
						<Events/>
						<PredefinedContainedItems/>
					</ExtTooltip>
				</PredefinedContainedItems>
				<ContainedItems>
					<Group id="25:02023637-7868-4a5f-8576-835a76e0c9ba">
						<Properties>
							<Name>ГруппаКонтроль</Name>
							<Type>UsualGroup</Type>
							<Visible>true</Visible>
							<UserVisible>
								<xr:common>true</xr:common>
							</UserVisible>
							<Enabled>true</Enabled>
							<ReadOnly>false</ReadOnly>
							<EnableContentChange>false</EnableContentChange>
							<Title>
								<v8:item>
									<v8:lang>ru</v8:lang>
									<v8:content>Группа контроль</v8:content>
								</v8:item>
							</Title>
							<TitleTextColor>auto</TitleTextColor>
							<TitleFont kind="AutoFont"/>
							<ToolTip>
								<v8:item>
									<v8:lang>ru</v8:lang>
									<v8:content>Группа контроль</v8:content>
								</v8:item>
							</ToolTip>
							<ToolTipRepresentation>Auto</ToolTipRepresentation>
							<Shortcut/>
							<Width>0</Width>
							<Height>0</Height>
							<HorizontalStretch>auto</HorizontalStretch>
							<VerticalStretch>auto</VerticalStretch>
							<Group>Horizontal</Group>
							<Behavior>Usual</Behavior>
							<CollapsedRepresentationTitle/>
							<Collapsed>false</Collapsed>
							<ControlRepresentation>TitleHyperlink</ControlRepresentation>
							<Representation>None</Representation>
							<ShowLeftMargin>true</ShowLeftMargin>
							<ChildItemsWidth>Auto</ChildItemsWidth>
							<Format/>
							<ShowTitle>false</ShowTitle>
							<TitleDataPath/>
							<BackColor>auto</BackColor>
						</Properties>
						<PredefinedContainedItems>
							<ExtTooltip xsi:type="TextDecoration" id="58:02023637-7868-4a5f-8576-835a76e0c9ba">
								<Properties>
									<Name>ГруппаКонтрольExtendedTooltip</Name>
									<Kind>Label</Kind>
									<Visible>true</Visible>
									<UserVisible>
										<xr:common>true</xr:common>
									</UserVisible>
									<Enabled>true</Enabled>
									<Width>0</Width>
									<Height>0</Height>
									<HorStretchable>auto</HorStretchable>
									<VertStretchable>auto</VertStretchable>
									<SkipOnInput>auto</SkipOnInput>
									<TextColor>auto</TextColor>
									<Font kind="AutoFont"/>
									<ShortCut/>
									<Title/>
									<Tooltip/>
									<TooltipRepresentation>Auto</TooltipRepresentation>
									<HyperLink>false</HyperLink>
									<HorAlignment>Left</HorAlignment>
									<VertAlignment>Auto</VertAlignment>
									<TitleHeight>0</TitleHeight>
									<BackColor>auto</BackColor>
									<BorderColor>auto</BorderColor>
									<Border width="1">
										<style xmlns="http://v8.1c.ru/8.1/data/ui" xsi:type="ControlBorderType">WithoutBorder</style>
									</Border>
								</Properties>
								<Events/>
								<PredefinedContainedItems/>
							</ExtTooltip>
						</PredefinedContainedItems>
						<ContainedItems>
							<CheckBox id="23:02023637-7868-4a5f-8576-835a76e0c9ba">
								<Properties>
									<Name>ТолькоКонтролируемыеПроцессы</Name>
									<Type>CheckBoxField</Type>
									<DataPath>Отчет.ТолькоКонтролируемыеПроцессы</DataPath>
									<Visible>true</Visible>
									<UserVisible>
										<xr:common>true</xr:common>
									</UserVisible>
									<DefaultItem>false</DefaultItem>
									<Enabled>true</Enabled>
									<ReadOnly>false</ReadOnly>
									<SkipOnInput>auto</SkipOnInput>
									<Title>
										<v8:item>
											<v8:lang>ru</v8:lang>
											<v8:content>Только бизнес-процессы, контролируемые пользователем:</v8:content>
										</v8:item>
									</Title>
									<TitleTextColor>auto</TitleTextColor>
									<TitleBackColor>auto</TitleBackColor>
									<TitleFont kind="AutoFont"/>
									<TitleLocation>Right</TitleLocation>
									<TitleHeight>0</TitleHeight>
									<ToolTip/>
									<ToolTipRepresentation>Auto</ToolTipRepresentation>
									<WarningOnEditRepresentation>Auto</WarningOnEditRepresentation>
									<WarningOnEdit/>
									<Shortcut/>
									<CommandsContent/>
									<HorizontalAlign>Auto</HorizontalAlign>
									<VerticalAlign>Auto</VerticalAlign>
									<EditMode>Enter</EditMode>
									<FixingInTable>None</FixingInTable>
									<CellHyperlink>false</CellHyperlink>
									<AutoCellHeight>false</AutoCellHeight>
									<ShowInHeader>true</ShowInHeader>
									<HeaderPicture/>
									<HeaderHorizontalAlign>Left</HeaderHorizontalAlign>
									<ShowInFooter>true</ShowInFooter>
									<FooterDataPath/>
									<FooterText/>
									<FooterTextColor>auto</FooterTextColor>
									<FooterBackColor>auto</FooterBackColor>
									<FooterFont kind="AutoFont"/>
									<FooterPicture/>
									<FooterHorizontalAlign>Auto</FooterHorizontalAlign>
									<CheckBoxType>Auto</CheckBoxType>
									<ThreeState>false</ThreeState>
									<BorderColor>auto</BorderColor>
									<EqualElementsWidth>auto</EqualElementsWidth>
								</Properties>
								<Events/>
								<PredefinedContainedItems>
									<ContextMenu xsi:type="ContextMenuGroup" id="24:02023637-7868-4a5f-8576-835a76e0c9ba">
										<Properties>
											<Name>ТолькоКонтролируемыеПроцессыКонтекстноеМеню</Name>
											<Type>ContextMenu</Type>
											<Visible>true</Visible>
											<UserVisible>
												<xr:common>true</xr:common>
											</UserVisible>
											<Enabled>true</Enabled>
											<ReadOnly>false</ReadOnly>
											<EnableContentChange>false</EnableContentChange>
											<Title/>
											<TitleTextColor>auto</TitleTextColor>
											<TitleFont kind="AutoFont"/>
											<ToolTip/>
											<ToolTipRepresentation>Auto</ToolTipRepresentation>
											<Shortcut/>
											<Width>0</Width>
											<Height>0</Height>
											<HorizontalStretch>auto</HorizontalStretch>
											<VerticalStretch>auto</VerticalStretch>
											<FillWithStdCommands>true</FillWithStdCommands>
										</Properties>
										<PredefinedContainedItems/>
										<ContainedItems/>
									</ContextMenu>
									<ExtTooltip xsi:type="TextDecoration" id="59:02023637-7868-4a5f-8576-835a76e0c9ba">
										<Properties>
											<Name>ТолькоКонтролируемыеПроцессыExtendedTooltip</Name>
											<Kind>Label</Kind>
											<Visible>true</Visible>
											<UserVisible>
												<xr:common>true</xr:common>
											</UserVisible>
											<Enabled>true</Enabled>
											<Width>0</Width>
											<Height>0</Height>
											<HorStretchable>auto</HorStretchable>
											<VertStretchable>auto</VertStretchable>
											<SkipOnInput>auto</SkipOnInput>
											<TextColor>auto</TextColor>
											<Font kind="AutoFont"/>
											<ShortCut/>
											<Title/>
											<Tooltip/>
											<TooltipRepresentation>Auto</TooltipRepresentation>
											<HyperLink>false</HyperLink>
											<HorAlignment>Left</HorAlignment>
											<VertAlignment>Auto</VertAlignment>
											<TitleHeight>0</TitleHeight>
											<BackColor>auto</BackColor>
											<BorderColor>auto</BorderColor>
											<Border width="1">
												<style xmlns="http://v8.1c.ru/8.1/data/ui" xsi:type="ControlBorderType">WithoutBorder</style>
											</Border>
										</Properties>
										<Events/>
										<PredefinedContainedItems/>
									</ExtTooltip>
								</PredefinedContainedItems>
							</CheckBox>
							<Input id="21:02023637-7868-4a5f-8576-835a76e0c9ba">
								<Properties>
									<Name>Контролер</Name>
									<Type>InputField</Type>
									<DataPath>Отчет.Контролер</DataPath>
									<Visible>true</Visible>
									<UserVisible>
										<xr:common>true</xr:common>
									</UserVisible>
									<DefaultItem>false</DefaultItem>
									<Enabled>true</Enabled>
									<ReadOnly>false</ReadOnly>
									<SkipOnInput>auto</SkipOnInput>
									<Title/>
									<TitleTextColor>auto</TitleTextColor>
									<TitleBackColor>auto</TitleBackColor>
									<TitleFont kind="AutoFont"/>
									<TitleLocation>None</TitleLocation>
									<TitleHeight>0</TitleHeight>
									<ToolTip/>
									<ToolTipRepresentation>Auto</ToolTipRepresentation>
									<WarningOnEditRepresentation>Auto</WarningOnEditRepresentation>
									<WarningOnEdit/>
									<Shortcut/>
									<CommandsContent/>
									<HorizontalAlign>Auto</HorizontalAlign>
									<VerticalAlign>Auto</VerticalAlign>
									<EditMode>Enter</EditMode>
									<FixingInTable>None</FixingInTable>
									<CellHyperlink>false</CellHyperlink>
									<AutoCellHeight>false</AutoCellHeight>
									<ShowInHeader>true</ShowInHeader>
									<HeaderPicture/>
									<HeaderHorizontalAlign>Left</HeaderHorizontalAlign>
									<ShowInFooter>true</ShowInFooter>
									<FooterDataPath/>
									<FooterText/>
									<FooterTextColor>auto</FooterTextColor>
									<FooterBackColor>auto</FooterBackColor>
									<FooterFont kind="AutoFont"/>
									<FooterPicture/>
									<FooterHorizontalAlign>Auto</FooterHorizontalAlign>
									<Width>0</Width>
									<RowsCount>0</RowsCount>
									<HorizontalStretchable>auto</HorizontalStretchable>
									<VerticalStretchable>auto</VerticalStretchable>
									<Wrap>true</Wrap>
									<PasswordMode>auto</PasswordMode>
									<MultiLine>auto</MultiLine>
									<ExtendedEdit>auto</ExtendedEdit>
									<MarkNegatives>auto</MarkNegatives>
									<ChoiceListButton>auto</ChoiceListButton>
									<DropListButton>auto</DropListButton>
									<ChoiceButton>auto</ChoiceButton>
									<ChoiceButtonRepresentation>Auto</ChoiceButtonRepresentation>
									<ClearButton>auto</ClearButton>
									<SpinButton>auto</SpinButton>
									<OpenButton>auto</OpenButton>
									<CreateButton>auto</CreateButton>
									<Mask/>
									<ListChoiceMode>false</ListChoiceMode>
									<ChoiceListHeight>0</ChoiceListHeight>
									<DropListWidth>0</DropListWidth>
									<AutoChoiceIncomplete>auto</AutoChoiceIncomplete>
									<QuickChoice>auto</QuickChoice>
									<ChoiceObjects>Auto</ChoiceObjects>
									<Format/>
									<InputFormat/>
									<AutoMarkIncomplete>auto</AutoMarkIncomplete>
									<ChoiceType>true</ChoiceType>
									<IncompleteChoiceMode>OnEnterPressed</IncompleteChoiceMode>
									<TypeDomainEnabled>true</TypeDomainEnabled>
									<TextEdit>true</TextEdit>
									<EditTextUpdateMode>Auto</EditTextUpdateMode>
									<MinVal xsi:nil="true"/>
									<MaxVal xsi:nil="true"/>
									<ChoiceButtonPicture/>
									<ChoiceForm/>
									<ChoiceParamLinks/>
									<ChoiceParams/>
									<AvailableTypes/>
									<ValueList/>
									<TextColor>auto</TextColor>
									<BackColor>auto</BackColor>
									<BorderColor>auto</BorderColor>
									<Font kind="AutoFont"/>
									<LinkByType/>
									<InputHint/>
									<ChoiceHistoryOnInput>Auto</ChoiceHistoryOnInput>
								</Properties>
								<Events/>
								<PredefinedContainedItems>
									<ContextMenu xsi:type="ContextMenuGroup" id="22:02023637-7868-4a5f-8576-835a76e0c9ba">
										<Properties>
											<Name>КонтролерКонтекстноеМеню</Name>
											<Type>ContextMenu</Type>
											<Visible>true</Visible>
											<UserVisible>
												<xr:common>true</xr:common>
											</UserVisible>
											<Enabled>true</Enabled>
											<ReadOnly>false</ReadOnly>
											<EnableContentChange>false</EnableContentChange>
											<Title/>
											<TitleTextColor>auto</TitleTextColor>
											<TitleFont kind="AutoFont"/>
											<ToolTip/>
											<ToolTipRepresentation>Auto</ToolTipRepresentation>
											<Shortcut/>
											<Width>0</Width>
											<Height>0</Height>
											<HorizontalStretch>auto</HorizontalStretch>
											<VerticalStretch>auto</VerticalStretch>
											<FillWithStdCommands>true</FillWithStdCommands>
										</Properties>
										<PredefinedContainedItems/>
										<ContainedItems/>
									</ContextMenu>
									<ExtTooltip xsi:type="TextDecoration" id="60:02023637-7868-4a5f-8576-835a76e0c9ba">
										<Properties>
											<Name>КонтролерExtendedTooltip</Name>
											<Kind>Label</Kind>
											<Visible>true</Visible>
											<UserVisible>
												<xr:common>true</xr:common>
											</UserVisible>
											<Enabled>true</Enabled>
											<Width>0</Width>
											<Height>0</Height>
											<HorStretchable>auto</HorStretchable>
											<VertStretchable>auto</VertStretchable>
											<SkipOnInput>auto</SkipOnInput>
											<TextColor>auto</TextColor>
											<Font kind="AutoFont"/>
											<ShortCut/>
											<Title/>
											<Tooltip/>
											<TooltipRepresentation>Auto</TooltipRepresentation>
											<HyperLink>false</HyperLink>
											<HorAlignment>Left</HorAlignment>
											<VertAlignment>Auto</VertAlignment>
											<TitleHeight>0</TitleHeight>
											<BackColor>auto</BackColor>
											<BorderColor>auto</BorderColor>
											<Border width="1">
												<style xmlns="http://v8.1c.ru/8.1/data/ui" xsi:type="ControlBorderType">WithoutBorder</style>
											</Border>
										</Properties>
										<Events/>
										<PredefinedContainedItems/>
									</ExtTooltip>
								</PredefinedContainedItems>
							</Input>
						</ContainedItems>
					</Group>
				</ContainedItems>
			</Group>
			<Table id="6:02023637-7868-4a5f-8576-835a76e0c9ba">
				<Properties>
					<Name>КомпоновщикНастроекПользовательскиеНастройки</Name>
					<Representation>Tree</Representation>
					<Visible>true</Visible>
					<UserVisible>
						<xr:common>true</xr:common>
					</UserVisible>
					<TitleLocation>None</TitleLocation>
					<TitleRowsCount>0</TitleRowsCount>
					<CommandBarLocation>None</CommandBarLocation>
					<AutoFill>true</AutoFill>
					<Enabled>true</Enabled>
					<ReadOnly>false</ReadOnly>
					<SkipOnInput>auto</SkipOnInput>
					<DefaultElement>false</DefaultElement>
					<ChangeRowSet>true</ChangeRowSet>
					<ChangeRowOrder>true</ChangeRowOrder>
					<Width>60</Width>
					<Height>0</Height>
					<RowsCount>15</RowsCount>
					<ChoiceMode>true</ChoiceMode>
					<MultipleChoice>false</MultipleChoice>
					<RowInputMode>EndOfList</RowInputMode>
					<RowsSelectionMode>MultiRow</RowsSelectionMode>
					<RowSelectionMode>Cell</RowSelectionMode>
					<ShowHeader>false</ShowHeader>
					<HeaderHeight>1</HeaderHeight>
					<ShowFooter>false</ShowFooter>
					<FooterHeight>1</FooterHeight>
					<HorScroll>AutoUse</HorScroll>
					<VertScroll>AutoUse</VertScroll>
					<ShowHorLines>false</ShowHorLines>
					<ShowVertLines>false</ShowVertLines>
					<FixedLeft>4294967295</FixedLeft>
					<FixedRight>4294967295</FixedRight>
					<UseAlternationRowColor>true</UseAlternationRowColor>
					<AutoInsertNewRow>false</AutoInsertNewRow>
					<AutoInsertNotCompletedVals>auto</AutoInsertNotCompletedVals>
					<AutoMarkNotcompletedVals>auto</AutoMarkNotcompletedVals>
					<SearchOnInput>Auto</SearchOnInput>
					<InitialListView>Auto</InitialListView>
					<InitialTreeView>ExpandAllLevels</InitialTreeView>
					<UseOutput>Auto</UseOutput>
					<HorStretchable>true</HorStretchable>
					<VertStretchable>false</VertStretchable>
					<EnableStartDrag>true</EnableStartDrag>
					<EnableDrag>true</EnableDrag>
					<DataPath>Отчет.SettingsComposer.UserSettings</DataPath>
					<RowPictureDataPath/>
					<RowsPicture/>
					<TextColor>auto</TextColor>
					<BackColor>auto</BackColor>
					<BorderColor>auto</BorderColor>
					<Font kind="AutoFont"/>
					<Title>
						<v8:item>
							<v8:lang>ru</v8:lang>
							<v8:content>Таблица пользовательских настроек</v8:content>
						</v8:item>
					</Title>
					<TitleTextColor>auto</TitleTextColor>
					<TitleFont kind="AutoFont"/>
					<ShortCut/>
					<CommandsContent>
						<ExcludedCommand>HierarchicalList</ExcludedCommand>
						<ExcludedCommand>Tree</ExcludedCommand>
						<ExcludedCommand>List</ExcludedCommand>
					</CommandsContent>
					<Tooltip/>
					<TooltipRepresentation>Auto</TooltipRepresentation>
					<FilterViewMode>All</FilterViewMode>
				</Properties>
				<Events/>
				<PredefinedContainedItems>
					<ContextMenu xsi:type="ContextMenuGroup" id="7:02023637-7868-4a5f-8576-835a76e0c9ba">
						<Properties>
							<Name>КомпоновщикНастроекПользовательскиеНастройкиКонтекстноеМеню</Name>
							<Type>ContextMenu</Type>
							<Visible>true</Visible>
							<UserVisible>
								<xr:common>true</xr:common>
							</UserVisible>
							<Enabled>true</Enabled>
							<ReadOnly>false</ReadOnly>
							<EnableContentChange>false</EnableContentChange>
							<Title/>
							<TitleTextColor>auto</TitleTextColor>
							<TitleFont kind="AutoFont"/>
							<ToolTip/>
							<ToolTipRepresentation>Auto</ToolTipRepresentation>
							<Shortcut/>
							<Width>0</Width>
							<Height>0</Height>
							<HorizontalStretch>auto</HorizontalStretch>
							<VerticalStretch>auto</VerticalStretch>
							<FillWithStdCommands>true</FillWithStdCommands>
						</Properties>
						<PredefinedContainedItems/>
						<ContainedItems/>
					</ContextMenu>
					<CommandBar xsi:type="AutoMenuGroup" id="8:02023637-7868-4a5f-8576-835a76e0c9ba">
						<Properties>
							<Name>КомпоновщикНастроекПользовательскиеНастройкиКоманднаяПанель</Name>
							<Type>AutoCommandBar</Type>
							<Visible>true</Visible>
							<UserVisible>
								<xr:common>true</xr:common>
							</UserVisible>
							<Enabled>true</Enabled>
							<ReadOnly>false</ReadOnly>
							<EnableContentChange>false</EnableContentChange>
							<Title/>
							<TitleTextColor>auto</TitleTextColor>
							<TitleFont kind="AutoFont"/>
							<ToolTip/>
							<ToolTipRepresentation>Auto</ToolTipRepresentation>
							<Shortcut/>
							<Width>0</Width>
							<Height>0</Height>
							<HorizontalStretch>auto</HorizontalStretch>
							<VerticalStretch>auto</VerticalStretch>
							<HorAlignment>Left</HorAlignment>
							<FillWithStdCommands>true</FillWithStdCommands>
						</Properties>
						<PredefinedContainedItems/>
						<ContainedItems/>
					</CommandBar>
					<ExtTooltip xsi:type="TextDecoration" id="61:02023637-7868-4a5f-8576-835a76e0c9ba">
						<Properties>
							<Name>КомпоновщикНастроекПользовательскиеНастройкиExtendedTooltip</Name>
							<Kind>Label</Kind>
							<Visible>true</Visible>
							<UserVisible>
								<xr:common>true</xr:common>
							</UserVisible>
							<Enabled>true</Enabled>
							<Width>0</Width>
							<Height>0</Height>
							<HorStretchable>auto</HorStretchable>
							<VertStretchable>auto</VertStretchable>
							<SkipOnInput>auto</SkipOnInput>
							<TextColor>auto</TextColor>
							<Font kind="AutoFont"/>
							<ShortCut/>
							<Title/>
							<Tooltip/>
							<TooltipRepresentation>Auto</TooltipRepresentation>
							<HyperLink>false</HyperLink>
							<HorAlignment>Left</HorAlignment>
							<VertAlignment>Auto</VertAlignment>
							<TitleHeight>0</TitleHeight>
							<BackColor>auto</BackColor>
							<BorderColor>auto</BorderColor>
							<Border width="1">
								<style xmlns="http://v8.1c.ru/8.1/data/ui" xsi:type="ControlBorderType">WithoutBorder</style>
							</Border>
						</Properties>
						<Events/>
						<PredefinedContainedItems/>
					</ExtTooltip>
				</PredefinedContainedItems>
				<ContainedItems/>
			</Table>
			<SpreadSheetDoc id="9:02023637-7868-4a5f-8576-835a76e0c9ba">
				<Properties>
					<Name>Результат</Name>
					<Type>SpreadsheetDocumentField</Type>
					<DataPath>Результат</DataPath>
					<Visible>true</Visible>
					<UserVisible>
						<xr:common>true</xr:common>
					</UserVisible>
					<DefaultItem>false</DefaultItem>
					<Enabled>true</Enabled>
					<ReadOnly>false</ReadOnly>
					<SkipOnInput>auto</SkipOnInput>
					<Title/>
					<TitleTextColor>auto</TitleTextColor>
					<TitleBackColor>auto</TitleBackColor>
					<TitleFont kind="AutoFont"/>
					<TitleLocation>None</TitleLocation>
					<TitleHeight>0</TitleHeight>
					<ToolTip/>
					<ToolTipRepresentation>Auto</ToolTipRepresentation>
					<WarningOnEditRepresentation>Auto</WarningOnEditRepresentation>
					<WarningOnEdit/>
					<Shortcut/>
					<CommandsContent/>
					<HorizontalAlign>Auto</HorizontalAlign>
					<VerticalAlign>Auto</VerticalAlign>
					<EditMode>Enter</EditMode>
					<FixingInTable>None</FixingInTable>
					<CellHyperlink>false</CellHyperlink>
					<AutoCellHeight>false</AutoCellHeight>
					<ShowInHeader>true</ShowInHeader>
					<HeaderPicture/>
					<HeaderHorizontalAlign>Left</HeaderHorizontalAlign>
					<ShowInFooter>true</ShowInFooter>
					<FooterDataPath/>
					<FooterText/>
					<FooterTextColor>auto</FooterTextColor>
					<FooterBackColor>auto</FooterBackColor>
					<FooterFont kind="AutoFont"/>
					<FooterPicture/>
					<FooterHorizontalAlign>Auto</FooterHorizontalAlign>
					<Width>100</Width>
					<Height>10</Height>
					<HorStretchable>true</HorStretchable>
					<VertStretchable>true</VertStretchable>
					<ShowGrid>false</ShowGrid>
					<ShowHeaders>false</ShowHeaders>
					<ShowVertScroll>true</ShowVertScroll>
					<ShowHorScroll>true</ShowHorScroll>
					<BlackAndWhite>false</BlackAndWhite>
					<Protection>false</Protection>
					<SelectionShowMode>Always</SelectionShowMode>
					<UseOutput>Auto</UseOutput>
					<Edit>false</Edit>
					<ShowGroups>true</ShowGroups>
					<EnableStartDrag>true</EnableStartDrag>
					<EnableDrag>true</EnableDrag>
					<ViewScalingMode>Auto</ViewScalingMode>
					<BorderColor>auto</BorderColor>
				</Properties>
				<Events>
					<Event name="AdditionalDetailProcessing">РезультатОбработкаДополнительнойРасшифровки</Event>
					<Event name="DetailProcessing">РезультатОбработкаРасшифровки</Event>
				</Events>
				<PredefinedContainedItems>
					<ContextMenu xsi:type="ContextMenuGroup" id="10:02023637-7868-4a5f-8576-835a76e0c9ba">
						<Properties>
							<Name>РезультатКонтекстноеМеню</Name>
							<Type>ContextMenu</Type>
							<Visible>true</Visible>
							<UserVisible>
								<xr:common>true</xr:common>
							</UserVisible>
							<Enabled>true</Enabled>
							<ReadOnly>false</ReadOnly>
							<EnableContentChange>false</EnableContentChange>
							<Title/>
							<TitleTextColor>auto</TitleTextColor>
							<TitleFont kind="AutoFont"/>
							<ToolTip/>
							<ToolTipRepresentation>Auto</ToolTipRepresentation>
							<Shortcut/>
							<Width>0</Width>
							<Height>0</Height>
							<HorizontalStretch>auto</HorizontalStretch>
							<VerticalStretch>auto</VerticalStretch>
							<FillWithStdCommands>true</FillWithStdCommands>
						</Properties>
						<PredefinedContainedItems/>
						<ContainedItems/>
					</ContextMenu>
					<ExtTooltip xsi:type="TextDecoration" id="62:02023637-7868-4a5f-8576-835a76e0c9ba">
						<Properties>
							<Name>РезультатExtendedTooltip</Name>
							<Kind>Label</Kind>
							<Visible>true</Visible>
							<UserVisible>
								<xr:common>true</xr:common>
							</UserVisible>
							<Enabled>true</Enabled>
							<Width>0</Width>
							<Height>0</Height>
							<HorStretchable>auto</HorStretchable>
							<VertStretchable>auto</VertStretchable>
							<SkipOnInput>auto</SkipOnInput>
							<TextColor>auto</TextColor>
							<Font kind="AutoFont"/>
							<ShortCut/>
							<Title/>
							<Tooltip/>
							<TooltipRepresentation>Auto</TooltipRepresentation>
							<HyperLink>false</HyperLink>
							<HorAlignment>Left</HorAlignment>
							<VertAlignment>Auto</VertAlignment>
							<TitleHeight>0</TitleHeight>
							<BackColor>auto</BackColor>
							<BorderColor>auto</BorderColor>
							<Border width="1">
								<style xmlns="http://v8.1c.ru/8.1/data/ui" xsi:type="ControlBorderType">WithoutBorder</style>
							</Border>
						</Properties>
						<Events/>
						<PredefinedContainedItems/>
					</ExtTooltip>
				</PredefinedContainedItems>
			</SpreadSheetDoc>
		</ContainedItems>
	</Elements>
	<NavigationPanel/>
	<CommandPanel/>
</Form>