﻿<?xml version="1.0" encoding="UTF-8"?>
<document xmlns="http://v8.1c.ru/8.2/data/spreadsheet" xmlns:style="http://v8.1c.ru/8.1/data/ui/style" xmlns:v8="http://v8.1c.ru/8.1/data/core" xmlns:v8ui="http://v8.1c.ru/8.1/data/ui" xmlns:xs="http://www.w3.org/2001/XMLSchema" xmlns:xsi="http://www.w3.org/2001/XMLSchema-instance">
	<languageSettings>
		<currentLanguage>ru</currentLanguage>
		<defaultLanguage>ru</defaultLanguage>
		<languageInfo>
			<id>ru</id>
			<code>Русский</code>
			<description>Русский</description>
		</languageInfo>
	</languageSettings>
	<columns>
		<size>6</size>
		<columnsItem>
			<index>0</index>
			<column>
				<formatIndex>1</formatIndex>
			</column>
		</columnsItem>
		<columnsItem>
			<index>1</index>
			<column>
				<formatIndex>2</formatIndex>
			</column>
		</columnsItem>
		<columnsItem>
			<index>2</index>
			<column>
				<formatIndex>3</formatIndex>
			</column>
		</columnsItem>
	</columns>
	<rowsItem>
		<index>1</index>
		<row>
			<c>
				<c>
					<f>4</f>
					<tl>
						<v8:item>
							<v8:lang>ru</v8:lang>
							<v8:content>По настройкам безопасности из [НачальноеКоличество] задач выведено [КонечноеКоличество]</v8:content>
						</v8:item>
					</tl>
				</c>
			</c>
		</row>
	</rowsItem>
	<rowsItem>
		<index>2</index>
		<row>
			<empty>true</empty>
		</row>
	</rowsItem>
	<rowsItem>
		<index>3</index>
		<row>
			<formatIndex>5</formatIndex>
			<c>
				<c>
					<f>6</f>
				</c>
			</c>
		</row>
	</rowsItem>
	<rowsItem>
		<index>4</index>
		<row>
			<formatIndex>5</formatIndex>
			<c>
				<c>
					<f>6</f>
				</c>
			</c>
		</row>
	</rowsItem>
	<rowsItem>
		<index>5</index>
		<row>
			<c>
				<c>
					<f>7</f>
					<tl>
						<v8:item>
							<v8:lang>ru</v8:lang>
							<v8:content>Отчет по контрольным точкам</v8:content>
						</v8:item>
					</tl>
				</c>
			</c>
		</row>
	</rowsItem>
	<rowsItem>
		<index>6</index>
		<row>
			<c>
				<c>
					<f>1</f>
				</c>
			</c>
			<c>
				<c>
					<f>2</f>
				</c>
			</c>
			<c>
				<c>
					<f>3</f>
				</c>
			</c>
			<c>
				<c>
					<f>8</f>
				</c>
			</c>
			<c>
				<c>
					<f>8</f>
				</c>
			</c>
			<c>
				<c>
					<f>8</f>
				</c>
			</c>
		</row>
	</rowsItem>
	<rowsItem>
		<index>8</index>
		<row>
			<c>
				<c>
					<f>9</f>
					<tl>
						<v8:item>
							<v8:lang>ru</v8:lang>
							<v8:content>Легенда</v8:content>
						</v8:item>
					</tl>
				</c>
			</c>
			<c>
				<c>
					<f>2</f>
				</c>
			</c>
			<c>
				<c>
					<f>3</f>
				</c>
			</c>
			<c>
				<c>
					<f>10</f>
				</c>
			</c>
		</row>
	</rowsItem>
	<rowsItem>
		<index>9</index>
		<row>
			<c>
				<c>
					<f>10</f>
				</c>
			</c>
			<c>
				<c>
					<f>10</f>
				</c>
			</c>
			<c>
				<c>
					<f>10</f>
				</c>
			</c>
			<c>
				<c>
					<f>10</f>
				</c>
			</c>
		</row>
	</rowsItem>
	<rowsItem>
		<index>10</index>
		<row>
			<c>
				<c>
					<f>11</f>
					<tl>
						<v8:item>
							<v8:lang>ru</v8:lang>
							<v8:content>18.01.13 14:22</v8:content>
						</v8:item>
					</tl>
					<r>27</r>
				</c>
			</c>
			<c>
				<c>
					<f>10</f>
				</c>
			</c>
			<c>
				<c>
					<f>12</f>
					<tl>
						<v8:item>
							<v8:lang>ru</v8:lang>
							<v8:content>Этап завершен в срок</v8:content>
						</v8:item>
					</tl>
				</c>
			</c>
			<c>
				<c>
					<f>13</f>
				</c>
			</c>
			<c>
				<c>
					<f>8</f>
				</c>
			</c>
		</row>
	</rowsItem>
	<rowsItem>
		<index>11</index>
		<row>
			<c>
				<c>
					<f>11</f>
					<r>27</r>
				</c>
			</c>
			<c>
				<c>
					<f>10</f>
				</c>
			</c>
			<c>
				<c>
					<f>12</f>
					<tl>
						<v8:item>
							<v8:lang>ru</v8:lang>
							<v8:content>Этап не завершен и не просрочен</v8:content>
						</v8:item>
					</tl>
				</c>
			</c>
			<c>
				<c>
					<f>13</f>
				</c>
			</c>
			<c>
				<c>
					<f>8</f>
				</c>
			</c>
		</row>
	</rowsItem>
	<rowsItem>
		<index>12</index>
		<row>
			<c>
				<c>
					<f>14</f>
					<tl>
						<v8:item>
							<v8:lang>ru</v8:lang>
							<v8:content>18.01.13 14:22</v8:content>
						</v8:item>
					</tl>
					<r>5</r>
				</c>
			</c>
			<c>
				<c>
					<f>10</f>
				</c>
			</c>
			<c>
				<c>
					<f>12</f>
					<tl>
						<v8:item>
							<v8:lang>ru</v8:lang>
							<v8:content>Этап завершен с нарушением срока</v8:content>
						</v8:item>
					</tl>
				</c>
			</c>
			<c>
				<c>
					<f>13</f>
				</c>
			</c>
			<c>
				<c>
					<f>8</f>
				</c>
			</c>
		</row>
	</rowsItem>
	<rowsItem>
		<index>13</index>
		<row>
			<c>
				<c>
					<f>15</f>
					<r>5</r>
				</c>
			</c>
			<c>
				<c>
					<f>10</f>
				</c>
			</c>
			<c>
				<c>
					<f>12</f>
					<tl>
						<v8:item>
							<v8:lang>ru</v8:lang>
							<v8:content>Этап не завершен и просрочен</v8:content>
						</v8:item>
					</tl>
				</c>
			</c>
			<c>
				<c>
					<f>13</f>
				</c>
			</c>
			<c>
				<c>
					<f>8</f>
				</c>
			</c>
		</row>
	</rowsItem>
	<rowsItem>
		<index>14</index>
		<row>
			<c>
				<c>
					<f>16</f>
					<tl>
						<v8:item>
							<v8:lang>ru</v8:lang>
							<v8:content>18.01.13 14:22</v8:content>
						</v8:item>
					</tl>
				</c>
			</c>
			<c>
				<c>
					<f>10</f>
				</c>
			</c>
			<c>
				<c>
					<f>12</f>
					<tl>
						<v8:item>
							<v8:lang>ru</v8:lang>
							<v8:content>Бизнес-процесс завершен, этап не был пройден</v8:content>
						</v8:item>
					</tl>
				</c>
			</c>
			<c>
				<c>
					<f>13</f>
				</c>
			</c>
			<c>
				<c>
					<f>8</f>
				</c>
			</c>
		</row>
	</rowsItem>
	<rowsItem>
		<index>15</index>
		<row>
			<c>
				<c>
					<f>17</f>
				</c>
			</c>
			<c>
				<c>
					<f>10</f>
				</c>
			</c>
			<c>
				<c>
					<f>12</f>
					<tl>
						<v8:item>
							<v8:lang>ru</v8:lang>
							<v8:content>Бизнес-процесс не дошел до выполнения этапа</v8:content>
						</v8:item>
					</tl>
				</c>
			</c>
			<c>
				<c>
					<f>13</f>
				</c>
			</c>
			<c>
				<c>
					<f>8</f>
				</c>
			</c>
		</row>
	</rowsItem>
	<rowsItem>
		<index>16</index>
		<row>
			<c>
				<c>
					<f>18</f>
				</c>
			</c>
			<c>
				<c>
					<f>10</f>
				</c>
			</c>
			<c>
				<c>
					<f>12</f>
					<tl>
						<v8:item>
							<v8:lang>ru</v8:lang>
							<v8:content>Этап отсутствует</v8:content>
						</v8:item>
					</tl>
				</c>
			</c>
			<c>
				<c>
					<f>13</f>
				</c>
			</c>
			<c>
				<c>
					<f>8</f>
				</c>
			</c>
		</row>
	</rowsItem>
	<rowsItem>
		<index>21</index>
		<row>
			<c>
				<c>
					<f>19</f>
				</c>
			</c>
			<c>
				<c>
					<f>20</f>
				</c>
			</c>
			<c>
				<c>
					<f>20</f>
				</c>
			</c>
			<c>
				<c>
					<f>20</f>
				</c>
			</c>
			<c>
				<c>
					<f>20</f>
				</c>
			</c>
			<c>
				<c>
					<f>20</f>
				</c>
			</c>
		</row>
	</rowsItem>
	<rowsItem>
		<index>22</index>
		<row>
			<formatIndex>21</formatIndex>
			<empty>true</empty>
		</row>
	</rowsItem>
	<rowsItem>
		<index>23</index>
		<row>
			<c>
				<c>
					<f>22</f>
					<tl>
						<v8:item>
							<v8:lang>ru</v8:lang>
							<v8:content>Параметры:</v8:content>
						</v8:item>
					</tl>
				</c>
			</c>
			<c>
				<c>
					<f>23</f>
					<parameter>Параметр1</parameter>
				</c>
			</c>
		</row>
	</rowsItem>
	<rowsItem>
		<index>24</index>
		<row>
			<c>
				<c>
					<f>22</f>
					<tl/>
				</c>
			</c>
			<c>
				<c>
					<f>23</f>
					<parameter>Параметр2</parameter>
				</c>
			</c>
		</row>
	</rowsItem>
	<rowsItem>
		<index>25</index>
		<row>
			<c>
				<c>
					<f>22</f>
					<tl>
						<v8:item>
							<v8:lang>ru</v8:lang>
							<v8:content>Отбор:</v8:content>
						</v8:item>
					</tl>
				</c>
			</c>
			<c>
				<c>
					<f>24</f>
					<parameter>Параметр1</parameter>
				</c>
			</c>
		</row>
	</rowsItem>
	<templateMode>true</templateMode>
	<defaultFormatIndex>8</defaultFormatIndex>
	<height>26</height>
	<vgRows>26</vgRows>
	<merge>
		<r>8</r>
		<c>0</c>
		<w>2</w>
	</merge>
	<merge>
		<r>25</r>
		<c>1</c>
		<w>4</w>
	</merge>
	<namedItem xsi:type="NamedItemCells">
		<name>ВертОблЛегенда</name>
		<area>
			<type>Columns</type>
			<beginRow>-1</beginRow>
			<endRow>-1</endRow>
			<beginColumn>0</beginColumn>
			<endColumn>2</endColumn>
		</area>
	</namedItem>
	<namedItem xsi:type="NamedItemCells">
		<name>ОблЛегенда</name>
		<area>
			<type>Rows</type>
			<beginRow>7</beginRow>
			<endRow>16</endRow>
			<beginColumn>-1</beginColumn>
			<endColumn>-1</endColumn>
		</area>
	</namedItem>
	<namedItem xsi:type="NamedItemCells">
		<name>ОблОтборы</name>
		<area>
			<type>Rows</type>
			<beginRow>25</beginRow>
			<endRow>25</endRow>
			<beginColumn>-1</beginColumn>
			<endColumn>-1</endColumn>
		</area>
	</namedItem>
	<namedItem xsi:type="NamedItemCells">
		<name>ОблПараметры</name>
		<area>
			<type>Rows</type>
			<beginRow>22</beginRow>
			<endRow>24</endRow>
			<beginColumn>-1</beginColumn>
			<endColumn>-1</endColumn>
		</area>
	</namedItem>
	<namedItem xsi:type="NamedItemCells">
		<name>ОблПустаяСтрока</name>
		<area>
			<type>Rows</type>
			<beginRow>18</beginRow>
			<endRow>18</endRow>
			<beginColumn>-1</beginColumn>
			<endColumn>-1</endColumn>
		</area>
	</namedItem>
	<namedItem xsi:type="NamedItemCells">
		<name>ОблПустойРезультат</name>
		<area>
			<type>Rows</type>
			<beginRow>20</beginRow>
			<endRow>21</endRow>
			<beginColumn>-1</beginColumn>
			<endColumn>-1</endColumn>
		</area>
	</namedItem>
	<namedItem xsi:type="NamedItemCells">
		<name>ОблШапка</name>
		<area>
			<type>Rows</type>
			<beginRow>0</beginRow>
			<endRow>2</endRow>
			<beginColumn>-1</beginColumn>
			<endColumn>-1</endColumn>
		</area>
	</namedItem>
	<namedItem xsi:type="NamedItemCells">
		<name>ОблШапкаОсновная</name>
		<area>
			<type>Rows</type>
			<beginRow>4</beginRow>
			<endRow>6</endRow>
			<beginColumn>-1</beginColumn>
			<endColumn>-1</endColumn>
		</area>
	</namedItem>
	<printArea>
		<type>Rectangle</type>
		<beginRow>8</beginRow>
		<endRow>13</endRow>
		<beginColumn>0</beginColumn>
		<endColumn>2</endColumn>
	</printArea>
	<line width="1" gap="false">
		<v8ui:style xsi:type="v8ui:SpreadsheetDocumentCellLineType">Solid</v8ui:style>
	</line>
	<font faceName="Arial" height="11" bold="false" italic="true" underline="false" strikeout="false" kind="Absolute"/>
	<font faceName="Arial" height="8" bold="false" italic="false" underline="false" strikeout="false" kind="Absolute"/>
	<font faceName="Arial" height="8" bold="true" italic="false" underline="false" strikeout="false" kind="Absolute"/>
	<font faceName="Arial" height="16" bold="true" italic="false" underline="false" strikeout="false" kind="Absolute"/>
	<font faceName="Arial" height="10" bold="true" italic="false" underline="false" strikeout="false" kind="Absolute"/>
	<font faceName="Arial" height="8" bold="false" italic="true" underline="false" strikeout="false" kind="Absolute"/>
	<font faceName="Arial" height="12" bold="false" italic="true" underline="false" strikeout="false" kind="Absolute"/>
	<font faceName="Arial" height="10" bold="false" italic="false" underline="false" strikeout="false" kind="Absolute"/>
	<format>
		<width>91</width>
	</format>
	<format>
		<width>23</width>
	</format>
	<format>
		<width>214</width>
	</format>
	<format>
		<font>0</font>
		<fillType>Template</fillType>
	</format>
	<format>
		<font>1</font>
	</format>
	<format>
		<font>2</font>
	</format>
	<format>
		<font>3</font>
	</format>
	<format>
		<width>72</width>
	</format>
	<format>
		<font>4</font>
		<width>91</width>
		<detailsUse>WithoutProcessing</detailsUse>
	</format>
	<format>
		<detailsUse>WithoutProcessing</detailsUse>
	</format>
	<format>
		<font>1</font>
		<border>0</border>
		<borderColor>style:ReportLineColor</borderColor>
		<width>88</width>
		<verticalAlignment>Top</verticalAlignment>
		<backColor>#C0DCC0</backColor>
		<fillType>Text</fillType>
		<detailsUse>WithoutProcessing</detailsUse>
		<format>
			<v8:item>
				<v8:lang>ru</v8:lang>
				<v8:content>ДФ='dd.MM.yy hh.mm'</v8:content>
			</v8:item>
		</format>
	</format>
	<format>
		<font>5</font>
		<width>214</width>
		<detailsUse>WithoutProcessing</detailsUse>
	</format>
	<format>
		<width>72</width>
		<detailsUse>WithoutProcessing</detailsUse>
	</format>
	<format>
		<font>1</font>
		<border>0</border>
		<borderColor>style:ReportLineColor</borderColor>
		<width>88</width>
		<verticalAlignment>Top</verticalAlignment>
		<backColor>#F08080</backColor>
		<detailsUse>WithoutProcessing</detailsUse>
		<format>
			<v8:item>
				<v8:lang>ru</v8:lang>
				<v8:content>ДФ='dd.MM.yy hh.mm'</v8:content>
			</v8:item>
		</format>
	</format>
	<format>
		<font>1</font>
		<border>0</border>
		<borderColor>style:ReportLineColor</borderColor>
		<width>88</width>
		<verticalAlignment>Top</verticalAlignment>
		<backColor>#F08080</backColor>
		<fillType>Text</fillType>
		<detailsUse>WithoutProcessing</detailsUse>
		<format>
			<v8:item>
				<v8:lang>ru</v8:lang>
				<v8:content>ДФ='dd.MM.yy hh.mm'</v8:content>
			</v8:item>
		</format>
	</format>
	<format>
		<font>1</font>
		<border>0</border>
		<borderColor>style:ReportLineColor</borderColor>
		<width>88</width>
		<verticalAlignment>Top</verticalAlignment>
		<backColor>#FFFFFF</backColor>
		<detailsUse>WithoutProcessing</detailsUse>
		<format>
			<v8:item>
				<v8:lang>ru</v8:lang>
				<v8:content>ДФ='dd.MM.yy hh.mm'</v8:content>
			</v8:item>
		</format>
	</format>
	<format>
		<font>1</font>
		<border>0</border>
		<borderColor>style:ReportLineColor</borderColor>
		<width>88</width>
		<verticalAlignment>Top</verticalAlignment>
		<backColor>#FFFFFF</backColor>
		<fillType>Text</fillType>
		<detailsUse>WithoutProcessing</detailsUse>
		<format>
			<v8:item>
				<v8:lang>ru</v8:lang>
				<v8:content>ДФ='dd.MM.yy hh.mm'</v8:content>
			</v8:item>
		</format>
	</format>
	<format>
		<backColor>#FFFFFF</backColor>
		<patternColor>#C0C0C0</patternColor>
		<pattern>Pattern14</pattern>
		<fillType>Text</fillType>
		<detailsUse>WithoutProcessing</detailsUse>
	</format>
	<format>
		<font>6</font>
		<width>72</width>
	</format>
	<format>
		<font>5</font>
		<width>72</width>
	</format>
	<format>
		<height>33</height>
	</format>
	<format>
		<font>7</font>
		<width>100</width>
		<verticalAlignment>Top</verticalAlignment>
	</format>
	<format>
		<font>7</font>
		<width>429</width>
		<verticalAlignment>Top</verticalAlignment>
		<fillType>Parameter</fillType>
	</format>
	<format>
		<font>7</font>
		<width>429</width>
		<verticalAlignment>Top</verticalAlignment>
		<textPlacement>Wrap</textPlacement>
		<fillType>Parameter</fillType>
	</format>
</document>