﻿<?xml version="1.0" encoding="UTF-8"?>
<DataCompositionSchema xmlns="http://v8.1c.ru/8.1/data-composition-system/schema" xmlns:dcscom="http://v8.1c.ru/8.1/data-composition-system/common" xmlns:dcscor="http://v8.1c.ru/8.1/data-composition-system/core" xmlns:dcsset="http://v8.1c.ru/8.1/data-composition-system/settings" xmlns:v8="http://v8.1c.ru/8.1/data/core" xmlns:v8ui="http://v8.1c.ru/8.1/data/ui" xmlns:xs="http://www.w3.org/2001/XMLSchema" xmlns:xsi="http://www.w3.org/2001/XMLSchema-instance">
	<dataSource>
		<name>ИсточникДанных1</name>
		<dataSourceType>Local</dataSourceType>
	</dataSource>
	<dataSet xsi:type="DataSetQuery">
		<name>НаборДанных1</name>
		<field xsi:type="DataSetFieldField">
			<dataPath>Роль</dataPath>
			<field>Роль</field>
			<useRestriction>
				<condition>true</condition>
			</useRestriction>
			<attributeUseRestriction>
				<condition>true</condition>
			</attributeUseRestriction>
		</field>
		<field xsi:type="DataSetFieldField">
			<dataPath>Точка</dataPath>
			<field>Точка</field>
			<title xsi:type="v8:LocalStringType">
				<v8:item>
					<v8:lang>ru</v8:lang>
					<v8:content>Точка бизнес-процесса</v8:content>
				</v8:item>
			</title>
		</field>
		<field xsi:type="DataSetFieldField">
			<dataPath>Модель</dataPath>
			<field>Модель</field>
			<title xsi:type="v8:LocalStringType">
				<v8:item>
					<v8:lang>ru</v8:lang>
					<v8:content>Модель бизнес-процесса</v8:content>
				</v8:item>
			</title>
		</field>
		<field xsi:type="DataSetFieldField">
			<dataPath>Описание</dataPath>
			<field>Описание</field>
			<presentationExpression>ПС_МодульОбщегоНазначенияСервер.ПС_ПреобразоватьОписаниеИзHTMLФормата(Описание)</presentationExpression>
		</field>
		<dataSource>ИсточникДанных1</dataSource>
		<query>ВЫБРАТЬ
	ВложенныйЗапрос.Роль,
	ВложенныйЗапрос.Точка,
	ВложенныйЗапрос.Описание,
	ВложенныйЗапрос.Модель
ИЗ
	(ВЫБРАТЬ
		ВЫБОР
			КОГДА ПС_ТочкиБП.Роль = НЕОПРЕДЕЛЕНО
					ИЛИ ПС_ТочкиБП.Роль = ЗНАЧЕНИЕ(Справочник.ПС_Роли.ПустаяСсылка)
				ТОГДА ВЫБОР
						КОГДА ПС_ТочкиБП.Пользователь &lt;&gt; НЕОПРЕДЕЛЕНО
								И ПС_ТочкиБП.Пользователь &lt;&gt; ЗНАЧЕНИЕ(Справочник.Пользователи.ПустаяСсылка)
							ТОГДА ПС_АдресацияЗадачи.Роль
					КОНЕЦ
			ИНАЧЕ ПС_ТочкиБП.Роль
		КОНЕЦ КАК Роль,
		ПС_ТочкиБП.Ссылка КАК Точка,
		ПС_ТочкиБП.Описание КАК Описание,
		ПС_ТочкиБП.Владелец КАК Модель
	ИЗ
		Справочник.ПС_ТочкиБП КАК ПС_ТочкиБП
			ЛЕВОЕ СОЕДИНЕНИЕ РегистрСведений.ПС_АдресацияЗадачи КАК ПС_АдресацияЗадачи
			ПО ПС_ТочкиБП.Пользователь = ПС_АдресацияЗадачи.Пользователь
	ГДЕ
		ВЫБОР
				КОГДА ПС_ТочкиБП.Роль = НЕОПРЕДЕЛЕНО
						ИЛИ ПС_ТочкиБП.Роль = ЗНАЧЕНИЕ(Справочник.ПС_Роли.ПустаяСсылка)
					ТОГДА ВЫБОР
							КОГДА ПС_ТочкиБП.Пользователь &lt;&gt; НЕОПРЕДЕЛЕНО
									И ПС_ТочкиБП.Пользователь &lt;&gt; ЗНАЧЕНИЕ(Справочник.Пользователи.ПустаяСсылка)
								ТОГДА ПС_АдресацияЗадачи.Роль
						КОНЕЦ
				ИНАЧЕ ПС_ТочкиБП.Роль
			КОНЕЦ &lt;&gt; НЕОПРЕДЕЛЕНО
		И (ПС_ТочкиБП.Роль &lt;&gt; НЕОПРЕДЕЛЕНО
				ИЛИ ПС_ТочкиБП.Пользователь &lt;&gt; НЕОПРЕДЕЛЕНО)
		И НЕ ВЫБОР
					КОГДА ПС_ТочкиБП.Роль = НЕОПРЕДЕЛЕНО
							ИЛИ ПС_ТочкиБП.Роль = ЗНАЧЕНИЕ(Справочник.ПС_Роли.ПустаяСсылка)
						ТОГДА ВЫБОР
								КОГДА ПС_ТочкиБП.Пользователь &lt;&gt; НЕОПРЕДЕЛЕНО
										И ПС_ТочкиБП.Пользователь &lt;&gt; ЗНАЧЕНИЕ(Справочник.Пользователи.ПустаяСсылка)
									ТОГДА ПС_АдресацияЗадачи.Роль
							КОНЕЦ
					ИНАЧЕ ПС_ТочкиБП.Роль
				КОНЕЦ В
					(ВЫБРАТЬ
						ПС_Выражения.Ссылка
					ИЗ
						Справочник.ПС_Выражения КАК ПС_Выражения)) КАК ВложенныйЗапрос</query>
	</dataSet>
	<calculatedField>
		<dataPath>РольОтбор</dataPath>
		<expression>Роль</expression>
		<title xsi:type="v8:LocalStringType">
			<v8:item>
				<v8:lang>ru</v8:lang>
				<v8:content>Роль</v8:content>
			</v8:item>
		</title>
		<useRestriction>
			<field>true</field>
			<group>true</group>
			<order>true</order>
		</useRestriction>
		<valueType>
			<v8:Type xmlns:d4p1="http://v8.1c.ru/8.1/data/enterprise/current-config">d4p1:CatalogRef.ПС_Роли</v8:Type>
		</valueType>
	</calculatedField>
	<template>
		<name>Макет1</name>
		<template xmlns:dcsat="http://v8.1c.ru/8.1/data-composition-system/area-template" xsi:type="dcsat:AreaTemplate">
			<dcsat:item xsi:type="dcsat:TableRow">
				<dcsat:tableCell>
					<dcsat:item xsi:type="dcsat:Field">
						<dcsat:value xsi:type="dcscor:Parameter">Модель</dcsat:value>
					</dcsat:item>
					<dcsat:appearance>
						<dcscor:item>
							<dcscor:parameter>Details</dcscor:parameter>
							<dcscor:value xsi:type="dcscor:Parameter">МодельРасш</dcscor:value>
						</dcscor:item>
					</dcsat:appearance>
				</dcsat:tableCell>
			</dcsat:item>
		</template>
		<parameter xmlns:dcsat="http://v8.1c.ru/8.1/data-composition-system/area-template" xsi:type="dcsat:ExpressionAreaTemplateParameter">
			<dcsat:name>Модель</dcsat:name>
			<dcsat:expression>Представление(Модель)</dcsat:expression>
		</parameter>
		<parameter xmlns:dcsat="http://v8.1c.ru/8.1/data-composition-system/area-template" xsi:type="dcsat:DetailsAreaTemplateParameter">
			<dcsat:name>МодельРасш</dcsat:name>
			<dcsat:fieldExpression>
				<dcsat:field>Модель</dcsat:field>
				<dcsat:expression>Представление(Модель)</dcsat:expression>
			</dcsat:fieldExpression>
		</parameter>
	</template>
	<template>
		<name>Макет2</name>
		<template xmlns:dcsat="http://v8.1c.ru/8.1/data-composition-system/area-template" xsi:type="dcsat:AreaTemplate">
			<dcsat:item xsi:type="dcsat:TableRow">
				<dcsat:tableCell>
					<dcsat:item xsi:type="dcsat:Field">
						<dcsat:value xsi:type="dcscor:Parameter">Точка</dcsat:value>
					</dcsat:item>
					<dcsat:appearance>
						<dcscor:item>
							<dcscor:parameter>Details</dcscor:parameter>
							<dcscor:value xsi:type="dcscor:Parameter">ТочкаРасш</dcscor:value>
						</dcscor:item>
					</dcsat:appearance>
				</dcsat:tableCell>
			</dcsat:item>
		</template>
		<parameter xmlns:dcsat="http://v8.1c.ru/8.1/data-composition-system/area-template" xsi:type="dcsat:ExpressionAreaTemplateParameter">
			<dcsat:name>Точка</dcsat:name>
			<dcsat:expression>Представление(Точка)</dcsat:expression>
		</parameter>
		<parameter xmlns:dcsat="http://v8.1c.ru/8.1/data-composition-system/area-template" xsi:type="dcsat:DetailsAreaTemplateParameter">
			<dcsat:name>ТочкаРасш</dcsat:name>
			<dcsat:fieldExpression>
				<dcsat:field>Точка</dcsat:field>
				<dcsat:expression>Представление(Точка)</dcsat:expression>
			</dcsat:fieldExpression>
		</parameter>
	</template>
	<fieldTemplate>
		<field>Модель</field>
		<template>Макет1</template>
	</fieldTemplate>
	<fieldTemplate>
		<field>Точка</field>
		<template>Макет2</template>
	</fieldTemplate>
	<settingsVariant>
		<dcsset:name>Основной</dcsset:name>
		<dcsset:presentation xsi:type="xs:string">Основной</dcsset:presentation>
		<dcsset:settings xmlns:style="http://v8.1c.ru/8.1/data/ui/style" xmlns:sys="http://v8.1c.ru/8.1/data/ui/fonts/system" xmlns:web="http://v8.1c.ru/8.1/data/ui/colors/web" xmlns:win="http://v8.1c.ru/8.1/data/ui/colors/windows">
			<dcsset:filter>
				<dcsset:item xsi:type="dcsset:FilterItemComparison">
					<dcsset:use>false</dcsset:use>
					<dcsset:left xsi:type="dcscor:Field">РольОтбор</dcsset:left>
					<dcsset:comparisonType>Equal</dcsset:comparisonType>
					<dcsset:userSettingID>29cdfe84-9fc1-4071-ad7f-10d519f3b10b</dcsset:userSettingID>
				</dcsset:item>
				<dcsset:item xsi:type="dcsset:FilterItemComparison">
					<dcsset:use>false</dcsset:use>
					<dcsset:left xsi:type="dcscor:Field">Модель</dcsset:left>
					<dcsset:comparisonType>Equal</dcsset:comparisonType>
					<dcsset:userSettingID>29315ea7-1832-4cbb-816d-bdb62a76ee2c</dcsset:userSettingID>
				</dcsset:item>
				<dcsset:item xsi:type="dcsset:FilterItemComparison">
					<dcsset:use>false</dcsset:use>
					<dcsset:left xsi:type="dcscor:Field">Точка</dcsset:left>
					<dcsset:comparisonType>Equal</dcsset:comparisonType>
					<dcsset:userSettingID>1d6c12d0-cfb7-4d31-a8a8-d43e72b5abf5</dcsset:userSettingID>
				</dcsset:item>
			</dcsset:filter>
			<dcsset:item xsi:type="dcsset:StructureItemGroup">
				<dcsset:groupItems>
					<dcsset:item xsi:type="dcsset:GroupItemField">
						<dcsset:field>Роль</dcsset:field>
						<dcsset:groupType>Items</dcsset:groupType>
						<dcsset:periodAdditionType>None</dcsset:periodAdditionType>
						<dcsset:periodAdditionBegin xsi:type="xs:dateTime">0001-01-01T00:00:00</dcsset:periodAdditionBegin>
						<dcsset:periodAdditionEnd xsi:type="xs:dateTime">0001-01-01T00:00:00</dcsset:periodAdditionEnd>
					</dcsset:item>
				</dcsset:groupItems>
				<dcsset:order>
					<dcsset:item xsi:type="dcsset:OrderItemAuto"/>
				</dcsset:order>
				<dcsset:selection>
					<dcsset:item xsi:type="dcsset:SelectedItemAuto"/>
					<dcsset:item xsi:type="dcsset:SelectedItemField">
						<dcsset:field>Роль</dcsset:field>
					</dcsset:item>
				</dcsset:selection>
				<dcsset:item xsi:type="dcsset:StructureItemGroup">
					<dcsset:order>
						<dcsset:item xsi:type="dcsset:OrderItemAuto"/>
					</dcsset:order>
					<dcsset:selection>
						<dcsset:item xsi:type="dcsset:SelectedItemAuto"/>
						<dcsset:item xsi:type="dcsset:SelectedItemField">
							<dcsset:field>Точка</dcsset:field>
						</dcsset:item>
						<dcsset:item xsi:type="dcsset:SelectedItemField">
							<dcsset:field>Описание</dcsset:field>
						</dcsset:item>
						<dcsset:item xsi:type="dcsset:SelectedItemField">
							<dcsset:field>Модель</dcsset:field>
						</dcsset:item>
					</dcsset:selection>
				</dcsset:item>
			</dcsset:item>
		</dcsset:settings>
	</settingsVariant>
</DataCompositionSchema>