﻿<?xml version="1.0" encoding="UTF-8"?>
<DataCompositionSchema xmlns="http://v8.1c.ru/8.1/data-composition-system/schema" xmlns:dcscom="http://v8.1c.ru/8.1/data-composition-system/common" xmlns:dcscor="http://v8.1c.ru/8.1/data-composition-system/core" xmlns:dcsset="http://v8.1c.ru/8.1/data-composition-system/settings" xmlns:v8="http://v8.1c.ru/8.1/data/core" xmlns:v8ui="http://v8.1c.ru/8.1/data/ui" xmlns:xs="http://www.w3.org/2001/XMLSchema" xmlns:xsi="http://www.w3.org/2001/XMLSchema-instance">
	<dataSource>
		<name>ИсточникДанных1</name>
		<dataSourceType>Local</dataSourceType>
	</dataSource>
	<dataSet xsi:type="DataSetQuery">
		<name>НаборДанных2</name>
		<field xsi:type="DataSetFieldField">
			<dataPath>БизнесПроцесс</dataPath>
			<field>БизнесПроцесс</field>
			<role>
				<dcscom:required>true</dcscom:required>
			</role>
		</field>
		<field xsi:type="DataSetFieldField">
			<dataPath>Дата</dataPath>
			<field>Дата</field>
		</field>
		<field xsi:type="DataSetFieldField">
			<dataPath>Выполнена</dataPath>
			<field>Выполнена</field>
			<role>
				<dcscom:required>true</dcscom:required>
			</role>
		</field>
		<field xsi:type="DataSetFieldField">
			<dataPath>ТочкаМаршрута</dataPath>
			<field>ТочкаМаршрута</field>
		</field>
		<field xsi:type="DataSetFieldField">
			<dataPath>ДатаВыполнения</dataPath>
			<field>ДатаВыполнения</field>
			<role>
				<dcscom:required>true</dcscom:required>
			</role>
		</field>
		<field xsi:type="DataSetFieldField">
			<dataPath>ДатаВыполненияПлан</dataPath>
			<field>ДатаВыполненияПлан</field>
			<title xsi:type="v8:LocalStringType">
				<v8:item>
					<v8:lang>ru</v8:lang>
					<v8:content>Срок</v8:content>
				</v8:item>
			</title>
			<role>
				<dcscom:required>true</dcscom:required>
			</role>
		</field>
		<field xsi:type="DataSetFieldField">
			<dataPath>ДатаИстеченияСрока</dataPath>
			<field>ДатаИстеченияСрока</field>
			<role>
				<dcscom:required>true</dcscom:required>
			</role>
		</field>
		<field xsi:type="DataSetFieldField">
			<dataPath>Контролер</dataPath>
			<field>Контролер</field>
		</field>
		<field xsi:type="DataSetFieldField">
			<dataPath>МодельБП</dataPath>
			<field>МодельБП</field>
			<attributeUseRestriction>
				<condition>true</condition>
			</attributeUseRestriction>
		</field>
		<field xsi:type="DataSetFieldField">
			<dataPath>Подразделение</dataPath>
			<field>Подразделение</field>
		</field>
		<field xsi:type="DataSetFieldField">
			<dataPath>Пользователь</dataPath>
			<field>Пользователь</field>
			<title xsi:type="v8:LocalStringType">
				<v8:item>
					<v8:lang>ru</v8:lang>
					<v8:content>Исполнитель</v8:content>
				</v8:item>
			</title>
			<role>
				<dcscom:required>true</dcscom:required>
			</role>
		</field>
		<field xsi:type="DataSetFieldField">
			<dataPath>Роль</dataPath>
			<field>Роль</field>
		</field>
		<field xsi:type="DataSetFieldField">
			<dataPath>ТочкаБП</dataPath>
			<field>ТочкаБП</field>
		</field>
		<field xsi:type="DataSetFieldField">
			<dataPath>Номер</dataPath>
			<field>Номер</field>
			<role>
				<dcscom:required>true</dcscom:required>
			</role>
		</field>
		<field xsi:type="DataSetFieldField">
			<dataPath>Ссылка</dataPath>
			<field>Ссылка</field>
			<title xsi:type="v8:LocalStringType">
				<v8:item>
					<v8:lang>ru</v8:lang>
					<v8:content>Задача</v8:content>
				</v8:item>
			</title>
		</field>
		<field xsi:type="DataSetFieldField">
			<dataPath>Представление</dataPath>
			<field>Представление</field>
			<role>
				<dcscom:required>true</dcscom:required>
			</role>
		</field>
		<field xsi:type="DataSetFieldField">
			<dataPath>ПометкаУдаления</dataPath>
			<field>ПометкаУдаления</field>
			<role>
				<dcscom:required>true</dcscom:required>
			</role>
		</field>
		<dataSource>ИсточникДанных1</dataSource>
		<query>ВЫБРАТЬ
	ПС_Задача.Ссылка,
	ПС_Задача.Дата,
	ПС_Задача.БизнесПроцесс,
	ПС_Задача.ТочкаМаршрута,
	ПС_Задача.Выполнена,
	ПС_Задача.ДатаВыполнения,
	ПС_Задача.ДатаВыполненияПлан,
	ПС_Задача.ДатаИстеченияСрока,
	ПС_Задача.Контролер,
	ПС_Задача.МодельБП,
	ПС_Задача.ТочкаБП,
	ПС_Задача.Пользователь,
	ПС_Задача.Роль,
	ПС_Задача.Подразделение,
	ПС_Задача.Номер,
	ПС_Задача.Представление,
	ПС_Задача.ПометкаУдаления
ИЗ
	Задача.ПС_Задача КАК ПС_Задача
ГДЕ
	НЕ ПС_Задача.ПометкаУдаления</query>
	</dataSet>
	<dataSet xsi:type="DataSetObject">
		<name>НаборДанных1</name>
		<field xsi:type="DataSetFieldField">
			<dataPath>Ссылка</dataPath>
			<field>Ссылка</field>
			<title xsi:type="v8:LocalStringType">
				<v8:item>
					<v8:lang>ru</v8:lang>
					<v8:content>Задача</v8:content>
				</v8:item>
			</title>
			<valueType>
				<v8:Type xmlns:d5p1="http://v8.1c.ru/8.1/data/enterprise/current-config">d5p1:TaskRef.ПС_Задача</v8:Type>
			</valueType>
		</field>
		<dataSource>ИсточникДанных1</dataSource>
		<objectName>Таблица</objectName>
	</dataSet>
	<dataSetLink>
		<sourceDataSet>НаборДанных1</sourceDataSet>
		<destinationDataSet>НаборДанных2</destinationDataSet>
		<sourceExpression>Ссылка</sourceExpression>
		<destinationExpression>Ссылка</destinationExpression>
	</dataSetLink>
	<template>
		<name>Макет2</name>
		<template xmlns:dcsat="http://v8.1c.ru/8.1/data-composition-system/area-template" xsi:type="dcsat:AreaTemplate">
			<dcsat:item xsi:type="dcsat:TableRow">
				<dcsat:tableCell>
					<dcsat:item xsi:type="dcsat:Field">
						<dcsat:value xsi:type="dcscor:Parameter">Ссылка</dcsat:value>
					</dcsat:item>
					<dcsat:appearance>
						<dcscor:item>
							<dcscor:parameter>Details</dcscor:parameter>
							<dcscor:value xsi:type="dcscor:Parameter">Расшифровка</dcscor:value>
						</dcscor:item>
					</dcsat:appearance>
				</dcsat:tableCell>
			</dcsat:item>
		</template>
		<parameter xmlns:dcsat="http://v8.1c.ru/8.1/data-composition-system/area-template" xsi:type="dcsat:ExpressionAreaTemplateParameter">
			<dcsat:name>Ссылка</dcsat:name>
			<dcsat:expression>ВЫБОР КОГДА Представление &lt;&gt; "" ТОГДА Представление ИНАЧЕ Представление(Ссылка) КОНЕЦ</dcsat:expression>
		</parameter>
		<parameter xmlns:dcsat="http://v8.1c.ru/8.1/data-composition-system/area-template" xsi:type="dcsat:DetailsAreaTemplateParameter">
			<dcsat:name>Расшифровка</dcsat:name>
			<dcsat:fieldExpression>
				<dcsat:field>Ссылка</dcsat:field>
				<dcsat:expression>Ссылка</dcsat:expression>
			</dcsat:fieldExpression>
			<dcsat:mainAction>DrillDown</dcsat:mainAction>
		</parameter>
	</template>
	<template>
		<name>Макет3</name>
		<template xmlns:dcsat="http://v8.1c.ru/8.1/data-composition-system/area-template" xsi:type="dcsat:AreaTemplate">
			<dcsat:item xsi:type="dcsat:TableRow">
				<dcsat:tableCell>
					<dcsat:item xsi:type="dcsat:Field">
						<dcsat:value xsi:type="dcscor:Parameter">Номер</dcsat:value>
					</dcsat:item>
				</dcsat:tableCell>
			</dcsat:item>
		</template>
		<parameter xmlns:dcsat="http://v8.1c.ru/8.1/data-composition-system/area-template" xsi:type="dcsat:ExpressionAreaTemplateParameter">
			<dcsat:name>Номер</dcsat:name>
			<dcsat:expression>Номер</dcsat:expression>
		</parameter>
	</template>
	<template>
		<name>Макет4</name>
		<template xmlns:dcsat="http://v8.1c.ru/8.1/data-composition-system/area-template" xsi:type="dcsat:AreaTemplate">
			<dcsat:item xsi:type="dcsat:TableRow">
				<dcsat:tableCell>
					<dcsat:item xsi:type="dcsat:Field">
						<dcsat:value xsi:type="dcscor:Parameter">ДатаВыполненияПлан</dcsat:value>
					</dcsat:item>
				</dcsat:tableCell>
			</dcsat:item>
		</template>
		<parameter xmlns:dcsat="http://v8.1c.ru/8.1/data-composition-system/area-template" xsi:type="dcsat:ExpressionAreaTemplateParameter">
			<dcsat:name>ДатаВыполненияПлан</dcsat:name>
			<dcsat:expression>ДатаВыполненияПлан</dcsat:expression>
		</parameter>
	</template>
	<template>
		<name>Макет5</name>
		<template xmlns:dcsat="http://v8.1c.ru/8.1/data-composition-system/area-template" xsi:type="dcsat:AreaTemplate">
			<dcsat:item xsi:type="dcsat:TableRow">
				<dcsat:tableCell>
					<dcsat:item xsi:type="dcsat:Field">
						<dcsat:value xsi:type="dcscor:Parameter">ДатаВыполнения</dcsat:value>
					</dcsat:item>
				</dcsat:tableCell>
			</dcsat:item>
		</template>
		<parameter xmlns:dcsat="http://v8.1c.ru/8.1/data-composition-system/area-template" xsi:type="dcsat:ExpressionAreaTemplateParameter">
			<dcsat:name>ДатаВыполнения</dcsat:name>
			<dcsat:expression>ДатаВыполнения</dcsat:expression>
		</parameter>
	</template>
	<template>
		<name>Макет6</name>
		<template xmlns:dcsat="http://v8.1c.ru/8.1/data-composition-system/area-template" xsi:type="dcsat:AreaTemplate">
			<dcsat:item xsi:type="dcsat:TableRow">
				<dcsat:tableCell>
					<dcsat:item xsi:type="dcsat:Field">
						<dcsat:value xsi:type="dcscor:Parameter">Пользователь</dcsat:value>
					</dcsat:item>
				</dcsat:tableCell>
			</dcsat:item>
		</template>
		<parameter xmlns:dcsat="http://v8.1c.ru/8.1/data-composition-system/area-template" xsi:type="dcsat:ExpressionAreaTemplateParameter">
			<dcsat:name>Пользователь</dcsat:name>
			<dcsat:expression>Представление(Пользователь)</dcsat:expression>
		</parameter>
	</template>
	<fieldTemplate>
		<field>Ссылка</field>
		<template>Макет2</template>
	</fieldTemplate>
	<fieldTemplate>
		<field>Номер</field>
		<template>Макет3</template>
	</fieldTemplate>
	<fieldTemplate>
		<field>ДатаВыполненияПлан</field>
		<template>Макет4</template>
	</fieldTemplate>
	<fieldTemplate>
		<field>ДатаВыполнения</field>
		<template>Макет5</template>
	</fieldTemplate>
	<fieldTemplate>
		<field>Пользователь</field>
		<template>Макет6</template>
	</fieldTemplate>
	<settingsVariant>
		<dcsset:name>Основной</dcsset:name>
		<dcsset:presentation xsi:type="xs:string">Основной</dcsset:presentation>
		<dcsset:settings xmlns:style="http://v8.1c.ru/8.1/data/ui/style" xmlns:sys="http://v8.1c.ru/8.1/data/ui/fonts/system" xmlns:web="http://v8.1c.ru/8.1/data/ui/colors/web" xmlns:win="http://v8.1c.ru/8.1/data/ui/colors/windows">
			<dcsset:selection>
				<dcsset:item xsi:type="dcsset:SelectedItemField">
					<dcsset:field>Ссылка</dcsset:field>
				</dcsset:item>
				<dcsset:item xsi:type="dcsset:SelectedItemField">
					<dcsset:field>Номер</dcsset:field>
				</dcsset:item>
				<dcsset:item xsi:type="dcsset:SelectedItemField">
					<dcsset:field>ДатаВыполненияПлан</dcsset:field>
				</dcsset:item>
				<dcsset:item xsi:type="dcsset:SelectedItemField">
					<dcsset:field>ДатаВыполнения</dcsset:field>
				</dcsset:item>
				<dcsset:item xsi:type="dcsset:SelectedItemField">
					<dcsset:field>Пользователь</dcsset:field>
				</dcsset:item>
			</dcsset:selection>
			<dcsset:item xsi:type="dcsset:StructureItemGroup">
				<dcsset:order>
					<dcsset:item xsi:type="dcsset:OrderItemAuto"/>
				</dcsset:order>
				<dcsset:selection>
					<dcsset:item xsi:type="dcsset:SelectedItemAuto"/>
				</dcsset:selection>
			</dcsset:item>
		</dcsset:settings>
	</settingsVariant>
</DataCompositionSchema>