﻿<?xml version="1.0" encoding="UTF-8"?>
<Form xmlns="http://v8.1c.ru/8.3/xcf/logform" xmlns:app="http://v8.1c.ru/8.2/managed-application/core" xmlns:dcscor="http://v8.1c.ru/8.1/data-composition-system/core" xmlns:dcsset="http://v8.1c.ru/8.1/data-composition-system/settings" xmlns:ent="http://v8.1c.ru/8.1/data/enterprise" xmlns:lf="http://v8.1c.ru/8.2/managed-application/logform" xmlns:style="http://v8.1c.ru/8.1/data/ui/style" xmlns:v8="http://v8.1c.ru/8.1/data/core" xmlns:web="http://v8.1c.ru/8.1/data/ui/colors/web" xmlns:win="http://v8.1c.ru/8.1/data/ui/colors/windows" xmlns:xr="http://v8.1c.ru/8.3/xcf/readable" xmlns:xs="http://www.w3.org/2001/XMLSchema" xmlns:xsi="http://www.w3.org/2001/XMLSchema-instance">
	<Attributes>
		<Attribute id="1">
			<Name>СписокПроцессов</Name>
			<Title>
				<v8:item>
					<v8:lang>ru</v8:lang>
					<v8:content>Список процессов</v8:content>
				</v8:item>
			</Title>
			<Type>
				<v8:Type>v8:ValueTable</v8:Type>
			</Type>
			<Accessibility>
				<xr:common>true</xr:common>
			</Accessibility>
			<Editing>
				<xr:common>true</xr:common>
			</Editing>
			<Content/>
			<SavingContent/>
			<MainProperty>false</MainProperty>
			<StoredData>false</StoredData>
			<FunctionalOptions/>
			<FillCheck>DontCheck</FillCheck>
			<Columns>
				<Column id="1">
					<AddedFromContext>false</AddedFromContext>
					<Name>БизнесПроцесс</Name>
					<Title>
						<v8:item>
							<v8:lang>ru</v8:lang>
							<v8:content>Бизнес процесс</v8:content>
						</v8:item>
					</Title>
					<Type>
						<v8:Type xmlns:d7p1="http://v8.1c.ru/8.1/data/enterprise/current-config">d7p1:BusinessProcessRef.ПС_БизнесПроцесс</v8:Type>
					</Type>
					<Accessibility>
						<xr:common>true</xr:common>
					</Accessibility>
					<Editing>
						<xr:common>true</xr:common>
					</Editing>
					<FunctionalOptions/>
					<FillCheck>DontCheck</FillCheck>
				</Column>
				<Column id="2">
					<AddedFromContext>false</AddedFromContext>
					<Name>ДатаЗавершения</Name>
					<Title>
						<v8:item>
							<v8:lang>ru</v8:lang>
							<v8:content>Дата завершения</v8:content>
						</v8:item>
					</Title>
					<Type>
						<v8:Type>xs:dateTime</v8:Type>
						<v8:DateQualifiers>
							<v8:DateFractions>DateTime</v8:DateFractions>
						</v8:DateQualifiers>
					</Type>
					<Accessibility>
						<xr:common>true</xr:common>
					</Accessibility>
					<Editing>
						<xr:common>true</xr:common>
					</Editing>
					<FunctionalOptions/>
					<FillCheck>DontCheck</FillCheck>
				</Column>
				<Column id="3">
					<AddedFromContext>false</AddedFromContext>
					<Name>Завершен</Name>
					<Title>
						<v8:item>
							<v8:lang>ru</v8:lang>
							<v8:content>Завершен</v8:content>
						</v8:item>
					</Title>
					<Type>
						<v8:Type>xs:boolean</v8:Type>
					</Type>
					<Accessibility>
						<xr:common>true</xr:common>
					</Accessibility>
					<Editing>
						<xr:common>true</xr:common>
					</Editing>
					<FunctionalOptions/>
					<FillCheck>DontCheck</FillCheck>
				</Column>
				<Column id="4">
					<AddedFromContext>false</AddedFromContext>
					<Name>Наименование</Name>
					<Title>
						<v8:item>
							<v8:lang>ru</v8:lang>
							<v8:content>Бизнес-процесс</v8:content>
						</v8:item>
					</Title>
					<Type>
						<v8:Type>xs:string</v8:Type>
						<v8:StringQualifiers>
							<v8:Length>0</v8:Length>
							<v8:AllowedLength>Variable</v8:AllowedLength>
						</v8:StringQualifiers>
					</Type>
					<Accessibility>
						<xr:common>true</xr:common>
					</Accessibility>
					<Editing>
						<xr:common>true</xr:common>
					</Editing>
					<FunctionalOptions/>
					<FillCheck>DontCheck</FillCheck>
				</Column>
				<Column id="5">
					<AddedFromContext>false</AddedFromContext>
					<Name>ИндексКартинки</Name>
					<Title>
						<v8:item>
							<v8:lang>ru</v8:lang>
							<v8:content>Индекс картинки</v8:content>
						</v8:item>
					</Title>
					<Type>
						<v8:Type>xs:decimal</v8:Type>
						<v8:NumberQualifiers>
							<v8:Digits>10</v8:Digits>
							<v8:FractionDigits>0</v8:FractionDigits>
							<v8:AllowedSign>Any</v8:AllowedSign>
						</v8:NumberQualifiers>
					</Type>
					<Accessibility>
						<xr:common>true</xr:common>
					</Accessibility>
					<Editing>
						<xr:common>true</xr:common>
					</Editing>
					<FunctionalOptions/>
					<FillCheck>DontCheck</FillCheck>
				</Column>
				<Column id="6">
					<AddedFromContext>false</AddedFromContext>
					<Name>Номер</Name>
					<Title>
						<v8:item>
							<v8:lang>ru</v8:lang>
							<v8:content>Номер</v8:content>
						</v8:item>
					</Title>
					<Type>
						<v8:Type>xs:string</v8:Type>
						<v8:StringQualifiers>
							<v8:Length>10</v8:Length>
							<v8:AllowedLength>Variable</v8:AllowedLength>
						</v8:StringQualifiers>
					</Type>
					<Accessibility>
						<xr:common>true</xr:common>
					</Accessibility>
					<Editing>
						<xr:common>true</xr:common>
					</Editing>
					<FunctionalOptions/>
					<FillCheck>DontCheck</FillCheck>
				</Column>
				<Column id="7">
					<AddedFromContext>false</AddedFromContext>
					<Name>ДатаСтарта</Name>
					<Title>
						<v8:item>
							<v8:lang>ru</v8:lang>
							<v8:content>Дата старта</v8:content>
						</v8:item>
					</Title>
					<Type>
						<v8:Type>xs:dateTime</v8:Type>
						<v8:DateQualifiers>
							<v8:DateFractions>DateTime</v8:DateFractions>
						</v8:DateQualifiers>
					</Type>
					<Accessibility>
						<xr:common>true</xr:common>
					</Accessibility>
					<Editing>
						<xr:common>true</xr:common>
					</Editing>
					<FunctionalOptions/>
					<FillCheck>DontCheck</FillCheck>
				</Column>
				<Column id="8">
					<AddedFromContext>false</AddedFromContext>
					<Name>Просрочен</Name>
					<Title>
						<v8:item>
							<v8:lang>ru</v8:lang>
							<v8:content>Просрочен</v8:content>
						</v8:item>
					</Title>
					<Type>
						<v8:Type>xs:boolean</v8:Type>
					</Type>
					<Accessibility>
						<xr:common>true</xr:common>
					</Accessibility>
					<Editing>
						<xr:common>true</xr:common>
					</Editing>
					<FunctionalOptions/>
					<FillCheck>DontCheck</FillCheck>
				</Column>
			</Columns>
			<ExtInfo/>
		</Attribute>
		<Attribute id="2">
			<Name>Отчет</Name>
			<Title>
				<v8:item>
					<v8:lang>ru</v8:lang>
					<v8:content>Отчет</v8:content>
				</v8:item>
			</Title>
			<Type>
				<v8:Type xmlns:d5p1="http://v8.1c.ru/8.1/data/enterprise/current-config">d5p1:ReportObject.ПС_ГрафическийОтчетПоБизнесПроцессам</v8:Type>
			</Type>
			<Accessibility>
				<xr:common>true</xr:common>
			</Accessibility>
			<Editing>
				<xr:common>true</xr:common>
			</Editing>
			<Content/>
			<SavingContent/>
			<MainProperty>true</MainProperty>
			<StoredData>false</StoredData>
			<FunctionalOptions/>
			<FillCheck>DontCheck</FillCheck>
			<Columns/>
			<ExtInfo/>
		</Attribute>
		<Attribute id="3">
			<Name>ТекПользователь</Name>
			<Title>
				<v8:item>
					<v8:lang>ru</v8:lang>
					<v8:content>Тек пользователь</v8:content>
				</v8:item>
			</Title>
			<Type>
				<v8:Type xmlns:d5p1="http://v8.1c.ru/8.1/data/enterprise/current-config">d5p1:CatalogRef.Пользователи</v8:Type>
			</Type>
			<Accessibility>
				<xr:common>true</xr:common>
			</Accessibility>
			<Editing>
				<xr:common>true</xr:common>
			</Editing>
			<Content/>
			<SavingContent/>
			<MainProperty>false</MainProperty>
			<StoredData>false</StoredData>
			<FunctionalOptions/>
			<FillCheck>DontCheck</FillCheck>
			<Columns/>
			<ExtInfo/>
		</Attribute>
		<ConditionalAppearance/>
	</Attributes>
	<Commands/>
	<Parameters>
		<Parameter>
			<Name>БизнесПроцесс</Name>
			<Type>
				<v8:Type xmlns:d5p1="http://v8.1c.ru/8.1/data/enterprise/current-config">d5p1:BusinessProcessRef.ПС_БизнесПроцесс</v8:Type>
			</Type>
			<KeyParameter>true</KeyParameter>
		</Parameter>
		<Parameter>
			<Name>ТочкаБП</Name>
			<Type>
				<v8:Type xmlns:d5p1="http://v8.1c.ru/8.1/data/enterprise/current-config">d5p1:CatalogRef.ПС_ТочкиБП</v8:Type>
			</Type>
			<KeyParameter>true</KeyParameter>
		</Parameter>
	</Parameters>
	<Elements id="0:02023637-7868-4a5f-8576-835a76e0c9ba">
		<Properties>
			<Title>
				<v8:item>
					<v8:lang>ru</v8:lang>
					<v8:content>Выберите бизнес-процесс</v8:content>
				</v8:item>
			</Title>
			<Width>90</Width>
			<Height>0</Height>
			<OpeningMode>Independent</OpeningMode>
			<EnterKeyBehavior>ControlNavigation</EnterKeyBehavior>
			<AutoSaveFormDataInSettings>DontUse</AutoSaveFormDataInSettings>
			<SaveFormDataInSettings>DontUse</SaveFormDataInSettings>
			<SettingsStorage/>
			<AutoTitle>false</AutoTitle>
			<AutoURL>true</AutoURL>
			<ChildrenGrouping>Vertical</ChildrenGrouping>
			<ChildItemsWidth>Auto</ChildItemsWidth>
			<AutoFillCheck>true</AutoFillCheck>
			<Customizable>true</Customizable>
			<Enabled>true</Enabled>
			<ReadOnly>false</ReadOnly>
			<CommandBarLocation>Auto</CommandBarLocation>
			<VerticalScrolling>useIfNecessary</VerticalScrolling>
			<BaseFontVariant>Auto</BaseFontVariant>
			<CommandsContent/>
			<ReportResult/>
			<DetailsInformation/>
			<SettingsMode>Main</SettingsMode>
			<CurrentVariantPresentationField/>
			<ShowState>Auto</ShowState>
			<UserSettingsGroup/>
		</Properties>
		<Events>
			<Event name="NotificationProcessing">ОбработкаОповещения</Event>
			<Event name="OnCreateAtServer">ПриСозданииНаСервере</Event>
		</Events>
		<PredefinedContainedItems>
			<CommandBar xsi:type="AutoMenuGroup" id="-1:02023637-7868-4a5f-8576-835a76e0c9ba">
				<Properties>
					<Name>ФормаКоманднаяПанель</Name>
					<Type>AutoCommandBar</Type>
					<Visible>true</Visible>
					<UserVisible>
						<xr:common>true</xr:common>
					</UserVisible>
					<Enabled>true</Enabled>
					<ReadOnly>false</ReadOnly>
					<EnableContentChange>false</EnableContentChange>
					<Title/>
					<TitleTextColor>auto</TitleTextColor>
					<TitleFont kind="AutoFont"/>
					<ToolTip/>
					<ToolTipRepresentation>Auto</ToolTipRepresentation>
					<Shortcut/>
					<Width>0</Width>
					<Height>0</Height>
					<HorizontalStretch>auto</HorizontalStretch>
					<VerticalStretch>auto</VerticalStretch>
					<HorAlignment>Left</HorAlignment>
					<FillWithStdCommands>false</FillWithStdCommands>
				</Properties>
				<PredefinedContainedItems/>
				<ContainedItems/>
			</CommandBar>
		</PredefinedContainedItems>
		<ContainedItems>
			<Table id="1:02023637-7868-4a5f-8576-835a76e0c9ba">
				<Properties>
					<Name>СписокПроцессов</Name>
					<Representation>List</Representation>
					<Visible>true</Visible>
					<UserVisible>
						<xr:common>true</xr:common>
					</UserVisible>
					<TitleLocation>None</TitleLocation>
					<TitleRowsCount>0</TitleRowsCount>
					<CommandBarLocation>Auto</CommandBarLocation>
					<AutoFill>false</AutoFill>
					<Enabled>true</Enabled>
					<ReadOnly>true</ReadOnly>
					<SkipOnInput>auto</SkipOnInput>
					<DefaultElement>false</DefaultElement>
					<ChangeRowSet>false</ChangeRowSet>
					<ChangeRowOrder>false</ChangeRowOrder>
					<Width>0</Width>
					<Height>0</Height>
					<RowsCount>0</RowsCount>
					<ChoiceMode>false</ChoiceMode>
					<MultipleChoice>false</MultipleChoice>
					<RowInputMode>EndOfList</RowInputMode>
					<RowsSelectionMode>SingleRow</RowsSelectionMode>
					<RowSelectionMode>Cell</RowSelectionMode>
					<ShowHeader>true</ShowHeader>
					<HeaderHeight>1</HeaderHeight>
					<ShowFooter>false</ShowFooter>
					<FooterHeight>1</FooterHeight>
					<HorScroll>AutoUse</HorScroll>
					<VertScroll>AutoUse</VertScroll>
					<ShowHorLines>true</ShowHorLines>
					<ShowVertLines>true</ShowVertLines>
					<FixedLeft>4294967295</FixedLeft>
					<FixedRight>4294967295</FixedRight>
					<UseAlternationRowColor>false</UseAlternationRowColor>
					<AutoInsertNewRow>true</AutoInsertNewRow>
					<AutoInsertNotCompletedVals>auto</AutoInsertNotCompletedVals>
					<AutoMarkNotcompletedVals>auto</AutoMarkNotcompletedVals>
					<SearchOnInput>Auto</SearchOnInput>
					<InitialListView>Auto</InitialListView>
					<InitialTreeView>NoExpand</InitialTreeView>
					<UseOutput>Auto</UseOutput>
					<HorStretchable>true</HorStretchable>
					<VertStretchable>true</VertStretchable>
					<EnableStartDrag>true</EnableStartDrag>
					<EnableDrag>true</EnableDrag>
					<DataPath>СписокПроцессов</DataPath>
					<RowPictureDataPath>СписокПроцессов.ИндексКартинки</RowPictureDataPath>
					<RowsPicture>
						<xr:pictureRef>CommonPicture.ПС_ПиктограммыБП</xr:pictureRef>
						<xr:loadTransparent>false</xr:loadTransparent>
					</RowsPicture>
					<TextColor>auto</TextColor>
					<BackColor>auto</BackColor>
					<BorderColor>auto</BorderColor>
					<Font kind="AutoFont"/>
					<Title/>
					<TitleTextColor>auto</TitleTextColor>
					<TitleFont kind="AutoFont"/>
					<ShortCut/>
					<CommandsContent>
						<ExcludedCommand>Copy</ExcludedCommand>
						<ExcludedCommand>SortListAsc</ExcludedCommand>
						<ExcludedCommand>MoveUp</ExcludedCommand>
						<ExcludedCommand>CancelSearch</ExcludedCommand>
						<ExcludedCommand>OutputList</ExcludedCommand>
						<ExcludedCommand>SortListDesc</ExcludedCommand>
						<ExcludedCommand>CopyToClipboard</ExcludedCommand>
						<ExcludedCommand>Delete</ExcludedCommand>
						<ExcludedCommand>EndEdit</ExcludedCommand>
						<ExcludedCommand>Add</ExcludedCommand>
						<ExcludedCommand>Change</ExcludedCommand>
						<ExcludedCommand>Find</ExcludedCommand>
						<ExcludedCommand>MoveDown</ExcludedCommand>
					</CommandsContent>
					<Tooltip/>
					<TooltipRepresentation>Auto</TooltipRepresentation>
					<FilterData xsi:nil="true"/>
				</Properties>
				<Events>
					<Event name="Selection">СписокПроцессовВыбор</Event>
				</Events>
				<PredefinedContainedItems>
					<ContextMenu xsi:type="ContextMenuGroup" id="2:02023637-7868-4a5f-8576-835a76e0c9ba">
						<Properties>
							<Name>СписокПроцессовКонтекстноеМеню</Name>
							<Type>ContextMenu</Type>
							<Visible>true</Visible>
							<UserVisible>
								<xr:common>true</xr:common>
							</UserVisible>
							<Enabled>true</Enabled>
							<ReadOnly>false</ReadOnly>
							<EnableContentChange>false</EnableContentChange>
							<Title/>
							<TitleTextColor>auto</TitleTextColor>
							<TitleFont kind="AutoFont"/>
							<ToolTip/>
							<ToolTipRepresentation>Auto</ToolTipRepresentation>
							<Shortcut/>
							<Width>0</Width>
							<Height>0</Height>
							<HorizontalStretch>auto</HorizontalStretch>
							<VerticalStretch>auto</VerticalStretch>
							<FillWithStdCommands>true</FillWithStdCommands>
						</Properties>
						<PredefinedContainedItems/>
						<ContainedItems/>
					</ContextMenu>
					<CommandBar xsi:type="AutoMenuGroup" id="3:02023637-7868-4a5f-8576-835a76e0c9ba">
						<Properties>
							<Name>СписокПроцессовКоманднаяПанель</Name>
							<Type>AutoCommandBar</Type>
							<Visible>true</Visible>
							<UserVisible>
								<xr:common>true</xr:common>
							</UserVisible>
							<Enabled>true</Enabled>
							<ReadOnly>false</ReadOnly>
							<EnableContentChange>false</EnableContentChange>
							<Title/>
							<TitleTextColor>auto</TitleTextColor>
							<TitleFont kind="AutoFont"/>
							<ToolTip/>
							<ToolTipRepresentation>Auto</ToolTipRepresentation>
							<Shortcut/>
							<Width>0</Width>
							<Height>0</Height>
							<HorizontalStretch>auto</HorizontalStretch>
							<VerticalStretch>auto</VerticalStretch>
							<HorAlignment>Left</HorAlignment>
							<FillWithStdCommands>false</FillWithStdCommands>
						</Properties>
						<PredefinedContainedItems/>
						<ContainedItems/>
					</CommandBar>
					<ExtTooltip xsi:type="TextDecoration" id="20:02023637-7868-4a5f-8576-835a76e0c9ba">
						<Properties>
							<Name>СписокПроцессовExtendedTooltip</Name>
							<Kind>Label</Kind>
							<Visible>true</Visible>
							<UserVisible>
								<xr:common>true</xr:common>
							</UserVisible>
							<Enabled>true</Enabled>
							<Width>0</Width>
							<Height>0</Height>
							<HorStretchable>auto</HorStretchable>
							<VertStretchable>auto</VertStretchable>
							<SkipOnInput>auto</SkipOnInput>
							<TextColor>auto</TextColor>
							<Font kind="AutoFont"/>
							<ShortCut/>
							<Title/>
							<Tooltip/>
							<TooltipRepresentation>Auto</TooltipRepresentation>
							<HyperLink>false</HyperLink>
							<HorAlignment>Left</HorAlignment>
							<VertAlignment>Auto</VertAlignment>
							<TitleHeight>0</TitleHeight>
							<BackColor>auto</BackColor>
							<BorderColor>auto</BorderColor>
							<Border width="1">
								<style xmlns="http://v8.1c.ru/8.1/data/ui" xsi:type="ControlBorderType">WithoutBorder</style>
							</Border>
						</Properties>
						<Events/>
						<PredefinedContainedItems/>
					</ExtTooltip>
				</PredefinedContainedItems>
				<ContainedItems>
					<Input id="16:02023637-7868-4a5f-8576-835a76e0c9ba">
						<Properties>
							<Name>СписокПроцессовНомер</Name>
							<Type>InputField</Type>
							<DataPath>СписокПроцессов.Номер</DataPath>
							<Visible>true</Visible>
							<UserVisible>
								<xr:common>true</xr:common>
							</UserVisible>
							<DefaultItem>false</DefaultItem>
							<Enabled>true</Enabled>
							<ReadOnly>false</ReadOnly>
							<SkipOnInput>auto</SkipOnInput>
							<Title/>
							<TitleTextColor>auto</TitleTextColor>
							<TitleBackColor>auto</TitleBackColor>
							<TitleFont kind="AutoFont"/>
							<TitleLocation>Auto</TitleLocation>
							<TitleHeight>0</TitleHeight>
							<ToolTip/>
							<ToolTipRepresentation>Auto</ToolTipRepresentation>
							<WarningOnEditRepresentation>Auto</WarningOnEditRepresentation>
							<WarningOnEdit/>
							<Shortcut/>
							<CommandsContent/>
							<HorizontalAlign>Auto</HorizontalAlign>
							<VerticalAlign>Auto</VerticalAlign>
							<EditMode>EnterOnInput</EditMode>
							<FixingInTable>None</FixingInTable>
							<CellHyperlink>false</CellHyperlink>
							<AutoCellHeight>false</AutoCellHeight>
							<ShowInHeader>true</ShowInHeader>
							<HeaderPicture/>
							<HeaderHorizontalAlign>Left</HeaderHorizontalAlign>
							<ShowInFooter>true</ShowInFooter>
							<FooterDataPath/>
							<FooterText/>
							<FooterTextColor>auto</FooterTextColor>
							<FooterBackColor>auto</FooterBackColor>
							<FooterFont kind="AutoFont"/>
							<FooterPicture/>
							<FooterHorizontalAlign>Auto</FooterHorizontalAlign>
							<Width>0</Width>
							<RowsCount>0</RowsCount>
							<HorizontalStretchable>auto</HorizontalStretchable>
							<VerticalStretchable>auto</VerticalStretchable>
							<Wrap>true</Wrap>
							<PasswordMode>auto</PasswordMode>
							<MultiLine>auto</MultiLine>
							<ExtendedEdit>auto</ExtendedEdit>
							<MarkNegatives>auto</MarkNegatives>
							<ChoiceListButton>auto</ChoiceListButton>
							<DropListButton>auto</DropListButton>
							<ChoiceButton>auto</ChoiceButton>
							<ChoiceButtonRepresentation>Auto</ChoiceButtonRepresentation>
							<ClearButton>auto</ClearButton>
							<SpinButton>auto</SpinButton>
							<OpenButton>auto</OpenButton>
							<CreateButton>auto</CreateButton>
							<Mask/>
							<ListChoiceMode>false</ListChoiceMode>
							<ChoiceListHeight>0</ChoiceListHeight>
							<DropListWidth>0</DropListWidth>
							<AutoChoiceIncomplete>auto</AutoChoiceIncomplete>
							<QuickChoice>auto</QuickChoice>
							<ChoiceObjects>Auto</ChoiceObjects>
							<Format/>
							<InputFormat/>
							<AutoMarkIncomplete>auto</AutoMarkIncomplete>
							<ChoiceType>true</ChoiceType>
							<IncompleteChoiceMode>OnEnterPressed</IncompleteChoiceMode>
							<TypeDomainEnabled>true</TypeDomainEnabled>
							<TextEdit>true</TextEdit>
							<EditTextUpdateMode>Auto</EditTextUpdateMode>
							<MinVal xsi:nil="true"/>
							<MaxVal xsi:nil="true"/>
							<ChoiceButtonPicture/>
							<ChoiceForm/>
							<ChoiceParamLinks/>
							<ChoiceParams/>
							<AvailableTypes/>
							<ValueList/>
							<TextColor>auto</TextColor>
							<BackColor>auto</BackColor>
							<BorderColor>auto</BorderColor>
							<Font kind="AutoFont"/>
							<LinkByType/>
							<InputHint/>
							<ChoiceHistoryOnInput>Auto</ChoiceHistoryOnInput>
						</Properties>
						<Events/>
						<PredefinedContainedItems>
							<ContextMenu xsi:type="ContextMenuGroup" id="17:02023637-7868-4a5f-8576-835a76e0c9ba">
								<Properties>
									<Name>СписокПроцессовНомерКонтекстноеМеню</Name>
									<Type>ContextMenu</Type>
									<Visible>true</Visible>
									<UserVisible>
										<xr:common>true</xr:common>
									</UserVisible>
									<Enabled>true</Enabled>
									<ReadOnly>false</ReadOnly>
									<EnableContentChange>false</EnableContentChange>
									<Title/>
									<TitleTextColor>auto</TitleTextColor>
									<TitleFont kind="AutoFont"/>
									<ToolTip/>
									<ToolTipRepresentation>Auto</ToolTipRepresentation>
									<Shortcut/>
									<Width>0</Width>
									<Height>0</Height>
									<HorizontalStretch>auto</HorizontalStretch>
									<VerticalStretch>auto</VerticalStretch>
									<FillWithStdCommands>true</FillWithStdCommands>
								</Properties>
								<PredefinedContainedItems/>
								<ContainedItems/>
							</ContextMenu>
							<ExtTooltip xsi:type="TextDecoration" id="21:02023637-7868-4a5f-8576-835a76e0c9ba">
								<Properties>
									<Name>СписокПроцессовНомерExtendedTooltip</Name>
									<Kind>Label</Kind>
									<Visible>true</Visible>
									<UserVisible>
										<xr:common>true</xr:common>
									</UserVisible>
									<Enabled>true</Enabled>
									<Width>0</Width>
									<Height>0</Height>
									<HorStretchable>auto</HorStretchable>
									<VertStretchable>auto</VertStretchable>
									<SkipOnInput>auto</SkipOnInput>
									<TextColor>auto</TextColor>
									<Font kind="AutoFont"/>
									<ShortCut/>
									<Title/>
									<Tooltip/>
									<TooltipRepresentation>Auto</TooltipRepresentation>
									<HyperLink>false</HyperLink>
									<HorAlignment>Left</HorAlignment>
									<VertAlignment>Auto</VertAlignment>
									<TitleHeight>0</TitleHeight>
									<BackColor>auto</BackColor>
									<BorderColor>auto</BorderColor>
									<Border width="1">
										<style xmlns="http://v8.1c.ru/8.1/data/ui" xsi:type="ControlBorderType">WithoutBorder</style>
									</Border>
								</Properties>
								<Events/>
								<PredefinedContainedItems/>
							</ExtTooltip>
						</PredefinedContainedItems>
					</Input>
					<Input id="12:02023637-7868-4a5f-8576-835a76e0c9ba">
						<Properties>
							<Name>СписокПроцессовНаименование</Name>
							<Type>InputField</Type>
							<DataPath>СписокПроцессов.Наименование</DataPath>
							<Visible>true</Visible>
							<UserVisible>
								<xr:common>true</xr:common>
							</UserVisible>
							<DefaultItem>false</DefaultItem>
							<Enabled>true</Enabled>
							<ReadOnly>false</ReadOnly>
							<SkipOnInput>auto</SkipOnInput>
							<Title/>
							<TitleTextColor>auto</TitleTextColor>
							<TitleBackColor>auto</TitleBackColor>
							<TitleFont kind="AutoFont"/>
							<TitleLocation>Auto</TitleLocation>
							<TitleHeight>0</TitleHeight>
							<ToolTip/>
							<ToolTipRepresentation>Auto</ToolTipRepresentation>
							<WarningOnEditRepresentation>Auto</WarningOnEditRepresentation>
							<WarningOnEdit/>
							<Shortcut/>
							<CommandsContent/>
							<HorizontalAlign>Auto</HorizontalAlign>
							<VerticalAlign>Auto</VerticalAlign>
							<EditMode>EnterOnInput</EditMode>
							<FixingInTable>None</FixingInTable>
							<CellHyperlink>false</CellHyperlink>
							<AutoCellHeight>false</AutoCellHeight>
							<ShowInHeader>true</ShowInHeader>
							<HeaderPicture/>
							<HeaderHorizontalAlign>Left</HeaderHorizontalAlign>
							<ShowInFooter>true</ShowInFooter>
							<FooterDataPath/>
							<FooterText/>
							<FooterTextColor>auto</FooterTextColor>
							<FooterBackColor>auto</FooterBackColor>
							<FooterFont kind="AutoFont"/>
							<FooterPicture/>
							<FooterHorizontalAlign>Auto</FooterHorizontalAlign>
							<Width>0</Width>
							<RowsCount>0</RowsCount>
							<HorizontalStretchable>auto</HorizontalStretchable>
							<VerticalStretchable>auto</VerticalStretchable>
							<Wrap>true</Wrap>
							<PasswordMode>auto</PasswordMode>
							<MultiLine>auto</MultiLine>
							<ExtendedEdit>auto</ExtendedEdit>
							<MarkNegatives>auto</MarkNegatives>
							<ChoiceListButton>auto</ChoiceListButton>
							<DropListButton>auto</DropListButton>
							<ChoiceButton>auto</ChoiceButton>
							<ChoiceButtonRepresentation>Auto</ChoiceButtonRepresentation>
							<ClearButton>auto</ClearButton>
							<SpinButton>auto</SpinButton>
							<OpenButton>auto</OpenButton>
							<CreateButton>auto</CreateButton>
							<Mask/>
							<ListChoiceMode>false</ListChoiceMode>
							<ChoiceListHeight>0</ChoiceListHeight>
							<DropListWidth>0</DropListWidth>
							<AutoChoiceIncomplete>auto</AutoChoiceIncomplete>
							<QuickChoice>auto</QuickChoice>
							<ChoiceObjects>Auto</ChoiceObjects>
							<Format/>
							<InputFormat/>
							<AutoMarkIncomplete>auto</AutoMarkIncomplete>
							<ChoiceType>true</ChoiceType>
							<IncompleteChoiceMode>OnEnterPressed</IncompleteChoiceMode>
							<TypeDomainEnabled>true</TypeDomainEnabled>
							<TextEdit>true</TextEdit>
							<EditTextUpdateMode>Auto</EditTextUpdateMode>
							<MinVal xsi:nil="true"/>
							<MaxVal xsi:nil="true"/>
							<ChoiceButtonPicture/>
							<ChoiceForm/>
							<ChoiceParamLinks/>
							<ChoiceParams/>
							<AvailableTypes/>
							<ValueList/>
							<TextColor>auto</TextColor>
							<BackColor>auto</BackColor>
							<BorderColor>auto</BorderColor>
							<Font kind="AutoFont"/>
							<LinkByType/>
							<InputHint/>
							<ChoiceHistoryOnInput>Auto</ChoiceHistoryOnInput>
						</Properties>
						<Events/>
						<PredefinedContainedItems>
							<ContextMenu xsi:type="ContextMenuGroup" id="13:02023637-7868-4a5f-8576-835a76e0c9ba">
								<Properties>
									<Name>СписокПроцессовНаименованиеКонтекстноеМеню</Name>
									<Type>ContextMenu</Type>
									<Visible>true</Visible>
									<UserVisible>
										<xr:common>true</xr:common>
									</UserVisible>
									<Enabled>true</Enabled>
									<ReadOnly>false</ReadOnly>
									<EnableContentChange>false</EnableContentChange>
									<Title/>
									<TitleTextColor>auto</TitleTextColor>
									<TitleFont kind="AutoFont"/>
									<ToolTip/>
									<ToolTipRepresentation>Auto</ToolTipRepresentation>
									<Shortcut/>
									<Width>0</Width>
									<Height>0</Height>
									<HorizontalStretch>auto</HorizontalStretch>
									<VerticalStretch>auto</VerticalStretch>
									<FillWithStdCommands>true</FillWithStdCommands>
								</Properties>
								<PredefinedContainedItems/>
								<ContainedItems/>
							</ContextMenu>
							<ExtTooltip xsi:type="TextDecoration" id="22:02023637-7868-4a5f-8576-835a76e0c9ba">
								<Properties>
									<Name>СписокПроцессовНаименованиеExtendedTooltip</Name>
									<Kind>Label</Kind>
									<Visible>true</Visible>
									<UserVisible>
										<xr:common>true</xr:common>
									</UserVisible>
									<Enabled>true</Enabled>
									<Width>0</Width>
									<Height>0</Height>
									<HorStretchable>auto</HorStretchable>
									<VertStretchable>auto</VertStretchable>
									<SkipOnInput>auto</SkipOnInput>
									<TextColor>auto</TextColor>
									<Font kind="AutoFont"/>
									<ShortCut/>
									<Title/>
									<Tooltip/>
									<TooltipRepresentation>Auto</TooltipRepresentation>
									<HyperLink>false</HyperLink>
									<HorAlignment>Left</HorAlignment>
									<VertAlignment>Auto</VertAlignment>
									<TitleHeight>0</TitleHeight>
									<BackColor>auto</BackColor>
									<BorderColor>auto</BorderColor>
									<Border width="1">
										<style xmlns="http://v8.1c.ru/8.1/data/ui" xsi:type="ControlBorderType">WithoutBorder</style>
									</Border>
								</Properties>
								<Events/>
								<PredefinedContainedItems/>
							</ExtTooltip>
						</PredefinedContainedItems>
					</Input>
					<Input id="18:02023637-7868-4a5f-8576-835a76e0c9ba">
						<Properties>
							<Name>СписокПроцессовДатаСтарта</Name>
							<Type>InputField</Type>
							<DataPath>СписокПроцессов.ДатаСтарта</DataPath>
							<Visible>true</Visible>
							<UserVisible>
								<xr:common>true</xr:common>
							</UserVisible>
							<DefaultItem>false</DefaultItem>
							<Enabled>true</Enabled>
							<ReadOnly>false</ReadOnly>
							<SkipOnInput>auto</SkipOnInput>
							<Title/>
							<TitleTextColor>auto</TitleTextColor>
							<TitleBackColor>auto</TitleBackColor>
							<TitleFont kind="AutoFont"/>
							<TitleLocation>Auto</TitleLocation>
							<TitleHeight>0</TitleHeight>
							<ToolTip/>
							<ToolTipRepresentation>Auto</ToolTipRepresentation>
							<WarningOnEditRepresentation>Auto</WarningOnEditRepresentation>
							<WarningOnEdit/>
							<Shortcut/>
							<CommandsContent/>
							<HorizontalAlign>Auto</HorizontalAlign>
							<VerticalAlign>Auto</VerticalAlign>
							<EditMode>EnterOnInput</EditMode>
							<FixingInTable>None</FixingInTable>
							<CellHyperlink>false</CellHyperlink>
							<AutoCellHeight>false</AutoCellHeight>
							<ShowInHeader>true</ShowInHeader>
							<HeaderPicture/>
							<HeaderHorizontalAlign>Left</HeaderHorizontalAlign>
							<ShowInFooter>true</ShowInFooter>
							<FooterDataPath/>
							<FooterText/>
							<FooterTextColor>auto</FooterTextColor>
							<FooterBackColor>auto</FooterBackColor>
							<FooterFont kind="AutoFont"/>
							<FooterPicture/>
							<FooterHorizontalAlign>Auto</FooterHorizontalAlign>
							<Width>0</Width>
							<RowsCount>0</RowsCount>
							<HorizontalStretchable>auto</HorizontalStretchable>
							<VerticalStretchable>auto</VerticalStretchable>
							<Wrap>true</Wrap>
							<PasswordMode>auto</PasswordMode>
							<MultiLine>auto</MultiLine>
							<ExtendedEdit>auto</ExtendedEdit>
							<MarkNegatives>auto</MarkNegatives>
							<ChoiceListButton>auto</ChoiceListButton>
							<DropListButton>auto</DropListButton>
							<ChoiceButton>auto</ChoiceButton>
							<ChoiceButtonRepresentation>Auto</ChoiceButtonRepresentation>
							<ClearButton>auto</ClearButton>
							<SpinButton>auto</SpinButton>
							<OpenButton>auto</OpenButton>
							<CreateButton>auto</CreateButton>
							<Mask/>
							<ListChoiceMode>false</ListChoiceMode>
							<ChoiceListHeight>0</ChoiceListHeight>
							<DropListWidth>0</DropListWidth>
							<AutoChoiceIncomplete>auto</AutoChoiceIncomplete>
							<QuickChoice>auto</QuickChoice>
							<ChoiceObjects>Auto</ChoiceObjects>
							<Format/>
							<InputFormat/>
							<AutoMarkIncomplete>auto</AutoMarkIncomplete>
							<ChoiceType>true</ChoiceType>
							<IncompleteChoiceMode>OnEnterPressed</IncompleteChoiceMode>
							<TypeDomainEnabled>true</TypeDomainEnabled>
							<TextEdit>true</TextEdit>
							<EditTextUpdateMode>Auto</EditTextUpdateMode>
							<MinVal xsi:nil="true"/>
							<MaxVal xsi:nil="true"/>
							<ChoiceButtonPicture/>
							<ChoiceForm/>
							<ChoiceParamLinks/>
							<ChoiceParams/>
							<AvailableTypes/>
							<ValueList/>
							<TextColor>auto</TextColor>
							<BackColor>auto</BackColor>
							<BorderColor>auto</BorderColor>
							<Font kind="AutoFont"/>
							<LinkByType/>
							<InputHint/>
							<ChoiceHistoryOnInput>Auto</ChoiceHistoryOnInput>
						</Properties>
						<Events/>
						<PredefinedContainedItems>
							<ContextMenu xsi:type="ContextMenuGroup" id="19:02023637-7868-4a5f-8576-835a76e0c9ba">
								<Properties>
									<Name>СписокПроцессовДатаСтартаКонтекстноеМеню</Name>
									<Type>ContextMenu</Type>
									<Visible>true</Visible>
									<UserVisible>
										<xr:common>true</xr:common>
									</UserVisible>
									<Enabled>true</Enabled>
									<ReadOnly>false</ReadOnly>
									<EnableContentChange>false</EnableContentChange>
									<Title/>
									<TitleTextColor>auto</TitleTextColor>
									<TitleFont kind="AutoFont"/>
									<ToolTip/>
									<ToolTipRepresentation>Auto</ToolTipRepresentation>
									<Shortcut/>
									<Width>0</Width>
									<Height>0</Height>
									<HorizontalStretch>auto</HorizontalStretch>
									<VerticalStretch>auto</VerticalStretch>
									<FillWithStdCommands>true</FillWithStdCommands>
								</Properties>
								<PredefinedContainedItems/>
								<ContainedItems/>
							</ContextMenu>
							<ExtTooltip xsi:type="TextDecoration" id="23:02023637-7868-4a5f-8576-835a76e0c9ba">
								<Properties>
									<Name>СписокПроцессовДатаСтартаExtendedTooltip</Name>
									<Kind>Label</Kind>
									<Visible>true</Visible>
									<UserVisible>
										<xr:common>true</xr:common>
									</UserVisible>
									<Enabled>true</Enabled>
									<Width>0</Width>
									<Height>0</Height>
									<HorStretchable>auto</HorStretchable>
									<VertStretchable>auto</VertStretchable>
									<SkipOnInput>auto</SkipOnInput>
									<TextColor>auto</TextColor>
									<Font kind="AutoFont"/>
									<ShortCut/>
									<Title/>
									<Tooltip/>
									<TooltipRepresentation>Auto</TooltipRepresentation>
									<HyperLink>false</HyperLink>
									<HorAlignment>Left</HorAlignment>
									<VertAlignment>Auto</VertAlignment>
									<TitleHeight>0</TitleHeight>
									<BackColor>auto</BackColor>
									<BorderColor>auto</BorderColor>
									<Border width="1">
										<style xmlns="http://v8.1c.ru/8.1/data/ui" xsi:type="ControlBorderType">WithoutBorder</style>
									</Border>
								</Properties>
								<Events/>
								<PredefinedContainedItems/>
							</ExtTooltip>
						</PredefinedContainedItems>
					</Input>
					<Input id="10:02023637-7868-4a5f-8576-835a76e0c9ba">
						<Properties>
							<Name>СписокПроцессовБизнесПроцесс</Name>
							<Type>InputField</Type>
							<DataPath>СписокПроцессов.БизнесПроцесс</DataPath>
							<Visible>false</Visible>
							<UserVisible>
								<xr:common>true</xr:common>
							</UserVisible>
							<DefaultItem>false</DefaultItem>
							<Enabled>true</Enabled>
							<ReadOnly>false</ReadOnly>
							<SkipOnInput>auto</SkipOnInput>
							<Title/>
							<TitleTextColor>auto</TitleTextColor>
							<TitleBackColor>auto</TitleBackColor>
							<TitleFont kind="AutoFont"/>
							<TitleLocation>Auto</TitleLocation>
							<TitleHeight>0</TitleHeight>
							<ToolTip/>
							<ToolTipRepresentation>Auto</ToolTipRepresentation>
							<WarningOnEditRepresentation>Auto</WarningOnEditRepresentation>
							<WarningOnEdit/>
							<Shortcut/>
							<CommandsContent/>
							<HorizontalAlign>Auto</HorizontalAlign>
							<VerticalAlign>Auto</VerticalAlign>
							<EditMode>EnterOnInput</EditMode>
							<FixingInTable>None</FixingInTable>
							<CellHyperlink>false</CellHyperlink>
							<AutoCellHeight>false</AutoCellHeight>
							<ShowInHeader>true</ShowInHeader>
							<HeaderPicture/>
							<HeaderHorizontalAlign>Left</HeaderHorizontalAlign>
							<ShowInFooter>true</ShowInFooter>
							<FooterDataPath/>
							<FooterText/>
							<FooterTextColor>auto</FooterTextColor>
							<FooterBackColor>auto</FooterBackColor>
							<FooterFont kind="AutoFont"/>
							<FooterPicture/>
							<FooterHorizontalAlign>Auto</FooterHorizontalAlign>
							<Width>0</Width>
							<RowsCount>0</RowsCount>
							<HorizontalStretchable>auto</HorizontalStretchable>
							<VerticalStretchable>auto</VerticalStretchable>
							<Wrap>true</Wrap>
							<PasswordMode>auto</PasswordMode>
							<MultiLine>auto</MultiLine>
							<ExtendedEdit>auto</ExtendedEdit>
							<MarkNegatives>auto</MarkNegatives>
							<ChoiceListButton>auto</ChoiceListButton>
							<DropListButton>auto</DropListButton>
							<ChoiceButton>auto</ChoiceButton>
							<ChoiceButtonRepresentation>Auto</ChoiceButtonRepresentation>
							<ClearButton>auto</ClearButton>
							<SpinButton>auto</SpinButton>
							<OpenButton>auto</OpenButton>
							<CreateButton>auto</CreateButton>
							<Mask/>
							<ListChoiceMode>false</ListChoiceMode>
							<ChoiceListHeight>0</ChoiceListHeight>
							<DropListWidth>0</DropListWidth>
							<AutoChoiceIncomplete>auto</AutoChoiceIncomplete>
							<QuickChoice>auto</QuickChoice>
							<ChoiceObjects>Auto</ChoiceObjects>
							<Format/>
							<InputFormat/>
							<AutoMarkIncomplete>auto</AutoMarkIncomplete>
							<ChoiceType>true</ChoiceType>
							<IncompleteChoiceMode>OnEnterPressed</IncompleteChoiceMode>
							<TypeDomainEnabled>true</TypeDomainEnabled>
							<TextEdit>true</TextEdit>
							<EditTextUpdateMode>Auto</EditTextUpdateMode>
							<MinVal xsi:nil="true"/>
							<MaxVal xsi:nil="true"/>
							<ChoiceButtonPicture/>
							<ChoiceForm/>
							<ChoiceParamLinks/>
							<ChoiceParams/>
							<AvailableTypes/>
							<ValueList/>
							<TextColor>auto</TextColor>
							<BackColor>auto</BackColor>
							<BorderColor>auto</BorderColor>
							<Font kind="AutoFont"/>
							<LinkByType/>
							<InputHint/>
							<ChoiceHistoryOnInput>Auto</ChoiceHistoryOnInput>
						</Properties>
						<Events/>
						<PredefinedContainedItems>
							<ContextMenu xsi:type="ContextMenuGroup" id="11:02023637-7868-4a5f-8576-835a76e0c9ba">
								<Properties>
									<Name>СписокПроцессовБизнесПроцессКонтекстноеМеню</Name>
									<Type>ContextMenu</Type>
									<Visible>true</Visible>
									<UserVisible>
										<xr:common>true</xr:common>
									</UserVisible>
									<Enabled>true</Enabled>
									<ReadOnly>false</ReadOnly>
									<EnableContentChange>false</EnableContentChange>
									<Title/>
									<TitleTextColor>auto</TitleTextColor>
									<TitleFont kind="AutoFont"/>
									<ToolTip/>
									<ToolTipRepresentation>Auto</ToolTipRepresentation>
									<Shortcut/>
									<Width>0</Width>
									<Height>0</Height>
									<HorizontalStretch>auto</HorizontalStretch>
									<VerticalStretch>auto</VerticalStretch>
									<FillWithStdCommands>true</FillWithStdCommands>
								</Properties>
								<PredefinedContainedItems/>
								<ContainedItems/>
							</ContextMenu>
							<ExtTooltip xsi:type="TextDecoration" id="24:02023637-7868-4a5f-8576-835a76e0c9ba">
								<Properties>
									<Name>СписокПроцессовБизнесПроцессExtendedTooltip</Name>
									<Kind>Label</Kind>
									<Visible>true</Visible>
									<UserVisible>
										<xr:common>true</xr:common>
									</UserVisible>
									<Enabled>true</Enabled>
									<Width>0</Width>
									<Height>0</Height>
									<HorStretchable>auto</HorStretchable>
									<VertStretchable>auto</VertStretchable>
									<SkipOnInput>auto</SkipOnInput>
									<TextColor>auto</TextColor>
									<Font kind="AutoFont"/>
									<ShortCut/>
									<Title/>
									<Tooltip/>
									<TooltipRepresentation>Auto</TooltipRepresentation>
									<HyperLink>false</HyperLink>
									<HorAlignment>Left</HorAlignment>
									<VertAlignment>Auto</VertAlignment>
									<TitleHeight>0</TitleHeight>
									<BackColor>auto</BackColor>
									<BorderColor>auto</BorderColor>
									<Border width="1">
										<style xmlns="http://v8.1c.ru/8.1/data/ui" xsi:type="ControlBorderType">WithoutBorder</style>
									</Border>
								</Properties>
								<Events/>
								<PredefinedContainedItems/>
							</ExtTooltip>
						</PredefinedContainedItems>
					</Input>
					<Input id="6:02023637-7868-4a5f-8576-835a76e0c9ba">
						<Properties>
							<Name>СписокПроцессовДатаЗавершения</Name>
							<Type>InputField</Type>
							<DataPath>СписокПроцессов.ДатаЗавершения</DataPath>
							<Visible>true</Visible>
							<UserVisible>
								<xr:common>true</xr:common>
							</UserVisible>
							<DefaultItem>false</DefaultItem>
							<Enabled>true</Enabled>
							<ReadOnly>false</ReadOnly>
							<SkipOnInput>auto</SkipOnInput>
							<Title/>
							<TitleTextColor>auto</TitleTextColor>
							<TitleBackColor>auto</TitleBackColor>
							<TitleFont kind="AutoFont"/>
							<TitleLocation>Auto</TitleLocation>
							<TitleHeight>0</TitleHeight>
							<ToolTip/>
							<ToolTipRepresentation>Auto</ToolTipRepresentation>
							<WarningOnEditRepresentation>Auto</WarningOnEditRepresentation>
							<WarningOnEdit/>
							<Shortcut/>
							<CommandsContent/>
							<HorizontalAlign>Auto</HorizontalAlign>
							<VerticalAlign>Auto</VerticalAlign>
							<EditMode>EnterOnInput</EditMode>
							<FixingInTable>None</FixingInTable>
							<CellHyperlink>false</CellHyperlink>
							<AutoCellHeight>false</AutoCellHeight>
							<ShowInHeader>true</ShowInHeader>
							<HeaderPicture/>
							<HeaderHorizontalAlign>Left</HeaderHorizontalAlign>
							<ShowInFooter>true</ShowInFooter>
							<FooterDataPath/>
							<FooterText/>
							<FooterTextColor>auto</FooterTextColor>
							<FooterBackColor>auto</FooterBackColor>
							<FooterFont kind="AutoFont"/>
							<FooterPicture/>
							<FooterHorizontalAlign>Auto</FooterHorizontalAlign>
							<Width>0</Width>
							<RowsCount>0</RowsCount>
							<HorizontalStretchable>auto</HorizontalStretchable>
							<VerticalStretchable>auto</VerticalStretchable>
							<Wrap>true</Wrap>
							<PasswordMode>auto</PasswordMode>
							<MultiLine>auto</MultiLine>
							<ExtendedEdit>auto</ExtendedEdit>
							<MarkNegatives>auto</MarkNegatives>
							<ChoiceListButton>auto</ChoiceListButton>
							<DropListButton>auto</DropListButton>
							<ChoiceButton>auto</ChoiceButton>
							<ChoiceButtonRepresentation>Auto</ChoiceButtonRepresentation>
							<ClearButton>auto</ClearButton>
							<SpinButton>auto</SpinButton>
							<OpenButton>auto</OpenButton>
							<CreateButton>auto</CreateButton>
							<Mask/>
							<ListChoiceMode>false</ListChoiceMode>
							<ChoiceListHeight>0</ChoiceListHeight>
							<DropListWidth>0</DropListWidth>
							<AutoChoiceIncomplete>auto</AutoChoiceIncomplete>
							<QuickChoice>auto</QuickChoice>
							<ChoiceObjects>Auto</ChoiceObjects>
							<Format/>
							<InputFormat/>
							<AutoMarkIncomplete>auto</AutoMarkIncomplete>
							<ChoiceType>true</ChoiceType>
							<IncompleteChoiceMode>OnEnterPressed</IncompleteChoiceMode>
							<TypeDomainEnabled>true</TypeDomainEnabled>
							<TextEdit>true</TextEdit>
							<EditTextUpdateMode>Auto</EditTextUpdateMode>
							<MinVal xsi:nil="true"/>
							<MaxVal xsi:nil="true"/>
							<ChoiceButtonPicture/>
							<ChoiceForm/>
							<ChoiceParamLinks/>
							<ChoiceParams/>
							<AvailableTypes/>
							<ValueList/>
							<TextColor>auto</TextColor>
							<BackColor>auto</BackColor>
							<BorderColor>auto</BorderColor>
							<Font kind="AutoFont"/>
							<LinkByType/>
							<InputHint/>
							<ChoiceHistoryOnInput>Auto</ChoiceHistoryOnInput>
						</Properties>
						<Events/>
						<PredefinedContainedItems>
							<ContextMenu xsi:type="ContextMenuGroup" id="7:02023637-7868-4a5f-8576-835a76e0c9ba">
								<Properties>
									<Name>СписокПроцессовДатаЗавершенияКонтекстноеМеню</Name>
									<Type>ContextMenu</Type>
									<Visible>true</Visible>
									<UserVisible>
										<xr:common>true</xr:common>
									</UserVisible>
									<Enabled>true</Enabled>
									<ReadOnly>false</ReadOnly>
									<EnableContentChange>false</EnableContentChange>
									<Title/>
									<TitleTextColor>auto</TitleTextColor>
									<TitleFont kind="AutoFont"/>
									<ToolTip/>
									<ToolTipRepresentation>Auto</ToolTipRepresentation>
									<Shortcut/>
									<Width>0</Width>
									<Height>0</Height>
									<HorizontalStretch>auto</HorizontalStretch>
									<VerticalStretch>auto</VerticalStretch>
									<FillWithStdCommands>true</FillWithStdCommands>
								</Properties>
								<PredefinedContainedItems/>
								<ContainedItems/>
							</ContextMenu>
							<ExtTooltip xsi:type="TextDecoration" id="25:02023637-7868-4a5f-8576-835a76e0c9ba">
								<Properties>
									<Name>СписокПроцессовДатаЗавершенияExtendedTooltip</Name>
									<Kind>Label</Kind>
									<Visible>true</Visible>
									<UserVisible>
										<xr:common>true</xr:common>
									</UserVisible>
									<Enabled>true</Enabled>
									<Width>0</Width>
									<Height>0</Height>
									<HorStretchable>auto</HorStretchable>
									<VertStretchable>auto</VertStretchable>
									<SkipOnInput>auto</SkipOnInput>
									<TextColor>auto</TextColor>
									<Font kind="AutoFont"/>
									<ShortCut/>
									<Title/>
									<Tooltip/>
									<TooltipRepresentation>Auto</TooltipRepresentation>
									<HyperLink>false</HyperLink>
									<HorAlignment>Left</HorAlignment>
									<VertAlignment>Auto</VertAlignment>
									<TitleHeight>0</TitleHeight>
									<BackColor>auto</BackColor>
									<BorderColor>auto</BorderColor>
									<Border width="1">
										<style xmlns="http://v8.1c.ru/8.1/data/ui" xsi:type="ControlBorderType">WithoutBorder</style>
									</Border>
								</Properties>
								<Events/>
								<PredefinedContainedItems/>
							</ExtTooltip>
						</PredefinedContainedItems>
					</Input>
					<CheckBox id="8:02023637-7868-4a5f-8576-835a76e0c9ba">
						<Properties>
							<Name>СписокПроцессовЗавершен</Name>
							<Type>CheckBoxField</Type>
							<DataPath>СписокПроцессов.Завершен</DataPath>
							<Visible>false</Visible>
							<UserVisible>
								<xr:common>true</xr:common>
							</UserVisible>
							<DefaultItem>false</DefaultItem>
							<Enabled>true</Enabled>
							<ReadOnly>false</ReadOnly>
							<SkipOnInput>auto</SkipOnInput>
							<Title/>
							<TitleTextColor>auto</TitleTextColor>
							<TitleBackColor>auto</TitleBackColor>
							<TitleFont kind="AutoFont"/>
							<TitleLocation>Auto</TitleLocation>
							<TitleHeight>0</TitleHeight>
							<ToolTip/>
							<ToolTipRepresentation>Auto</ToolTipRepresentation>
							<WarningOnEditRepresentation>Auto</WarningOnEditRepresentation>
							<WarningOnEdit/>
							<Shortcut/>
							<CommandsContent/>
							<HorizontalAlign>Auto</HorizontalAlign>
							<VerticalAlign>Auto</VerticalAlign>
							<EditMode>EnterOnInput</EditMode>
							<FixingInTable>None</FixingInTable>
							<CellHyperlink>false</CellHyperlink>
							<AutoCellHeight>false</AutoCellHeight>
							<ShowInHeader>true</ShowInHeader>
							<HeaderPicture/>
							<HeaderHorizontalAlign>Left</HeaderHorizontalAlign>
							<ShowInFooter>true</ShowInFooter>
							<FooterDataPath/>
							<FooterText/>
							<FooterTextColor>auto</FooterTextColor>
							<FooterBackColor>auto</FooterBackColor>
							<FooterFont kind="AutoFont"/>
							<FooterPicture/>
							<FooterHorizontalAlign>Auto</FooterHorizontalAlign>
							<CheckBoxType>Auto</CheckBoxType>
							<ThreeState>false</ThreeState>
							<BorderColor>auto</BorderColor>
							<EqualElementsWidth>auto</EqualElementsWidth>
						</Properties>
						<Events/>
						<PredefinedContainedItems>
							<ContextMenu xsi:type="ContextMenuGroup" id="9:02023637-7868-4a5f-8576-835a76e0c9ba">
								<Properties>
									<Name>СписокПроцессовЗавершенКонтекстноеМеню</Name>
									<Type>ContextMenu</Type>
									<Visible>true</Visible>
									<UserVisible>
										<xr:common>true</xr:common>
									</UserVisible>
									<Enabled>true</Enabled>
									<ReadOnly>false</ReadOnly>
									<EnableContentChange>false</EnableContentChange>
									<Title/>
									<TitleTextColor>auto</TitleTextColor>
									<TitleFont kind="AutoFont"/>
									<ToolTip/>
									<ToolTipRepresentation>Auto</ToolTipRepresentation>
									<Shortcut/>
									<Width>0</Width>
									<Height>0</Height>
									<HorizontalStretch>auto</HorizontalStretch>
									<VerticalStretch>auto</VerticalStretch>
									<FillWithStdCommands>true</FillWithStdCommands>
								</Properties>
								<PredefinedContainedItems/>
								<ContainedItems/>
							</ContextMenu>
							<ExtTooltip xsi:type="TextDecoration" id="26:02023637-7868-4a5f-8576-835a76e0c9ba">
								<Properties>
									<Name>СписокПроцессовЗавершенExtendedTooltip</Name>
									<Kind>Label</Kind>
									<Visible>true</Visible>
									<UserVisible>
										<xr:common>true</xr:common>
									</UserVisible>
									<Enabled>true</Enabled>
									<Width>0</Width>
									<Height>0</Height>
									<HorStretchable>auto</HorStretchable>
									<VertStretchable>auto</VertStretchable>
									<SkipOnInput>auto</SkipOnInput>
									<TextColor>auto</TextColor>
									<Font kind="AutoFont"/>
									<ShortCut/>
									<Title/>
									<Tooltip/>
									<TooltipRepresentation>Auto</TooltipRepresentation>
									<HyperLink>false</HyperLink>
									<HorAlignment>Left</HorAlignment>
									<VertAlignment>Auto</VertAlignment>
									<TitleHeight>0</TitleHeight>
									<BackColor>auto</BackColor>
									<BorderColor>auto</BorderColor>
									<Border width="1">
										<style xmlns="http://v8.1c.ru/8.1/data/ui" xsi:type="ControlBorderType">WithoutBorder</style>
									</Border>
								</Properties>
								<Events/>
								<PredefinedContainedItems/>
							</ExtTooltip>
						</PredefinedContainedItems>
					</CheckBox>
					<Input id="14:02023637-7868-4a5f-8576-835a76e0c9ba">
						<Properties>
							<Name>СписокПроцессовИндексКартинки</Name>
							<Type>InputField</Type>
							<DataPath>СписокПроцессов.ИндексКартинки</DataPath>
							<Visible>false</Visible>
							<UserVisible>
								<xr:common>true</xr:common>
							</UserVisible>
							<DefaultItem>false</DefaultItem>
							<Enabled>true</Enabled>
							<ReadOnly>false</ReadOnly>
							<SkipOnInput>auto</SkipOnInput>
							<Title/>
							<TitleTextColor>auto</TitleTextColor>
							<TitleBackColor>auto</TitleBackColor>
							<TitleFont kind="AutoFont"/>
							<TitleLocation>Auto</TitleLocation>
							<TitleHeight>0</TitleHeight>
							<ToolTip/>
							<ToolTipRepresentation>Auto</ToolTipRepresentation>
							<WarningOnEditRepresentation>Auto</WarningOnEditRepresentation>
							<WarningOnEdit/>
							<Shortcut/>
							<CommandsContent/>
							<HorizontalAlign>Auto</HorizontalAlign>
							<VerticalAlign>Auto</VerticalAlign>
							<EditMode>EnterOnInput</EditMode>
							<FixingInTable>None</FixingInTable>
							<CellHyperlink>false</CellHyperlink>
							<AutoCellHeight>false</AutoCellHeight>
							<ShowInHeader>true</ShowInHeader>
							<HeaderPicture/>
							<HeaderHorizontalAlign>Left</HeaderHorizontalAlign>
							<ShowInFooter>true</ShowInFooter>
							<FooterDataPath/>
							<FooterText/>
							<FooterTextColor>auto</FooterTextColor>
							<FooterBackColor>auto</FooterBackColor>
							<FooterFont kind="AutoFont"/>
							<FooterPicture/>
							<FooterHorizontalAlign>Auto</FooterHorizontalAlign>
							<Width>0</Width>
							<RowsCount>0</RowsCount>
							<HorizontalStretchable>auto</HorizontalStretchable>
							<VerticalStretchable>auto</VerticalStretchable>
							<Wrap>true</Wrap>
							<PasswordMode>auto</PasswordMode>
							<MultiLine>auto</MultiLine>
							<ExtendedEdit>auto</ExtendedEdit>
							<MarkNegatives>auto</MarkNegatives>
							<ChoiceListButton>auto</ChoiceListButton>
							<DropListButton>auto</DropListButton>
							<ChoiceButton>auto</ChoiceButton>
							<ChoiceButtonRepresentation>Auto</ChoiceButtonRepresentation>
							<ClearButton>auto</ClearButton>
							<SpinButton>auto</SpinButton>
							<OpenButton>auto</OpenButton>
							<CreateButton>auto</CreateButton>
							<Mask/>
							<ListChoiceMode>false</ListChoiceMode>
							<ChoiceListHeight>0</ChoiceListHeight>
							<DropListWidth>0</DropListWidth>
							<AutoChoiceIncomplete>auto</AutoChoiceIncomplete>
							<QuickChoice>auto</QuickChoice>
							<ChoiceObjects>Auto</ChoiceObjects>
							<Format/>
							<InputFormat/>
							<AutoMarkIncomplete>auto</AutoMarkIncomplete>
							<ChoiceType>true</ChoiceType>
							<IncompleteChoiceMode>OnEnterPressed</IncompleteChoiceMode>
							<TypeDomainEnabled>true</TypeDomainEnabled>
							<TextEdit>true</TextEdit>
							<EditTextUpdateMode>Auto</EditTextUpdateMode>
							<MinVal xsi:nil="true"/>
							<MaxVal xsi:nil="true"/>
							<ChoiceButtonPicture/>
							<ChoiceForm/>
							<ChoiceParamLinks/>
							<ChoiceParams/>
							<AvailableTypes/>
							<ValueList/>
							<TextColor>auto</TextColor>
							<BackColor>auto</BackColor>
							<BorderColor>auto</BorderColor>
							<Font kind="AutoFont"/>
							<LinkByType/>
							<InputHint/>
							<ChoiceHistoryOnInput>Auto</ChoiceHistoryOnInput>
						</Properties>
						<Events/>
						<PredefinedContainedItems>
							<ContextMenu xsi:type="ContextMenuGroup" id="15:02023637-7868-4a5f-8576-835a76e0c9ba">
								<Properties>
									<Name>СписокПроцессовИндексКартинкиКонтекстноеМеню</Name>
									<Type>ContextMenu</Type>
									<Visible>true</Visible>
									<UserVisible>
										<xr:common>true</xr:common>
									</UserVisible>
									<Enabled>true</Enabled>
									<ReadOnly>false</ReadOnly>
									<EnableContentChange>false</EnableContentChange>
									<Title/>
									<TitleTextColor>auto</TitleTextColor>
									<TitleFont kind="AutoFont"/>
									<ToolTip/>
									<ToolTipRepresentation>Auto</ToolTipRepresentation>
									<Shortcut/>
									<Width>0</Width>
									<Height>0</Height>
									<HorizontalStretch>auto</HorizontalStretch>
									<VerticalStretch>auto</VerticalStretch>
									<FillWithStdCommands>true</FillWithStdCommands>
								</Properties>
								<PredefinedContainedItems/>
								<ContainedItems/>
							</ContextMenu>
							<ExtTooltip xsi:type="TextDecoration" id="27:02023637-7868-4a5f-8576-835a76e0c9ba">
								<Properties>
									<Name>СписокПроцессовИндексКартинкиExtendedTooltip</Name>
									<Kind>Label</Kind>
									<Visible>true</Visible>
									<UserVisible>
										<xr:common>true</xr:common>
									</UserVisible>
									<Enabled>true</Enabled>
									<Width>0</Width>
									<Height>0</Height>
									<HorStretchable>auto</HorStretchable>
									<VertStretchable>auto</VertStretchable>
									<SkipOnInput>auto</SkipOnInput>
									<TextColor>auto</TextColor>
									<Font kind="AutoFont"/>
									<ShortCut/>
									<Title/>
									<Tooltip/>
									<TooltipRepresentation>Auto</TooltipRepresentation>
									<HyperLink>false</HyperLink>
									<HorAlignment>Left</HorAlignment>
									<VertAlignment>Auto</VertAlignment>
									<TitleHeight>0</TitleHeight>
									<BackColor>auto</BackColor>
									<BorderColor>auto</BorderColor>
									<Border width="1">
										<style xmlns="http://v8.1c.ru/8.1/data/ui" xsi:type="ControlBorderType">WithoutBorder</style>
									</Border>
								</Properties>
								<Events/>
								<PredefinedContainedItems/>
							</ExtTooltip>
						</PredefinedContainedItems>
					</Input>
				</ContainedItems>
			</Table>
		</ContainedItems>
	</Elements>
	<NavigationPanel/>
	<CommandPanel/>
</Form>