﻿<?xml version="1.0" encoding="UTF-8"?>
<document xmlns="http://v8.1c.ru/8.2/data/spreadsheet" xmlns:style="http://v8.1c.ru/8.1/data/ui/style" xmlns:v8="http://v8.1c.ru/8.1/data/core" xmlns:v8ui="http://v8.1c.ru/8.1/data/ui" xmlns:xs="http://www.w3.org/2001/XMLSchema" xmlns:xsi="http://www.w3.org/2001/XMLSchema-instance">
	<languageSettings>
		<currentLanguage>ru</currentLanguage>
		<defaultLanguage>ru</defaultLanguage>
		<languageInfo>
			<id>ru</id>
			<code>Русский</code>
			<description>Русский</description>
		</languageInfo>
	</languageSettings>
	<columns>
		<size>16</size>
		<columnsItem>
			<index>0</index>
			<column>
				<formatIndex>1</formatIndex>
			</column>
		</columnsItem>
	</columns>
	<rowsItem>
		<index>0</index>
		<row>
			<formatIndex>2</formatIndex>
			<c>
				<i>1</i>
				<c>
					<f>3</f>
				</c>
			</c>
			<c>
				<c>
					<f>4</f>
				</c>
			</c>
			<c>
				<c>
					<f>4</f>
				</c>
			</c>
			<c>
				<c>
					<f>4</f>
				</c>
			</c>
			<c>
				<c>
					<f>4</f>
				</c>
			</c>
			<c>
				<c>
					<f>4</f>
				</c>
			</c>
			<c>
				<c>
					<f>4</f>
				</c>
			</c>
			<c>
				<c>
					<f>4</f>
				</c>
			</c>
			<c>
				<c>
					<f>4</f>
				</c>
			</c>
			<c>
				<c>
					<f>4</f>
				</c>
			</c>
			<c>
				<c>
					<f>4</f>
				</c>
			</c>
			<c>
				<c>
					<f>4</f>
				</c>
			</c>
			<c>
				<c>
					<f>4</f>
				</c>
			</c>
			<c>
				<c>
					<f>4</f>
				</c>
			</c>
			<c>
				<c>
					<f>4</f>
				</c>
			</c>
		</row>
	</rowsItem>
	<rowsItem>
		<index>1</index>
		<row>
			<formatIndex>2</formatIndex>
			<c>
				<i>1</i>
				<c>
					<f>2</f>
					<tl>
						<v8:item>
							<v8:lang>ru</v8:lang>
							<v8:content>Отчет выводит перечень документов, которые удовлетворяют заданным пользователем условиям, и срок действия которых истекает в течение указанного периода.
Отчет можно сформировать для всех документов архива, для определенного вида документов или для конкретного документа.
</v8:content>
						</v8:item>
					</tl>
				</c>
			</c>
		</row>
	</rowsItem>
	<templateMode>true</templateMode>
	<defaultFormatIndex>4</defaultFormatIndex>
	<height>3</height>
	<vgRows>3</vgRows>
	<merge>
		<r>0</r>
		<c>1</c>
		<w>14</w>
	</merge>
	<merge>
		<r>1</r>
		<c>1</c>
		<w>14</w>
	</merge>
	<namedItem xsi:type="NamedItemCells">
		<name>ОблВертикаль</name>
		<area>
			<type>Columns</type>
			<beginRow>-1</beginRow>
			<endRow>-1</endRow>
			<beginColumn>0</beginColumn>
			<endColumn>15</endColumn>
		</area>
	</namedItem>
	<namedItem xsi:type="NamedItemCells">
		<name>ОблГоризонталь</name>
		<area>
			<type>Rows</type>
			<beginRow>0</beginRow>
			<endRow>2</endRow>
			<beginColumn>-1</beginColumn>
			<endColumn>-1</endColumn>
		</area>
	</namedItem>
	<font faceName="Arial" height="10" bold="false" italic="false" underline="false" strikeout="false" kind="Absolute"/>
	<font faceName="Arial" height="10" bold="true" italic="false" underline="false" strikeout="false" kind="Absolute"/>
	<format>
		<font>0</font>
		<width>18</width>
		<verticalAlignment>Top</verticalAlignment>
		<textPlacement>Wrap</textPlacement>
	</format>
	<format>
		<font>0</font>
		<verticalAlignment>Top</verticalAlignment>
		<textPlacement>Wrap</textPlacement>
	</format>
	<format>
		<font>1</font>
		<width>72</width>
		<verticalAlignment>Top</verticalAlignment>
		<textPlacement>Wrap</textPlacement>
	</format>
	<format>
		<font>0</font>
		<width>72</width>
		<verticalAlignment>Top</verticalAlignment>
		<textPlacement>Wrap</textPlacement>
	</format>
</document>