﻿<?xml version="1.0" encoding="UTF-8"?>
<DataCompositionSchema xmlns="http://v8.1c.ru/8.1/data-composition-system/schema" xmlns:dcscom="http://v8.1c.ru/8.1/data-composition-system/common" xmlns:dcscor="http://v8.1c.ru/8.1/data-composition-system/core" xmlns:dcsset="http://v8.1c.ru/8.1/data-composition-system/settings" xmlns:v8="http://v8.1c.ru/8.1/data/core" xmlns:v8ui="http://v8.1c.ru/8.1/data/ui" xmlns:xs="http://www.w3.org/2001/XMLSchema" xmlns:xsi="http://www.w3.org/2001/XMLSchema-instance">
	<dataSource>
		<name>ИсточникДанных1</name>
		<dataSourceType>Local</dataSourceType>
	</dataSource>
	<dataSet xsi:type="DataSetQuery">
		<name>НаборДанных1</name>
		<field xsi:type="DataSetFieldField">
			<dataPath>Ссылка</dataPath>
			<field>Ссылка</field>
			<title xsi:type="v8:LocalStringType">
				<v8:item>
					<v8:lang>ru</v8:lang>
					<v8:content>Документ</v8:content>
				</v8:item>
			</title>
		</field>
		<field xsi:type="DataSetFieldField">
			<dataPath>ВидДокумента</dataPath>
			<field>ВидДокумента</field>
		</field>
		<field xsi:type="DataSetFieldField">
			<dataPath>ДокументБессрочный</dataPath>
			<field>ДокументБессрочный</field>
			<title xsi:type="v8:LocalStringType">
				<v8:item>
					<v8:lang>ru</v8:lang>
					<v8:content>Бессрочный</v8:content>
				</v8:item>
			</title>
		</field>
		<field xsi:type="DataSetFieldField">
			<dataPath>ДокументНеДействует</dataPath>
			<field>ДокументНеДействует</field>
			<title xsi:type="v8:LocalStringType">
				<v8:item>
					<v8:lang>ru</v8:lang>
					<v8:content>Расторгнут/недействителен</v8:content>
				</v8:item>
			</title>
		</field>
		<field xsi:type="DataSetFieldField">
			<dataPath>КонецДействияДокумента</dataPath>
			<field>КонецДействияДокумента</field>
			<title xsi:type="v8:LocalStringType">
				<v8:item>
					<v8:lang>ru</v8:lang>
					<v8:content>Дата окончания действия документа</v8:content>
				</v8:item>
			</title>
			<appearance>
				<dcscor:item xsi:type="dcsset:SettingsParameterValue">
					<dcscor:parameter>Format</dcscor:parameter>
					<dcscor:value xsi:type="xs:string">ДФ=dd.MM.yyyy; ДП=-</dcscor:value>
				</dcscor:item>
			</appearance>
		</field>
		<field xsi:type="DataSetFieldField">
			<dataPath>НачалоДействияДокумента</dataPath>
			<field>НачалоДействияДокумента</field>
			<title xsi:type="v8:LocalStringType">
				<v8:item>
					<v8:lang>ru</v8:lang>
					<v8:content>Дата начала действия документа</v8:content>
				</v8:item>
			</title>
			<appearance>
				<dcscor:item xsi:type="dcsset:SettingsParameterValue">
					<dcscor:parameter>Format</dcscor:parameter>
					<dcscor:value xsi:type="xs:string">ДФ=dd.MM.yyyy; ДП=-</dcscor:value>
				</dcscor:item>
			</appearance>
		</field>
		<field xsi:type="DataSetFieldField">
			<dataPath>Автор</dataPath>
			<field>Автор</field>
			<title xsi:type="v8:LocalStringType">
				<v8:item>
					<v8:lang>ru</v8:lang>
					<v8:content>Автор</v8:content>
				</v8:item>
			</title>
		</field>
		<field xsi:type="DataSetFieldField">
			<dataPath>Код</dataPath>
			<field>Код</field>
			<title xsi:type="v8:LocalStringType">
				<v8:item>
					<v8:lang>ru</v8:lang>
					<v8:content>Номер документа</v8:content>
				</v8:item>
			</title>
		</field>
		<field xsi:type="DataSetFieldField">
			<dataPath>Ответственный</dataPath>
			<field>Ответственный</field>
			<title xsi:type="v8:LocalStringType">
				<v8:item>
					<v8:lang>ru</v8:lang>
					<v8:content>Ответственный за установку срока действия</v8:content>
				</v8:item>
			</title>
		</field>
		<field xsi:type="DataSetFieldField">
			<dataPath>Комментарий</dataPath>
			<field>Комментарий</field>
		</field>
		<dataSource>ИсточникДанных1</dataSource>
		<query>ВЫБРАТЬ РАЗРЕШЕННЫЕ
	ПС_ИсторияИзмененийСроковДействияСрезПоследних.Документ КАК Документ,
	ПС_ИсторияИзмененийСроковДействияСрезПоследних.Комментарий,
	ПС_ИсторияИзмененийСроковДействияСрезПоследних.Ответственный
ПОМЕСТИТЬ СрезСроковДействия
ИЗ
	РегистрСведений.ПС_ИсторияИзмененийСроковДействия.СрезПоследних КАК ПС_ИсторияИзмененийСроковДействияСрезПоследних

ИНДЕКСИРОВАТЬ ПО
	Документ
;

////////////////////////////////////////////////////////////////////////////////
ВЫБРАТЬ
	ПС_ВнешниеФайлы.Ссылка,
	ПС_ВнешниеФайлы.ВидДокумента,
	ПС_ВнешниеФайлы.НачалоДействияДокумента,
	ПС_ВнешниеФайлы.КонецДействияДокумента,
	ПС_ВнешниеФайлы.ДокументНеДействует,
	ПС_ВнешниеФайлы.ДокументБессрочный,
	ПС_ВнешниеФайлы.Автор,
	ПС_ВнешниеФайлы.Код,
	СрезСроковДействия.Комментарий КАК Комментарий,
	СрезСроковДействия.Ответственный
ИЗ
	Справочник.ПС_ВнешниеФайлы КАК ПС_ВнешниеФайлы
		ЛЕВОЕ СОЕДИНЕНИЕ СрезСроковДействия КАК СрезСроковДействия
		ПО (СрезСроковДействия.Документ = ПС_ВнешниеФайлы.Ссылка)
ГДЕ
	НЕ ПС_ВнешниеФайлы.ПометкаУдаления
	И ПС_ВнешниеФайлы.ВидДокумента.УчитыватьСрокДействияДокумента
	И ПС_ВнешниеФайлы.КонецДействияДокумента &gt;= &amp;ТекущаяДата
	И НЕ ПС_ВнешниеФайлы.ДокументБессрочный
{ГДЕ
	(&amp;СрокДействияИстекает = 0
				И КОНЕЦПЕРИОДА(&amp;ТекущаяДата, НЕДЕЛЯ) &gt;= ПС_ВнешниеФайлы.КонецДействияДокумента
			ИЛИ &amp;СрокДействияИстекает = 1
				И КОНЕЦПЕРИОДА(&amp;ТекущаяДата, НЕДЕЛЯ) &lt; ПС_ВнешниеФайлы.КонецДействияДокумента
				И ПС_ВнешниеФайлы.КонецДействияДокумента &lt;= КОНЕЦПЕРИОДА(ДОБАВИТЬКДАТЕ(&amp;ТекущаяДата, НЕДЕЛЯ, 1), НЕДЕЛЯ)
			ИЛИ &amp;СрокДействияИстекает = 2
				И КОНЕЦПЕРИОДА(&amp;ТекущаяДата, МЕСЯЦ) &gt;= ПС_ВнешниеФайлы.КонецДействияДокумента
			ИЛИ &amp;СрокДействияИстекает = 3
				И КОНЕЦПЕРИОДА(&amp;ТекущаяДата, МЕСЯЦ) &lt; ПС_ВнешниеФайлы.КонецДействияДокумента
				И ПС_ВнешниеФайлы.КонецДействияДокумента &lt;= КОНЕЦПЕРИОДА(ДОБАВИТЬКДАТЕ(&amp;ТекущаяДата, МЕСЯЦ, 1), МЕСЯЦ)
			ИЛИ &amp;СрокДействияИстекает = 4
				И КОНЕЦПЕРИОДА(&amp;ТекущаяДата, ГОД) &gt;= ПС_ВнешниеФайлы.КонецДействияДокумента
			ИЛИ &amp;СрокДействияИстекает = 5)}</query>
	</dataSet>
	<parameter>
		<name>СрокДействияИстекает</name>
		<title xsi:type="v8:LocalStringType">
			<v8:item>
				<v8:lang>ru</v8:lang>
				<v8:content>Срок действия истекает</v8:content>
			</v8:item>
		</title>
		<valueType>
			<v8:Type>xs:decimal</v8:Type>
			<v8:NumberQualifiers>
				<v8:Digits>0</v8:Digits>
				<v8:FractionDigits>0</v8:FractionDigits>
				<v8:AllowedSign>Any</v8:AllowedSign>
			</v8:NumberQualifiers>
		</valueType>
		<value xsi:type="xs:decimal">0</value>
		<useRestriction>false</useRestriction>
		<availableValue>
			<value xsi:type="xs:decimal">0</value>
			<presentation xsi:type="v8:LocalStringType">
				<v8:item>
					<v8:lang>ru</v8:lang>
					<v8:content>На этой неделе</v8:content>
				</v8:item>
			</presentation>
		</availableValue>
		<availableValue>
			<value xsi:type="xs:decimal">1</value>
			<presentation xsi:type="v8:LocalStringType">
				<v8:item>
					<v8:lang>ru</v8:lang>
					<v8:content>На следующей неделе</v8:content>
				</v8:item>
			</presentation>
		</availableValue>
		<availableValue>
			<value xsi:type="xs:decimal">2</value>
			<presentation xsi:type="v8:LocalStringType">
				<v8:item>
					<v8:lang>ru</v8:lang>
					<v8:content>В этом месяце</v8:content>
				</v8:item>
			</presentation>
		</availableValue>
		<availableValue>
			<value xsi:type="xs:decimal">3</value>
			<presentation xsi:type="v8:LocalStringType">
				<v8:item>
					<v8:lang>ru</v8:lang>
					<v8:content>В следующем месяце</v8:content>
				</v8:item>
			</presentation>
		</availableValue>
		<availableValue>
			<value xsi:type="xs:decimal">4</value>
			<presentation xsi:type="v8:LocalStringType">
				<v8:item>
					<v8:lang>ru</v8:lang>
					<v8:content>В этом году</v8:content>
				</v8:item>
			</presentation>
		</availableValue>
		<availableValue>
			<value xsi:type="xs:decimal">5</value>
			<presentation xsi:type="v8:LocalStringType">
				<v8:item>
					<v8:lang>ru</v8:lang>
					<v8:content>Не имеет значения</v8:content>
				</v8:item>
			</presentation>
		</availableValue>
	</parameter>
	<parameter>
		<name>ТекущаяДата</name>
		<title xsi:type="v8:LocalStringType">
			<v8:item>
				<v8:lang>ru</v8:lang>
				<v8:content>Текущая дата</v8:content>
			</v8:item>
		</title>
		<valueType>
			<v8:Type>xs:dateTime</v8:Type>
			<v8:DateQualifiers>
				<v8:DateFractions>DateTime</v8:DateFractions>
			</v8:DateQualifiers>
		</valueType>
		<value xsi:type="xs:dateTime">0001-01-01T00:00:00</value>
		<useRestriction>true</useRestriction>
		<expression>ТекущаяДата()</expression>
		<availableAsField>false</availableAsField>
		<inputParameters>
			<dcscor:item>
				<dcscor:parameter>QuickChoice</dcscor:parameter>
				<dcscor:value xsi:type="xs:boolean">true</dcscor:value>
			</dcscor:item>
		</inputParameters>
	</parameter>
	<parameter>
		<name>Период</name>
		<title xsi:type="v8:LocalStringType">
			<v8:item>
				<v8:lang>ru</v8:lang>
				<v8:content>Период</v8:content>
			</v8:item>
		</title>
		<valueType>
			<v8:Type>xs:dateTime</v8:Type>
			<v8:DateQualifiers>
				<v8:DateFractions>DateTime</v8:DateFractions>
			</v8:DateQualifiers>
		</valueType>
		<value xsi:type="xs:dateTime">0001-01-01T00:00:00</value>
		<useRestriction>false</useRestriction>
	</parameter>
	<settingsVariant>
		<dcsset:name>Основной</dcsset:name>
		<dcsset:presentation xsi:type="xs:string">Основной</dcsset:presentation>
		<dcsset:settings xmlns:style="http://v8.1c.ru/8.1/data/ui/style" xmlns:sys="http://v8.1c.ru/8.1/data/ui/fonts/system" xmlns:web="http://v8.1c.ru/8.1/data/ui/colors/web" xmlns:win="http://v8.1c.ru/8.1/data/ui/colors/windows">
			<dcsset:selection>
				<dcsset:item xsi:type="dcsset:SelectedItemField">
					<dcsset:field>ВидДокумента</dcsset:field>
				</dcsset:item>
				<dcsset:item xsi:type="dcsset:SelectedItemField">
					<dcsset:field>Ссылка</dcsset:field>
				</dcsset:item>
				<dcsset:item xsi:type="dcsset:SelectedItemField">
					<dcsset:field>Код</dcsset:field>
				</dcsset:item>
				<dcsset:item xsi:type="dcsset:SelectedItemField">
					<dcsset:field>НачалоДействияДокумента</dcsset:field>
				</dcsset:item>
				<dcsset:item xsi:type="dcsset:SelectedItemField">
					<dcsset:field>КонецДействияДокумента</dcsset:field>
				</dcsset:item>
				<dcsset:item xsi:type="dcsset:SelectedItemField">
					<dcsset:field>Автор</dcsset:field>
				</dcsset:item>
				<dcsset:item xsi:type="dcsset:SelectedItemField">
					<dcsset:field>Ответственный</dcsset:field>
				</dcsset:item>
				<dcsset:item xsi:type="dcsset:SelectedItemField">
					<dcsset:field>Комментарий</dcsset:field>
				</dcsset:item>
			</dcsset:selection>
			<dcsset:filter>
				<dcsset:item xsi:type="dcsset:FilterItemComparison">
					<dcsset:use>false</dcsset:use>
					<dcsset:left xsi:type="dcscor:Field">ВидДокумента</dcsset:left>
					<dcsset:comparisonType>Equal</dcsset:comparisonType>
					<dcsset:userSettingID>083729ed-06c1-439d-b672-2e9ccfeedcc4</dcsset:userSettingID>
				</dcsset:item>
				<dcsset:item xsi:type="dcsset:FilterItemComparison">
					<dcsset:use>false</dcsset:use>
					<dcsset:left xsi:type="dcscor:Field">Ссылка</dcsset:left>
					<dcsset:comparisonType>Equal</dcsset:comparisonType>
					<dcsset:userSettingID>351c925d-ce64-4d25-a2a3-24a842cb21c1</dcsset:userSettingID>
				</dcsset:item>
				<dcsset:item xsi:type="dcsset:FilterItemComparison">
					<dcsset:left xsi:type="dcscor:Field">ДокументНеДействует</dcsset:left>
					<dcsset:comparisonType>Equal</dcsset:comparisonType>
					<dcsset:right xsi:type="xs:boolean">false</dcsset:right>
					<dcsset:presentation xsi:type="v8:LocalStringType">
						<v8:item>
							<v8:lang>ru</v8:lang>
							<v8:content>Скрыть недействительные документы</v8:content>
						</v8:item>
					</dcsset:presentation>
					<dcsset:userSettingID>6c40f557-f771-4813-b2a3-d14d194ac858</dcsset:userSettingID>
				</dcsset:item>
			</dcsset:filter>
			<dcsset:dataParameters>
				<dcscor:item xsi:type="dcsset:SettingsParameterValue">
					<dcscor:parameter>СрокДействияИстекает</dcscor:parameter>
					<dcscor:value xsi:type="xs:decimal">1</dcscor:value>
					<dcsset:userSettingID>853f717e-b1b3-44a1-a720-633c5f2350e5</dcsset:userSettingID>
				</dcscor:item>
			</dcsset:dataParameters>
			<dcsset:order>
				<dcsset:item xsi:type="dcsset:OrderItemField">
					<dcsset:field>ВидДокумента</dcsset:field>
					<dcsset:orderType>Asc</dcsset:orderType>
				</dcsset:item>
				<dcsset:item xsi:type="dcsset:OrderItemField">
					<dcsset:field>Ссылка</dcsset:field>
					<dcsset:orderType>Asc</dcsset:orderType>
				</dcsset:item>
			</dcsset:order>
			<dcsset:outputParameters>
				<dcscor:item xsi:type="dcsset:SettingsParameterValue">
					<dcscor:parameter>GroupFieldsPlacement</dcscor:parameter>
					<dcscor:value xsi:type="dcsset:DataCompositionGroupFieldsPlacement">Together</dcscor:value>
				</dcscor:item>
				<dcscor:item xsi:type="dcsset:SettingsParameterValue">
					<dcscor:parameter>ResourcesAutoPosition</dcscor:parameter>
					<dcscor:value xsi:type="dcsset:DataCompositionResourcesAutoPosition">DontUse</dcscor:value>
				</dcscor:item>
			</dcsset:outputParameters>
			<dcsset:item xsi:type="dcsset:StructureItemGroup">
				<dcsset:groupItems>
					<dcsset:item xsi:type="dcsset:GroupItemField">
						<dcsset:field>ВидДокумента</dcsset:field>
						<dcsset:groupType>Hierarchy</dcsset:groupType>
						<dcsset:periodAdditionType>None</dcsset:periodAdditionType>
						<dcsset:periodAdditionBegin xsi:type="xs:dateTime">0001-01-01T00:00:00</dcsset:periodAdditionBegin>
						<dcsset:periodAdditionEnd xsi:type="xs:dateTime">0001-01-01T00:00:00</dcsset:periodAdditionEnd>
					</dcsset:item>
				</dcsset:groupItems>
				<dcsset:order>
					<dcsset:item xsi:type="dcsset:OrderItemAuto"/>
				</dcsset:order>
				<dcsset:selection>
					<dcsset:item xsi:type="dcsset:SelectedItemAuto"/>
				</dcsset:selection>
				<dcsset:item xsi:type="dcsset:StructureItemGroup">
					<dcsset:order>
						<dcsset:item xsi:type="dcsset:OrderItemAuto"/>
					</dcsset:order>
					<dcsset:selection>
						<dcsset:item xsi:type="dcsset:SelectedItemAuto"/>
					</dcsset:selection>
				</dcsset:item>
			</dcsset:item>
		</dcsset:settings>
	</settingsVariant>
</DataCompositionSchema>