﻿<?xml version="1.0" encoding="UTF-8"?>
<MetaDataObject xmlns="http://v8.1c.ru/8.3/MDClasses" xmlns:app="http://v8.1c.ru/8.2/managed-application/core" xmlns:cfg="http://v8.1c.ru/8.1/data/enterprise/current-config" xmlns:cmi="http://v8.1c.ru/8.2/managed-application/cmi" xmlns:ent="http://v8.1c.ru/8.1/data/enterprise" xmlns:lf="http://v8.1c.ru/8.2/managed-application/logform" xmlns:style="http://v8.1c.ru/8.1/data/ui/style" xmlns:sys="http://v8.1c.ru/8.1/data/ui/fonts/system" xmlns:v8="http://v8.1c.ru/8.1/data/core" xmlns:v8ui="http://v8.1c.ru/8.1/data/ui" xmlns:web="http://v8.1c.ru/8.1/data/ui/colors/web" xmlns:win="http://v8.1c.ru/8.1/data/ui/colors/windows" xmlns:xen="http://v8.1c.ru/8.3/xcf/enums" xmlns:xpr="http://v8.1c.ru/8.3/xcf/predef" xmlns:xr="http://v8.1c.ru/8.3/xcf/readable" xmlns:xs="http://www.w3.org/2001/XMLSchema" xmlns:xsi="http://www.w3.org/2001/XMLSchema-instance">
	<Report uuid="40386d36-a7a1-4f2f-83e4-f1686579ee8e">
		<InnerInfo>
			<xr:producedType name="ReportObject.ПС_ГрафическийОтчетПоБизнесПроцессам" category="Object">
				<xr:typeId>2e52c8e4-405a-407a-90a8-4d9a5d3c8c37</xr:typeId>
				<xr:valTypeId>e1b7cf06-719d-4a59-8e10-990f914e368d</xr:valTypeId>
			</xr:producedType>
			<xr:producedType name="ReportManager.ПС_ГрафическийОтчетПоБизнесПроцессам" category="Manager">
				<xr:typeId>0b9a1e92-072f-4228-9d25-383d06fd1f85</xr:typeId>
				<xr:valTypeId>03c0a635-79fc-4757-b066-9f3a757fb0c8</xr:valTypeId>
			</xr:producedType>
		</InnerInfo>
		<Properties>
			<Name>ПС_ГрафическийОтчетПоБизнесПроцессам</Name>
			<Synonym>
				<v8:item>
					<v8:lang>ru</v8:lang>
					<v8:content>Графический отчет по бизнес-процессам</v8:content>
				</v8:item>
			</Synonym>
			<Comment/>
			<UseStandardCommands>true</UseStandardCommands>
			<DefaultForm>Report.ПС_ГрафическийОтчетПоБизнесПроцессам.Form.ФормаУпр</DefaultForm>
			<AuxiliaryForm>Report.ПС_ГрафическийОтчетПоБизнесПроцессам.Form.ФормаУпр</AuxiliaryForm>
			<MainDataCompositionSchema/>
			<DefaultSettingsForm/>
			<AuxiliarySettingsForm/>
			<DefaultVariantForm/>
			<VariantsStorage/>
			<SettingsStorage/>
			<IncludeHelpInContents>true</IncludeHelpInContents>
			<ExtendedPresentation/>
			<Explanation/>
		</Properties>
		<ChildObjects>
			<Attribute uuid="1ff6243c-5a46-4c1e-9b97-d40cd034ed73">
				<Properties>
					<Name>БизнесПроцесс</Name>
					<Synonym>
						<v8:item>
							<v8:lang>ru</v8:lang>
							<v8:content>Бизнес-процесс</v8:content>
						</v8:item>
					</Synonym>
					<Comment/>
					<Type>
						<v8:Type>cfg:BusinessProcessRef.ПС_БизнесПроцесс</v8:Type>
					</Type>
					<PasswordMode>false</PasswordMode>
					<Format/>
					<EditFormat/>
					<ToolTip/>
					<MarkNegatives>false</MarkNegatives>
					<Mask/>
					<MultiLine>false</MultiLine>
					<ExtendedEdit>false</ExtendedEdit>
					<MinValue xsi:nil="true"/>
					<MaxValue xsi:nil="true"/>
					<FillChecking>DontCheck</FillChecking>
					<ChoiceFoldersAndItems>Items</ChoiceFoldersAndItems>
					<ChoiceParameterLinks/>
					<ChoiceParameters/>
					<QuickChoice>Auto</QuickChoice>
					<CreateOnInput>Auto</CreateOnInput>
					<ChoiceForm/>
					<LinkByType/>
					<ChoiceHistoryOnInput>Auto</ChoiceHistoryOnInput>
				</Properties>
			</Attribute>
			<Form>ФормаУпр</Form>
			<Form>ФормаЗадачУпр</Form>
			<Form>ФормаПроцессовУпр</Form>
			<Template>ПользовательскаяИнформация</Template>
		</ChildObjects>
	</Report>
</MetaDataObject>