﻿<?xml version="1.0" encoding="UTF-8"?>
<document xmlns="http://v8.1c.ru/8.2/data/spreadsheet" xmlns:style="http://v8.1c.ru/8.1/data/ui/style" xmlns:v8="http://v8.1c.ru/8.1/data/core" xmlns:v8ui="http://v8.1c.ru/8.1/data/ui" xmlns:xs="http://www.w3.org/2001/XMLSchema" xmlns:xsi="http://www.w3.org/2001/XMLSchema-instance">
	<languageSettings>
		<currentLanguage>ru</currentLanguage>
		<defaultLanguage>ru</defaultLanguage>
		<languageInfo>
			<id>ru</id>
			<code>Русский</code>
			<description>Русский</description>
		</languageInfo>
	</languageSettings>
	<columns>
		<size>9</size>
		<columnsItem>
			<index>0</index>
			<column>
				<formatIndex>1</formatIndex>
			</column>
		</columnsItem>
		<columnsItem>
			<index>1</index>
			<column>
				<formatIndex>2</formatIndex>
			</column>
		</columnsItem>
		<columnsItem>
			<index>4</index>
			<column>
				<formatIndex>3</formatIndex>
			</column>
		</columnsItem>
		<columnsItem>
			<index>5</index>
			<column>
				<formatIndex>4</formatIndex>
			</column>
		</columnsItem>
	</columns>
	<columns>
		<id>28a7e997-121d-45f6-b12c-4cd162c41128</id>
		<size>10</size>
		<columnsItem>
			<index>0</index>
			<column>
				<formatIndex>1</formatIndex>
			</column>
		</columnsItem>
		<columnsItem>
			<index>1</index>
			<column>
				<formatIndex>2</formatIndex>
			</column>
		</columnsItem>
		<columnsItem>
			<index>3</index>
			<column>
				<formatIndex>5</formatIndex>
			</column>
		</columnsItem>
		<columnsItem>
			<index>4</index>
			<column>
				<formatIndex>6</formatIndex>
			</column>
		</columnsItem>
		<columnsItem>
			<index>5</index>
			<column>
				<formatIndex>7</formatIndex>
			</column>
		</columnsItem>
		<columnsItem>
			<index>8</index>
			<column>
				<formatIndex>8</formatIndex>
			</column>
		</columnsItem>
	</columns>
	<columns>
		<id>58c338c3-bba2-4275-a8e1-359db81b546e</id>
		<size>7</size>
		<columnsItem>
			<index>0</index>
			<column>
				<formatIndex>1</formatIndex>
			</column>
		</columnsItem>
		<columnsItem>
			<index>1</index>
			<column>
				<formatIndex>9</formatIndex>
			</column>
		</columnsItem>
		<columnsItem>
			<index>4</index>
			<column>
				<formatIndex>3</formatIndex>
			</column>
		</columnsItem>
		<columnsItem>
			<index>5</index>
			<column>
				<formatIndex>4</formatIndex>
			</column>
		</columnsItem>
		<columnsItem>
			<index>6</index>
			<column>
				<formatIndex>10</formatIndex>
			</column>
		</columnsItem>
	</columns>
	<columns>
		<id>852bbf9b-900c-435a-b0a6-1015b41944ca</id>
		<size>2</size>
		<columnsItem>
			<index>0</index>
			<column>
				<formatIndex>1</formatIndex>
			</column>
		</columnsItem>
		<columnsItem>
			<index>1</index>
			<column>
				<formatIndex>9</formatIndex>
			</column>
		</columnsItem>
		<columnsItem>
			<index>4</index>
			<column>
				<formatIndex>3</formatIndex>
			</column>
		</columnsItem>
		<columnsItem>
			<index>5</index>
			<column>
				<formatIndex>4</formatIndex>
			</column>
		</columnsItem>
	</columns>
	<rowsItem>
		<index>0</index>
		<row>
			<columnsID>28a7e997-121d-45f6-b12c-4cd162c41128</columnsID>
			<empty>true</empty>
		</row>
	</rowsItem>
	<rowsItem>
		<index>1</index>
		<row>
			<columnsID>28a7e997-121d-45f6-b12c-4cd162c41128</columnsID>
			<c>
				<i>1</i>
				<c>
					<f>11</f>
					<parameter>Заголовок</parameter>
				</c>
			</c>
		</row>
	</rowsItem>
	<rowsItem>
		<index>2</index>
		<row>
			<columnsID>28a7e997-121d-45f6-b12c-4cd162c41128</columnsID>
			<formatIndex>12</formatIndex>
			<c>
				<i>1</i>
				<c>
					<f>13</f>
				</c>
			</c>
		</row>
	</rowsItem>
	<rowsItem>
		<index>3</index>
		<row>
			<columnsID>28a7e997-121d-45f6-b12c-4cd162c41128</columnsID>
			<formatIndex>12</formatIndex>
			<c>
				<i>1</i>
				<c>
					<f>13</f>
					<tl>
						<v8:item>
							<v8:lang>ru</v8:lang>
							<v8:content>Дата выполнения:</v8:content>
						</v8:item>
					</tl>
				</c>
			</c>
			<c>
				<c>
					<f>14</f>
					<parameter>ДатаВыполнения</parameter>
				</c>
			</c>
			<c>
				<i>5</i>
				<c>
					<f>13</f>
					<tl>
						<v8:item>
							<v8:lang>ru</v8:lang>
							<v8:content>Бизнес-процесс:</v8:content>
						</v8:item>
					</tl>
				</c>
			</c>
			<c>
				<c>
					<f>15</f>
					<parameter>НадписьБП</parameter>
					<detailParameter>БизнесПроцесс</detailParameter>
				</c>
			</c>
		</row>
	</rowsItem>
	<rowsItem>
		<index>4</index>
		<row>
			<columnsID>28a7e997-121d-45f6-b12c-4cd162c41128</columnsID>
			<c>
				<i>1</i>
				<c>
					<f>13</f>
					<tl>
						<v8:item>
							<v8:lang>ru</v8:lang>
							<v8:content>Срок:</v8:content>
						</v8:item>
					</tl>
				</c>
			</c>
			<c>
				<c>
					<f>14</f>
					<parameter>ДатаВыполненияПлан</parameter>
				</c>
			</c>
			<c>
				<i>5</i>
				<c>
					<f>16</f>
					<tl>
						<v8:item>
							<v8:lang>ru</v8:lang>
							<v8:content>Инициатор:</v8:content>
						</v8:item>
					</tl>
				</c>
			</c>
			<c>
				<c>
					<f>17</f>
					<parameter>Инициатор</parameter>
				</c>
			</c>
			<c>
				<c>
					<f>18</f>
				</c>
			</c>
			<c>
				<c>
					<f>8</f>
				</c>
			</c>
			<c>
				<c>
					<f>18</f>
				</c>
			</c>
		</row>
	</rowsItem>
	<rowsItem>
		<index>5</index>
		<row>
			<columnsID>28a7e997-121d-45f6-b12c-4cd162c41128</columnsID>
			<c>
				<i>1</i>
				<c>
					<f>13</f>
					<tl>
						<v8:item>
							<v8:lang>ru</v8:lang>
							<v8:content>Срок автовыполнения:</v8:content>
						</v8:item>
					</tl>
				</c>
			</c>
			<c>
				<c>
					<f>14</f>
					<parameter>ДатаАвтовыполнения</parameter>
				</c>
			</c>
			<c>
				<i>5</i>
				<c>
					<f>16</f>
					<tl>
						<v8:item>
							<v8:lang>ru</v8:lang>
							<v8:content>Исполнитель:</v8:content>
						</v8:item>
					</tl>
				</c>
			</c>
			<c>
				<c>
					<f>17</f>
					<parameter>Пользователь</parameter>
				</c>
			</c>
			<c>
				<c>
					<f>18</f>
				</c>
			</c>
			<c>
				<c>
					<f>8</f>
				</c>
			</c>
			<c>
				<c>
					<f>18</f>
				</c>
			</c>
		</row>
	</rowsItem>
	<rowsItem>
		<index>6</index>
		<row>
			<columnsID>28a7e997-121d-45f6-b12c-4cd162c41128</columnsID>
			<c>
				<i>5</i>
				<c>
					<f>16</f>
					<tl>
						<v8:item>
							<v8:lang>ru</v8:lang>
							<v8:content>Контролер:</v8:content>
						</v8:item>
					</tl>
				</c>
			</c>
			<c>
				<c>
					<f>17</f>
					<parameter>Контролер</parameter>
				</c>
			</c>
			<c>
				<c>
					<f>18</f>
				</c>
			</c>
			<c>
				<c>
					<f>8</f>
				</c>
			</c>
			<c>
				<c>
					<f>18</f>
				</c>
			</c>
		</row>
	</rowsItem>
	<rowsItem>
		<index>7</index>
		<row>
			<columnsID>28a7e997-121d-45f6-b12c-4cd162c41128</columnsID>
			<empty>true</empty>
		</row>
	</rowsItem>
	<rowsItem>
		<index>8</index>
		<row>
			<columnsID>28a7e997-121d-45f6-b12c-4cd162c41128</columnsID>
			<formatIndex>19</formatIndex>
			<c>
				<i>1</i>
				<c>
					<f>20</f>
					<tl>
						<v8:item>
							<v8:lang>ru</v8:lang>
							<v8:content>Описание</v8:content>
						</v8:item>
					</tl>
				</c>
			</c>
		</row>
	</rowsItem>
	<rowsItem>
		<index>9</index>
		<row>
			<columnsID>28a7e997-121d-45f6-b12c-4cd162c41128</columnsID>
			<formatIndex>21</formatIndex>
			<empty>true</empty>
		</row>
	</rowsItem>
	<rowsItem>
		<index>10</index>
		<row>
			<columnsID>28a7e997-121d-45f6-b12c-4cd162c41128</columnsID>
			<c>
				<i>1</i>
				<c>
					<f>22</f>
					<parameter>Описание</parameter>
				</c>
			</c>
		</row>
	</rowsItem>
	<rowsItem>
		<index>11</index>
		<row>
			<columnsID>28a7e997-121d-45f6-b12c-4cd162c41128</columnsID>
			<empty>true</empty>
		</row>
	</rowsItem>
	<rowsItem>
		<index>12</index>
		<row>
			<columnsID>28a7e997-121d-45f6-b12c-4cd162c41128</columnsID>
			<formatIndex>23</formatIndex>
			<c>
				<i>1</i>
				<c>
					<f>20</f>
					<tl>
						<v8:item>
							<v8:lang>ru</v8:lang>
							<v8:content>Реквизиты</v8:content>
						</v8:item>
					</tl>
				</c>
			</c>
		</row>
	</rowsItem>
	<rowsItem>
		<index>13</index>
		<row>
			<columnsID>28a7e997-121d-45f6-b12c-4cd162c41128</columnsID>
			<formatIndex>24</formatIndex>
			<empty>true</empty>
		</row>
	</rowsItem>
	<rowsItem>
		<index>15</index>
		<row>
			<columnsID>58c338c3-bba2-4275-a8e1-359db81b546e</columnsID>
			<c>
				<i>1</i>
				<c>
					<f>25</f>
					<parameter>ИмяРеквизита</parameter>
				</c>
			</c>
			<c>
				<c>
					<f>26</f>
					<parameter>ПечЗначениеРеквизита</parameter>
				</c>
			</c>
		</row>
	</rowsItem>
	<rowsItem>
		<index>17</index>
		<row>
			<formatIndex>23</formatIndex>
			<c>
				<i>1</i>
				<c>
					<f>27</f>
					<parameter>ЗаголовокТаблицы</parameter>
				</c>
			</c>
		</row>
	</rowsItem>
	<rowsItem>
		<index>18</index>
		<row>
			<c>
				<i>1</i>
				<c>
					<f>0</f>
				</c>
			</c>
		</row>
	</rowsItem>
	<rowsItem>
		<index>19</index>
		<row>
			<c>
				<i>1</i>
				<c>
					<f>0</f>
				</c>
			</c>
		</row>
	</rowsItem>
	<rowsItem>
		<index>20</index>
		<row>
			<c>
				<i>1</i>
				<c>
					<f>0</f>
				</c>
			</c>
		</row>
	</rowsItem>
	<rowsItem>
		<index>21</index>
		<row>
			<columnsID>852bbf9b-900c-435a-b0a6-1015b41944ca</columnsID>
			<c>
				<c>
					<f>28</f>
				</c>
			</c>
			<c>
				<c>
					<f>29</f>
					<parameter>ИмяРеквизита</parameter>
				</c>
			</c>
		</row>
	</rowsItem>
	<rowsItem>
		<index>22</index>
		<row>
			<columnsID>852bbf9b-900c-435a-b0a6-1015b41944ca</columnsID>
			<empty>true</empty>
		</row>
	</rowsItem>
	<rowsItem>
		<index>23</index>
		<row>
			<columnsID>852bbf9b-900c-435a-b0a6-1015b41944ca</columnsID>
			<c>
				<c>
					<f>30</f>
				</c>
			</c>
			<c>
				<c>
					<f>31</f>
					<parameter>ЗначениеРеквизита</parameter>
				</c>
			</c>
		</row>
	</rowsItem>
	<rowsItem>
		<index>24</index>
		<row>
			<columnsID>852bbf9b-900c-435a-b0a6-1015b41944ca</columnsID>
			<empty>true</empty>
		</row>
	</rowsItem>
	<rowsItem>
		<index>25</index>
		<row>
			<columnsID>852bbf9b-900c-435a-b0a6-1015b41944ca</columnsID>
			<c>
				<i>1</i>
				<c>
					<f>32</f>
				</c>
			</c>
		</row>
	</rowsItem>
	<templateMode>true</templateMode>
	<defaultFormatIndex>18</defaultFormatIndex>
	<height>26</height>
	<vgRows>26</vgRows>
	<merge>
		<r>1</r>
		<c>1</c>
		<w>8</w>
	</merge>
	<merge>
		<r>3</r>
		<c>2</c>
		<w>1</w>
	</merge>
	<merge>
		<r>3</r>
		<c>6</c>
		<w>3</w>
	</merge>
	<merge>
		<r>4</r>
		<c>2</c>
		<w>1</w>
	</merge>
	<merge>
		<r>4</r>
		<c>6</c>
		<w>3</w>
	</merge>
	<merge>
		<r>5</r>
		<c>2</c>
		<w>1</w>
	</merge>
	<merge>
		<r>5</r>
		<c>6</c>
		<w>3</w>
	</merge>
	<merge>
		<r>6</r>
		<c>6</c>
		<w>3</w>
	</merge>
	<merge>
		<r>8</r>
		<c>1</c>
		<w>7</w>
	</merge>
	<merge>
		<r>10</r>
		<c>1</c>
		<w>7</w>
	</merge>
	<merge>
		<r>12</r>
		<c>1</c>
		<w>7</w>
	</merge>
	<merge>
		<r>15</r>
		<c>2</c>
		<w>4</w>
	</merge>
	<merge>
		<r>17</r>
		<c>1</c>
		<w>3</w>
	</merge>
	<namedItem xsi:type="NamedItemCells">
		<name>Заголовок</name>
		<area>
			<type>Rows</type>
			<beginRow>0</beginRow>
			<endRow>13</endRow>
			<beginColumn>-1</beginColumn>
			<endColumn>-1</endColumn>
			<columnsID>28a7e997-121d-45f6-b12c-4cd162c41128</columnsID>
		</area>
	</namedItem>
	<namedItem xsi:type="NamedItemCells">
		<name>ЗаголовокТаблицы</name>
		<area>
			<type>Rows</type>
			<beginRow>17</beginRow>
			<endRow>17</endRow>
			<beginColumn>-1</beginColumn>
			<endColumn>-1</endColumn>
		</area>
	</namedItem>
	<namedItem xsi:type="NamedItemCells">
		<name>ЗначениеРеквизита</name>
		<area>
			<type>Rectangle</type>
			<beginRow>23</beginRow>
			<endRow>23</endRow>
			<beginColumn>1</beginColumn>
			<endColumn>1</endColumn>
			<columnsID>852bbf9b-900c-435a-b0a6-1015b41944ca</columnsID>
		</area>
	</namedItem>
	<namedItem xsi:type="NamedItemCells">
		<name>ПерваяЯчейка</name>
		<area>
			<type>Rectangle</type>
			<beginRow>21</beginRow>
			<endRow>21</endRow>
			<beginColumn>0</beginColumn>
			<endColumn>0</endColumn>
			<columnsID>852bbf9b-900c-435a-b0a6-1015b41944ca</columnsID>
		</area>
	</namedItem>
	<namedItem xsi:type="NamedItemCells">
		<name>Подвал</name>
		<area>
			<type>Rectangle</type>
			<beginRow>25</beginRow>
			<endRow>25</endRow>
			<beginColumn>1</beginColumn>
			<endColumn>1</endColumn>
			<columnsID>852bbf9b-900c-435a-b0a6-1015b41944ca</columnsID>
		</area>
	</namedItem>
	<namedItem xsi:type="NamedItemCells">
		<name>ПоследняяЯчейка</name>
		<area>
			<type>Rectangle</type>
			<beginRow>23</beginRow>
			<endRow>23</endRow>
			<beginColumn>0</beginColumn>
			<endColumn>0</endColumn>
			<columnsID>852bbf9b-900c-435a-b0a6-1015b41944ca</columnsID>
		</area>
	</namedItem>
	<namedItem xsi:type="NamedItemCells">
		<name>СтрокаРазделения</name>
		<area>
			<type>Rows</type>
			<beginRow>19</beginRow>
			<endRow>19</endRow>
			<beginColumn>-1</beginColumn>
			<endColumn>-1</endColumn>
		</area>
	</namedItem>
	<namedItem xsi:type="NamedItemCells">
		<name>Шапка</name>
		<area>
			<type>Rows</type>
			<beginRow>15</beginRow>
			<endRow>15</endRow>
			<beginColumn>-1</beginColumn>
			<endColumn>-1</endColumn>
			<columnsID>58c338c3-bba2-4275-a8e1-359db81b546e</columnsID>
		</area>
	</namedItem>
	<namedItem xsi:type="NamedItemCells">
		<name>ШапкаТаблицы</name>
		<area>
			<type>Rectangle</type>
			<beginRow>21</beginRow>
			<endRow>21</endRow>
			<beginColumn>1</beginColumn>
			<endColumn>1</endColumn>
			<columnsID>852bbf9b-900c-435a-b0a6-1015b41944ca</columnsID>
		</area>
	</namedItem>
	<line width="2" gap="false">
		<v8ui:style xsi:type="v8ui:SpreadsheetDocumentCellLineType">Solid</v8ui:style>
	</line>
	<line width="1" gap="false">
		<v8ui:style xsi:type="v8ui:SpreadsheetDocumentCellLineType">Solid</v8ui:style>
	</line>
	<font faceName="Arial" height="12" bold="true" italic="false" underline="false" strikeout="false" kind="Absolute"/>
	<font faceName="Arial" height="8" bold="false" italic="false" underline="false" strikeout="false" kind="Absolute"/>
	<font faceName="Arial" height="8" bold="true" italic="false" underline="false" strikeout="false" kind="Absolute"/>
	<font faceName="Arial" height="8" bold="false" italic="false" underline="false" strikeout="false" kind="Absolute"/>
	<font faceName="Arial" height="8" bold="false" italic="true" underline="true" strikeout="false" kind="Absolute"/>
	<font faceName="Arial" height="8" bold="true" italic="true" underline="false" strikeout="false" kind="Absolute"/>
	<font faceName="Arial" height="11" bold="true" italic="true" underline="false" strikeout="false" kind="Absolute"/>
	<format>
		<width>32</width>
	</format>
	<format>
		<width>167</width>
	</format>
	<format>
		<width>58</width>
	</format>
	<format>
		<width>104</width>
	</format>
	<format>
		<width>98</width>
	</format>
	<format>
		<width>29</width>
	</format>
	<format>
		<width>118</width>
	</format>
	<format>
		<width>114</width>
	</format>
	<format>
		<width>155</width>
	</format>
	<format>
		<width>229</width>
	</format>
	<format>
		<font>0</font>
		<width>146</width>
		<fillType>Parameter</fillType>
	</format>
	<format>
		<font>1</font>
	</format>
	<format>
		<font>2</font>
	</format>
	<format>
		<font>3</font>
		<fillType>Parameter</fillType>
		<format>
			<v8:item>
				<v8:lang>ru</v8:lang>
				<v8:content>ДЛФ=DDT</v8:content>
			</v8:item>
		</format>
	</format>
	<format>
		<font>4</font>
		<horizontalAlignment>Left</horizontalAlignment>
		<fillType>Parameter</fillType>
	</format>
	<format>
		<font>2</font>
		<width>118</width>
	</format>
	<format>
		<width>72</width>
		<fillType>Parameter</fillType>
	</format>
	<format>
		<width>72</width>
	</format>
	<format>
		<font>5</font>
		<backColor>style:ButtonBackColor</backColor>
	</format>
	<format>
		<font>6</font>
		<backColor>style:ButtonBackColor</backColor>
	</format>
	<format>
		<height>18</height>
	</format>
	<format>
		<verticalAlignment>Top</verticalAlignment>
		<textPlacement>Wrap</textPlacement>
		<fillType>Parameter</fillType>
	</format>
	<format>
		<backColor>style:ButtonBackColor</backColor>
	</format>
	<format>
		<height>32</height>
	</format>
	<format>
		<font>2</font>
		<verticalAlignment>Top</verticalAlignment>
		<textPlacement>Wrap</textPlacement>
		<fillType>Parameter</fillType>
	</format>
	<format>
		<horizontalAlignment>Left</horizontalAlignment>
		<verticalAlignment>Top</verticalAlignment>
		<textPlacement>Wrap</textPlacement>
		<fillType>Parameter</fillType>
	</format>
	<format>
		<font>6</font>
		<verticalAlignment>Center</verticalAlignment>
		<backColor>style:ButtonBackColor</backColor>
		<fillType>Parameter</fillType>
	</format>
	<format>
		<rightBorder>0</rightBorder>
	</format>
	<format>
		<font>2</font>
		<border>0</border>
		<horizontalAlignment>Center</horizontalAlignment>
		<textPlacement>Wrap</textPlacement>
		<fillType>Parameter</fillType>
	</format>
	<format>
		<leftBorder>0</leftBorder>
	</format>
	<format>
		<border>1</border>
		<textPlacement>Wrap</textPlacement>
		<fillType>Parameter</fillType>
		<format/>
	</format>
	<format>
		<topBorder>0</topBorder>
		<fillType>Text</fillType>
	</format>
</document>