﻿<?xml version="1.0" encoding="UTF-8"?>
<document xmlns="http://v8.1c.ru/8.2/data/spreadsheet" xmlns:style="http://v8.1c.ru/8.1/data/ui/style" xmlns:v8="http://v8.1c.ru/8.1/data/core" xmlns:v8ui="http://v8.1c.ru/8.1/data/ui" xmlns:xs="http://www.w3.org/2001/XMLSchema" xmlns:xsi="http://www.w3.org/2001/XMLSchema-instance">
	<languageSettings>
		<currentLanguage>ru</currentLanguage>
		<defaultLanguage>ru</defaultLanguage>
		<languageInfo>
			<id>ru</id>
			<code>Русский</code>
			<description>Русский</description>
		</languageInfo>
	</languageSettings>
	<columns>
		<size>5</size>
		<columnsItem>
			<index>0</index>
			<column>
				<formatIndex>1</formatIndex>
			</column>
		</columnsItem>
		<columnsItem>
			<index>1</index>
			<column>
				<formatIndex>2</formatIndex>
			</column>
		</columnsItem>
		<columnsItem>
			<index>2</index>
			<column>
				<formatIndex>3</formatIndex>
			</column>
		</columnsItem>
		<columnsItem>
			<index>3</index>
			<column>
				<formatIndex>4</formatIndex>
			</column>
		</columnsItem>
		<columnsItem>
			<index>4</index>
			<column>
				<formatIndex>5</formatIndex>
			</column>
		</columnsItem>
	</columns>
	<columns>
		<id>28a7e997-121d-45f6-b12c-4cd162c41128</id>
		<size>7</size>
		<columnsItem>
			<index>0</index>
			<column>
				<formatIndex>6</formatIndex>
			</column>
		</columnsItem>
		<columnsItem>
			<index>1</index>
			<column>
				<formatIndex>7</formatIndex>
			</column>
		</columnsItem>
		<columnsItem>
			<index>3</index>
			<column>
				<formatIndex>8</formatIndex>
			</column>
		</columnsItem>
		<columnsItem>
			<index>4</index>
			<column>
				<formatIndex>9</formatIndex>
			</column>
		</columnsItem>
		<columnsItem>
			<index>5</index>
			<column>
				<formatIndex>10</formatIndex>
			</column>
		</columnsItem>
		<columnsItem>
			<index>6</index>
			<column>
				<formatIndex>11</formatIndex>
			</column>
		</columnsItem>
	</columns>
	<columns>
		<id>58c338c3-bba2-4275-a8e1-359db81b546e</id>
		<size>4</size>
		<columnsItem>
			<index>0</index>
			<column>
				<formatIndex>6</formatIndex>
			</column>
		</columnsItem>
		<columnsItem>
			<index>1</index>
			<column>
				<formatIndex>12</formatIndex>
			</column>
		</columnsItem>
		<columnsItem>
			<index>2</index>
			<column>
				<formatIndex>13</formatIndex>
			</column>
		</columnsItem>
		<columnsItem>
			<index>3</index>
			<column>
				<formatIndex>14</formatIndex>
			</column>
		</columnsItem>
		<columnsItem>
			<index>4</index>
			<column>
				<formatIndex>15</formatIndex>
			</column>
		</columnsItem>
		<columnsItem>
			<index>5</index>
			<column>
				<formatIndex>16</formatIndex>
			</column>
		</columnsItem>
		<columnsItem>
			<index>6</index>
			<column>
				<formatIndex>17</formatIndex>
			</column>
		</columnsItem>
	</columns>
	<rowsItem>
		<index>0</index>
		<row>
			<columnsID>28a7e997-121d-45f6-b12c-4cd162c41128</columnsID>
			<empty>true</empty>
		</row>
	</rowsItem>
	<rowsItem>
		<index>1</index>
		<row>
			<columnsID>28a7e997-121d-45f6-b12c-4cd162c41128</columnsID>
			<c>
				<i>1</i>
				<c>
					<f>18</f>
					<parameter>Заголовок</parameter>
				</c>
			</c>
		</row>
	</rowsItem>
	<rowsItem>
		<index>2</index>
		<row>
			<columnsID>28a7e997-121d-45f6-b12c-4cd162c41128</columnsID>
			<formatIndex>19</formatIndex>
			<c>
				<i>1</i>
				<c>
					<f>20</f>
				</c>
			</c>
		</row>
	</rowsItem>
	<rowsItem>
		<index>4</index>
		<row>
			<columnsID>58c338c3-bba2-4275-a8e1-359db81b546e</columnsID>
			<c>
				<i>1</i>
				<c>
					<f>21</f>
					<tl>
						<v8:item>
							<v8:lang>ru</v8:lang>
							<v8:content>Дата</v8:content>
						</v8:item>
					</tl>
				</c>
			</c>
			<c>
				<c>
					<f>22</f>
					<tl>
						<v8:item>
							<v8:lang>ru</v8:lang>
							<v8:content>Значение</v8:content>
						</v8:item>
					</tl>
				</c>
			</c>
			<c>
				<c>
					<f>22</f>
					<tl>
						<v8:item>
							<v8:lang>ru</v8:lang>
							<v8:content>Пользователь</v8:content>
						</v8:item>
					</tl>
				</c>
			</c>
		</row>
	</rowsItem>
	<rowsItem>
		<index>6</index>
		<row>
			<columnsID>58c338c3-bba2-4275-a8e1-359db81b546e</columnsID>
			<c>
				<i>1</i>
				<c>
					<f>23</f>
					<parameter>Дата</parameter>
				</c>
			</c>
			<c>
				<c>
					<f>24</f>
					<parameter>Значение</parameter>
				</c>
			</c>
			<c>
				<c>
					<f>24</f>
					<parameter>Пользователь</parameter>
				</c>
			</c>
		</row>
	</rowsItem>
	<rowsItem>
		<index>15</index>
		<row>
			<c>
				<i>4</i>
				<c>
					<f>0</f>
					<tl/>
				</c>
			</c>
		</row>
	</rowsItem>
	<templateMode>true</templateMode>
	<defaultFormatIndex>4</defaultFormatIndex>
	<height>16</height>
	<vgRows>16</vgRows>
	<merge>
		<r>1</r>
		<c>1</c>
		<w>5</w>
	</merge>
	<namedItem xsi:type="NamedItemCells">
		<name>Заголовок</name>
		<area>
			<type>Rows</type>
			<beginRow>0</beginRow>
			<endRow>2</endRow>
			<beginColumn>-1</beginColumn>
			<endColumn>-1</endColumn>
		</area>
	</namedItem>
	<namedItem xsi:type="NamedItemCells">
		<name>Строка</name>
		<area>
			<type>Rows</type>
			<beginRow>6</beginRow>
			<endRow>6</endRow>
			<beginColumn>-1</beginColumn>
			<endColumn>-1</endColumn>
		</area>
	</namedItem>
	<namedItem xsi:type="NamedItemCells">
		<name>Шапка</name>
		<area>
			<type>Rows</type>
			<beginRow>4</beginRow>
			<endRow>4</endRow>
			<beginColumn>-1</beginColumn>
			<endColumn>-1</endColumn>
		</area>
	</namedItem>
	<line width="1" gap="false">
		<v8ui:style xsi:type="v8ui:SpreadsheetDocumentCellLineType">Solid</v8ui:style>
	</line>
	<font faceName="Arial" height="12" bold="true" italic="false" underline="false" strikeout="false" kind="Absolute"/>
	<font faceName="Arial" height="8" bold="false" italic="false" underline="false" strikeout="false" kind="Absolute"/>
	<font faceName="Arial" height="8" bold="true" italic="false" underline="false" strikeout="false" kind="Absolute"/>
	<font xmlns:sys="http://v8.1c.ru/8.1/data/ui/fonts/system" ref="sys:DefaultGUIFont" kind="WindowsFont"/>
	<font xmlns:sys="http://v8.1c.ru/8.1/data/ui/fonts/system" ref="sys:DefaultGUIFont" bold="true" italic="false" underline="false" strikeout="false" kind="WindowsFont"/>
	<format>
		<width>110</width>
	</format>
	<format>
		<width>171</width>
	</format>
	<format>
		<width>141</width>
	</format>
	<format>
		<width>72</width>
	</format>
	<format>
		<width>168</width>
	</format>
	<format>
		<width>32</width>
	</format>
	<format>
		<width>167</width>
	</format>
	<format>
		<width>98</width>
	</format>
	<format>
		<width>29</width>
	</format>
	<format>
		<width>118</width>
	</format>
	<format>
		<width>146</width>
	</format>
	<format>
		<width>166</width>
	</format>
	<format>
		<width>200</width>
	</format>
	<format>
		<width>264</width>
	</format>
	<format>
		<width>58</width>
	</format>
	<format>
		<width>104</width>
	</format>
	<format>
		<width>229</width>
	</format>
	<format>
		<font>0</font>
		<width>146</width>
		<fillType>Parameter</fillType>
	</format>
	<format>
		<font>1</font>
	</format>
	<format>
		<font>2</font>
	</format>
	<format>
		<font>3</font>
		<border>0</border>
		<verticalAlignment>Top</verticalAlignment>
		<backColor>#F5F2DD</backColor>
		<textPlacement>Wrap</textPlacement>
		<fillType>Text</fillType>
	</format>
	<format>
		<font>3</font>
		<border>0</border>
		<horizontalAlignment>Left</horizontalAlignment>
		<verticalAlignment>Top</verticalAlignment>
		<backColor>#F5F2DD</backColor>
		<textPlacement>Wrap</textPlacement>
		<fillType>Text</fillType>
	</format>
	<format>
		<font>4</font>
		<border>0</border>
		<verticalAlignment>Top</verticalAlignment>
		<textPlacement>Wrap</textPlacement>
		<fillType>Parameter</fillType>
	</format>
	<format>
		<font>4</font>
		<border>0</border>
		<horizontalAlignment>Left</horizontalAlignment>
		<verticalAlignment>Top</verticalAlignment>
		<textPlacement>Wrap</textPlacement>
		<fillType>Parameter</fillType>
	</format>
</document>