[
	{
		"model": "accountings.Acct",
		"pk": 1,
		"fields": {
			"account_number": 100000,
			"description": "CURRENT ASSETS",
			"type": "A"
		}
	},
	
	{
		"model": "accountings.Acct",
		"pk": 2,
		"fields": {
			"account_number": 106000,
			"description": "Undeposited Funds",
			"type": "A"
		}
	},
	
	{
		"model": "accountings.Acct",
		"pk": 3,
		"fields": {
			"account_number": 106500,
			"description": "Petty Cash",
			"type": "A"
		}
	},
	
	{
		"model": "accountings.Acct",
		"pk": 4,
		"fields": {
			"account_number": 120000,
			"description": "Accounts Receivable",
			"type": "A"
		}
	},
	
	{
		"model": "accountings.Acct",
		"pk": 5,
		"fields": {
			"account_number": 121000,
			"description": "Accounts Receivable - Cash",
			"type": "A"
		}
	},
	
	{
		"model": "accountings.Acct",
		"pk": 6,
		"fields": {
			"account_number": 122000,
			"description": "Accounts Receivable - Merchant Account",
			"type": "A"
		}
	},
	
	{
		"model": "accountings.Acct",
		"pk": 7,
		"fields": {
			"account_number": 123000,
			"description": "Pending",
			"type": "A"
		}
	},
	
	{
		"model": "accountings.Acct",
		"pk": 8,
		"fields": {
			"account_number": 123100,
			"description": "Pending - Check",
			"type": "A"
		}
	},
	
	
	{
		"model": "accountings.Acct",
		"pk": 9,
		"fields": {
			"account_number": 123200,
			"description": "Pending - PO",
			"type": "A"
		}
	},
	
	{
		"model": "accountings.Acct",
		"pk": 10,
		"fields": {
			"account_number": 123300,
			"description": "Pending - Cash",
			"type": "A"
		}
	},
	
	{
		"model": "accountings.Acct",
		"pk": 11,
		"fields": {
			"account_number": 123400,
			"description": "Pending - Credit Card",
			"type": "A"
		}
	},
	
	{
		"model": "accountings.Acct",
		"pk": 12,
		"fields": {
			"account_number": 150000,
			"description": "INVENTORY ASSETS",
			"type": "A"
		}
	},
	
	{
		"model": "accountings.Acct",
		"pk": 13,
		"fields": {
			"account_number": 152000,
			"description": "Inventory",
			"type": "A"
		}
	},
	
	{
		"model": "accountings.Acct",
		"pk": 14,
		"fields": {
			"account_number": 180000,
			"description": "CAPITAL ASSETS",
			"type": "A"
		}
	},
	
	{
		"model": "accountings.Acct",
		"pk": 15,
		"fields": {
			"account_number": 182000,
			"description": "Office Furniture & Equipment",
			"type": "A"
		}
	},
	
	{
		"model": "accountings.Acct",
		"pk": 16,
		"fields": {
			"account_number": 182500,
			"description": "Accum. Amort. -Furn. & Equip.",
			"type": "A"
		}
	},
	
	{
		"model": "accountings.Acct",
		"pk": 17,
		"fields": {
			"account_number": 184000,
			"description": "Vehicle",
			"type": "A"
		}
	},
	
	{
		"model": "accountings.Acct",
		"pk": 18,
		"fields": {
			"account_number": 184500,
			"description": "Accum. Amort. -Vehicle",
			"type": "A"
		}
	},
	
	{
		"model": "accountings.Acct",
		"pk": 19,
		"fields": {
			"account_number": 200000,
			"description": "CURRENT LIABILITIES",
			"type": "L"
		}
	},
	
	{
		"model": "accountings.Acct",
		"pk": 20,
		"fields": {
			"account_number": 210000,
			"description": "Accounts Payable",
			"type": "L"
		}
	},
	
	{
		"model": "accountings.Acct",
		"pk": 21,
		"fields": {
			"account_number": 220000,
			"description": "Unearned Revenue",
			"type": "L"
		}
	},
	
	{
		"model": "accountings.Acct",
		"pk": 23,
		"fields": {
			"account_number": 260000,
			"description": "LONG TERM LIABILITIES",
			"type": "L"
		}
	},
	
	{
		"model": "accountings.Acct",
		"pk": 24,
		"fields": {
			"account_number": 262000,
			"description": "Bank Loans",
			"type": "L"
		}
	},
	
	{
		"model": "accountings.Acct",
		"pk": 25,
		"fields": {
			"account_number": 268000,
			"description": "Loans from Shareholders",
			"type": "L"
		}
	},
	
	{
		"model": "accountings.Acct",
		"pk": 26,
		"fields": {
			"account_number": 330000,
			"description": "SHARE CAPITAL",
			"type": "Q"
		}
	},
	
	{
		"model": "accountings.Acct",
		"pk": 27,
		"fields": {
			"account_number": 335000,
			"description": "Common Shares",
			"type": "Q"
		}
	},
	
	{
		"model": "accountings.Acct",
		"pk": 28,
		"fields": {
			"account_number": 350000,
			"description": "RETAINED EARNINGS",
			"type": "Q"
		}
	},
	
	{
		"model": "accountings.Acct",
		"pk": 29,
		"fields": {
			"account_number": 359000,
			"description": "Retained Earnings - prior years",
			"type": "Q"
		}
	},
	
	{
		"model": "accountings.Acct",
		"pk": 30,
		"fields": {
			"account_number": 360000,
			"description": "Current Earnings",
			"type": "Q"
		}
	},
	
	{
		"model": "accountings.Acct",
		"pk": 31,
		"fields": {
			"account_number": 400000,
			"description": "SALES REVENUE",
			"type": "I"
		}
	},
	
	{
		"model": "accountings.Acct",
		"pk": 32,
		"fields": {
			"account_number": 400100,
			"description": "Sales",
			"type": "I"
		}
	},
	
	{
		"model": "accountings.Acct",
		"pk": 33,
		"fields": {
			"account_number": 401700,
			"description": "CEV Sales",
			"type": "I"
		}
	},
	
	{
		"model": "accountings.Acct",
		"pk": 34,
		"fields": {
			"account_number": 402000,
			"description": "CEV Registration Sales",
			"type": "I"
		}
	},
	
	{
		"model": "accountings.Acct",
		"pk": 35,
		"fields": {
			"account_number": 402100,
			"description": "CEV Registration - TABLE Sales",
			"type": "I"
		}
	},
	
	{
		"model": "accountings.Acct",
		"pk": 36,
		"fields": {
			"account_number": 402200,
			"description": "CEV Registration - ADD ON Sales",
			"type": "I"
		}
	},
	
	{
		"model": "accountings.Acct",
		"pk": 37,
		"fields": {
			"account_number": 402500,
			"description": "Jobs Sales",
			"type": "I"
		}
	},
	
	{
		"model": "accountings.Acct",
		"pk": 38,
		"fields": {
			"account_number": 403500,
			"description": "Resume Sales",
			"type": "I"
		}
	},
	
	{
		"model": "accountings.Acct",
		"pk": 39,
		"fields": {
			"account_number": 403700,
			"description": "Catalogs Sales",
			"type": "I"
		}
	},
	
	{
		"model": "accountings.Acct",
		"pk": 40,
		"fields": {
			"account_number": 404400,
			"description": "Directories Sales",
			"type": "I"
		}
	},
	
	{
		"model": "accountings.Acct",
		"pk": 41,
		"fields": {
			"account_number": 404600,
			"description": "Courses Sales",
			"type": "I"
		}
	},
	
	{
		"model": "accountings.Acct",
		"pk": 42,
		"fields": {
			"account_number": 404700,
			"description": "Memberships Sales",
			"type": "I"
		}
	},
	
	{
		"model": "accountings.Acct",
		"pk": 43,
		"fields": {
			"account_number": 405100,
			"description": "Donations Sales",
			"type": "I"
		}
	},
	
	{
		"model": "accountings.Acct",
		"pk": 44,
		"fields": {
			"account_number": 406700,
			"description": "Make Payments Sales",
			"type": "I"
		}
	},
	
	{
		"model": "accountings.Acct",
		"pk": 45,
		"fields": {
			"account_number": 406800,
			"description": "Corporate Memberships Sales",
			"type": "I"
		}
	},
	
	{
		"model": "accountings.Acct",
		"pk": 46,
		"fields": {
			"account_number": 430000,
			"description": "CONSULTING REVENUE",
			"type": "I"
		}
	},
	
	{
		"model": "accountings.Acct",
		"pk": 47,
		"fields": {
			"account_number": 432000,
			"description": "Consulting",
			"type": "I"
		}
	},
	
	{
		"model": "accountings.Acct",
		"pk": 48,
		"fields": {
			"account_number": 433000,
			"description": "Programming",
			"type": "I"
		}
	},
	
	{
		"model": "accountings.Acct",
		"pk": 49,
		"fields": {
			"account_number": 440000,
			"description": "OTHER REVENUE",
			"type": "I"
		}
	},
	
	{
		"model": "accountings.Acct",
		"pk": 50,
		"fields": {
			"account_number": 443000,
			"description": "Shipping & Handling",
			"type": "I"
		}
	},
	
	{
		"model": "accountings.Acct",
		"pk": 51,
		"fields": {
			"account_number": 443100,
			"description": "Box & Packing",
			"type": "I"
		}
	},
	
	{
		"model": "accountings.Acct",
		"pk": 52,
		"fields": {
			"account_number": 443200,
			"description": "Shipping Surcharge",
			"type": "I"
		}
	},
	
	{
		"model": "accountings.Acct",
		"pk": 53,
		"fields": {
			"account_number": 444000,
			"description": "Interest",
			"type": "I"
		}
	},
	
	{
		"model": "accountings.Acct",
		"pk": 54,
		"fields": {
			"account_number": 445000,
			"description": "Foreign Exchange Gain",
			"type": "I"
		}
	},
	
	{
		"model": "accountings.Acct",
		"pk": 55,
		"fields": {
			"account_number": 446000,
			"description": "Over / Under",
			"type": "I"
		}
	},
	
	{
		"model": "accountings.Acct",
		"pk": 56,
		"fields": {
			"account_number": 460000,
			"description": "Discount",
			"type": "I"
		}
	},
	
	{
		"model": "accountings.Acct",
		"pk": 57,
		"fields": {
			"account_number": 460100,
			"description": "Discount - General Sale",
			"type": "I"
		}
	},
	
	{
		"model": "accountings.Acct",
		"pk": 58,
		"fields": {
			"account_number": 461700,
			"description": "Discount - CEV Sales",
			"type": "I"
		}
	},
	
	{
		"model": "accountings.Acct",
		"pk": 59,
		"fields": {
			"account_number": 462000,
			"description": "Discount - CEV Registration Sales",
			"type": "I"
		}
	},
	
	{
		"model": "accountings.Acct",
		"pk": 60,
		"fields": {
			"account_number": 462100,
			"description": "Discount - CEV Registration - TABLE Sales",
			"type": "I"
		}
	},
	
	{
		"model": "accountings.Acct",
		"pk": 61,
		"fields": {
			"account_number": 462200,
			"description": "Discount - CEV Registration - ADD ON Sales",
			"type": "I"
		}
	},
	
	{
		"model": "accountings.Acct",
		"pk": 62,
		"fields": {
			"account_number": 462500,
			"description": "Discount - Jobs Sales",
			"type": "I"
		}
	},
	
	{
		"model": "accountings.Acct",
		"pk": 63,
		"fields": {
			"account_number": 463500,
			"description": "Discount - Resume Sales",
			"type": "I"
		}
	},

	
	{
		"model": "accountings.Acct",
		"pk": 65,
		"fields": {
			"account_number": 463700,
			"description": "Discount - Catalogs Sales",
			"type": "I"
		}
	},
	
	{
		"model": "accountings.Acct",
		"pk": 66,
		"fields": {
			"account_number": 464400,
			"description": "Discount - Directories Sales",
			"type": "I"
		}
	},
	
	{
		"model": "accountings.Acct",
		"pk": 67,
		"fields": {
			"account_number": 464600,
			"description": "Discount - Courses Sales",
			"type": "I"
		}
	},
	
	{
		"model": "accountings.Acct",
		"pk": 68,
		"fields": {
			"account_number": 464700,
			"description": "Discount - Memberships Sales",
			"type": "I"
		}
	},
	
	{
		"model": "accountings.Acct",
		"pk": 69,
		"fields": {
			"account_number": 465100,
			"description": "Discount - Donations Sales",
			"type": "I"
		}
	},
	
	{
		"model": "accountings.Acct",
		"pk": 70,
		"fields": {
			"account_number": 466700,
			"description": "Discount - Make Payment Sales",
			"type": "I"
		}
	},
	
	{
		"model": "accountings.Acct",
		"pk": 71,
		"fields": {
			"account_number": 466800,
			"description": "Discount - Corporate Membership Sales",
			"type": "I"
		}
	},
	
	{
		"model": "accountings.Acct",
		"pk": 72,
		"fields": {
			"account_number": 500000,
			"description": "COST OF GOODS SOLD",
			"type": "E"
		}
	},
	
	{
		"model": "accountings.Acct",
		"pk": 73,
		"fields": {
			"account_number": 501000,
			"description": "Purchases",
			"type": "E"
		}
	},
	
	{
		"model": "accountings.Acct",
		"pk": 74,
		"fields": {
			"account_number": 502000,
			"description": "COGS",
			"type": "E"
		}
	},
	
	{
		"model": "accountings.Acct",
		"pk": 75,
		"fields": {
			"account_number": 510000,
			"description": "Freight",
			"type": "E"
		}
	},
	
	{
		"model": "accountings.Acct",
		"pk": 76,
		"fields": {
			"account_number": 540000,
			"description": "PAYROLL EXPENSES",
			"type": "E"
		}
	},
	
	{
		"model": "accountings.Acct",
		"pk": 77,
		"fields": {
			"account_number": 541000,
			"description": "Wages & Salaries",
			"type": "E"
		}
	},
	
	{
		"model": "accountings.Acct",
		"pk": 78,
		"fields": {
			"account_number": 560000,
			"description": "GENERAL & ADMINISTRATIVE EXPENSES",
			"type": "E"
		}
	},
	
	{
		"model": "accountings.Acct",
		"pk": 79,
		"fields": {
			"account_number": 561000,
			"description": "Accounting & Legal",
			"type": "E"
		}
	},
	
	{
		"model": "accountings.Acct",
		"pk": 80,
		"fields": {
			"account_number": 561500,
			"description": "Advertising & Promotions",
			"type": "E"
		}
	},
	
	{
		"model": "accountings.Acct",
		"pk": 81,
		"fields": {
			"account_number": 562000,
			"description": "Bad Debts",
			"type": "E"
		}
	},
	
	{
		"model": "accountings.Acct",
		"pk": 82,
		"fields": {
			"account_number": 566000,
			"description": "Amortization Expense",
			"type": "E"
		}
	},
	
	{
		"model": "accountings.Acct",
		"pk": 83,
		"fields": {
			"account_number": 568500,
			"description": "Insurance",
			"type": "E"
		}
	},
	
	{
		"model": "accountings.Acct",
		"pk": 84,
		"fields": {
			"account_number": 569000,
			"description": "Interest & Bank Charges",
			"type": "E"
		}
	},
	
	{
		"model": "accountings.Acct",
		"pk": 85,
		"fields": {
			"account_number": 570000,
			"description": "Office Supplies",
			"type": "E"
		}
	},
	
	{
		"model": "accountings.Acct",
		"pk": 86,
		"fields": {
			"account_number": 576000,
			"description": "Rent",
			"type": "E"
		}
	},
	
	{
		"model": "accountings.Acct",
		"pk": 87,
		"fields": {
			"account_number": 576500,
			"description": "Repair & Maintenance",
			"type": "E"
		}
	},
	
	{
		"model": "accountings.Acct",
		"pk": 88,
		"fields": {
			"account_number": 578000,
			"description": "Telephone",
			"type": "E"
		}
	},
	
	{
		"model": "accountings.Acct",
		"pk": 89,
		"fields": {
			"account_number": 578500,
			"description": "Travel & Entertainment",
			"type": "E"
		}
	},
	
	{
		"model": "accountings.Acct",
		"pk": 90,
		"fields": {
			"account_number": 579000,
			"description": "Utilities",
			"type": "E"
		}
	},
	
	{
		"model": "accountings.Acct",
		"pk": 91,
		"fields": {
			"account_number": 579500,
			"description": "Registrations",
			"type": "E"
		}
	},
	
	{
		"model": "accountings.Acct",
		"pk": 92,
		"fields": {
			"account_number": 580000,
			"description": "Licenses",
			"type": "E"
		}
	},
	
	{
		"model": "accountings.Acct",
		"pk": 93,
		"fields": {
			"account_number": 581000,
			"description": "Foreign Exchange Loss",
			"type": "E"
		}
	},
	
	{
		"model": "accountings.Acct",
		"pk": 94,
		"fields": {
			"account_number": 211000,
			"description": "Accrued Income Tax - Federal",
			"type": "L"
		}
	},
	
	{
		"model": "accountings.Acct",
		"pk": 95,
		"fields": {
			"account_number": 212000,
			"description": "Accrued Income Tax - State",
			"type": "L"
		}
	},
	
	{
		"model": "accountings.Acct",
		"pk": 96,
		"fields": {
			"account_number": 213000,
			"description": "Accrued Franchise Tax",
			"type": "L"
		}
	},
	
	{
		"model": "accountings.Acct",
		"pk": 97,
		"fields": {
			"account_number": 214000,
			"description": "Accrued Real & Personal Prop Tax",
			"type": "L"
		}
	},
	
	{
		"model": "accountings.Acct",
		"pk": 98,
		"fields": {
			"account_number": 215000,
			"description": "Sales Tax",
			"type": "L"
		}
	},
	
	{
		"model": "accountings.Acct",
		"pk": 99,
		"fields": {
			"account_number": 216000,
			"description": "Accrued Use Tax Payable",
			"type": "L"
		}
	},
	
	{
		"model": "accountings.Acct",
		"pk": 100,
		"fields": {
			"account_number": 221000,
			"description": "Accrued Wages",
			"type": "L"
		}
	},
	
	{
		"model": "accountings.Acct",
		"pk": 101,
		"fields": {
			"account_number": 222000,
			"description": "Accrued Comp Time",
			"type": "L"
		}
	},
	
	{
		"model": "accountings.Acct",
		"pk": 102,
		"fields": {
			"account_number": 223000,
			"description": "Accrued Holiday Pay",
			"type": "L"
		}
	},
	
	{
		"model": "accountings.Acct",
		"pk": 103,
		"fields": {
			"account_number": 224000,
			"description": "Accrued Vacation Pay",
			"type": "L"
		}
	},
	
	{
		"model": "accountings.Acct",
		"pk": 104,
		"fields": {
			"account_number": 231000,
			"description": "Accr. Benefits - 401K",
			"type": "L"
		}
	},
	
	{
		"model": "accountings.Acct",
		"pk": 105,
		"fields": {
			"account_number": 232000,
			"description": "Accr. Benefits - Stock Purchase",
			"type": "L"
		}
	},
	
	{
		"model": "accountings.Acct",
		"pk": 106,
		"fields": {
			"account_number": 233000,
			"description": "Accr. Benefits - Med, Den",
			"type": "L"
		}
	},
	
	{
		"model": "accountings.Acct",
		"pk": 107,
		"fields": {
			"account_number": 234000,
			"description": "Accr. Benefits - Payroll Taxes",
			"type": "L"
		}
	},
	
	{
		"model": "accountings.Acct",
		"pk": 108,
		"fields": {
			"account_number": 235000,
			"description": "Accr. Benefits - Credit Union",
			"type": "L"
		}
	},
	
	{
		"model": "accountings.Acct",
		"pk": 109,
		"fields": {
			"account_number": 236000,
			"description": "Accr. Benefits - Savings Bond",
			"type": "L"
		}
	},
	
	{
		"model": "accountings.Acct",
		"pk": 110,
		"fields": {
			"account_number": 237000,
			"description": "Accr. Benefits - Garnish",
			"type": "L"
		}
	},
	
	{
		"model": "accountings.Acct",
		"pk": 111,
		"fields": {
			"account_number": 238000,
			"description": "Accr. Benefits - Charity Cont.",
			"type": "L"
		}
	},
	
	{
		"model": "accountings.Acct",
		"pk": 112,
		"fields": {
			"account_number": 542000,
			"description": "Wages - Overtime",
			"type": "E"
		}
	},
	
	{
		"model": "accountings.Acct",
		"pk": 113,
		"fields": {
			"account_number":543000 ,
			"description": "Benefits - Comp Time",
			"type": "E"
		}
	},
	
	{
		"model": "accountings.Acct",
		"pk": 114,
		"fields": {
			"account_number": 544000,
			"description": "Benefits - Payroll Taxes",
			"type": "E"
		}
	},
	
	{
		"model": "accountings.Acct",
		"pk": 115,
		"fields": {
			"account_number": 545000,
			"description": "Benefits - Workers Comp",
			"type": "E"
		}
	},
	
	{
		"model": "accountings.Acct",
		"pk": 117,
		"fields": {
			"account_number": 546000,
			"description": "Benefits - Pension",
			"type": "E"
		}
	},
	
	{
		"model": "accountings.Acct",
		"pk": 118,
		"fields": {
			"account_number": 547000,
			"description": "Benefits - General Benefits",
			"type": "E"
		}
	},
	
	{
		"model": "accountings.Acct",
		"pk": 119,
		"fields": {
			"account_number": 551000,
			"description": "Inc Tax Exp - Federal",
			"type": "E"
		}
	},
	
	{
		"model": "accountings.Acct",
		"pk": 120,
		"fields": {
			"account_number": 552000,
			"description": "Inc Tax Exp - State",
			"type": "E"
		}
	},
	
	{
		"model": "accountings.Acct",
		"pk": 121,
		"fields": {
			"account_number": 553000,
			"description": "Taxes - Real Estate",
			"type": "E"
		}
	},
	
	{
		"model": "accountings.Acct",
		"pk": 122,
		"fields": {
			"account_number": 554000,
			"description": "Taxes - Personal Property",
			"type": "E"
		}
	},
	
	{
		"model": "accountings.Acct",
		"pk": 123,
		"fields": {
			"account_number": 555000,
			"description": "Taxes - Franchise",
			"type": "E"
		}
	},
	
	{
		"model": "accountings.Acct",
		"pk": 124,
		"fields": {
			"account_number": 556000,
			"description": "Taxes - Foreign Withholding",
			"type": "E"
		}
	}
	
]