<assembly xmlns="http://maven.apache.org/plugins/maven-assembly-plugin/assembly/1.1.2" 
  xmlns:xsi="http://www.w3.org/2001/XMLSchema-instance"
  xsi:schemaLocation="http://maven.apache.org/plugins/maven-assembly-plugin/assembly/1.1.2 http://maven.apache.org/xsd/assembly-1.1.2.xsd">
  <id>bluemix</id>
  <formats>
    <format>dir</format>
  </formats>
  <fileSets>
      <fileSet>
          <directory>${project.basedir}/src/main/libertyserver/defaultServer</directory>
          <outputDirectory>/</outputDirectory>
      </fileSet>
  </fileSets>
  <files>
      <file>
          <source>${project.build.directory}/${artifactId}-${version}.war</source>
          <destName>apps/myapp.war</destName>
      </file>
  </files>
</assembly>
