﻿<?xml version="1.0" encoding="UTF-8"?>
<MetaDataObject xmlns="http://v8.1c.ru/8.3/MDClasses" xmlns:app="http://v8.1c.ru/8.2/managed-application/core" xmlns:cfg="http://v8.1c.ru/8.1/data/enterprise/current-config" xmlns:cmi="http://v8.1c.ru/8.2/managed-application/cmi" xmlns:ent="http://v8.1c.ru/8.1/data/enterprise" xmlns:lf="http://v8.1c.ru/8.2/managed-application/logform" xmlns:style="http://v8.1c.ru/8.1/data/ui/style" xmlns:sys="http://v8.1c.ru/8.1/data/ui/fonts/system" xmlns:v8="http://v8.1c.ru/8.1/data/core" xmlns:v8ui="http://v8.1c.ru/8.1/data/ui" xmlns:web="http://v8.1c.ru/8.1/data/ui/colors/web" xmlns:win="http://v8.1c.ru/8.1/data/ui/colors/windows" xmlns:xen="http://v8.1c.ru/8.3/xcf/enums" xmlns:xpr="http://v8.1c.ru/8.3/xcf/predef" xmlns:xr="http://v8.1c.ru/8.3/xcf/readable" xmlns:xs="http://www.w3.org/2001/XMLSchema" xmlns:xsi="http://www.w3.org/2001/XMLSchema-instance">
	<Recalculation uuid="b224c073-a11c-47da-8cf0-3efc1629b71a">
		<InnerInfo>
			<xr:producedType name="RecalculationRecord.ПерерасчетНалогов" category="Record">
				<xr:typeId>2c19fc39-9b9e-427c-b657-f04d0609735c</xr:typeId>
				<xr:valTypeId>bb7f274c-38bf-43df-beef-4b06c273df04</xr:valTypeId>
			</xr:producedType>
			<xr:producedType name="RecalculationManager.ПерерасчетНалогов" category="Manager">
				<xr:typeId>44e5cc71-213e-4192-b11d-2fa1a944a00c</xr:typeId>
				<xr:valTypeId>1149b39f-9c48-4531-90d9-a85126a96562</xr:valTypeId>
			</xr:producedType>
			<xr:producedType name="RecalculationRecordSet.ПерерасчетНалогов" category="RecordSet">
				<xr:typeId>f92c23ec-03df-4702-acfc-193e815052d1</xr:typeId>
				<xr:valTypeId>ca783ec0-a6f9-48cb-9916-532f56ca0cd5</xr:valTypeId>
			</xr:producedType>
		</InnerInfo>
		<Properties>
			<Name>ПерерасчетНалогов</Name>
			<Synonym>
				<v8:item>
					<v8:lang>ru</v8:lang>
					<v8:content>Перерасчет налогов</v8:content>
				</v8:item>
			</Synonym>
			<Comment/>
			<DataLockControlMode>Automatic</DataLockControlMode>
		</Properties>
		<ChildObjects>
			<Dimension uuid="a9c6dfd2-da29-46dc-8880-373bf7a8d494">
				<Properties>
					<Name>Сотрудник</Name>
					<Synonym>
						<v8:item>
							<v8:lang>ru</v8:lang>
							<v8:content>Сотрудник</v8:content>
						</v8:item>
					</Synonym>
					<Comment/>
					<RegisterDimension>CalculationRegister.РегистрРасчета.Dimension.Сотрудник</RegisterDimension>
					<LeadingRegisterData>
						<xr:item xsi:type="xr:MDObjectRef">CalculationRegister.РегистрРасчета.Dimension.Сотрудник</xr:item>
					</LeadingRegisterData>
				</Properties>
			</Dimension>
		</ChildObjects>
	</Recalculation>
</MetaDataObject>