﻿<?xml version="1.0" encoding="UTF-8"?>
<predefinedData xmlns="http://v8.1c.ru/8.3/xcf/predef" xmlns:v8="http://v8.1c.ru/8.1/data/core" xmlns:xr="http://v8.1c.ru/8.3/xcf/readable" xmlns:xs="http://www.w3.org/2001/XMLSchema" xmlns:xsi="http://www.w3.org/2001/XMLSchema-instance" xsi:type="PlanOfCharacteristicKindPredefined">
	<item id="45dc83db-d226-11d7-959c-0040f4634aec">
		<isFolder>false</isFolder>
		<name>ВидыДоходовЕСН</name>
		<code>00001</code>
		<description>Виды доходов ЕСН</description>
		<type>
			<v8:Type xmlns:d4p1="http://v8.1c.ru/8.1/data/enterprise/current-config">d4p1:CatalogRef.ВидыДоходовДляСтраховыхВзносов</v8:Type>
			<v8:Type xmlns:d4p1="http://v8.1c.ru/8.1/data/enterprise/current-config">d4p1:EnumRef.ОтношениеКЕСН</v8:Type>
		</type>
	</item>
	<item id="cce724de-0ae2-4d97-b046-06fb23a6f23f">
		<isFolder>false</isFolder>
		<name>Должности</name>
		<code>00002</code>
		<description>Должности</description>
		<type>
			<v8:Type xmlns:d4p1="http://v8.1c.ru/8.1/data/enterprise/current-config">d4p1:CatalogRef.Должности</v8:Type>
		</type>
	</item>
	<item id="90a239d8-ab4d-11d7-b97a-f94c00ee8d2d">
		<isFolder>false</isFolder>
		<name>ВидыДоходов</name>
		<code>00003</code>
		<description>Доходы</description>
		<type>
			<v8:Type xmlns:d4p1="http://v8.1c.ru/8.1/data/enterprise/current-config">d4p1:CatalogRef.ВидыДоходов</v8:Type>
		</type>
	</item>
	<item id="3b3b6d9b-20d2-11d8-959d-0040f4634aec">
		<isFolder>false</isFolder>
		<name>Информация1</name>
		<code>00004</code>
		<description>Информация1</description>
		<type>
			<v8:Type xmlns:d4p1="http://v8.1c.ru/8.1/data/enterprise/current-config">d4p1:EnumRef.НалоговыеРежимы</v8:Type>
			<v8:Type xmlns:d4p1="http://v8.1c.ru/8.1/data/enterprise/current-config">d4p1:DocumentRef.ВхСальдо</v8:Type>
			<v8:Type xmlns:d4p1="http://v8.1c.ru/8.1/data/enterprise/current-config">d4p1:DocumentRef.Изменения</v8:Type>
			<v8:Type xmlns:d4p1="http://v8.1c.ru/8.1/data/enterprise/current-config">d4p1:CatalogRef.СтатьиТК</v8:Type>
			<v8:Type xmlns:d4p1="http://v8.1c.ru/8.1/data/enterprise/current-config">d4p1:DocumentRef.НачалоМесяца</v8:Type>
			<v8:Type xmlns:d4p1="http://v8.1c.ru/8.1/data/enterprise/current-config">d4p1:DocumentRef.Увольнение</v8:Type>
			<v8:Type xmlns:d4p1="http://v8.1c.ru/8.1/data/enterprise/current-config">d4p1:EnumRef.ОтношениеКЕСН</v8:Type>
			<v8:Type xmlns:d4p1="http://v8.1c.ru/8.1/data/enterprise/current-config">d4p1:CatalogRef.Документы</v8:Type>
			<v8:Type xmlns:d4p1="http://v8.1c.ru/8.1/data/enterprise/current-config">d4p1:CatalogRef.ВидыВычетов</v8:Type>
			<v8:Type xmlns:d4p1="http://v8.1c.ru/8.1/data/enterprise/current-config">d4p1:CatalogRef.ВидыБольничного</v8:Type>
			<v8:Type xmlns:d4p1="http://v8.1c.ru/8.1/data/enterprise/current-config">d4p1:CatalogRef.ВидыКонтактнойИнформации</v8:Type>
			<v8:Type xmlns:d4p1="http://v8.1c.ru/8.1/data/enterprise/current-config">d4p1:DocumentRef.КонецМесяца</v8:Type>
			<v8:Type xmlns:d4p1="http://v8.1c.ru/8.1/data/enterprise/current-config">d4p1:CatalogRef.ВидыВремени</v8:Type>
			<v8:Type xmlns:d4p1="http://v8.1c.ru/8.1/data/enterprise/current-config">d4p1:CatalogRef.ИсполнительныеЛисты</v8:Type>
			<v8:Type xmlns:d4p1="http://v8.1c.ru/8.1/data/enterprise/current-config">d4p1:CatalogRef.Контрагенты</v8:Type>
			<v8:Type xmlns:d4p1="http://v8.1c.ru/8.1/data/enterprise/current-config">d4p1:EnumRef.СпособыВыплатПоИл</v8:Type>
			<v8:Type xmlns:d4p1="http://v8.1c.ru/8.1/data/enterprise/current-config">d4p1:CatalogRef.СписокСотрудников</v8:Type>
			<v8:Type xmlns:d4p1="http://v8.1c.ru/8.1/data/enterprise/current-config">d4p1:CatalogRef.Работы</v8:Type>
			<v8:Type xmlns:d4p1="http://v8.1c.ru/8.1/data/enterprise/current-config">d4p1:CatalogRef.ОбработчикиДокументов</v8:Type>
			<v8:Type xmlns:d4p1="http://v8.1c.ru/8.1/data/enterprise/current-config">d4p1:CatalogRef.Категории</v8:Type>
			<v8:Type xmlns:d4p1="http://v8.1c.ru/8.1/data/enterprise/current-config">d4p1:CatalogRef.Должности</v8:Type>
			<v8:Type xmlns:d4p1="http://v8.1c.ru/8.1/data/enterprise/current-config">d4p1:CatalogRef.Субконто</v8:Type>
			<v8:Type xmlns:d4p1="http://v8.1c.ru/8.1/data/enterprise/current-config">d4p1:CatalogRef.СтатьиУдержаний</v8:Type>
			<v8:Type xmlns:d4p1="http://v8.1c.ru/8.1/data/enterprise/current-config">d4p1:CatalogRef.Табели</v8:Type>
			<v8:Type xmlns:d4p1="http://v8.1c.ru/8.1/data/enterprise/current-config">d4p1:EnumRef.ДниЧасы</v8:Type>
			<v8:Type xmlns:d4p1="http://v8.1c.ru/8.1/data/enterprise/current-config">d4p1:CatalogRef.Подразделения</v8:Type>
			<v8:Type xmlns:d4p1="http://v8.1c.ru/8.1/data/enterprise/current-config">d4p1:CatalogRef.Начисления</v8:Type>
			<v8:Type xmlns:d4p1="http://v8.1c.ru/8.1/data/enterprise/current-config">d4p1:CatalogRef.СтатьиЗатрат</v8:Type>
			<v8:Type xmlns:d4p1="http://v8.1c.ru/8.1/data/enterprise/current-config">d4p1:CatalogRef.Удержания</v8:Type>
			<v8:Type xmlns:d4p1="http://v8.1c.ru/8.1/data/enterprise/current-config">d4p1:CatalogRef.ПрочиеДоходы</v8:Type>
			<v8:Type xmlns:d4p1="http://v8.1c.ru/8.1/data/enterprise/current-config">d4p1:CatalogRef.Отчисления</v8:Type>
			<v8:Type xmlns:d4p1="http://v8.1c.ru/8.1/data/enterprise/current-config">d4p1:EnumRef.СистемыОплаты</v8:Type>
			<v8:Type xmlns:d4p1="http://v8.1c.ru/8.1/data/enterprise/current-config">d4p1:EnumRef.СпособыВхождения</v8:Type>
			<v8:Type xmlns:d4p1="http://v8.1c.ru/8.1/data/enterprise/current-config">d4p1:DocumentRef.Табель</v8:Type>
			<v8:Type xmlns:d4p1="http://v8.1c.ru/8.1/data/enterprise/current-config">d4p1:CatalogRef.ВидыОтпуска</v8:Type>
			<v8:Type xmlns:d4p1="http://v8.1c.ru/8.1/data/enterprise/current-config">d4p1:DocumentRef.Договор</v8:Type>
			<v8:Type xmlns:d4p1="http://v8.1c.ru/8.1/data/enterprise/current-config">d4p1:DocumentRef.Прием</v8:Type>
			<v8:Type xmlns:d4p1="http://v8.1c.ru/8.1/data/enterprise/current-config">d4p1:DocumentRef.Выплата</v8:Type>
			<v8:Type xmlns:d4p1="http://v8.1c.ru/8.1/data/enterprise/current-config">d4p1:EnumRef.ПризнакВыплаты</v8:Type>
			<v8:Type xmlns:d4p1="http://v8.1c.ru/8.1/data/enterprise/current-config">d4p1:CatalogRef.Выплаты</v8:Type>
			<v8:Type xmlns:d4p1="http://v8.1c.ru/8.1/data/enterprise/current-config">d4p1:CatalogRef.ВидыДоходов</v8:Type>
			<v8:Type xmlns:d4p1="http://v8.1c.ru/8.1/data/enterprise/current-config">d4p1:CatalogRef.ТипыДоходов</v8:Type>
			<v8:Type xmlns:d4p1="http://v8.1c.ru/8.1/data/enterprise/current-config">d4p1:CatalogRef.ВидыСкидок</v8:Type>
			<v8:Type xmlns:d4p1="http://v8.1c.ru/8.1/data/enterprise/current-config">d4p1:ChartOfCharacteristicTypesRef.ВидыСубконто</v8:Type>
			<v8:Type xmlns:d4p1="http://v8.1c.ru/8.1/data/enterprise/current-config">d4p1:CatalogRef.Сотрудники</v8:Type>
			<v8:Type xmlns:d4p1="http://v8.1c.ru/8.1/data/enterprise/current-config">d4p1:EnumRef.Пол</v8:Type>
			<v8:Type xmlns:d4p1="http://v8.1c.ru/8.1/data/enterprise/current-config">d4p1:EnumRef.ТипыРегионов</v8:Type>
			<v8:Type xmlns:d4p1="http://v8.1c.ru/8.1/data/enterprise/current-config">d4p1:DocumentRef.Удержание</v8:Type>
			<v8:Type xmlns:d4p1="http://v8.1c.ru/8.1/data/enterprise/current-config">d4p1:DocumentRef.НачПростое</v8:Type>
			<v8:Type xmlns:d4p1="http://v8.1c.ru/8.1/data/enterprise/current-config">d4p1:DocumentRef.НДФЛ</v8:Type>
		</type>
	</item>
	<item id="3b3b6e60-20d2-11d8-959d-0040f4634aec">
		<isFolder>false</isFolder>
		<name>Информация2</name>
		<code>00005</code>
		<description>Информация2</description>
		<type>
			<v8:Type xmlns:d4p1="http://v8.1c.ru/8.1/data/enterprise/current-config">d4p1:EnumRef.НалоговыеРежимы</v8:Type>
			<v8:Type xmlns:d4p1="http://v8.1c.ru/8.1/data/enterprise/current-config">d4p1:DocumentRef.ВхСальдо</v8:Type>
			<v8:Type xmlns:d4p1="http://v8.1c.ru/8.1/data/enterprise/current-config">d4p1:DocumentRef.Изменения</v8:Type>
			<v8:Type xmlns:d4p1="http://v8.1c.ru/8.1/data/enterprise/current-config">d4p1:CatalogRef.СтатьиТК</v8:Type>
			<v8:Type xmlns:d4p1="http://v8.1c.ru/8.1/data/enterprise/current-config">d4p1:DocumentRef.НачалоМесяца</v8:Type>
			<v8:Type xmlns:d4p1="http://v8.1c.ru/8.1/data/enterprise/current-config">d4p1:DocumentRef.Увольнение</v8:Type>
			<v8:Type xmlns:d4p1="http://v8.1c.ru/8.1/data/enterprise/current-config">d4p1:EnumRef.ОтношениеКЕСН</v8:Type>
			<v8:Type xmlns:d4p1="http://v8.1c.ru/8.1/data/enterprise/current-config">d4p1:CatalogRef.Документы</v8:Type>
			<v8:Type xmlns:d4p1="http://v8.1c.ru/8.1/data/enterprise/current-config">d4p1:CatalogRef.ВидыВычетов</v8:Type>
			<v8:Type xmlns:d4p1="http://v8.1c.ru/8.1/data/enterprise/current-config">d4p1:CatalogRef.ВидыБольничного</v8:Type>
			<v8:Type xmlns:d4p1="http://v8.1c.ru/8.1/data/enterprise/current-config">d4p1:CatalogRef.ВидыКонтактнойИнформации</v8:Type>
			<v8:Type xmlns:d4p1="http://v8.1c.ru/8.1/data/enterprise/current-config">d4p1:DocumentRef.КонецМесяца</v8:Type>
			<v8:Type xmlns:d4p1="http://v8.1c.ru/8.1/data/enterprise/current-config">d4p1:CatalogRef.ВидыВремени</v8:Type>
			<v8:Type xmlns:d4p1="http://v8.1c.ru/8.1/data/enterprise/current-config">d4p1:CatalogRef.ИсполнительныеЛисты</v8:Type>
			<v8:Type xmlns:d4p1="http://v8.1c.ru/8.1/data/enterprise/current-config">d4p1:CatalogRef.Контрагенты</v8:Type>
			<v8:Type xmlns:d4p1="http://v8.1c.ru/8.1/data/enterprise/current-config">d4p1:EnumRef.СпособыВыплатПоИл</v8:Type>
			<v8:Type xmlns:d4p1="http://v8.1c.ru/8.1/data/enterprise/current-config">d4p1:CatalogRef.СписокСотрудников</v8:Type>
			<v8:Type xmlns:d4p1="http://v8.1c.ru/8.1/data/enterprise/current-config">d4p1:CatalogRef.Работы</v8:Type>
			<v8:Type xmlns:d4p1="http://v8.1c.ru/8.1/data/enterprise/current-config">d4p1:CatalogRef.ОбработчикиДокументов</v8:Type>
			<v8:Type xmlns:d4p1="http://v8.1c.ru/8.1/data/enterprise/current-config">d4p1:CatalogRef.Категории</v8:Type>
			<v8:Type xmlns:d4p1="http://v8.1c.ru/8.1/data/enterprise/current-config">d4p1:CatalogRef.Должности</v8:Type>
			<v8:Type xmlns:d4p1="http://v8.1c.ru/8.1/data/enterprise/current-config">d4p1:CatalogRef.Субконто</v8:Type>
			<v8:Type xmlns:d4p1="http://v8.1c.ru/8.1/data/enterprise/current-config">d4p1:CatalogRef.СтатьиУдержаний</v8:Type>
			<v8:Type xmlns:d4p1="http://v8.1c.ru/8.1/data/enterprise/current-config">d4p1:CatalogRef.Табели</v8:Type>
			<v8:Type xmlns:d4p1="http://v8.1c.ru/8.1/data/enterprise/current-config">d4p1:EnumRef.ДниЧасы</v8:Type>
			<v8:Type xmlns:d4p1="http://v8.1c.ru/8.1/data/enterprise/current-config">d4p1:CatalogRef.Подразделения</v8:Type>
			<v8:Type xmlns:d4p1="http://v8.1c.ru/8.1/data/enterprise/current-config">d4p1:CatalogRef.Начисления</v8:Type>
			<v8:Type xmlns:d4p1="http://v8.1c.ru/8.1/data/enterprise/current-config">d4p1:CatalogRef.СтатьиЗатрат</v8:Type>
			<v8:Type xmlns:d4p1="http://v8.1c.ru/8.1/data/enterprise/current-config">d4p1:CatalogRef.Удержания</v8:Type>
			<v8:Type xmlns:d4p1="http://v8.1c.ru/8.1/data/enterprise/current-config">d4p1:CatalogRef.ПрочиеДоходы</v8:Type>
			<v8:Type xmlns:d4p1="http://v8.1c.ru/8.1/data/enterprise/current-config">d4p1:CatalogRef.Отчисления</v8:Type>
			<v8:Type xmlns:d4p1="http://v8.1c.ru/8.1/data/enterprise/current-config">d4p1:EnumRef.СистемыОплаты</v8:Type>
			<v8:Type xmlns:d4p1="http://v8.1c.ru/8.1/data/enterprise/current-config">d4p1:EnumRef.СпособыВхождения</v8:Type>
			<v8:Type xmlns:d4p1="http://v8.1c.ru/8.1/data/enterprise/current-config">d4p1:DocumentRef.Табель</v8:Type>
			<v8:Type xmlns:d4p1="http://v8.1c.ru/8.1/data/enterprise/current-config">d4p1:CatalogRef.ВидыОтпуска</v8:Type>
			<v8:Type xmlns:d4p1="http://v8.1c.ru/8.1/data/enterprise/current-config">d4p1:DocumentRef.Договор</v8:Type>
			<v8:Type xmlns:d4p1="http://v8.1c.ru/8.1/data/enterprise/current-config">d4p1:DocumentRef.Прием</v8:Type>
			<v8:Type xmlns:d4p1="http://v8.1c.ru/8.1/data/enterprise/current-config">d4p1:DocumentRef.Выплата</v8:Type>
			<v8:Type xmlns:d4p1="http://v8.1c.ru/8.1/data/enterprise/current-config">d4p1:EnumRef.ПризнакВыплаты</v8:Type>
			<v8:Type xmlns:d4p1="http://v8.1c.ru/8.1/data/enterprise/current-config">d4p1:CatalogRef.Выплаты</v8:Type>
			<v8:Type xmlns:d4p1="http://v8.1c.ru/8.1/data/enterprise/current-config">d4p1:CatalogRef.ВидыДоходов</v8:Type>
			<v8:Type xmlns:d4p1="http://v8.1c.ru/8.1/data/enterprise/current-config">d4p1:CatalogRef.ТипыДоходов</v8:Type>
			<v8:Type xmlns:d4p1="http://v8.1c.ru/8.1/data/enterprise/current-config">d4p1:CatalogRef.ВидыСкидок</v8:Type>
			<v8:Type xmlns:d4p1="http://v8.1c.ru/8.1/data/enterprise/current-config">d4p1:ChartOfCharacteristicTypesRef.ВидыСубконто</v8:Type>
			<v8:Type xmlns:d4p1="http://v8.1c.ru/8.1/data/enterprise/current-config">d4p1:CatalogRef.Сотрудники</v8:Type>
			<v8:Type xmlns:d4p1="http://v8.1c.ru/8.1/data/enterprise/current-config">d4p1:EnumRef.Пол</v8:Type>
			<v8:Type xmlns:d4p1="http://v8.1c.ru/8.1/data/enterprise/current-config">d4p1:EnumRef.ТипыРегионов</v8:Type>
			<v8:Type xmlns:d4p1="http://v8.1c.ru/8.1/data/enterprise/current-config">d4p1:DocumentRef.Удержание</v8:Type>
			<v8:Type xmlns:d4p1="http://v8.1c.ru/8.1/data/enterprise/current-config">d4p1:DocumentRef.НачПростое</v8:Type>
			<v8:Type xmlns:d4p1="http://v8.1c.ru/8.1/data/enterprise/current-config">d4p1:DocumentRef.НДФЛ</v8:Type>
		</type>
	</item>
	<item id="3b3b6e61-20d2-11d8-959d-0040f4634aec">
		<isFolder>false</isFolder>
		<name>Информация3</name>
		<code>00006</code>
		<description>Информация3</description>
		<type>
			<v8:Type xmlns:d4p1="http://v8.1c.ru/8.1/data/enterprise/current-config">d4p1:EnumRef.НалоговыеРежимы</v8:Type>
			<v8:Type xmlns:d4p1="http://v8.1c.ru/8.1/data/enterprise/current-config">d4p1:DocumentRef.ВхСальдо</v8:Type>
			<v8:Type xmlns:d4p1="http://v8.1c.ru/8.1/data/enterprise/current-config">d4p1:DocumentRef.Изменения</v8:Type>
			<v8:Type xmlns:d4p1="http://v8.1c.ru/8.1/data/enterprise/current-config">d4p1:CatalogRef.СтатьиТК</v8:Type>
			<v8:Type xmlns:d4p1="http://v8.1c.ru/8.1/data/enterprise/current-config">d4p1:DocumentRef.НачалоМесяца</v8:Type>
			<v8:Type xmlns:d4p1="http://v8.1c.ru/8.1/data/enterprise/current-config">d4p1:DocumentRef.Увольнение</v8:Type>
			<v8:Type xmlns:d4p1="http://v8.1c.ru/8.1/data/enterprise/current-config">d4p1:EnumRef.ОтношениеКЕСН</v8:Type>
			<v8:Type xmlns:d4p1="http://v8.1c.ru/8.1/data/enterprise/current-config">d4p1:CatalogRef.Документы</v8:Type>
			<v8:Type xmlns:d4p1="http://v8.1c.ru/8.1/data/enterprise/current-config">d4p1:CatalogRef.ВидыВычетов</v8:Type>
			<v8:Type xmlns:d4p1="http://v8.1c.ru/8.1/data/enterprise/current-config">d4p1:CatalogRef.ВидыБольничного</v8:Type>
			<v8:Type xmlns:d4p1="http://v8.1c.ru/8.1/data/enterprise/current-config">d4p1:CatalogRef.ВидыКонтактнойИнформации</v8:Type>
			<v8:Type xmlns:d4p1="http://v8.1c.ru/8.1/data/enterprise/current-config">d4p1:DocumentRef.КонецМесяца</v8:Type>
			<v8:Type xmlns:d4p1="http://v8.1c.ru/8.1/data/enterprise/current-config">d4p1:CatalogRef.ВидыВремени</v8:Type>
			<v8:Type xmlns:d4p1="http://v8.1c.ru/8.1/data/enterprise/current-config">d4p1:CatalogRef.ИсполнительныеЛисты</v8:Type>
			<v8:Type xmlns:d4p1="http://v8.1c.ru/8.1/data/enterprise/current-config">d4p1:CatalogRef.Контрагенты</v8:Type>
			<v8:Type xmlns:d4p1="http://v8.1c.ru/8.1/data/enterprise/current-config">d4p1:EnumRef.СпособыВыплатПоИл</v8:Type>
			<v8:Type xmlns:d4p1="http://v8.1c.ru/8.1/data/enterprise/current-config">d4p1:CatalogRef.СписокСотрудников</v8:Type>
			<v8:Type xmlns:d4p1="http://v8.1c.ru/8.1/data/enterprise/current-config">d4p1:CatalogRef.Работы</v8:Type>
			<v8:Type xmlns:d4p1="http://v8.1c.ru/8.1/data/enterprise/current-config">d4p1:CatalogRef.ОбработчикиДокументов</v8:Type>
			<v8:Type xmlns:d4p1="http://v8.1c.ru/8.1/data/enterprise/current-config">d4p1:CatalogRef.Категории</v8:Type>
			<v8:Type xmlns:d4p1="http://v8.1c.ru/8.1/data/enterprise/current-config">d4p1:CatalogRef.Должности</v8:Type>
			<v8:Type xmlns:d4p1="http://v8.1c.ru/8.1/data/enterprise/current-config">d4p1:CatalogRef.Субконто</v8:Type>
			<v8:Type xmlns:d4p1="http://v8.1c.ru/8.1/data/enterprise/current-config">d4p1:CatalogRef.СтатьиУдержаний</v8:Type>
			<v8:Type xmlns:d4p1="http://v8.1c.ru/8.1/data/enterprise/current-config">d4p1:CatalogRef.Табели</v8:Type>
			<v8:Type xmlns:d4p1="http://v8.1c.ru/8.1/data/enterprise/current-config">d4p1:EnumRef.ДниЧасы</v8:Type>
			<v8:Type xmlns:d4p1="http://v8.1c.ru/8.1/data/enterprise/current-config">d4p1:CatalogRef.Подразделения</v8:Type>
			<v8:Type xmlns:d4p1="http://v8.1c.ru/8.1/data/enterprise/current-config">d4p1:CatalogRef.Начисления</v8:Type>
			<v8:Type xmlns:d4p1="http://v8.1c.ru/8.1/data/enterprise/current-config">d4p1:CatalogRef.СтатьиЗатрат</v8:Type>
			<v8:Type xmlns:d4p1="http://v8.1c.ru/8.1/data/enterprise/current-config">d4p1:CatalogRef.Удержания</v8:Type>
			<v8:Type xmlns:d4p1="http://v8.1c.ru/8.1/data/enterprise/current-config">d4p1:CatalogRef.ПрочиеДоходы</v8:Type>
			<v8:Type xmlns:d4p1="http://v8.1c.ru/8.1/data/enterprise/current-config">d4p1:CatalogRef.Отчисления</v8:Type>
			<v8:Type xmlns:d4p1="http://v8.1c.ru/8.1/data/enterprise/current-config">d4p1:EnumRef.СистемыОплаты</v8:Type>
			<v8:Type xmlns:d4p1="http://v8.1c.ru/8.1/data/enterprise/current-config">d4p1:EnumRef.СпособыВхождения</v8:Type>
			<v8:Type xmlns:d4p1="http://v8.1c.ru/8.1/data/enterprise/current-config">d4p1:DocumentRef.Табель</v8:Type>
			<v8:Type xmlns:d4p1="http://v8.1c.ru/8.1/data/enterprise/current-config">d4p1:CatalogRef.ВидыОтпуска</v8:Type>
			<v8:Type xmlns:d4p1="http://v8.1c.ru/8.1/data/enterprise/current-config">d4p1:DocumentRef.Договор</v8:Type>
			<v8:Type xmlns:d4p1="http://v8.1c.ru/8.1/data/enterprise/current-config">d4p1:DocumentRef.Прием</v8:Type>
			<v8:Type xmlns:d4p1="http://v8.1c.ru/8.1/data/enterprise/current-config">d4p1:DocumentRef.Выплата</v8:Type>
			<v8:Type xmlns:d4p1="http://v8.1c.ru/8.1/data/enterprise/current-config">d4p1:EnumRef.ПризнакВыплаты</v8:Type>
			<v8:Type xmlns:d4p1="http://v8.1c.ru/8.1/data/enterprise/current-config">d4p1:CatalogRef.Выплаты</v8:Type>
			<v8:Type xmlns:d4p1="http://v8.1c.ru/8.1/data/enterprise/current-config">d4p1:CatalogRef.ВидыДоходов</v8:Type>
			<v8:Type xmlns:d4p1="http://v8.1c.ru/8.1/data/enterprise/current-config">d4p1:CatalogRef.ТипыДоходов</v8:Type>
			<v8:Type xmlns:d4p1="http://v8.1c.ru/8.1/data/enterprise/current-config">d4p1:CatalogRef.ВидыСкидок</v8:Type>
			<v8:Type xmlns:d4p1="http://v8.1c.ru/8.1/data/enterprise/current-config">d4p1:ChartOfCharacteristicTypesRef.ВидыСубконто</v8:Type>
			<v8:Type xmlns:d4p1="http://v8.1c.ru/8.1/data/enterprise/current-config">d4p1:CatalogRef.Сотрудники</v8:Type>
			<v8:Type xmlns:d4p1="http://v8.1c.ru/8.1/data/enterprise/current-config">d4p1:EnumRef.Пол</v8:Type>
			<v8:Type xmlns:d4p1="http://v8.1c.ru/8.1/data/enterprise/current-config">d4p1:EnumRef.ТипыРегионов</v8:Type>
			<v8:Type xmlns:d4p1="http://v8.1c.ru/8.1/data/enterprise/current-config">d4p1:DocumentRef.Удержание</v8:Type>
			<v8:Type xmlns:d4p1="http://v8.1c.ru/8.1/data/enterprise/current-config">d4p1:DocumentRef.НачПростое</v8:Type>
			<v8:Type xmlns:d4p1="http://v8.1c.ru/8.1/data/enterprise/current-config">d4p1:DocumentRef.НДФЛ</v8:Type>
		</type>
	</item>
	<item id="cfa7fb20-15d2-4660-a9f5-2ebc21b5096a">
		<isFolder>false</isFolder>
		<name>Информация4</name>
		<code>00007</code>
		<description>Информация4</description>
		<type>
			<v8:Type xmlns:d4p1="http://v8.1c.ru/8.1/data/enterprise/current-config">d4p1:EnumRef.НалоговыеРежимы</v8:Type>
			<v8:Type xmlns:d4p1="http://v8.1c.ru/8.1/data/enterprise/current-config">d4p1:DocumentRef.ВхСальдо</v8:Type>
			<v8:Type xmlns:d4p1="http://v8.1c.ru/8.1/data/enterprise/current-config">d4p1:DocumentRef.Изменения</v8:Type>
			<v8:Type xmlns:d4p1="http://v8.1c.ru/8.1/data/enterprise/current-config">d4p1:CatalogRef.СтатьиТК</v8:Type>
			<v8:Type xmlns:d4p1="http://v8.1c.ru/8.1/data/enterprise/current-config">d4p1:DocumentRef.НачалоМесяца</v8:Type>
			<v8:Type xmlns:d4p1="http://v8.1c.ru/8.1/data/enterprise/current-config">d4p1:DocumentRef.Увольнение</v8:Type>
			<v8:Type xmlns:d4p1="http://v8.1c.ru/8.1/data/enterprise/current-config">d4p1:CatalogRef.Периоды</v8:Type>
			<v8:Type xmlns:d4p1="http://v8.1c.ru/8.1/data/enterprise/current-config">d4p1:EnumRef.ОтношениеКЕСН</v8:Type>
			<v8:Type xmlns:d4p1="http://v8.1c.ru/8.1/data/enterprise/current-config">d4p1:CatalogRef.Документы</v8:Type>
			<v8:Type xmlns:d4p1="http://v8.1c.ru/8.1/data/enterprise/current-config">d4p1:CatalogRef.ВидыВычетов</v8:Type>
			<v8:Type xmlns:d4p1="http://v8.1c.ru/8.1/data/enterprise/current-config">d4p1:CatalogRef.ВидыБольничного</v8:Type>
			<v8:Type xmlns:d4p1="http://v8.1c.ru/8.1/data/enterprise/current-config">d4p1:CatalogRef.ВидыКонтактнойИнформации</v8:Type>
			<v8:Type xmlns:d4p1="http://v8.1c.ru/8.1/data/enterprise/current-config">d4p1:DocumentRef.КонецМесяца</v8:Type>
			<v8:Type xmlns:d4p1="http://v8.1c.ru/8.1/data/enterprise/current-config">d4p1:CatalogRef.ВидыВремени</v8:Type>
			<v8:Type xmlns:d4p1="http://v8.1c.ru/8.1/data/enterprise/current-config">d4p1:CatalogRef.ИсполнительныеЛисты</v8:Type>
			<v8:Type xmlns:d4p1="http://v8.1c.ru/8.1/data/enterprise/current-config">d4p1:CatalogRef.Контрагенты</v8:Type>
			<v8:Type xmlns:d4p1="http://v8.1c.ru/8.1/data/enterprise/current-config">d4p1:EnumRef.СпособыВыплатПоИл</v8:Type>
			<v8:Type xmlns:d4p1="http://v8.1c.ru/8.1/data/enterprise/current-config">d4p1:CatalogRef.СписокСотрудников</v8:Type>
			<v8:Type xmlns:d4p1="http://v8.1c.ru/8.1/data/enterprise/current-config">d4p1:CatalogRef.Работы</v8:Type>
			<v8:Type xmlns:d4p1="http://v8.1c.ru/8.1/data/enterprise/current-config">d4p1:CatalogRef.ОбработчикиДокументов</v8:Type>
			<v8:Type xmlns:d4p1="http://v8.1c.ru/8.1/data/enterprise/current-config">d4p1:CatalogRef.Категории</v8:Type>
			<v8:Type xmlns:d4p1="http://v8.1c.ru/8.1/data/enterprise/current-config">d4p1:CatalogRef.Должности</v8:Type>
			<v8:Type xmlns:d4p1="http://v8.1c.ru/8.1/data/enterprise/current-config">d4p1:CatalogRef.Субконто</v8:Type>
			<v8:Type xmlns:d4p1="http://v8.1c.ru/8.1/data/enterprise/current-config">d4p1:CatalogRef.СтатьиУдержаний</v8:Type>
			<v8:Type xmlns:d4p1="http://v8.1c.ru/8.1/data/enterprise/current-config">d4p1:CatalogRef.Табели</v8:Type>
			<v8:Type xmlns:d4p1="http://v8.1c.ru/8.1/data/enterprise/current-config">d4p1:EnumRef.ДниЧасы</v8:Type>
			<v8:Type xmlns:d4p1="http://v8.1c.ru/8.1/data/enterprise/current-config">d4p1:CatalogRef.Подразделения</v8:Type>
			<v8:Type xmlns:d4p1="http://v8.1c.ru/8.1/data/enterprise/current-config">d4p1:CatalogRef.Начисления</v8:Type>
			<v8:Type xmlns:d4p1="http://v8.1c.ru/8.1/data/enterprise/current-config">d4p1:CatalogRef.СтатьиЗатрат</v8:Type>
			<v8:Type xmlns:d4p1="http://v8.1c.ru/8.1/data/enterprise/current-config">d4p1:CatalogRef.Удержания</v8:Type>
			<v8:Type xmlns:d4p1="http://v8.1c.ru/8.1/data/enterprise/current-config">d4p1:CatalogRef.ПрочиеДоходы</v8:Type>
			<v8:Type xmlns:d4p1="http://v8.1c.ru/8.1/data/enterprise/current-config">d4p1:CatalogRef.Отчисления</v8:Type>
			<v8:Type xmlns:d4p1="http://v8.1c.ru/8.1/data/enterprise/current-config">d4p1:EnumRef.СистемыОплаты</v8:Type>
			<v8:Type xmlns:d4p1="http://v8.1c.ru/8.1/data/enterprise/current-config">d4p1:EnumRef.СпособыВхождения</v8:Type>
			<v8:Type xmlns:d4p1="http://v8.1c.ru/8.1/data/enterprise/current-config">d4p1:DocumentRef.Табель</v8:Type>
			<v8:Type xmlns:d4p1="http://v8.1c.ru/8.1/data/enterprise/current-config">d4p1:CatalogRef.ВидыОтпуска</v8:Type>
			<v8:Type xmlns:d4p1="http://v8.1c.ru/8.1/data/enterprise/current-config">d4p1:DocumentRef.Договор</v8:Type>
			<v8:Type xmlns:d4p1="http://v8.1c.ru/8.1/data/enterprise/current-config">d4p1:DocumentRef.Прием</v8:Type>
			<v8:Type xmlns:d4p1="http://v8.1c.ru/8.1/data/enterprise/current-config">d4p1:CatalogRef.ИсточникиДоходов</v8:Type>
			<v8:Type xmlns:d4p1="http://v8.1c.ru/8.1/data/enterprise/current-config">d4p1:DocumentRef.Выплата</v8:Type>
			<v8:Type xmlns:d4p1="http://v8.1c.ru/8.1/data/enterprise/current-config">d4p1:EnumRef.ПризнакВыплаты</v8:Type>
			<v8:Type xmlns:d4p1="http://v8.1c.ru/8.1/data/enterprise/current-config">d4p1:CatalogRef.Выплаты</v8:Type>
			<v8:Type xmlns:d4p1="http://v8.1c.ru/8.1/data/enterprise/current-config">d4p1:CatalogRef.ВидыДоходов</v8:Type>
			<v8:Type xmlns:d4p1="http://v8.1c.ru/8.1/data/enterprise/current-config">d4p1:CatalogRef.ТипыДоходов</v8:Type>
			<v8:Type xmlns:d4p1="http://v8.1c.ru/8.1/data/enterprise/current-config">d4p1:CatalogRef.ВидыСкидок</v8:Type>
			<v8:Type xmlns:d4p1="http://v8.1c.ru/8.1/data/enterprise/current-config">d4p1:CatalogRef.Сотрудники</v8:Type>
			<v8:Type xmlns:d4p1="http://v8.1c.ru/8.1/data/enterprise/current-config">d4p1:EnumRef.Пол</v8:Type>
			<v8:Type xmlns:d4p1="http://v8.1c.ru/8.1/data/enterprise/current-config">d4p1:EnumRef.ТипыРегионов</v8:Type>
			<v8:Type xmlns:d4p1="http://v8.1c.ru/8.1/data/enterprise/current-config">d4p1:DocumentRef.Удержание</v8:Type>
			<v8:Type xmlns:d4p1="http://v8.1c.ru/8.1/data/enterprise/current-config">d4p1:DocumentRef.НачПростое</v8:Type>
			<v8:Type xmlns:d4p1="http://v8.1c.ru/8.1/data/enterprise/current-config">d4p1:DocumentRef.НДФЛ</v8:Type>
		</type>
	</item>
	<item id="38b8b5f2-bab0-4720-99db-8b7e07b6ffbf">
		<isFolder>false</isFolder>
		<name>Информация5</name>
		<code>00008</code>
		<description>Информация5</description>
		<type>
			<v8:Type xmlns:d4p1="http://v8.1c.ru/8.1/data/enterprise/current-config">d4p1:DocumentRef.ВхСальдо</v8:Type>
			<v8:Type xmlns:d4p1="http://v8.1c.ru/8.1/data/enterprise/current-config">d4p1:DocumentRef.Изменения</v8:Type>
			<v8:Type xmlns:d4p1="http://v8.1c.ru/8.1/data/enterprise/current-config">d4p1:CatalogRef.СтатьиТК</v8:Type>
			<v8:Type xmlns:d4p1="http://v8.1c.ru/8.1/data/enterprise/current-config">d4p1:DocumentRef.НачалоМесяца</v8:Type>
			<v8:Type xmlns:d4p1="http://v8.1c.ru/8.1/data/enterprise/current-config">d4p1:DocumentRef.Увольнение</v8:Type>
			<v8:Type xmlns:d4p1="http://v8.1c.ru/8.1/data/enterprise/current-config">d4p1:CatalogRef.Периоды</v8:Type>
			<v8:Type xmlns:d4p1="http://v8.1c.ru/8.1/data/enterprise/current-config">d4p1:CatalogRef.Документы</v8:Type>
			<v8:Type xmlns:d4p1="http://v8.1c.ru/8.1/data/enterprise/current-config">d4p1:CatalogRef.ВидыВычетов</v8:Type>
			<v8:Type xmlns:d4p1="http://v8.1c.ru/8.1/data/enterprise/current-config">d4p1:CatalogRef.ВидыБольничного</v8:Type>
			<v8:Type xmlns:d4p1="http://v8.1c.ru/8.1/data/enterprise/current-config">d4p1:CatalogRef.ВидыКонтактнойИнформации</v8:Type>
			<v8:Type xmlns:d4p1="http://v8.1c.ru/8.1/data/enterprise/current-config">d4p1:DocumentRef.КонецМесяца</v8:Type>
			<v8:Type xmlns:d4p1="http://v8.1c.ru/8.1/data/enterprise/current-config">d4p1:CatalogRef.ВидыВремени</v8:Type>
			<v8:Type xmlns:d4p1="http://v8.1c.ru/8.1/data/enterprise/current-config">d4p1:CatalogRef.ИсполнительныеЛисты</v8:Type>
			<v8:Type xmlns:d4p1="http://v8.1c.ru/8.1/data/enterprise/current-config">d4p1:CatalogRef.Контрагенты</v8:Type>
			<v8:Type xmlns:d4p1="http://v8.1c.ru/8.1/data/enterprise/current-config">d4p1:CatalogRef.СписокСотрудников</v8:Type>
			<v8:Type xmlns:d4p1="http://v8.1c.ru/8.1/data/enterprise/current-config">d4p1:CatalogRef.Работы</v8:Type>
			<v8:Type xmlns:d4p1="http://v8.1c.ru/8.1/data/enterprise/current-config">d4p1:CatalogRef.ОбработчикиДокументов</v8:Type>
			<v8:Type xmlns:d4p1="http://v8.1c.ru/8.1/data/enterprise/current-config">d4p1:CatalogRef.Категории</v8:Type>
			<v8:Type xmlns:d4p1="http://v8.1c.ru/8.1/data/enterprise/current-config">d4p1:CatalogRef.Должности</v8:Type>
			<v8:Type xmlns:d4p1="http://v8.1c.ru/8.1/data/enterprise/current-config">d4p1:CatalogRef.Субконто</v8:Type>
			<v8:Type xmlns:d4p1="http://v8.1c.ru/8.1/data/enterprise/current-config">d4p1:CatalogRef.СтатьиУдержаний</v8:Type>
			<v8:Type xmlns:d4p1="http://v8.1c.ru/8.1/data/enterprise/current-config">d4p1:CatalogRef.Табели</v8:Type>
			<v8:Type xmlns:d4p1="http://v8.1c.ru/8.1/data/enterprise/current-config">d4p1:CatalogRef.Подразделения</v8:Type>
			<v8:Type xmlns:d4p1="http://v8.1c.ru/8.1/data/enterprise/current-config">d4p1:CatalogRef.Начисления</v8:Type>
			<v8:Type xmlns:d4p1="http://v8.1c.ru/8.1/data/enterprise/current-config">d4p1:CatalogRef.СтатьиЗатрат</v8:Type>
			<v8:Type xmlns:d4p1="http://v8.1c.ru/8.1/data/enterprise/current-config">d4p1:CatalogRef.Удержания</v8:Type>
			<v8:Type xmlns:d4p1="http://v8.1c.ru/8.1/data/enterprise/current-config">d4p1:CatalogRef.ПрочиеДоходы</v8:Type>
			<v8:Type xmlns:d4p1="http://v8.1c.ru/8.1/data/enterprise/current-config">d4p1:CatalogRef.Отчисления</v8:Type>
			<v8:Type xmlns:d4p1="http://v8.1c.ru/8.1/data/enterprise/current-config">d4p1:DocumentRef.Табель</v8:Type>
			<v8:Type xmlns:d4p1="http://v8.1c.ru/8.1/data/enterprise/current-config">d4p1:CatalogRef.ВидыОтпуска</v8:Type>
			<v8:Type xmlns:d4p1="http://v8.1c.ru/8.1/data/enterprise/current-config">d4p1:DocumentRef.Договор</v8:Type>
			<v8:Type xmlns:d4p1="http://v8.1c.ru/8.1/data/enterprise/current-config">d4p1:DocumentRef.Прием</v8:Type>
			<v8:Type xmlns:d4p1="http://v8.1c.ru/8.1/data/enterprise/current-config">d4p1:CatalogRef.ИсточникиДоходов</v8:Type>
			<v8:Type xmlns:d4p1="http://v8.1c.ru/8.1/data/enterprise/current-config">d4p1:DocumentRef.Выплата</v8:Type>
			<v8:Type xmlns:d4p1="http://v8.1c.ru/8.1/data/enterprise/current-config">d4p1:CatalogRef.Выплаты</v8:Type>
			<v8:Type xmlns:d4p1="http://v8.1c.ru/8.1/data/enterprise/current-config">d4p1:CatalogRef.ВидыДоходов</v8:Type>
			<v8:Type xmlns:d4p1="http://v8.1c.ru/8.1/data/enterprise/current-config">d4p1:CatalogRef.ТипыДоходов</v8:Type>
			<v8:Type xmlns:d4p1="http://v8.1c.ru/8.1/data/enterprise/current-config">d4p1:CatalogRef.ВидыСкидок</v8:Type>
			<v8:Type xmlns:d4p1="http://v8.1c.ru/8.1/data/enterprise/current-config">d4p1:CatalogRef.Сотрудники</v8:Type>
			<v8:Type xmlns:d4p1="http://v8.1c.ru/8.1/data/enterprise/current-config">d4p1:DocumentRef.Удержание</v8:Type>
			<v8:Type xmlns:d4p1="http://v8.1c.ru/8.1/data/enterprise/current-config">d4p1:DocumentRef.НачПростое</v8:Type>
			<v8:Type xmlns:d4p1="http://v8.1c.ru/8.1/data/enterprise/current-config">d4p1:DocumentRef.НДФЛ</v8:Type>
		</type>
	</item>
	<item id="30328377-4ee7-433d-a9c8-8239b80eb1ca">
		<isFolder>false</isFolder>
		<name>ИсточникиДоходов</name>
		<code>00009</code>
		<description>Источники доходов</description>
		<type>
			<v8:Type xmlns:d4p1="http://v8.1c.ru/8.1/data/enterprise/current-config">d4p1:CatalogRef.ИсточникиДоходов</v8:Type>
		</type>
	</item>
	<item id="90a239d0-ab4d-11d7-b97a-f94c00ee8d2d">
		<isFolder>false</isFolder>
		<name>НУ</name>
		<code>00010</code>
		<description>Начисления / удержания</description>
		<type>
			<v8:Type xmlns:d4p1="http://v8.1c.ru/8.1/data/enterprise/current-config">d4p1:CatalogRef.Начисления</v8:Type>
			<v8:Type xmlns:d4p1="http://v8.1c.ru/8.1/data/enterprise/current-config">d4p1:CatalogRef.Удержания</v8:Type>
			<v8:Type xmlns:d4p1="http://v8.1c.ru/8.1/data/enterprise/current-config">d4p1:CatalogRef.ПрочиеДоходы</v8:Type>
			<v8:Type xmlns:d4p1="http://v8.1c.ru/8.1/data/enterprise/current-config">d4p1:CatalogRef.Выплаты</v8:Type>
		</type>
	</item>
	<item id="d2f03882-fee3-4624-80d4-47a4c3ee4fab">
		<isFolder>false</isFolder>
		<name>Периоды</name>
		<code>00011</code>
		<description>Период</description>
		<type>
			<v8:Type xmlns:d4p1="http://v8.1c.ru/8.1/data/enterprise/current-config">d4p1:CatalogRef.Периоды</v8:Type>
		</type>
	</item>
	<item id="c5946464-ad3f-11d7-959c-0040f4634aec">
		<isFolder>false</isFolder>
		<name>Подразделения</name>
		<code>00012</code>
		<description>Подразделения</description>
		<type>
			<v8:Type xmlns:d4p1="http://v8.1c.ru/8.1/data/enterprise/current-config">d4p1:CatalogRef.Подразделения</v8:Type>
		</type>
	</item>
	<item id="90a239de-ab4d-11d7-b97a-f94c00ee8d2d">
		<isFolder>false</isFolder>
		<name>Сотрудники</name>
		<code>00013</code>
		<description>Сотрудник</description>
		<type>
			<v8:Type xmlns:d4p1="http://v8.1c.ru/8.1/data/enterprise/current-config">d4p1:CatalogRef.Сотрудники</v8:Type>
		</type>
	</item>
	<item id="90a239e4-ab4d-11d7-b97a-f94c00ee8d2d">
		<isFolder>false</isFolder>
		<name>СЗУ</name>
		<code>00014</code>
		<description>Статьи затрат / удержаний</description>
		<type>
			<v8:Type xmlns:d4p1="http://v8.1c.ru/8.1/data/enterprise/current-config">d4p1:CatalogRef.СтатьиУдержаний</v8:Type>
			<v8:Type xmlns:d4p1="http://v8.1c.ru/8.1/data/enterprise/current-config">d4p1:CatalogRef.СтатьиЗатрат</v8:Type>
		</type>
	</item>
</predefinedData>