﻿<?xml version="1.0" encoding="UTF-8"?>
<MetaDataObject xmlns="http://v8.1c.ru/8.3/MDClasses" xmlns:app="http://v8.1c.ru/8.2/managed-application/core" xmlns:cfg="http://v8.1c.ru/8.1/data/enterprise/current-config" xmlns:cmi="http://v8.1c.ru/8.2/managed-application/cmi" xmlns:ent="http://v8.1c.ru/8.1/data/enterprise" xmlns:lf="http://v8.1c.ru/8.2/managed-application/logform" xmlns:style="http://v8.1c.ru/8.1/data/ui/style" xmlns:sys="http://v8.1c.ru/8.1/data/ui/fonts/system" xmlns:v8="http://v8.1c.ru/8.1/data/core" xmlns:v8ui="http://v8.1c.ru/8.1/data/ui" xmlns:web="http://v8.1c.ru/8.1/data/ui/colors/web" xmlns:win="http://v8.1c.ru/8.1/data/ui/colors/windows" xmlns:xen="http://v8.1c.ru/8.3/xcf/enums" xmlns:xpr="http://v8.1c.ru/8.3/xcf/predef" xmlns:xr="http://v8.1c.ru/8.3/xcf/readable" xmlns:xs="http://www.w3.org/2001/XMLSchema" xmlns:xsi="http://www.w3.org/2001/XMLSchema-instance">
	<ChartOfAccounts uuid="dc963b37-a1af-11d7-959c-0040f4634aec">
		<InnerInfo>
			<xr:producedType name="ChartOfAccountsObject.Зарплата" category="Object">
				<xr:typeId>dc963b29-a1af-11d7-959c-0040f4634aec</xr:typeId>
				<xr:valTypeId>dc963b2a-a1af-11d7-959c-0040f4634aec</xr:valTypeId>
			</xr:producedType>
			<xr:producedType name="ChartOfAccountsRef.Зарплата" category="Ref">
				<xr:typeId>dc963b2b-a1af-11d7-959c-0040f4634aec</xr:typeId>
				<xr:valTypeId>dc963b2c-a1af-11d7-959c-0040f4634aec</xr:valTypeId>
			</xr:producedType>
			<xr:producedType name="ChartOfAccountsSelection.Зарплата" category="Selection">
				<xr:typeId>dc963b2d-a1af-11d7-959c-0040f4634aec</xr:typeId>
				<xr:valTypeId>dc963b2e-a1af-11d7-959c-0040f4634aec</xr:valTypeId>
			</xr:producedType>
			<xr:producedType name="ChartOfAccountsList.Зарплата" category="List">
				<xr:typeId>dc963b2f-a1af-11d7-959c-0040f4634aec</xr:typeId>
				<xr:valTypeId>dc963b30-a1af-11d7-959c-0040f4634aec</xr:valTypeId>
			</xr:producedType>
			<xr:producedType name="ChartOfAccountsManager.Зарплата" category="Manager">
				<xr:typeId>dc963b31-a1af-11d7-959c-0040f4634aec</xr:typeId>
				<xr:valTypeId>dc963b32-a1af-11d7-959c-0040f4634aec</xr:valTypeId>
			</xr:producedType>
			<xr:producedType name="ChartOfAccountsExtDimensionTypes.Зарплата" category="ExtDimensionTypes">
				<xr:typeId>dc963b33-a1af-11d7-959c-0040f4634aec</xr:typeId>
				<xr:valTypeId>dc963b34-a1af-11d7-959c-0040f4634aec</xr:valTypeId>
			</xr:producedType>
			<xr:producedType name="ChartOfAccountsExtDimensionTypesRow.Зарплата" category="ExtDimensionTypesRow">
				<xr:typeId>dc963b35-a1af-11d7-959c-0040f4634aec</xr:typeId>
				<xr:valTypeId>dc963b36-a1af-11d7-959c-0040f4634aec</xr:valTypeId>
			</xr:producedType>
		</InnerInfo>
		<Properties>
			<Name>Зарплата</Name>
			<Synonym>
				<v8:item>
					<v8:lang>ru</v8:lang>
					<v8:content>Зарплата</v8:content>
				</v8:item>
			</Synonym>
			<Comment/>
			<UseStandardCommands>false</UseStandardCommands>
			<IncludeHelpInContents>true</IncludeHelpInContents>
			<BasedOn/>
			<ExtDimensionTypes>ChartOfCharacteristicTypes.ВидыСубконто</ExtDimensionTypes>
			<MaxExtDimensionCount>5</MaxExtDimensionCount>
			<CodeMask>@@@@.@@@</CodeMask>
			<CodeLength>8</CodeLength>
			<DescriptionLength>120</DescriptionLength>
			<CodeSeries>WholeChartOfAccounts</CodeSeries>
			<CheckUnique>true</CheckUnique>
			<DefaultPresentation>AsCode</DefaultPresentation>
			<StandardAttributes>
				<xr:Attribute name="Order">
					<xr:LinkByType/>
					<xr:FillChecking>DontCheck</xr:FillChecking>
					<xr:MultiLine>false</xr:MultiLine>
					<xr:FillFromFillingValue>false</xr:FillFromFillingValue>
					<xr:CreateOnInput>Auto</xr:CreateOnInput>
					<xr:MaxValue xsi:nil="true"/>
					<xr:ToolTip/>
					<xr:ExtendedEdit>false</xr:ExtendedEdit>
					<xr:Format/>
					<xr:ChoiceForm/>
					<xr:QuickChoice>Auto</xr:QuickChoice>
					<xr:ChoiceHistoryOnInput>Auto</xr:ChoiceHistoryOnInput>
					<xr:EditFormat/>
					<xr:PasswordMode>false</xr:PasswordMode>
					<xr:MarkNegatives>false</xr:MarkNegatives>
					<xr:MinValue xsi:nil="true"/>
					<xr:Synonym/>
					<xr:Comment/>
					<xr:FullTextSearch>Use</xr:FullTextSearch>
					<xr:ChoiceParameterLinks/>
					<xr:FillValue xsi:nil="true"/>
					<xr:Mask/>
					<xr:ChoiceParameters/>
				</xr:Attribute>
				<xr:Attribute name="OffBalance">
					<xr:LinkByType/>
					<xr:FillChecking>DontCheck</xr:FillChecking>
					<xr:MultiLine>false</xr:MultiLine>
					<xr:FillFromFillingValue>false</xr:FillFromFillingValue>
					<xr:CreateOnInput>Auto</xr:CreateOnInput>
					<xr:MaxValue xsi:nil="true"/>
					<xr:ToolTip/>
					<xr:ExtendedEdit>false</xr:ExtendedEdit>
					<xr:Format/>
					<xr:ChoiceForm/>
					<xr:QuickChoice>Auto</xr:QuickChoice>
					<xr:ChoiceHistoryOnInput>Auto</xr:ChoiceHistoryOnInput>
					<xr:EditFormat/>
					<xr:PasswordMode>false</xr:PasswordMode>
					<xr:MarkNegatives>false</xr:MarkNegatives>
					<xr:MinValue xsi:nil="true"/>
					<xr:Synonym/>
					<xr:Comment/>
					<xr:FullTextSearch>Use</xr:FullTextSearch>
					<xr:ChoiceParameterLinks/>
					<xr:FillValue xsi:nil="true"/>
					<xr:Mask/>
					<xr:ChoiceParameters/>
				</xr:Attribute>
				<xr:Attribute name="Type">
					<xr:LinkByType/>
					<xr:FillChecking>DontCheck</xr:FillChecking>
					<xr:MultiLine>false</xr:MultiLine>
					<xr:FillFromFillingValue>false</xr:FillFromFillingValue>
					<xr:CreateOnInput>Auto</xr:CreateOnInput>
					<xr:MaxValue xsi:nil="true"/>
					<xr:ToolTip/>
					<xr:ExtendedEdit>false</xr:ExtendedEdit>
					<xr:Format/>
					<xr:ChoiceForm/>
					<xr:QuickChoice>Auto</xr:QuickChoice>
					<xr:ChoiceHistoryOnInput>Auto</xr:ChoiceHistoryOnInput>
					<xr:EditFormat/>
					<xr:PasswordMode>false</xr:PasswordMode>
					<xr:MarkNegatives>false</xr:MarkNegatives>
					<xr:MinValue xsi:nil="true"/>
					<xr:Synonym/>
					<xr:Comment/>
					<xr:FullTextSearch>Use</xr:FullTextSearch>
					<xr:ChoiceParameterLinks/>
					<xr:FillValue xsi:nil="true"/>
					<xr:Mask/>
					<xr:ChoiceParameters/>
				</xr:Attribute>
				<xr:Attribute name="Description">
					<xr:LinkByType/>
					<xr:FillChecking>ShowError</xr:FillChecking>
					<xr:MultiLine>false</xr:MultiLine>
					<xr:FillFromFillingValue>false</xr:FillFromFillingValue>
					<xr:CreateOnInput>Auto</xr:CreateOnInput>
					<xr:MaxValue xsi:nil="true"/>
					<xr:ToolTip/>
					<xr:ExtendedEdit>false</xr:ExtendedEdit>
					<xr:Format/>
					<xr:ChoiceForm/>
					<xr:QuickChoice>Auto</xr:QuickChoice>
					<xr:ChoiceHistoryOnInput>Auto</xr:ChoiceHistoryOnInput>
					<xr:EditFormat/>
					<xr:PasswordMode>false</xr:PasswordMode>
					<xr:MarkNegatives>false</xr:MarkNegatives>
					<xr:MinValue xsi:nil="true"/>
					<xr:Synonym/>
					<xr:Comment/>
					<xr:FullTextSearch>Use</xr:FullTextSearch>
					<xr:ChoiceParameterLinks/>
					<xr:FillValue xsi:nil="true"/>
					<xr:Mask/>
					<xr:ChoiceParameters/>
				</xr:Attribute>
				<xr:Attribute name="Code">
					<xr:LinkByType/>
					<xr:FillChecking>ShowError</xr:FillChecking>
					<xr:MultiLine>false</xr:MultiLine>
					<xr:FillFromFillingValue>false</xr:FillFromFillingValue>
					<xr:CreateOnInput>Auto</xr:CreateOnInput>
					<xr:MaxValue xsi:nil="true"/>
					<xr:ToolTip/>
					<xr:ExtendedEdit>false</xr:ExtendedEdit>
					<xr:Format/>
					<xr:ChoiceForm/>
					<xr:QuickChoice>Auto</xr:QuickChoice>
					<xr:ChoiceHistoryOnInput>Auto</xr:ChoiceHistoryOnInput>
					<xr:EditFormat/>
					<xr:PasswordMode>false</xr:PasswordMode>
					<xr:MarkNegatives>false</xr:MarkNegatives>
					<xr:MinValue xsi:nil="true"/>
					<xr:Synonym/>
					<xr:Comment/>
					<xr:FullTextSearch>Use</xr:FullTextSearch>
					<xr:ChoiceParameterLinks/>
					<xr:FillValue xsi:nil="true"/>
					<xr:Mask/>
					<xr:ChoiceParameters/>
				</xr:Attribute>
				<xr:Attribute name="Parent">
					<xr:LinkByType/>
					<xr:FillChecking>DontCheck</xr:FillChecking>
					<xr:MultiLine>false</xr:MultiLine>
					<xr:FillFromFillingValue>true</xr:FillFromFillingValue>
					<xr:CreateOnInput>Auto</xr:CreateOnInput>
					<xr:MaxValue xsi:nil="true"/>
					<xr:ToolTip/>
					<xr:ExtendedEdit>false</xr:ExtendedEdit>
					<xr:Format/>
					<xr:ChoiceForm/>
					<xr:QuickChoice>Auto</xr:QuickChoice>
					<xr:ChoiceHistoryOnInput>Auto</xr:ChoiceHistoryOnInput>
					<xr:EditFormat/>
					<xr:PasswordMode>false</xr:PasswordMode>
					<xr:MarkNegatives>false</xr:MarkNegatives>
					<xr:MinValue xsi:nil="true"/>
					<xr:Synonym/>
					<xr:Comment/>
					<xr:FullTextSearch>Use</xr:FullTextSearch>
					<xr:ChoiceParameterLinks/>
					<xr:FillValue xsi:nil="true"/>
					<xr:Mask/>
					<xr:ChoiceParameters/>
				</xr:Attribute>
				<xr:Attribute name="Predefined">
					<xr:LinkByType/>
					<xr:FillChecking>DontCheck</xr:FillChecking>
					<xr:MultiLine>false</xr:MultiLine>
					<xr:FillFromFillingValue>false</xr:FillFromFillingValue>
					<xr:CreateOnInput>Auto</xr:CreateOnInput>
					<xr:MaxValue xsi:nil="true"/>
					<xr:ToolTip/>
					<xr:ExtendedEdit>false</xr:ExtendedEdit>
					<xr:Format/>
					<xr:ChoiceForm/>
					<xr:QuickChoice>Auto</xr:QuickChoice>
					<xr:ChoiceHistoryOnInput>Auto</xr:ChoiceHistoryOnInput>
					<xr:EditFormat/>
					<xr:PasswordMode>false</xr:PasswordMode>
					<xr:MarkNegatives>false</xr:MarkNegatives>
					<xr:MinValue xsi:nil="true"/>
					<xr:Synonym/>
					<xr:Comment/>
					<xr:FullTextSearch>Use</xr:FullTextSearch>
					<xr:ChoiceParameterLinks/>
					<xr:FillValue xsi:nil="true"/>
					<xr:Mask/>
					<xr:ChoiceParameters/>
				</xr:Attribute>
				<xr:Attribute name="DeletionMark">
					<xr:LinkByType/>
					<xr:FillChecking>DontCheck</xr:FillChecking>
					<xr:MultiLine>false</xr:MultiLine>
					<xr:FillFromFillingValue>false</xr:FillFromFillingValue>
					<xr:CreateOnInput>Auto</xr:CreateOnInput>
					<xr:MaxValue xsi:nil="true"/>
					<xr:ToolTip/>
					<xr:ExtendedEdit>false</xr:ExtendedEdit>
					<xr:Format/>
					<xr:ChoiceForm/>
					<xr:QuickChoice>Auto</xr:QuickChoice>
					<xr:ChoiceHistoryOnInput>Auto</xr:ChoiceHistoryOnInput>
					<xr:EditFormat/>
					<xr:PasswordMode>false</xr:PasswordMode>
					<xr:MarkNegatives>false</xr:MarkNegatives>
					<xr:MinValue xsi:nil="true"/>
					<xr:Synonym/>
					<xr:Comment/>
					<xr:FullTextSearch>Use</xr:FullTextSearch>
					<xr:ChoiceParameterLinks/>
					<xr:FillValue xsi:nil="true"/>
					<xr:Mask/>
					<xr:ChoiceParameters/>
				</xr:Attribute>
				<xr:Attribute name="Ref">
					<xr:LinkByType/>
					<xr:FillChecking>DontCheck</xr:FillChecking>
					<xr:MultiLine>false</xr:MultiLine>
					<xr:FillFromFillingValue>false</xr:FillFromFillingValue>
					<xr:CreateOnInput>Auto</xr:CreateOnInput>
					<xr:MaxValue xsi:nil="true"/>
					<xr:ToolTip/>
					<xr:ExtendedEdit>false</xr:ExtendedEdit>
					<xr:Format/>
					<xr:ChoiceForm/>
					<xr:QuickChoice>Auto</xr:QuickChoice>
					<xr:ChoiceHistoryOnInput>Auto</xr:ChoiceHistoryOnInput>
					<xr:EditFormat/>
					<xr:PasswordMode>false</xr:PasswordMode>
					<xr:MarkNegatives>false</xr:MarkNegatives>
					<xr:MinValue xsi:nil="true"/>
					<xr:Synonym/>
					<xr:Comment/>
					<xr:FullTextSearch>Use</xr:FullTextSearch>
					<xr:ChoiceParameterLinks/>
					<xr:FillValue xsi:nil="true"/>
					<xr:Mask/>
					<xr:ChoiceParameters/>
				</xr:Attribute>
			</StandardAttributes>
			<Characteristics/>
			<StandardTabularSections>
				<xr:TabularSection name="ExtDimensionTypes">
					<xr:Synonym>
						<v8:item>
							<v8:lang/>
							<v8:content>Виды субконто</v8:content>
						</v8:item>
					</xr:Synonym>
					<xr:Comment/>
					<xr:ToolTip/>
					<xr:FillChecking>DontCheck</xr:FillChecking>
					<xr:Attribute name="TurnoversOnly">
						<xr:LinkByType/>
						<xr:FillChecking>DontCheck</xr:FillChecking>
						<xr:MultiLine>false</xr:MultiLine>
						<xr:FillFromFillingValue>false</xr:FillFromFillingValue>
						<xr:CreateOnInput>Auto</xr:CreateOnInput>
						<xr:MaxValue xsi:nil="true"/>
						<xr:ToolTip/>
						<xr:ExtendedEdit>false</xr:ExtendedEdit>
						<xr:Format/>
						<xr:ChoiceForm/>
						<xr:QuickChoice>Auto</xr:QuickChoice>
						<xr:ChoiceHistoryOnInput>Auto</xr:ChoiceHistoryOnInput>
						<xr:EditFormat/>
						<xr:PasswordMode>false</xr:PasswordMode>
						<xr:MarkNegatives>false</xr:MarkNegatives>
						<xr:MinValue xsi:nil="true"/>
						<xr:Synonym/>
						<xr:Comment/>
						<xr:FullTextSearch>Use</xr:FullTextSearch>
						<xr:ChoiceParameterLinks/>
						<xr:FillValue xsi:nil="true"/>
						<xr:Mask/>
						<xr:ChoiceParameters/>
					</xr:Attribute>
					<xr:Attribute name="Predefined">
						<xr:LinkByType/>
						<xr:FillChecking>DontCheck</xr:FillChecking>
						<xr:MultiLine>false</xr:MultiLine>
						<xr:FillFromFillingValue>false</xr:FillFromFillingValue>
						<xr:CreateOnInput>Auto</xr:CreateOnInput>
						<xr:MaxValue xsi:nil="true"/>
						<xr:ToolTip/>
						<xr:ExtendedEdit>false</xr:ExtendedEdit>
						<xr:Format/>
						<xr:ChoiceForm/>
						<xr:QuickChoice>Auto</xr:QuickChoice>
						<xr:ChoiceHistoryOnInput>Auto</xr:ChoiceHistoryOnInput>
						<xr:EditFormat/>
						<xr:PasswordMode>false</xr:PasswordMode>
						<xr:MarkNegatives>false</xr:MarkNegatives>
						<xr:MinValue xsi:nil="true"/>
						<xr:Synonym/>
						<xr:Comment/>
						<xr:FullTextSearch>Use</xr:FullTextSearch>
						<xr:ChoiceParameterLinks/>
						<xr:FillValue xsi:nil="true"/>
						<xr:Mask/>
						<xr:ChoiceParameters/>
					</xr:Attribute>
					<xr:Attribute name="ExtDimensionType">
						<xr:LinkByType/>
						<xr:FillChecking>ShowError</xr:FillChecking>
						<xr:MultiLine>false</xr:MultiLine>
						<xr:FillFromFillingValue>false</xr:FillFromFillingValue>
						<xr:CreateOnInput>Auto</xr:CreateOnInput>
						<xr:MaxValue xsi:nil="true"/>
						<xr:ToolTip/>
						<xr:ExtendedEdit>false</xr:ExtendedEdit>
						<xr:Format/>
						<xr:ChoiceForm/>
						<xr:QuickChoice>Auto</xr:QuickChoice>
						<xr:ChoiceHistoryOnInput>Auto</xr:ChoiceHistoryOnInput>
						<xr:EditFormat/>
						<xr:PasswordMode>false</xr:PasswordMode>
						<xr:MarkNegatives>false</xr:MarkNegatives>
						<xr:MinValue xsi:nil="true"/>
						<xr:Synonym/>
						<xr:Comment/>
						<xr:FullTextSearch>Use</xr:FullTextSearch>
						<xr:ChoiceParameterLinks/>
						<xr:FillValue xsi:nil="true"/>
						<xr:Mask/>
						<xr:ChoiceParameters/>
					</xr:Attribute>
					<xr:Attribute name="LineNumber">
						<xr:LinkByType/>
						<xr:FillChecking>DontCheck</xr:FillChecking>
						<xr:MultiLine>false</xr:MultiLine>
						<xr:FillFromFillingValue>false</xr:FillFromFillingValue>
						<xr:CreateOnInput>Auto</xr:CreateOnInput>
						<xr:MaxValue xsi:nil="true"/>
						<xr:ToolTip/>
						<xr:ExtendedEdit>false</xr:ExtendedEdit>
						<xr:Format/>
						<xr:ChoiceForm/>
						<xr:QuickChoice>Auto</xr:QuickChoice>
						<xr:ChoiceHistoryOnInput>Auto</xr:ChoiceHistoryOnInput>
						<xr:EditFormat/>
						<xr:PasswordMode>false</xr:PasswordMode>
						<xr:MarkNegatives>false</xr:MarkNegatives>
						<xr:MinValue xsi:nil="true"/>
						<xr:Synonym/>
						<xr:Comment/>
						<xr:FullTextSearch>Use</xr:FullTextSearch>
						<xr:ChoiceParameterLinks/>
						<xr:FillValue xsi:nil="true"/>
						<xr:Mask/>
						<xr:ChoiceParameters/>
					</xr:Attribute>
				</xr:TabularSection>
			</StandardTabularSections>
			<PredefinedDataUpdate>Auto</PredefinedDataUpdate>
			<EditType>InDialog</EditType>
			<QuickChoice>false</QuickChoice>
			<ChoiceMode>BothWays</ChoiceMode>
			<InputByString>
				<xr:field>ChartOfAccounts.Зарплата.StandardAttribute.Description</xr:field>
				<xr:field>ChartOfAccounts.Зарплата.StandardAttribute.Code</xr:field>
			</InputByString>
			<SearchStringModeOnInputByString>Begin</SearchStringModeOnInputByString>
			<FullTextSearchOnInputByString>DontUse</FullTextSearchOnInputByString>
			<ChoiceDataGetModeOnInputByString>Directly</ChoiceDataGetModeOnInputByString>
			<CreateOnInput>DontUse</CreateOnInput>
			<ChoiceHistoryOnInput>Auto</ChoiceHistoryOnInput>
			<DefaultObjectForm>ChartOfAccounts.Зарплата.Form.ФормаЭлемента</DefaultObjectForm>
			<DefaultListForm>ChartOfAccounts.Зарплата.Form.ФормаСписка</DefaultListForm>
			<DefaultChoiceForm/>
			<AuxiliaryObjectForm/>
			<AuxiliaryListForm/>
			<AuxiliaryChoiceForm/>
			<AutoOrderByCode>true</AutoOrderByCode>
			<OrderLength>8</OrderLength>
			<DataLockFields/>
			<DataLockControlMode>Automatic</DataLockControlMode>
			<FullTextSearch>Use</FullTextSearch>
			<ObjectPresentation/>
			<ExtendedObjectPresentation/>
			<ListPresentation/>
			<ExtendedListPresentation/>
			<Explanation/>
		</Properties>
		<ChildObjects>
			<Form>ФормаСписка</Form>
			<Form>ФормаЭлемента</Form>
		</ChildObjects>
	</ChartOfAccounts>
</MetaDataObject>