﻿<?xml version="1.0" encoding="UTF-8"?>
<MetaDataObject xmlns="http://v8.1c.ru/8.3/MDClasses" xmlns:app="http://v8.1c.ru/8.2/managed-application/core" xmlns:cfg="http://v8.1c.ru/8.1/data/enterprise/current-config" xmlns:cmi="http://v8.1c.ru/8.2/managed-application/cmi" xmlns:ent="http://v8.1c.ru/8.1/data/enterprise" xmlns:lf="http://v8.1c.ru/8.2/managed-application/logform" xmlns:style="http://v8.1c.ru/8.1/data/ui/style" xmlns:sys="http://v8.1c.ru/8.1/data/ui/fonts/system" xmlns:v8="http://v8.1c.ru/8.1/data/core" xmlns:v8ui="http://v8.1c.ru/8.1/data/ui" xmlns:web="http://v8.1c.ru/8.1/data/ui/colors/web" xmlns:win="http://v8.1c.ru/8.1/data/ui/colors/windows" xmlns:xen="http://v8.1c.ru/8.3/xcf/enums" xmlns:xpr="http://v8.1c.ru/8.3/xcf/predef" xmlns:xr="http://v8.1c.ru/8.3/xcf/readable" xmlns:xs="http://www.w3.org/2001/XMLSchema" xmlns:xsi="http://www.w3.org/2001/XMLSchema-instance">
	<ChartOfCharacteristicTypes uuid="dc963bca-a1af-11d7-959c-0040f4634aec">
		<InnerInfo>
			<xr:producedType name="ChartOfCharacteristicTypesObject.ВидыСубконто" category="Object">
				<xr:typeId>dc963bbe-a1af-11d7-959c-0040f4634aec</xr:typeId>
				<xr:valTypeId>dc963bbf-a1af-11d7-959c-0040f4634aec</xr:valTypeId>
			</xr:producedType>
			<xr:producedType name="ChartOfCharacteristicTypesRef.ВидыСубконто" category="Ref">
				<xr:typeId>dc963bc0-a1af-11d7-959c-0040f4634aec</xr:typeId>
				<xr:valTypeId>dc963bc1-a1af-11d7-959c-0040f4634aec</xr:valTypeId>
			</xr:producedType>
			<xr:producedType name="ChartOfCharacteristicTypesSelection.ВидыСубконто" category="Selection">
				<xr:typeId>dc963bc2-a1af-11d7-959c-0040f4634aec</xr:typeId>
				<xr:valTypeId>dc963bc3-a1af-11d7-959c-0040f4634aec</xr:valTypeId>
			</xr:producedType>
			<xr:producedType name="ChartOfCharacteristicTypesList.ВидыСубконто" category="List">
				<xr:typeId>dc963bc4-a1af-11d7-959c-0040f4634aec</xr:typeId>
				<xr:valTypeId>dc963bc5-a1af-11d7-959c-0040f4634aec</xr:valTypeId>
			</xr:producedType>
			<xr:producedType name="Characteristic.ВидыСубконто" category="Characteristic">
				<xr:typeId>dc963bc6-a1af-11d7-959c-0040f4634aec</xr:typeId>
				<xr:valTypeId>dc963bc7-a1af-11d7-959c-0040f4634aec</xr:valTypeId>
			</xr:producedType>
			<xr:producedType name="ChartOfCharacteristicTypesManager.ВидыСубконто" category="Manager">
				<xr:typeId>dc963bc8-a1af-11d7-959c-0040f4634aec</xr:typeId>
				<xr:valTypeId>dc963bc9-a1af-11d7-959c-0040f4634aec</xr:valTypeId>
			</xr:producedType>
		</InnerInfo>
		<Properties>
			<Name>ВидыСубконто</Name>
			<Synonym>
				<v8:item>
					<v8:lang>ru</v8:lang>
					<v8:content>Виды субконто</v8:content>
				</v8:item>
			</Synonym>
			<Comment/>
			<UseStandardCommands>false</UseStandardCommands>
			<IncludeHelpInContents>true</IncludeHelpInContents>
			<CharacteristicExtValues>Catalog.Субконто</CharacteristicExtValues>
			<Type>
				<v8:Type>cfg:CatalogRef.ВидыДоходовДляСтраховыхВзносов</v8:Type>
				<v8:Type>cfg:EnumRef.НалоговыеРежимы</v8:Type>
				<v8:Type>cfg:DocumentRef.ВхСальдо</v8:Type>
				<v8:Type>cfg:DocumentRef.Изменения</v8:Type>
				<v8:Type>cfg:CatalogRef.СтатьиТК</v8:Type>
				<v8:Type>cfg:DocumentRef.НачалоМесяца</v8:Type>
				<v8:Type>cfg:DocumentRef.Увольнение</v8:Type>
				<v8:Type>cfg:CatalogRef.Периоды</v8:Type>
				<v8:Type>cfg:EnumRef.ОтношениеКЕСН</v8:Type>
				<v8:Type>cfg:CatalogRef.Документы</v8:Type>
				<v8:Type>cfg:CatalogRef.ВидыВычетов</v8:Type>
				<v8:Type>cfg:CatalogRef.ВидыБольничного</v8:Type>
				<v8:Type>cfg:CatalogRef.ВидыКонтактнойИнформации</v8:Type>
				<v8:Type>cfg:DocumentRef.КонецМесяца</v8:Type>
				<v8:Type>cfg:CatalogRef.ВидыВремени</v8:Type>
				<v8:Type>cfg:CatalogRef.ИсполнительныеЛисты</v8:Type>
				<v8:Type>cfg:CatalogRef.Контрагенты</v8:Type>
				<v8:Type>cfg:EnumRef.СпособыВыплатПоИл</v8:Type>
				<v8:Type>cfg:CatalogRef.СписокСотрудников</v8:Type>
				<v8:Type>cfg:CatalogRef.Работы</v8:Type>
				<v8:Type>cfg:CatalogRef.ОбработчикиДокументов</v8:Type>
				<v8:Type>cfg:CatalogRef.Категории</v8:Type>
				<v8:Type>cfg:CatalogRef.Должности</v8:Type>
				<v8:Type>cfg:CatalogRef.Субконто</v8:Type>
				<v8:Type>cfg:CatalogRef.СтатьиУдержаний</v8:Type>
				<v8:Type>cfg:CatalogRef.Табели</v8:Type>
				<v8:Type>cfg:EnumRef.ДниЧасы</v8:Type>
				<v8:Type>cfg:CatalogRef.Подразделения</v8:Type>
				<v8:Type>cfg:CatalogRef.Начисления</v8:Type>
				<v8:Type>cfg:CatalogRef.СтатьиЗатрат</v8:Type>
				<v8:Type>cfg:CatalogRef.Удержания</v8:Type>
				<v8:Type>cfg:CatalogRef.ПрочиеДоходы</v8:Type>
				<v8:Type>cfg:CatalogRef.Отчисления</v8:Type>
				<v8:Type>cfg:EnumRef.СистемыОплаты</v8:Type>
				<v8:Type>cfg:EnumRef.СпособыВхождения</v8:Type>
				<v8:Type>cfg:DocumentRef.Табель</v8:Type>
				<v8:Type>cfg:CatalogRef.ВидыОтпуска</v8:Type>
				<v8:Type>cfg:DocumentRef.Договор</v8:Type>
				<v8:Type>cfg:DocumentRef.Прием</v8:Type>
				<v8:Type>cfg:CatalogRef.ИсточникиДоходов</v8:Type>
				<v8:Type>cfg:DocumentRef.Выплата</v8:Type>
				<v8:Type>cfg:EnumRef.ПризнакВыплаты</v8:Type>
				<v8:Type>cfg:CatalogRef.Выплаты</v8:Type>
				<v8:Type>cfg:CatalogRef.ВидыДоходов</v8:Type>
				<v8:Type>cfg:CatalogRef.ТипыДоходов</v8:Type>
				<v8:Type>cfg:CatalogRef.ВидыСкидок</v8:Type>
				<v8:Type>cfg:ChartOfAccountsRef.Зарплата</v8:Type>
				<v8:Type>cfg:ChartOfCharacteristicTypesRef.ВидыСубконто</v8:Type>
				<v8:Type>cfg:CatalogRef.Сотрудники</v8:Type>
				<v8:Type>cfg:EnumRef.Пол</v8:Type>
				<v8:Type>cfg:EnumRef.ТипыРегионов</v8:Type>
				<v8:Type>cfg:DocumentRef.Удержание</v8:Type>
				<v8:Type>cfg:DocumentRef.НачПростое</v8:Type>
				<v8:Type>cfg:DocumentRef.НДФЛ</v8:Type>
			</Type>
			<Hierarchical>false</Hierarchical>
			<FoldersOnTop>true</FoldersOnTop>
			<CodeLength>5</CodeLength>
			<CodeAllowedLength>Fixed</CodeAllowedLength>
			<DescriptionLength>25</DescriptionLength>
			<CodeSeries>WholeCharacteristicKind</CodeSeries>
			<CheckUnique>true</CheckUnique>
			<Autonumbering>true</Autonumbering>
			<DefaultPresentation>AsDescription</DefaultPresentation>
			<StandardAttributes>
				<xr:Attribute name="ValueType">
					<xr:LinkByType/>
					<xr:FillChecking>DontCheck</xr:FillChecking>
					<xr:MultiLine>false</xr:MultiLine>
					<xr:FillFromFillingValue>false</xr:FillFromFillingValue>
					<xr:CreateOnInput>Auto</xr:CreateOnInput>
					<xr:MaxValue xsi:nil="true"/>
					<xr:ToolTip/>
					<xr:ExtendedEdit>false</xr:ExtendedEdit>
					<xr:Format/>
					<xr:ChoiceForm/>
					<xr:QuickChoice>Auto</xr:QuickChoice>
					<xr:ChoiceHistoryOnInput>Auto</xr:ChoiceHistoryOnInput>
					<xr:EditFormat/>
					<xr:PasswordMode>false</xr:PasswordMode>
					<xr:MarkNegatives>false</xr:MarkNegatives>
					<xr:MinValue xsi:nil="true"/>
					<xr:Synonym/>
					<xr:Comment/>
					<xr:FullTextSearch>Use</xr:FullTextSearch>
					<xr:ChoiceParameterLinks/>
					<xr:FillValue xsi:nil="true"/>
					<xr:Mask/>
					<xr:ChoiceParameters/>
				</xr:Attribute>
				<xr:Attribute name="Description">
					<xr:LinkByType/>
					<xr:FillChecking>ShowError</xr:FillChecking>
					<xr:MultiLine>false</xr:MultiLine>
					<xr:FillFromFillingValue>false</xr:FillFromFillingValue>
					<xr:CreateOnInput>Auto</xr:CreateOnInput>
					<xr:MaxValue xsi:nil="true"/>
					<xr:ToolTip/>
					<xr:ExtendedEdit>false</xr:ExtendedEdit>
					<xr:Format/>
					<xr:ChoiceForm/>
					<xr:QuickChoice>Auto</xr:QuickChoice>
					<xr:ChoiceHistoryOnInput>Auto</xr:ChoiceHistoryOnInput>
					<xr:EditFormat/>
					<xr:PasswordMode>false</xr:PasswordMode>
					<xr:MarkNegatives>false</xr:MarkNegatives>
					<xr:MinValue xsi:nil="true"/>
					<xr:Synonym/>
					<xr:Comment/>
					<xr:FullTextSearch>Use</xr:FullTextSearch>
					<xr:ChoiceParameterLinks/>
					<xr:FillValue xsi:nil="true"/>
					<xr:Mask/>
					<xr:ChoiceParameters/>
				</xr:Attribute>
				<xr:Attribute name="Code">
					<xr:LinkByType/>
					<xr:FillChecking>DontCheck</xr:FillChecking>
					<xr:MultiLine>false</xr:MultiLine>
					<xr:FillFromFillingValue>false</xr:FillFromFillingValue>
					<xr:CreateOnInput>Auto</xr:CreateOnInput>
					<xr:MaxValue xsi:nil="true"/>
					<xr:ToolTip/>
					<xr:ExtendedEdit>false</xr:ExtendedEdit>
					<xr:Format/>
					<xr:ChoiceForm/>
					<xr:QuickChoice>Auto</xr:QuickChoice>
					<xr:ChoiceHistoryOnInput>Auto</xr:ChoiceHistoryOnInput>
					<xr:EditFormat/>
					<xr:PasswordMode>false</xr:PasswordMode>
					<xr:MarkNegatives>false</xr:MarkNegatives>
					<xr:MinValue xsi:nil="true"/>
					<xr:Synonym/>
					<xr:Comment/>
					<xr:FullTextSearch>Use</xr:FullTextSearch>
					<xr:ChoiceParameterLinks/>
					<xr:FillValue xsi:nil="true"/>
					<xr:Mask/>
					<xr:ChoiceParameters/>
				</xr:Attribute>
				<xr:Attribute name="IsFolder">
					<xr:LinkByType/>
					<xr:FillChecking>DontCheck</xr:FillChecking>
					<xr:MultiLine>false</xr:MultiLine>
					<xr:FillFromFillingValue>false</xr:FillFromFillingValue>
					<xr:CreateOnInput>Auto</xr:CreateOnInput>
					<xr:MaxValue xsi:nil="true"/>
					<xr:ToolTip/>
					<xr:ExtendedEdit>false</xr:ExtendedEdit>
					<xr:Format/>
					<xr:ChoiceForm/>
					<xr:QuickChoice>Auto</xr:QuickChoice>
					<xr:ChoiceHistoryOnInput>Auto</xr:ChoiceHistoryOnInput>
					<xr:EditFormat/>
					<xr:PasswordMode>false</xr:PasswordMode>
					<xr:MarkNegatives>false</xr:MarkNegatives>
					<xr:MinValue xsi:nil="true"/>
					<xr:Synonym/>
					<xr:Comment/>
					<xr:FullTextSearch>Use</xr:FullTextSearch>
					<xr:ChoiceParameterLinks/>
					<xr:FillValue xsi:nil="true"/>
					<xr:Mask/>
					<xr:ChoiceParameters/>
				</xr:Attribute>
				<xr:Attribute name="Parent">
					<xr:LinkByType/>
					<xr:FillChecking>DontCheck</xr:FillChecking>
					<xr:MultiLine>false</xr:MultiLine>
					<xr:FillFromFillingValue>true</xr:FillFromFillingValue>
					<xr:CreateOnInput>Auto</xr:CreateOnInput>
					<xr:MaxValue xsi:nil="true"/>
					<xr:ToolTip/>
					<xr:ExtendedEdit>false</xr:ExtendedEdit>
					<xr:Format/>
					<xr:ChoiceForm/>
					<xr:QuickChoice>Auto</xr:QuickChoice>
					<xr:ChoiceHistoryOnInput>Auto</xr:ChoiceHistoryOnInput>
					<xr:EditFormat/>
					<xr:PasswordMode>false</xr:PasswordMode>
					<xr:MarkNegatives>false</xr:MarkNegatives>
					<xr:MinValue xsi:nil="true"/>
					<xr:Synonym/>
					<xr:Comment/>
					<xr:FullTextSearch>Use</xr:FullTextSearch>
					<xr:ChoiceParameterLinks/>
					<xr:FillValue xsi:nil="true"/>
					<xr:Mask/>
					<xr:ChoiceParameters/>
				</xr:Attribute>
				<xr:Attribute name="Predefined">
					<xr:LinkByType/>
					<xr:FillChecking>DontCheck</xr:FillChecking>
					<xr:MultiLine>false</xr:MultiLine>
					<xr:FillFromFillingValue>false</xr:FillFromFillingValue>
					<xr:CreateOnInput>Auto</xr:CreateOnInput>
					<xr:MaxValue xsi:nil="true"/>
					<xr:ToolTip/>
					<xr:ExtendedEdit>false</xr:ExtendedEdit>
					<xr:Format/>
					<xr:ChoiceForm/>
					<xr:QuickChoice>Auto</xr:QuickChoice>
					<xr:ChoiceHistoryOnInput>Auto</xr:ChoiceHistoryOnInput>
					<xr:EditFormat/>
					<xr:PasswordMode>false</xr:PasswordMode>
					<xr:MarkNegatives>false</xr:MarkNegatives>
					<xr:MinValue xsi:nil="true"/>
					<xr:Synonym/>
					<xr:Comment/>
					<xr:FullTextSearch>Use</xr:FullTextSearch>
					<xr:ChoiceParameterLinks/>
					<xr:FillValue xsi:nil="true"/>
					<xr:Mask/>
					<xr:ChoiceParameters/>
				</xr:Attribute>
				<xr:Attribute name="DeletionMark">
					<xr:LinkByType/>
					<xr:FillChecking>DontCheck</xr:FillChecking>
					<xr:MultiLine>false</xr:MultiLine>
					<xr:FillFromFillingValue>false</xr:FillFromFillingValue>
					<xr:CreateOnInput>Auto</xr:CreateOnInput>
					<xr:MaxValue xsi:nil="true"/>
					<xr:ToolTip/>
					<xr:ExtendedEdit>false</xr:ExtendedEdit>
					<xr:Format/>
					<xr:ChoiceForm/>
					<xr:QuickChoice>Auto</xr:QuickChoice>
					<xr:ChoiceHistoryOnInput>Auto</xr:ChoiceHistoryOnInput>
					<xr:EditFormat/>
					<xr:PasswordMode>false</xr:PasswordMode>
					<xr:MarkNegatives>false</xr:MarkNegatives>
					<xr:MinValue xsi:nil="true"/>
					<xr:Synonym/>
					<xr:Comment/>
					<xr:FullTextSearch>Use</xr:FullTextSearch>
					<xr:ChoiceParameterLinks/>
					<xr:FillValue xsi:nil="true"/>
					<xr:Mask/>
					<xr:ChoiceParameters/>
				</xr:Attribute>
				<xr:Attribute name="Ref">
					<xr:LinkByType/>
					<xr:FillChecking>DontCheck</xr:FillChecking>
					<xr:MultiLine>false</xr:MultiLine>
					<xr:FillFromFillingValue>false</xr:FillFromFillingValue>
					<xr:CreateOnInput>Auto</xr:CreateOnInput>
					<xr:MaxValue xsi:nil="true"/>
					<xr:ToolTip/>
					<xr:ExtendedEdit>false</xr:ExtendedEdit>
					<xr:Format/>
					<xr:ChoiceForm/>
					<xr:QuickChoice>Auto</xr:QuickChoice>
					<xr:ChoiceHistoryOnInput>Auto</xr:ChoiceHistoryOnInput>
					<xr:EditFormat/>
					<xr:PasswordMode>false</xr:PasswordMode>
					<xr:MarkNegatives>false</xr:MarkNegatives>
					<xr:MinValue xsi:nil="true"/>
					<xr:Synonym/>
					<xr:Comment/>
					<xr:FullTextSearch>Use</xr:FullTextSearch>
					<xr:ChoiceParameterLinks/>
					<xr:FillValue xsi:nil="true"/>
					<xr:Mask/>
					<xr:ChoiceParameters/>
				</xr:Attribute>
			</StandardAttributes>
			<Characteristics/>
			<PredefinedDataUpdate>Auto</PredefinedDataUpdate>
			<EditType>InList</EditType>
			<QuickChoice>false</QuickChoice>
			<ChoiceMode>BothWays</ChoiceMode>
			<InputByString>
				<xr:field>ChartOfCharacteristicTypes.ВидыСубконто.StandardAttribute.Description</xr:field>
				<xr:field>ChartOfCharacteristicTypes.ВидыСубконто.StandardAttribute.Code</xr:field>
			</InputByString>
			<CreateOnInput>DontUse</CreateOnInput>
			<SearchStringModeOnInputByString>Begin</SearchStringModeOnInputByString>
			<ChoiceDataGetModeOnInputByString>Directly</ChoiceDataGetModeOnInputByString>
			<FullTextSearchOnInputByString>DontUse</FullTextSearchOnInputByString>
			<ChoiceHistoryOnInput>Auto</ChoiceHistoryOnInput>
			<DefaultObjectForm/>
			<DefaultFolderForm/>
			<DefaultListForm/>
			<DefaultChoiceForm/>
			<DefaultFolderChoiceForm/>
			<AuxiliaryObjectForm/>
			<AuxiliaryFolderForm/>
			<AuxiliaryListForm/>
			<AuxiliaryChoiceForm/>
			<AuxiliaryFolderChoiceForm/>
			<BasedOn/>
			<DataLockFields/>
			<DataLockControlMode>Automatic</DataLockControlMode>
			<FullTextSearch>Use</FullTextSearch>
			<ObjectPresentation/>
			<ExtendedObjectPresentation/>
			<ListPresentation/>
			<ExtendedListPresentation/>
			<Explanation/>
		</Properties>
		<ChildObjects/>
	</ChartOfCharacteristicTypes>
</MetaDataObject>