﻿<?xml version="1.0" encoding="UTF-8"?>
<predefinedData xmlns="http://v8.1c.ru/8.3/xcf/predef" xmlns:v8="http://v8.1c.ru/8.1/data/core" xmlns:xr="http://v8.1c.ru/8.3/xcf/readable" xmlns:xs="http://www.w3.org/2001/XMLSchema" xmlns:xsi="http://www.w3.org/2001/XMLSchema-instance" xsi:type="PlanOfCharacteristicKindPredefined">
	<item id="eebd234a-d047-4db3-97a2-890b3679fb04">
		<isFolder>false</isFolder>
		<name>Выплаты</name>
		<code>00007</code>
		<description>Выплаты</description>
		<type>
			<v8:Type xmlns:d4p1="http://v8.1c.ru/8.1/data/enterprise/current-config">d4p1:CatalogRef.Выплаты</v8:Type>
		</type>
	</item>
	<item id="9f2955f3-b76c-4c60-b6fd-a35eabeeb393">
		<isFolder>false</isFolder>
		<name>Должности</name>
		<code>00003</code>
		<description>Должности</description>
		<type>
			<v8:Type xmlns:d4p1="http://v8.1c.ru/8.1/data/enterprise/current-config">d4p1:CatalogRef.Должности</v8:Type>
		</type>
	</item>
	<item id="f2e41b17-9e4f-458e-973d-d092f0f09401">
		<isFolder>false</isFolder>
		<name>ИсполнительныеЛисты</name>
		<code>00015</code>
		<description>Исполнительные листы</description>
		<type>
			<v8:Type xmlns:d4p1="http://v8.1c.ru/8.1/data/enterprise/current-config">d4p1:CatalogRef.ИсполнительныеЛисты</v8:Type>
		</type>
	</item>
	<item id="02959f08-909c-4758-9046-a43cb6d68930">
		<isFolder>false</isFolder>
		<name>ИсточникиДоходов</name>
		<code>00011</code>
		<description>Источники доходов</description>
		<type>
			<v8:Type xmlns:d4p1="http://v8.1c.ru/8.1/data/enterprise/current-config">d4p1:CatalogRef.ИсточникиДоходов</v8:Type>
		</type>
	</item>
	<item id="edc5d79d-ae28-4563-a34c-87db7f7f422f">
		<isFolder>false</isFolder>
		<name>Контрагенты</name>
		<code>00012</code>
		<description>Контрагенты</description>
		<type>
			<v8:Type xmlns:d4p1="http://v8.1c.ru/8.1/data/enterprise/current-config">d4p1:CatalogRef.Контрагенты</v8:Type>
		</type>
	</item>
	<item id="1e89076e-7ad7-4230-8e31-5b69d9622395">
		<isFolder>false</isFolder>
		<name>Начисления</name>
		<code>00005</code>
		<description>Начисления</description>
		<type>
			<v8:Type xmlns:d4p1="http://v8.1c.ru/8.1/data/enterprise/current-config">d4p1:CatalogRef.Начисления</v8:Type>
		</type>
	</item>
	<item id="24ebdad3-a60a-474e-8f54-a5fce293b238">
		<isFolder>false</isFolder>
		<name>Отчисления</name>
		<code>00008</code>
		<description>Отчисления</description>
		<type>
			<v8:Type xmlns:d4p1="http://v8.1c.ru/8.1/data/enterprise/current-config">d4p1:CatalogRef.Отчисления</v8:Type>
		</type>
	</item>
	<item id="117feae3-ae63-4d7d-a6af-aaa3a5977538">
		<isFolder>false</isFolder>
		<name>Подразделения</name>
		<code>00002</code>
		<description>Подразделения</description>
		<type>
			<v8:Type xmlns:d4p1="http://v8.1c.ru/8.1/data/enterprise/current-config">d4p1:CatalogRef.Подразделения</v8:Type>
		</type>
	</item>
	<item id="cac68bd0-6e3c-4b0e-96a1-42d588e982a1">
		<isFolder>false</isFolder>
		<name>ПрочиеДоходы</name>
		<code>00013</code>
		<description>Прочие доходы</description>
		<type>
			<v8:Type xmlns:d4p1="http://v8.1c.ru/8.1/data/enterprise/current-config">d4p1:CatalogRef.ПрочиеДоходы</v8:Type>
		</type>
	</item>
	<item id="4e5ef267-8b61-4d7e-b48c-c7a00b431a91">
		<isFolder>false</isFolder>
		<name>СатьиУдержаний</name>
		<code>00010</code>
		<description>Сатьи удержаний</description>
		<type>
			<v8:Type xmlns:d4p1="http://v8.1c.ru/8.1/data/enterprise/current-config">d4p1:CatalogRef.СтатьиУдержаний</v8:Type>
		</type>
	</item>
	<item id="1a658c80-d0ea-400e-850a-575e51218b6c">
		<isFolder>false</isFolder>
		<name>Сотрудники</name>
		<code>00001</code>
		<description>Сотрудники</description>
		<type>
			<v8:Type xmlns:d4p1="http://v8.1c.ru/8.1/data/enterprise/current-config">d4p1:CatalogRef.Сотрудники</v8:Type>
		</type>
	</item>
	<item id="6faf57ae-b07c-4a40-b389-3e017f695684">
		<isFolder>false</isFolder>
		<name>СтатьиЗатрат</name>
		<code>00009</code>
		<description>Статьи затрат</description>
		<type>
			<v8:Type xmlns:d4p1="http://v8.1c.ru/8.1/data/enterprise/current-config">d4p1:CatalogRef.СтатьиЗатрат</v8:Type>
		</type>
	</item>
	<item id="23b16691-4939-4b1a-90d3-8a3f7d90cc29">
		<isFolder>false</isFolder>
		<name>Табели</name>
		<code>00014</code>
		<description>Табели</description>
		<type>
			<v8:Type xmlns:d4p1="http://v8.1c.ru/8.1/data/enterprise/current-config">d4p1:CatalogRef.Табели</v8:Type>
		</type>
	</item>
	<item id="98aaa0d7-f2be-45ae-b525-6578bdcf0fbc">
		<isFolder>false</isFolder>
		<name>Удержания</name>
		<code>00006</code>
		<description>Удержания</description>
		<type>
			<v8:Type xmlns:d4p1="http://v8.1c.ru/8.1/data/enterprise/current-config">d4p1:CatalogRef.Удержания</v8:Type>
		</type>
	</item>
	<item id="5ffe681b-b2a3-480e-8c02-f9fc7e1cf47f">
		<isFolder>false</isFolder>
		<name>Фирмы</name>
		<code>00004</code>
		<description>Фирмы</description>
		<type>
			<v8:Type xmlns:d4p1="http://v8.1c.ru/8.1/data/enterprise/current-config">d4p1:CatalogRef.Фирмы</v8:Type>
		</type>
	</item>
</predefinedData>