﻿<?xml version="1.0" encoding="UTF-8"?>
<predefinedData xmlns="http://v8.1c.ru/8.3/xcf/predef" xmlns:v8="http://v8.1c.ru/8.1/data/core" xmlns:xr="http://v8.1c.ru/8.3/xcf/readable" xmlns:xs="http://www.w3.org/2001/XMLSchema" xmlns:xsi="http://www.w3.org/2001/XMLSchema-instance" xsi:type="CalcKindPredefined">
	<item id="b751eb6a-d43d-4ee2-95e7-bbcfa83d45e1">
		<name>Зарплата</name>
		<code xsi:type="xs:string">ЗПЛ       </code>
		<description>Зарплата</description>
		<baseAsAct>false</baseAsAct>
	</item>
	<item id="47085b6a-92b2-45d9-870f-d2736d9dcde5">
		<name>НДФЛ</name>
		<code xsi:type="xs:string">НДФЛ      </code>
		<description>НДФЛ</description>
		<baseAsAct>true</baseAsAct>
		<leadingCalcKind>ChartOfCalculationTypes.ВидыРасчетов.Зарплата</leadingCalcKind>
	</item>
	<item id="195d48bf-ae87-414c-af30-a8fefe486e8a">
		<name>ЕСН</name>
		<code xsi:type="xs:string">ЕСН       </code>
		<description>Страховые взносы</description>
		<baseAsAct>true</baseAsAct>
		<leadingCalcKind>ChartOfCalculationTypes.ВидыРасчетов.Зарплата</leadingCalcKind>
	</item>
</predefinedData>