﻿<?xml version="1.0" encoding="UTF-8"?>
<MetaDataObject xmlns="http://v8.1c.ru/8.3/MDClasses" xmlns:app="http://v8.1c.ru/8.2/managed-application/core" xmlns:cfg="http://v8.1c.ru/8.1/data/enterprise/current-config" xmlns:cmi="http://v8.1c.ru/8.2/managed-application/cmi" xmlns:ent="http://v8.1c.ru/8.1/data/enterprise" xmlns:lf="http://v8.1c.ru/8.2/managed-application/logform" xmlns:style="http://v8.1c.ru/8.1/data/ui/style" xmlns:sys="http://v8.1c.ru/8.1/data/ui/fonts/system" xmlns:v8="http://v8.1c.ru/8.1/data/core" xmlns:v8ui="http://v8.1c.ru/8.1/data/ui" xmlns:web="http://v8.1c.ru/8.1/data/ui/colors/web" xmlns:win="http://v8.1c.ru/8.1/data/ui/colors/windows" xmlns:xen="http://v8.1c.ru/8.3/xcf/enums" xmlns:xpr="http://v8.1c.ru/8.3/xcf/predef" xmlns:xr="http://v8.1c.ru/8.3/xcf/readable" xmlns:xs="http://www.w3.org/2001/XMLSchema" xmlns:xsi="http://www.w3.org/2001/XMLSchema-instance">
	<ChartOfCharacteristicTypes uuid="0d9fc6ef-f6a6-4905-b4f6-e6cb2c443df6">
		<InnerInfo>
			<xr:producedType name="ChartOfCharacteristicTypesObject.ВладельцыПараметров" category="Object">
				<xr:typeId>41922314-413c-4550-b4ff-de0245382a02</xr:typeId>
				<xr:valTypeId>38d50f15-46eb-4de0-80d8-9c859f621464</xr:valTypeId>
			</xr:producedType>
			<xr:producedType name="ChartOfCharacteristicTypesRef.ВладельцыПараметров" category="Ref">
				<xr:typeId>f3d4bfc3-af83-460a-9321-bf875fe924ae</xr:typeId>
				<xr:valTypeId>eeccac28-8cc1-4fa6-a255-30f9c6ce2823</xr:valTypeId>
			</xr:producedType>
			<xr:producedType name="ChartOfCharacteristicTypesSelection.ВладельцыПараметров" category="Selection">
				<xr:typeId>fcab523a-1c9b-4c66-8633-24d7f5207395</xr:typeId>
				<xr:valTypeId>787076c7-8a96-4fa2-b36f-b1a58c3e1248</xr:valTypeId>
			</xr:producedType>
			<xr:producedType name="ChartOfCharacteristicTypesList.ВладельцыПараметров" category="List">
				<xr:typeId>e9b7ec15-5f43-4994-a2d8-a400184267c1</xr:typeId>
				<xr:valTypeId>127f1227-fc12-43ae-97dd-715209331f4e</xr:valTypeId>
			</xr:producedType>
			<xr:producedType name="Characteristic.ВладельцыПараметров" category="Characteristic">
				<xr:typeId>099d1b9f-ce11-48d6-a26a-edee1eaf4064</xr:typeId>
				<xr:valTypeId>25905ebe-9402-43a3-8797-605442a87fa6</xr:valTypeId>
			</xr:producedType>
			<xr:producedType name="ChartOfCharacteristicTypesManager.ВладельцыПараметров" category="Manager">
				<xr:typeId>448847aa-007f-4309-9374-b46b923b295c</xr:typeId>
				<xr:valTypeId>cd476e5d-a206-4316-aca7-7a04e3377512</xr:valTypeId>
			</xr:producedType>
		</InnerInfo>
		<Properties>
			<Name>ВладельцыПараметров</Name>
			<Synonym>
				<v8:item>
					<v8:lang>ru</v8:lang>
					<v8:content>Владельцы параметров</v8:content>
				</v8:item>
			</Synonym>
			<Comment/>
			<UseStandardCommands>false</UseStandardCommands>
			<IncludeHelpInContents>true</IncludeHelpInContents>
			<CharacteristicExtValues/>
			<Type>
				<v8:Type>cfg:CatalogRef.ЛицевыеСчета</v8:Type>
				<v8:Type>cfg:CatalogRef.Пользователи</v8:Type>
				<v8:Type>cfg:CatalogRef.ЗакладкиКадры</v8:Type>
				<v8:Type>cfg:CatalogRef.ТипыРасчета</v8:Type>
				<v8:Type>cfg:CatalogRef.ВидыДокументов</v8:Type>
				<v8:Type>cfg:CatalogRef.СтатьиТК</v8:Type>
				<v8:Type>cfg:CatalogRef.ОсобыеУсловия</v8:Type>
				<v8:Type>cfg:CatalogRef.ОснованияИсчисляемогоСтажа</v8:Type>
				<v8:Type>cfg:CatalogRef.Периоды</v8:Type>
				<v8:Type>cfg:CatalogRef.Документы</v8:Type>
				<v8:Type>cfg:CatalogRef.ВидыВычетов</v8:Type>
				<v8:Type>cfg:CatalogRef.ВидыБольничного</v8:Type>
				<v8:Type>cfg:CatalogRef.ВидыКонтактнойИнформации</v8:Type>
				<v8:Type>cfg:CatalogRef.ВидыВремени</v8:Type>
				<v8:Type>cfg:CatalogRef.ЭлементыЗакладок</v8:Type>
				<v8:Type>cfg:CatalogRef.ИсполнительныеЛисты</v8:Type>
				<v8:Type>cfg:CatalogRef.Контрагенты</v8:Type>
				<v8:Type>cfg:CatalogRef.АлгоритмыРасчета</v8:Type>
				<v8:Type>cfg:CatalogRef.СписокСотрудников</v8:Type>
				<v8:Type>cfg:CatalogRef.ТипыАкций</v8:Type>
				<v8:Type>cfg:CatalogRef.Работы</v8:Type>
				<v8:Type>cfg:CatalogRef.ОбработчикиДокументов</v8:Type>
				<v8:Type>cfg:CatalogRef.ОснованияВыслугиЛет</v8:Type>
				<v8:Type>cfg:CatalogRef.КлассификаторСтранМира</v8:Type>
				<v8:Type>cfg:CatalogRef.Категории</v8:Type>
				<v8:Type>cfg:CatalogRef.Должности</v8:Type>
				<v8:Type>cfg:CatalogRef.Субконто</v8:Type>
				<v8:Type>cfg:CatalogRef.СтатьиУдержаний</v8:Type>
				<v8:Type>cfg:CatalogRef.ПроизвольныеОтчеты</v8:Type>
				<v8:Type>cfg:CatalogRef.Табели</v8:Type>
				<v8:Type>cfg:CatalogRef.Подразделения</v8:Type>
				<v8:Type>cfg:CatalogRef.Начисления</v8:Type>
				<v8:Type>cfg:CatalogRef.СтатьиЗатрат</v8:Type>
				<v8:Type>cfg:CatalogRef.Удержания</v8:Type>
				<v8:Type>cfg:CatalogRef.ПрочиеДоходы</v8:Type>
				<v8:Type>cfg:CatalogRef.Отчисления</v8:Type>
				<v8:Type>cfg:CatalogRef.ПрочиеРасчеты</v8:Type>
				<v8:Type>cfg:CatalogRef.ВидыОтпуска</v8:Type>
				<v8:Type>cfg:CatalogRef.ТерриториальныеУсловия</v8:Type>
				<v8:Type>cfg:CatalogRef.Закладки</v8:Type>
				<v8:Type>cfg:CatalogRef.ЗакладкиПользователя</v8:Type>
				<v8:Type>cfg:CatalogRef.ИсточникиДоходов</v8:Type>
				<v8:Type>cfg:CatalogRef.ЗакладкиКадрыПользователя</v8:Type>
				<v8:Type>cfg:CatalogRef.Выплаты</v8:Type>
				<v8:Type>cfg:CatalogRef.ВидыДоходов</v8:Type>
				<v8:Type>cfg:CatalogRef.ТипыДоходов</v8:Type>
				<v8:Type>cfg:CatalogRef.ВидыСкидок</v8:Type>
				<v8:Type>cfg:CatalogRef.Сотрудники</v8:Type>
				<v8:Type>cfg:CatalogRef.Акционеры</v8:Type>
				<v8:Type>cfg:CatalogRef.Список12</v8:Type>
				<v8:Type>cfg:CatalogRef.Фирмы</v8:Type>
				<v8:Type>cfg:CatalogRef.ШкалыСевернойНадбавки</v8:Type>
			</Type>
			<Hierarchical>false</Hierarchical>
			<FoldersOnTop>true</FoldersOnTop>
			<CodeLength>5</CodeLength>
			<CodeAllowedLength>Fixed</CodeAllowedLength>
			<DescriptionLength>50</DescriptionLength>
			<CodeSeries>WholeCharacteristicKind</CodeSeries>
			<CheckUnique>true</CheckUnique>
			<Autonumbering>true</Autonumbering>
			<DefaultPresentation>AsDescription</DefaultPresentation>
			<StandardAttributes>
				<xr:Attribute name="ValueType">
					<xr:LinkByType/>
					<xr:FillChecking>DontCheck</xr:FillChecking>
					<xr:MultiLine>false</xr:MultiLine>
					<xr:FillFromFillingValue>false</xr:FillFromFillingValue>
					<xr:CreateOnInput>Auto</xr:CreateOnInput>
					<xr:MaxValue xsi:nil="true"/>
					<xr:ToolTip/>
					<xr:ExtendedEdit>false</xr:ExtendedEdit>
					<xr:Format/>
					<xr:ChoiceForm/>
					<xr:QuickChoice>Auto</xr:QuickChoice>
					<xr:ChoiceHistoryOnInput>Auto</xr:ChoiceHistoryOnInput>
					<xr:EditFormat/>
					<xr:PasswordMode>false</xr:PasswordMode>
					<xr:MarkNegatives>false</xr:MarkNegatives>
					<xr:MinValue xsi:nil="true"/>
					<xr:Synonym/>
					<xr:Comment/>
					<xr:FullTextSearch>Use</xr:FullTextSearch>
					<xr:ChoiceParameterLinks/>
					<xr:FillValue xsi:nil="true"/>
					<xr:Mask/>
					<xr:ChoiceParameters/>
				</xr:Attribute>
				<xr:Attribute name="Description">
					<xr:LinkByType/>
					<xr:FillChecking>ShowError</xr:FillChecking>
					<xr:MultiLine>false</xr:MultiLine>
					<xr:FillFromFillingValue>false</xr:FillFromFillingValue>
					<xr:CreateOnInput>Auto</xr:CreateOnInput>
					<xr:MaxValue xsi:nil="true"/>
					<xr:ToolTip/>
					<xr:ExtendedEdit>false</xr:ExtendedEdit>
					<xr:Format/>
					<xr:ChoiceForm/>
					<xr:QuickChoice>Auto</xr:QuickChoice>
					<xr:ChoiceHistoryOnInput>Auto</xr:ChoiceHistoryOnInput>
					<xr:EditFormat/>
					<xr:PasswordMode>false</xr:PasswordMode>
					<xr:MarkNegatives>false</xr:MarkNegatives>
					<xr:MinValue xsi:nil="true"/>
					<xr:Synonym/>
					<xr:Comment/>
					<xr:FullTextSearch>Use</xr:FullTextSearch>
					<xr:ChoiceParameterLinks/>
					<xr:FillValue xsi:nil="true"/>
					<xr:Mask/>
					<xr:ChoiceParameters/>
				</xr:Attribute>
				<xr:Attribute name="Code">
					<xr:LinkByType/>
					<xr:FillChecking>DontCheck</xr:FillChecking>
					<xr:MultiLine>false</xr:MultiLine>
					<xr:FillFromFillingValue>false</xr:FillFromFillingValue>
					<xr:CreateOnInput>Auto</xr:CreateOnInput>
					<xr:MaxValue xsi:nil="true"/>
					<xr:ToolTip/>
					<xr:ExtendedEdit>false</xr:ExtendedEdit>
					<xr:Format/>
					<xr:ChoiceForm/>
					<xr:QuickChoice>Auto</xr:QuickChoice>
					<xr:ChoiceHistoryOnInput>Auto</xr:ChoiceHistoryOnInput>
					<xr:EditFormat/>
					<xr:PasswordMode>false</xr:PasswordMode>
					<xr:MarkNegatives>false</xr:MarkNegatives>
					<xr:MinValue xsi:nil="true"/>
					<xr:Synonym/>
					<xr:Comment/>
					<xr:FullTextSearch>Use</xr:FullTextSearch>
					<xr:ChoiceParameterLinks/>
					<xr:FillValue xsi:nil="true"/>
					<xr:Mask/>
					<xr:ChoiceParameters/>
				</xr:Attribute>
				<xr:Attribute name="IsFolder">
					<xr:LinkByType/>
					<xr:FillChecking>DontCheck</xr:FillChecking>
					<xr:MultiLine>false</xr:MultiLine>
					<xr:FillFromFillingValue>false</xr:FillFromFillingValue>
					<xr:CreateOnInput>Auto</xr:CreateOnInput>
					<xr:MaxValue xsi:nil="true"/>
					<xr:ToolTip/>
					<xr:ExtendedEdit>false</xr:ExtendedEdit>
					<xr:Format/>
					<xr:ChoiceForm/>
					<xr:QuickChoice>Auto</xr:QuickChoice>
					<xr:ChoiceHistoryOnInput>Auto</xr:ChoiceHistoryOnInput>
					<xr:EditFormat/>
					<xr:PasswordMode>false</xr:PasswordMode>
					<xr:MarkNegatives>false</xr:MarkNegatives>
					<xr:MinValue xsi:nil="true"/>
					<xr:Synonym/>
					<xr:Comment/>
					<xr:FullTextSearch>Use</xr:FullTextSearch>
					<xr:ChoiceParameterLinks/>
					<xr:FillValue xsi:nil="true"/>
					<xr:Mask/>
					<xr:ChoiceParameters/>
				</xr:Attribute>
				<xr:Attribute name="Parent">
					<xr:LinkByType/>
					<xr:FillChecking>DontCheck</xr:FillChecking>
					<xr:MultiLine>false</xr:MultiLine>
					<xr:FillFromFillingValue>true</xr:FillFromFillingValue>
					<xr:CreateOnInput>Auto</xr:CreateOnInput>
					<xr:MaxValue xsi:nil="true"/>
					<xr:ToolTip/>
					<xr:ExtendedEdit>false</xr:ExtendedEdit>
					<xr:Format/>
					<xr:ChoiceForm/>
					<xr:QuickChoice>Auto</xr:QuickChoice>
					<xr:ChoiceHistoryOnInput>Auto</xr:ChoiceHistoryOnInput>
					<xr:EditFormat/>
					<xr:PasswordMode>false</xr:PasswordMode>
					<xr:MarkNegatives>false</xr:MarkNegatives>
					<xr:MinValue xsi:nil="true"/>
					<xr:Synonym/>
					<xr:Comment/>
					<xr:FullTextSearch>Use</xr:FullTextSearch>
					<xr:ChoiceParameterLinks/>
					<xr:FillValue xsi:nil="true"/>
					<xr:Mask/>
					<xr:ChoiceParameters/>
				</xr:Attribute>
				<xr:Attribute name="Predefined">
					<xr:LinkByType/>
					<xr:FillChecking>DontCheck</xr:FillChecking>
					<xr:MultiLine>false</xr:MultiLine>
					<xr:FillFromFillingValue>false</xr:FillFromFillingValue>
					<xr:CreateOnInput>Auto</xr:CreateOnInput>
					<xr:MaxValue xsi:nil="true"/>
					<xr:ToolTip/>
					<xr:ExtendedEdit>false</xr:ExtendedEdit>
					<xr:Format/>
					<xr:ChoiceForm/>
					<xr:QuickChoice>Auto</xr:QuickChoice>
					<xr:ChoiceHistoryOnInput>Auto</xr:ChoiceHistoryOnInput>
					<xr:EditFormat/>
					<xr:PasswordMode>false</xr:PasswordMode>
					<xr:MarkNegatives>false</xr:MarkNegatives>
					<xr:MinValue xsi:nil="true"/>
					<xr:Synonym/>
					<xr:Comment/>
					<xr:FullTextSearch>Use</xr:FullTextSearch>
					<xr:ChoiceParameterLinks/>
					<xr:FillValue xsi:nil="true"/>
					<xr:Mask/>
					<xr:ChoiceParameters/>
				</xr:Attribute>
				<xr:Attribute name="DeletionMark">
					<xr:LinkByType/>
					<xr:FillChecking>DontCheck</xr:FillChecking>
					<xr:MultiLine>false</xr:MultiLine>
					<xr:FillFromFillingValue>false</xr:FillFromFillingValue>
					<xr:CreateOnInput>Auto</xr:CreateOnInput>
					<xr:MaxValue xsi:nil="true"/>
					<xr:ToolTip/>
					<xr:ExtendedEdit>false</xr:ExtendedEdit>
					<xr:Format/>
					<xr:ChoiceForm/>
					<xr:QuickChoice>Auto</xr:QuickChoice>
					<xr:ChoiceHistoryOnInput>Auto</xr:ChoiceHistoryOnInput>
					<xr:EditFormat/>
					<xr:PasswordMode>false</xr:PasswordMode>
					<xr:MarkNegatives>false</xr:MarkNegatives>
					<xr:MinValue xsi:nil="true"/>
					<xr:Synonym/>
					<xr:Comment/>
					<xr:FullTextSearch>Use</xr:FullTextSearch>
					<xr:ChoiceParameterLinks/>
					<xr:FillValue xsi:nil="true"/>
					<xr:Mask/>
					<xr:ChoiceParameters/>
				</xr:Attribute>
				<xr:Attribute name="Ref">
					<xr:LinkByType/>
					<xr:FillChecking>DontCheck</xr:FillChecking>
					<xr:MultiLine>false</xr:MultiLine>
					<xr:FillFromFillingValue>false</xr:FillFromFillingValue>
					<xr:CreateOnInput>Auto</xr:CreateOnInput>
					<xr:MaxValue xsi:nil="true"/>
					<xr:ToolTip/>
					<xr:ExtendedEdit>false</xr:ExtendedEdit>
					<xr:Format/>
					<xr:ChoiceForm/>
					<xr:QuickChoice>Auto</xr:QuickChoice>
					<xr:ChoiceHistoryOnInput>Auto</xr:ChoiceHistoryOnInput>
					<xr:EditFormat/>
					<xr:PasswordMode>false</xr:PasswordMode>
					<xr:MarkNegatives>false</xr:MarkNegatives>
					<xr:MinValue xsi:nil="true"/>
					<xr:Synonym/>
					<xr:Comment/>
					<xr:FullTextSearch>Use</xr:FullTextSearch>
					<xr:ChoiceParameterLinks/>
					<xr:FillValue xsi:nil="true"/>
					<xr:Mask/>
					<xr:ChoiceParameters/>
				</xr:Attribute>
			</StandardAttributes>
			<Characteristics/>
			<PredefinedDataUpdate>Auto</PredefinedDataUpdate>
			<EditType>InList</EditType>
			<QuickChoice>false</QuickChoice>
			<ChoiceMode>BothWays</ChoiceMode>
			<InputByString>
				<xr:field>ChartOfCharacteristicTypes.ВладельцыПараметров.StandardAttribute.Description</xr:field>
				<xr:field>ChartOfCharacteristicTypes.ВладельцыПараметров.StandardAttribute.Code</xr:field>
			</InputByString>
			<CreateOnInput>DontUse</CreateOnInput>
			<SearchStringModeOnInputByString>Begin</SearchStringModeOnInputByString>
			<ChoiceDataGetModeOnInputByString>Directly</ChoiceDataGetModeOnInputByString>
			<FullTextSearchOnInputByString>DontUse</FullTextSearchOnInputByString>
			<ChoiceHistoryOnInput>Auto</ChoiceHistoryOnInput>
			<DefaultObjectForm/>
			<DefaultFolderForm/>
			<DefaultListForm>ChartOfCharacteristicTypes.ВладельцыПараметров.Form.ФормаСписка</DefaultListForm>
			<DefaultChoiceForm/>
			<DefaultFolderChoiceForm/>
			<AuxiliaryObjectForm/>
			<AuxiliaryFolderForm/>
			<AuxiliaryListForm/>
			<AuxiliaryChoiceForm/>
			<AuxiliaryFolderChoiceForm/>
			<BasedOn/>
			<DataLockFields/>
			<DataLockControlMode>Automatic</DataLockControlMode>
			<FullTextSearch>Use</FullTextSearch>
			<ObjectPresentation/>
			<ExtendedObjectPresentation/>
			<ListPresentation/>
			<ExtendedListPresentation/>
			<Explanation/>
		</Properties>
		<ChildObjects>
			<Form>ФормаСписка</Form>
		</ChildObjects>
	</ChartOfCharacteristicTypes>
</MetaDataObject>