﻿<?xml version="1.0" encoding="UTF-8"?>
<MetaDataObject xmlns="http://v8.1c.ru/8.3/MDClasses" xmlns:app="http://v8.1c.ru/8.2/managed-application/core" xmlns:cfg="http://v8.1c.ru/8.1/data/enterprise/current-config" xmlns:cmi="http://v8.1c.ru/8.2/managed-application/cmi" xmlns:ent="http://v8.1c.ru/8.1/data/enterprise" xmlns:lf="http://v8.1c.ru/8.2/managed-application/logform" xmlns:style="http://v8.1c.ru/8.1/data/ui/style" xmlns:sys="http://v8.1c.ru/8.1/data/ui/fonts/system" xmlns:v8="http://v8.1c.ru/8.1/data/core" xmlns:v8ui="http://v8.1c.ru/8.1/data/ui" xmlns:web="http://v8.1c.ru/8.1/data/ui/colors/web" xmlns:win="http://v8.1c.ru/8.1/data/ui/colors/windows" xmlns:xen="http://v8.1c.ru/8.3/xcf/enums" xmlns:xpr="http://v8.1c.ru/8.3/xcf/predef" xmlns:xr="http://v8.1c.ru/8.3/xcf/readable" xmlns:xs="http://www.w3.org/2001/XMLSchema" xmlns:xsi="http://www.w3.org/2001/XMLSchema-instance">
	<Configuration uuid="dcd1dd97-a0cd-11d7-959c-0040f4634aec" formatVersion="1.0">
		<InnerInfo>
			<xr:containedObject>
				<xr:classId>9cd510cd-abfc-11d4-9434-004095e12fc7</xr:classId>
				<xr:objectId>dcd1dd98-a0cd-11d7-959c-0040f4634aec</xr:objectId>
			</xr:containedObject>
			<xr:containedObject>
				<xr:classId>9fcd25a0-4822-11d4-9414-008048da11f9</xr:classId>
				<xr:objectId>dcd1dd9a-a0cd-11d7-959c-0040f4634aec</xr:objectId>
			</xr:containedObject>
			<xr:containedObject>
				<xr:classId>e3687481-0a87-462c-a166-9f34594f9bba</xr:classId>
				<xr:objectId>dcd1dd9b-a0cd-11d7-959c-0040f4634aec</xr:objectId>
			</xr:containedObject>
			<xr:containedObject>
				<xr:classId>9de14907-ec23-4a07-96f0-85521cb6b53b</xr:classId>
				<xr:objectId>dcd1dd9c-a0cd-11d7-959c-0040f4634aec</xr:objectId>
			</xr:containedObject>
			<xr:containedObject>
				<xr:classId>51f2d5d8-ea4d-4064-8892-82951750031e</xr:classId>
				<xr:objectId>934ca553-cfa1-45b8-a934-39127da9517e</xr:objectId>
			</xr:containedObject>
			<xr:containedObject>
				<xr:classId>e68182ea-4237-4383-967f-90c1e3370bc7</xr:classId>
				<xr:objectId>aef1f0da-cfed-4ab4-9700-4a918cc3022a</xr:objectId>
			</xr:containedObject>
		</InnerInfo>
		<Properties>
			<Name>РасчетЗарплатыБазовая</Name>
			<Synonym>
				<v8:item>
					<v8:lang>ru</v8:lang>
					<v8:content>КАМИН:Расчет заработной платы. Версия 3.0. Базовая версия</v8:content>
				</v8:item>
			</Synonym>
			<Comment/>
			<DefaultRunMode>OrdinaryApplication</DefaultRunMode>
			<UsePurposes>
				<v8:Value xsi:type="app:ApplicationUsePurpose">PersonalComputer</v8:Value>
			</UsePurposes>
			<ScriptVariant>Russian</ScriptVariant>
			<DefaultRoles>
				<xr:item xsi:type="xr:MDObjectRef">Role.Администратор</xr:item>
			</DefaultRoles>
			<Vendor>Фирма "КАМИН"</Vendor>
			<Version>3.0.46.1</Version>
			<UpdateCatalogAddress/>
			<IncludeHelpInContents>true</IncludeHelpInContents>
			<UseManagedFormInOrdinaryApplication>false</UseManagedFormInOrdinaryApplication>
			<UseOrdinaryFormInManagedApplication>false</UseOrdinaryFormInManagedApplication>
			<AdditionalFullTextSearchDictionaries/>
			<CommonSettingsStorage/>
			<ReportsUserSettingsStorage/>
			<ReportsVariantsStorage/>
			<FormDataSettingsStorage/>
			<DynamicListsUserSettingsStorage/>
			<Content/>
			<DefaultReportForm/>
			<DefaultReportVariantForm/>
			<DefaultReportSettingsForm/>
			<DefaultDynamicListSettingsForm/>
			<DefaultSearchForm/>
			<DefaultInterface>Interface.Полный</DefaultInterface>
			<DefaultStyle>Style.Основной</DefaultStyle>
			<DefaultLanguage>Language.Русский</DefaultLanguage>
			<BriefInformation>
				<v8:item>
					<v8:lang>ru</v8:lang>
					<v8:content>КАМИН:Расчет заработной платы. Версия 3.0. Базовая версия</v8:content>
				</v8:item>
			</BriefInformation>
			<DetailedInformation>
				<v8:item>
					<v8:lang>ru</v8:lang>
					<v8:content>КАМИН:Расчет заработной платы. Версия 3.0. Базовая версия</v8:content>
				</v8:item>
			</DetailedInformation>
			<Copyright/>
			<VendorInformationAddress/>
			<ConfigurationInformationAddress/>
			<DataLockControlMode>Managed</DataLockControlMode>
			<ObjectAutonumerationMode>AutoFree</ObjectAutonumerationMode>
			<ModalityUseMode>Use</ModalityUseMode>
			<InterfaceCompatibilityMode>Version8_2</InterfaceCompatibilityMode>
			<CompatibilityMode>Version8_2_13</CompatibilityMode>
			<DefaultConstantsForm>CommonForm.ФормаКонстант</DefaultConstantsForm>
		</Properties>
		<ChildObjects>
			<Language>Русский</Language>
			<StyleItem>ТекстВажнойНадписи</StyleItem>
			<StyleItem>ТекстИнформационнойНадписи</StyleItem>
			<StyleItem>ТекстПредупреждающейНадписи</StyleItem>
			<StyleItem>ФонГруппировкиВерхнегоУровня</StyleItem>
			<StyleItem>ФонГруппировкиПромежуточногоУровня</StyleItem>
			<StyleItem>ШрифтВажнойНадписи</StyleItem>
			<Style>Основной</Style>
			<CommonPicture>ВыбратьИзСправочника</CommonPicture>
			<CommonPicture>ЗаполнитьТаблицу</CommonPicture>
			<CommonPicture>КартинкиЖурнала</CommonPicture>
			<CommonPicture>Кн_Знак</CommonPicture>
			<CommonPicture>Кн_Кадры</CommonPicture>
			<CommonPicture>ОчиститьТаблицу</CommonPicture>
			<CommonPicture>ПометкаУдаления</CommonPicture>
			<CommonPicture>Помощник</CommonPicture>
			<CommonPicture>РазвернутьДерево</CommonPicture>
			<CommonPicture>Рассчитать</CommonPicture>
			<CommonPicture>РассчитатьОдного</CommonPicture>
			<CommonPicture>СвернутьДерево</CommonPicture>
			<CommonPicture>Системные</CommonPicture>
			<CommonPicture>УдалитьСотрудников</CommonPicture>
			<CommonPicture>ЭлементыЗакладок</CommonPicture>
			<CommonPicture>Ключик</CommonPicture>
			<Interface>КадровыйУчет</Interface>
			<Interface>Общий</Interface>
			<Interface>Полный</Interface>
			<Interface>РасчетЗарплаты</Interface>
			<SessionParameter>ТекущийПользователь</SessionParameter>
			<SessionParameter>ТекущаяФирма</SessionParameter>
			<SessionParameter>ГрупповаяОбработка</SessionParameter>
			<Role>Администратор</Role>
			<Role>Кадровик</Role>
			<Role>ПолныеПрава</Role>
			<Role>РасчетчикЗарплаты</Role>
			<Role>РасчетчикКадровик</Role>
			<CommonTemplate>МакетТаблицы</CommonTemplate>
			<FilterCriterion>ПодразделениеОтбор</FilterCriterion>
			<FilterCriterion>СотрудникОтбор</FilterCriterion>
			<CommonModule>ГлобальныйМодуль</CommonModule>
			<CommonModule>МодульВыполненияОбновления</CommonModule>
			<CommonModule>ОбработкаСобытийФорм</CommonModule>
			<CommonModule>МодульПроверки</CommonModule>
			<CommonModule>ОбщегоНазначения</CommonModule>
			<CommonModule>СлужебныйМодуль</CommonModule>
			<ExchangePlan>ВыгрузкаВКадры_20</ExchangePlan>
			<XDTOPackage>ВыгрузкаВзарплату</XDTOPackage>
			<Constant>ДатаФиксации</Constant>
			<Constant>ИспользоватьКаталогВнешнихФайлов</Constant>
			<Constant>КаталогКЛАДР</Constant>
			<Constant>КонтролироватьПрава</Constant>
			<Constant>МаскаТабНомер</Constant>
			<Constant>МногофирменныйУчет</Constant>
			<Constant>НЕПроверятьАктуальностьИтоговПриЗапуске</Constant>
			<Constant>НеРазбивать1ЛистТ53</Constant>
			<Constant>НомерРелиза</Constant>
			<Constant>ОкрСумВыд</Constant>
			<Constant>ОпределятьПриоритетыНадбавок</Constant>
			<Constant>ОсновнаяФирма</Constant>
			<Constant>ОсновнойИсточникДоходов</Constant>
			<Constant>ОткрытьПомощник</Constant>
			<Constant>ПараметрыНастроек</Constant>
			<Constant>ПутьКФайлам</Constant>
			<Constant>РегНомПП</Constant>
			<Constant>ТочностьЕСН</Constant>
			<Constant>ФорматНаименованияСотрудника</Constant>
			<Constant>ВыводитьПользователяВКолонтитулах</Constant>
			<CommonForm>ФормаКонстант</CommonForm>
			<CommonForm>ФормаМакета</CommonForm>
			<CommonForm>ФормаПараметров</CommonForm>
			<CommonForm>ФормаСписка</CommonForm>
			<Catalog>Акционеры</Catalog>
			<Catalog>АлгоритмыРасчета</Catalog>
			<Catalog>ВидыБольничного</Catalog>
			<Catalog>ВидыВзысканий</Catalog>
			<Catalog>ВидыВремени</Catalog>
			<Catalog>ВидыВычетов</Catalog>
			<Catalog>ВидыДеятельности</Catalog>
			<Catalog>ВидыДокументов</Catalog>
			<Catalog>ВидыДоходов</Catalog>
			<Catalog>ВидыДоходовДляСтраховыхВзносов</Catalog>
			<Catalog>ВидыКонтактнойИнформации</Catalog>
			<Catalog>ВидыОтпуска</Catalog>
			<Catalog>ВидыПоощрений</Catalog>
			<Catalog>ВидыПроступков</Catalog>
			<Catalog>ВидыСкидок</Catalog>
			<Catalog>ВидыТарифовСтраховыхВзносов</Catalog>
			<Catalog>Выплаты</Catalog>
			<Catalog>Документы</Catalog>
			<Catalog>Должности</Catalog>
			<Catalog>Закладки</Catalog>
			<Catalog>ЗакладкиКадры</Catalog>
			<Catalog>ЗакладкиКадрыПользователя</Catalog>
			<Catalog>ЗакладкиПользователя</Catalog>
			<Catalog>ИсполнительныеЛисты</Catalog>
			<Catalog>ИсточникиДоходов</Catalog>
			<Catalog>Категории</Catalog>
			<Catalog>КлассификаторСтранМира</Catalog>
			<Catalog>Контрагенты</Catalog>
			<Catalog>ЛицевыеСчета</Catalog>
			<Catalog>МотивыПоощрений</Catalog>
			<Catalog>Начисления</Catalog>
			<Catalog>ОбработчикиДокументов</Catalog>
			<Catalog>ОснованияВыслугиЛет</Catalog>
			<Catalog>ОснованияИсчисляемогоСтажа</Catalog>
			<Catalog>ОсобыеУсловия</Catalog>
			<Catalog>Отчисления</Catalog>
			<Catalog>Периоды</Catalog>
			<Catalog>Подразделения</Catalog>
			<Catalog>Пользователи</Catalog>
			<Catalog>ПроизвольныеОтчеты</Catalog>
			<Catalog>ПрочиеДоходы</Catalog>
			<Catalog>ПрочиеРасчеты</Catalog>
			<Catalog>Работы</Catalog>
			<Catalog>Сотрудники</Catalog>
			<Catalog>Список12</Catalog>
			<Catalog>СписокСотрудников</Catalog>
			<Catalog>СтатьиЗатрат</Catalog>
			<Catalog>СтатьиТК</Catalog>
			<Catalog>СтатьиУдержаний</Catalog>
			<Catalog>Субконто</Catalog>
			<Catalog>Табели</Catalog>
			<Catalog>ТарифныеСетки</Catalog>
			<Catalog>ТерриториальныеУсловия</Catalog>
			<Catalog>ТипыАкций</Catalog>
			<Catalog>ТипыДоходов</Catalog>
			<Catalog>ТипыРасчета</Catalog>
			<Catalog>Удержания</Catalog>
			<Catalog>Фирмы</Catalog>
			<Catalog>ШкалыСевернойНадбавки</Catalog>
			<Catalog>ЭлементыЗакладок</Catalog>
			<Document>ВхСальдо</Document>
			<Document>Выплата</Document>
			<Document>ВыплатаДивидендов</Document>
			<Document>Дивиденды</Document>
			<Document>Договор</Document>
			<Document>ИзменениеСеверныхНадбавок</Document>
			<Document>ИзменениеСтавок</Document>
			<Document>Изменения</Document>
			<Document>КадровыйПриказ</Document>
			<Document>КонецМесяца</Document>
			<Document>Корректировка</Document>
			<Document>НачалоМесяца</Document>
			<Document>НачПоСреднему</Document>
			<Document>НачПростое</Document>
			<Document>НачСложное</Document>
			<Document>НДФЛ</Document>
			<Document>ПеречислениеНДФЛ</Document>
			<Document>ПеречислениеСуммДСВ</Document>
			<Document>Прием</Document>
			<Document>ПрочиеДоходы</Document>
			<Document>ПрочиеРасчеты</Document>
			<Document>РасчетПоИЛ</Document>
			<Document>РСВ1</Document>
			<Document>Сведения</Document>
			<Document>Совместительство</Document>
			<Document>Табель</Document>
			<Document>ТабельУчетаРабочегоВремени</Document>
			<Document>Увольнение</Document>
			<Document>Удержание</Document>
			<Document>ШтатноеРасписание</Document>
			<DocumentJournal>ДокументыПоВыплатам</DocumentJournal>
			<DocumentJournal>ДокументыПоНачислениям</DocumentJournal>
			<DocumentJournal>ДокументыпоУдержаниям</DocumentJournal>
			<DocumentJournal>ДокументыСведенияКорректировки</DocumentJournal>
			<DocumentJournal>КадровыеДокументы</DocumentJournal>
			<DocumentJournal>Кадры</DocumentJournal>
			<DocumentJournal>Общий</DocumentJournal>
			<DocumentJournal>РегламентныеДокументы</DocumentJournal>
			<Enum>ВидыДнейКалендаря</Enum>
			<Enum>ВидыСемейногоПоложения</Enum>
			<Enum>ВидыСтавок</Enum>
			<Enum>ВидыСтажа</Enum>
			<Enum>ДниЧасы</Enum>
			<Enum>НалоговыеРежимы</Enum>
			<Enum>ОтношениеКЕСН</Enum>
			<Enum>Пол</Enum>
			<Enum>ПризнакВыплаты</Enum>
			<Enum>СистемыОплаты</Enum>
			<Enum>СпособыВхождения</Enum>
			<Enum>СпособыВыплатПоИл</Enum>
			<Enum>СпособыРасчета</Enum>
			<Enum>ТипыРегионов</Enum>
			<Report>АнализОтработанногоВремени</Report>
			<Report>ВедомостьНачисления</Report>
			<Report>ВедомостьСтраховыхВзносов</Report>
			<Report>ВыплатыЗаСчетФСС</Report>
			<Report>ВыплатыЧерезБанк</Report>
			<Report>ДепонированнаяЗПСсуда</Report>
			<Report>ЖурналПлатежныхВедомостей</Report>
			<Report>КадровыеДокументыСотрудника</Report>
			<Report>КадровыйОтчет</Report>
			<Report>КарточкаНДФЛ</Report>
			<Report>КарточкаСотрудника</Report>
			<Report>КарточкаСтраховыхВзносов</Report>
			<Report>КарточкаСчета</Report>
			<Report>ЛицевойСчетТ54</Report>
			<Report>ЛичнаяКарточкаТ2</Report>
			<Report>НалоговыйРегистрПоНДФЛ</Report>
			<Report>НачисленияИОтчисленияИнвалидов</Report>
			<Report>НДФЛУдержанныйИПеречисленный</Report>
			<Report>ОборотноСальдоваяВедомость</Report>
			<Report>ОборотноСальдоваяВедомостьПоСчету</Report>
			<Report>ОтчетПоРегистрамНакопления</Report>
			<Report>ОтчетПоРегистрамСведений</Report>
			<Report>ОтчетПоСотрудникам</Report>
			<Report>ПечатьШР</Report>
			<Report>РасходыБудущихПериодов</Report>
			<Report>РасчетнаяВедомостьТ51</Report>
			<Report>РасчетноПлатежнаяВедомость</Report>
			<Report>РасчетныйЛисток</Report>
			<Report>РасшифровкаСуммы</Report>
			<Report>СводНДФЛ</Report>
			<Report>СводОтчисленийИНалогов</Report>
			<Report>СводУниверсальный</Report>
			<Report>СправкаОСуммеЗПдляБЛ</Report>
			<Report>СправкаСреднийЗаработок</Report>
			<Report>СтраховыеВзносыВПФР</Report>
			<Report>Форма4417</Report>
			<Report>ФСС4</Report>
			<Report>ФормаП4</Report>
			<Report>ФСС4_2010</Report>
			<Report>ФСС4_2011</Report>
			<DataProcessor>АДВ11</DataProcessor>
			<DataProcessor>АДВ123</DataProcessor>
			<DataProcessor>Адреса</DataProcessor>
			<DataProcessor>Больничный2010</DataProcessor>
			<DataProcessor>Больничный2011</DataProcessor>
			<DataProcessor>ВыгрузкаПроводокВБухгалтерию</DataProcessor>
			<DataProcessor>ВыплатаАванса</DataProcessor>
			<DataProcessor>ВыплатаЗарплаты</DataProcessor>
			<DataProcessor>ВыслугаЛет</DataProcessor>
			<DataProcessor>ГрупповаяОбработкаСправочниковИДокументов</DataProcessor>
			<DataProcessor>ДоплатаДоМинимума</DataProcessor>
			<DataProcessor>ДСВ1</DataProcessor>
			<DataProcessor>ЗагрузкаДанныхПоВзносамПФРФ</DataProcessor>
			<DataProcessor>ЗаявлениеНаПеречислениеСуммДСВ</DataProcessor>
			<DataProcessor>ЗаявлениеНаПредоставлениеСтандартныхВычетов</DataProcessor>
			<DataProcessor>ЗначенияПараметров</DataProcessor>
			<DataProcessor>ИзвещениеВоенкомата</DataProcessor>
			<DataProcessor>ИзменениеТарифнойСетки</DataProcessor>
			<DataProcessor>Информация</DataProcessor>
			<DataProcessor>КонсольОтчетов</DataProcessor>
			<DataProcessor>КорректировкаВычетов</DataProcessor>
			<DataProcessor>КорректировкаДохСПредМестаРаб</DataProcessor>
			<DataProcessor>КорректировкаНДФЛ</DataProcessor>
			<DataProcessor>КорректировкаОтпуска</DataProcessor>
			<DataProcessor>КорректировкаСкидок</DataProcessor>
			<DataProcessor>КорректировкаТабеля</DataProcessor>
			<DataProcessor>МежрасчетныеВыплаты</DataProcessor>
			<DataProcessor>НачальноеЗаполнение</DataProcessor>
			<DataProcessor>НачислениеБольничный</DataProcessor>
			<DataProcessor>НачислениеОтпуск</DataProcessor>
			<DataProcessor>НачислениеПоКонтракту</DataProcessor>
			<DataProcessor>НачислениеПоКТУ</DataProcessor>
			<DataProcessor>НачислениеПроцентом</DataProcessor>
			<DataProcessor>НачислениеСдельнаяОплата</DataProcessor>
			<DataProcessor>НачислениеТабель</DataProcessor>
			<DataProcessor>НДФЛ2</DataProcessor>
			<DataProcessor>НДФЛ2_2011</DataProcessor>
			<DataProcessor>ОбработкаОбновления</DataProcessor>
			<DataProcessor>ОтпускБезСохраненияЗП</DataProcessor>
			<DataProcessor>ОтпускПоУходуЗаРебенком</DataProcessor>
			<DataProcessor>ПерерасчетНалогов</DataProcessor>
			<DataProcessor>ПечатьТрудовыхДоговоров</DataProcessor>
			<DataProcessor>ПодборСотрудников</DataProcessor>
			<DataProcessor>ПриказНаКомандировку</DataProcessor>
			<DataProcessor>ПриказНаОтпуск</DataProcessor>
			<DataProcessor>ПриказОПоощрении</DataProcessor>
			<DataProcessor>ПрименениеВзыскания</DataProcessor>
			<DataProcessor>РасчетЕСН</DataProcessor>
			<DataProcessor>РасчетМатериальнойВыгодыПоСсуде</DataProcessor>
			<DataProcessor>РасчетПроцентовПоСсуде</DataProcessor>
			<DataProcessor>РегламентированнаяОтчетностьЕСН</DataProcessor>
			<DataProcessor>РегламентированнаяОтчетностьПФ</DataProcessor>
			<DataProcessor>СведенияВПФ2010</DataProcessor>
			<DataProcessor>СЗВ_4_2</DataProcessor>
			<DataProcessor>УдержаниеПостоянное</DataProcessor>
			<DataProcessor>УдержаниеПроцентом</DataProcessor>
			<DataProcessor>ФормаТ13</DataProcessor>
			<DataProcessor>ЭлектронныйОбменСБанком</DataProcessor>
			<InformationRegister>Больничные</InformationRegister>
			<InformationRegister>ВизирующиеДокументов</InformationRegister>
			<InformationRegister>Вычеты</InformationRegister>
			<InformationRegister>ВычетыИмущественные</InformationRegister>
			<InformationRegister>ГражданствоСотрудников</InformationRegister>
			<InformationRegister>ГрафикиРаботы</InformationRegister>
			<InformationRegister>Договоры</InformationRegister>
			<InformationRegister>ДолжностныеЛица</InformationRegister>
			<InformationRegister>ЗначенияВладельцевПараметров</InformationRegister>
			<InformationRegister>ЗначенияПараметров</InformationRegister>
			<InformationRegister>ИдентификаторыОбъектов</InformationRegister>
			<InformationRegister>ИнвалидностьСотрудников</InformationRegister>
			<InformationRegister>ИсторияМЗП</InformationRegister>
			<InformationRegister>КадровыеСведения</InformationRegister>
			<InformationRegister>Календарь</InformationRegister>
			<InformationRegister>НалоговыйРежимПодразделений</InformationRegister>
			<InformationRegister>НалоговыйРежимПредприятия</InformationRegister>
			<InformationRegister>НормыВремени</InformationRegister>
			<InformationRegister>НормыРабочегоВремениНаГод</InformationRegister>
			<InformationRegister>ПроцентЕНВДПоСтатьямЗатрат</InformationRegister>
			<InformationRegister>РазмерВычетов</InformationRegister>
			<InformationRegister>РазрядыТарифныхСеток</InformationRegister>
			<InformationRegister>РасчетМатериальнойВыгодыПоСсуде</InformationRegister>
			<InformationRegister>СинхронизацияОбъектов</InformationRegister>
			<InformationRegister>СлужебныеДанные</InformationRegister>
			<InformationRegister>СтавкаРефинансированияЦБ</InformationRegister>
			<InformationRegister>СуммыЗаявленныхДСВ</InformationRegister>
			<InformationRegister>Табели</InformationRegister>
			<InformationRegister>ТарифыСтраховыхВзносов</InformationRegister>
			<InformationRegister>УсловияТруда</InformationRegister>
			<InformationRegister>ФИОСотрудников</InformationRegister>
			<InformationRegister>ШтатноеРасписание</InformationRegister>
			<AccumulationRegister>БазаБЛПредыдущегоМестаРаботы</AccumulationRegister>
			<AccumulationRegister>ВремяНеотработанное</AccumulationRegister>
			<AccumulationRegister>ВремяОтработанное</AccumulationRegister>
			<AccumulationRegister>ВыплатаЧерезБанк</AccumulationRegister>
			<AccumulationRegister>ВычетыСтандартные</AccumulationRegister>
			<AccumulationRegister>ЕСНПредыдущегоМестаРаботы</AccumulationRegister>
			<AccumulationRegister>НачислениеПоДоговорам</AccumulationRegister>
			<AccumulationRegister>НДФЛ</AccumulationRegister>
			<AccumulationRegister>НДФЛПеречисленный</AccumulationRegister>
			<AccumulationRegister>Отчисления</AccumulationRegister>
			<AccumulationRegister>ПеречисленныеСуммыДСВ</AccumulationRegister>
			<AccumulationRegister>ПрочиеРасчеты</AccumulationRegister>
			<AccumulationRegister>СальдоПоДивидендам</AccumulationRegister>
			<AccumulationRegister>СальдоПоЗарплате</AccumulationRegister>
			<AccumulationRegister>Скидки</AccumulationRegister>
			<AccumulationRegister>СоциальныеВычеты</AccumulationRegister>
			<AccumulationRegister>СтраховыеВзносы</AccumulationRegister>
			<AccumulationRegister>СуммаВыплатЗаСчетФедеральногоБюджета</AccumulationRegister>
			<AccumulationRegister>СуммыНачисленныеИУплаченныеВПФ</AccumulationRegister>
			<AccumulationRegister>УдержанияПоИЛ</AccumulationRegister>
			<ChartOfCharacteristicTypes>ВидыСубконто</ChartOfCharacteristicTypes>
			<ChartOfCharacteristicTypes>ВладельцыПараметров</ChartOfCharacteristicTypes>
			<ChartOfCharacteristicTypes>Параметры</ChartOfCharacteristicTypes>
			<ChartOfAccounts>Зарплата</ChartOfAccounts>
			<AccountingRegister>РегистрЗарплаты</AccountingRegister>
			<ChartOfCalculationTypes>ВидыРасчетов</ChartOfCalculationTypes>
			<CalculationRegister>РегистрРасчета</CalculationRegister>
		</ChildObjects>
	</Configuration>
</MetaDataObject>