﻿<?xml version="1.0" encoding="UTF-8"?>
<document xmlns="http://v8.1c.ru/8.2/data/spreadsheet" xmlns:style="http://v8.1c.ru/8.1/data/ui/style" xmlns:v8="http://v8.1c.ru/8.1/data/core" xmlns:v8ui="http://v8.1c.ru/8.1/data/ui" xmlns:xs="http://www.w3.org/2001/XMLSchema" xmlns:xsi="http://www.w3.org/2001/XMLSchema-instance">
	<languageSettings>
		<currentLanguage>ru</currentLanguage>
		<defaultLanguage>ru</defaultLanguage>
		<languageInfo>
			<id>ru</id>
			<code>Русский</code>
			<description>Русский</description>
		</languageInfo>
	</languageSettings>
	<columns>
		<size>8</size>
		<columnsItem>
			<index>0</index>
			<column>
				<formatIndex>1</formatIndex>
			</column>
		</columnsItem>
		<columnsItem>
			<index>1</index>
			<column>
				<formatIndex>1</formatIndex>
			</column>
		</columnsItem>
		<columnsItem>
			<index>2</index>
			<column>
				<formatIndex>2</formatIndex>
			</column>
		</columnsItem>
		<columnsItem>
			<index>3</index>
			<column>
				<formatIndex>3</formatIndex>
			</column>
		</columnsItem>
		<columnsItem>
			<index>4</index>
			<column>
				<formatIndex>4</formatIndex>
			</column>
		</columnsItem>
	</columns>
	<rowsItem>
		<index>0</index>
		<row>
			<formatIndex>5</formatIndex>
			<c>
				<i>1</i>
				<c>
					<f>6</f>
				</c>
			</c>
			<c>
				<c>
					<f>7</f>
					<tl>
						<v8:item>
							<v8:lang>ru</v8:lang>
							<v8:content>Сведения о сотруднике</v8:content>
						</v8:item>
					</tl>
				</c>
			</c>
			<c>
				<c>
					<f>6</f>
				</c>
			</c>
			<c>
				<c>
					<f>6</f>
				</c>
			</c>
			<c>
				<c>
					<f>6</f>
				</c>
			</c>
			<c>
				<c>
					<f>6</f>
				</c>
			</c>
			<c>
				<c>
					<f>6</f>
				</c>
			</c>
		</row>
	</rowsItem>
	<rowsItem>
		<index>1</index>
		<row>
			<formatIndex>8</formatIndex>
			<c>
				<c>
					<f>0</f>
				</c>
			</c>
			<c>
				<i>2</i>
				<c>
					<f>9</f>
				</c>
			</c>
		</row>
	</rowsItem>
	<rowsItem>
		<index>2</index>
		<row>
			<c>
				<c>
					<f>0</f>
				</c>
			</c>
			<c>
				<i>2</i>
				<c>
					<f>10</f>
					<parameter>Сотрудник</parameter>
				</c>
			</c>
		</row>
	</rowsItem>
	<rowsItem>
		<index>3</index>
		<row>
			<formatIndex>11</formatIndex>
			<c>
				<c>
					<f>0</f>
				</c>
			</c>
		</row>
	</rowsItem>
	<rowsItem>
		<index>4</index>
		<row>
			<c>
				<i>2</i>
				<c>
					<f>0</f>
					<tl>
						<v8:item>
							<v8:lang>ru</v8:lang>
							<v8:content>Фамилия</v8:content>
						</v8:item>
					</tl>
				</c>
			</c>
			<c>
				<i>4</i>
				<c>
					<f>12</f>
					<parameter>Фамилия</parameter>
				</c>
			</c>
			<c>
				<i>6</i>
				<c>
					<f>13</f>
				</c>
			</c>
		</row>
	</rowsItem>
	<rowsItem>
		<index>5</index>
		<row>
			<c>
				<i>2</i>
				<c>
					<f>0</f>
					<tl>
						<v8:item>
							<v8:lang>ru</v8:lang>
							<v8:content>Имя</v8:content>
						</v8:item>
					</tl>
				</c>
			</c>
			<c>
				<i>4</i>
				<c>
					<f>14</f>
					<parameter>Имя</parameter>
				</c>
			</c>
			<c>
				<i>6</i>
				<c>
					<f>13</f>
				</c>
			</c>
		</row>
	</rowsItem>
	<rowsItem>
		<index>6</index>
		<row>
			<c>
				<i>2</i>
				<c>
					<f>0</f>
					<tl>
						<v8:item>
							<v8:lang>ru</v8:lang>
							<v8:content>Отчество</v8:content>
						</v8:item>
					</tl>
				</c>
			</c>
			<c>
				<i>4</i>
				<c>
					<f>14</f>
					<parameter>Отчество</parameter>
				</c>
			</c>
			<c>
				<i>6</i>
				<c>
					<f>13</f>
				</c>
			</c>
		</row>
	</rowsItem>
	<rowsItem>
		<index>7</index>
		<row>
			<formatIndex>15</formatIndex>
			<c>
				<i>1</i>
				<c>
					<f>0</f>
				</c>
			</c>
			<c>
				<c>
					<f>16</f>
					<tl>
						<v8:item>
							<v8:lang>ru</v8:lang>
							<v8:content>Страховой номер</v8:content>
						</v8:item>
					</tl>
				</c>
			</c>
			<c>
				<c>
					<f>0</f>
				</c>
			</c>
			<c>
				<c>
					<f>14</f>
					<parameter>НомерСС</parameter>
				</c>
			</c>
			<c>
				<c>
					<f>0</f>
				</c>
			</c>
			<c>
				<c>
					<f>0</f>
				</c>
			</c>
		</row>
	</rowsItem>
	<rowsItem>
		<index>8</index>
		<row>
			<c>
				<i>2</i>
				<c>
					<f>0</f>
					<tl>
						<v8:item>
							<v8:lang>ru</v8:lang>
							<v8:content>Адрес для информации</v8:content>
						</v8:item>
					</tl>
				</c>
			</c>
			<c>
				<i>4</i>
				<c>
					<f>17</f>
				</c>
			</c>
			<c>
				<c>
					<f>17</f>
				</c>
			</c>
			<c>
				<c>
					<f>17</f>
				</c>
			</c>
			<c>
				<c>
					<f>17</f>
				</c>
			</c>
		</row>
	</rowsItem>
	<rowsItem>
		<index>9</index>
		<row>
			<c>
				<i>2</i>
				<c>
					<f>18</f>
				</c>
			</c>
			<c>
				<c>
					<f>19</f>
					<parameter>АдресРегистрации</parameter>
				</c>
			</c>
		</row>
	</rowsItem>
	<rowsItem>
		<index>10</index>
		<row>
			<c>
				<i>2</i>
				<c>
					<f>0</f>
					<tl>
						<v8:item>
							<v8:lang>ru</v8:lang>
							<v8:content>Период работы</v8:content>
						</v8:item>
					</tl>
				</c>
			</c>
			<c>
				<i>4</i>
				<c>
					<f>14</f>
					<parameter>ПериодРаботы</parameter>
				</c>
			</c>
			<c>
				<i>6</i>
				<c>
					<f>20</f>
				</c>
			</c>
		</row>
	</rowsItem>
	<rowsItem>
		<index>11</index>
		<row>
			<c>
				<i>2</i>
				<c>
					<f>0</f>
				</c>
			</c>
			<c>
				<i>4</i>
				<c>
					<f>21</f>
				</c>
			</c>
			<c>
				<c>
					<f>21</f>
				</c>
			</c>
		</row>
	</rowsItem>
	<rowsItem>
		<index>12</index>
		<row>
			<c>
				<i>2</i>
				<c>
					<f>0</f>
					<tl>
						<v8:item>
							<v8:lang>ru</v8:lang>
							<v8:content>По временной нетрудоспособности</v8:content>
						</v8:item>
					</tl>
				</c>
			</c>
			<c>
				<i>4</i>
				<c>
					<f>21</f>
				</c>
			</c>
			<c>
				<c>
					<f>22</f>
					<parameter>ПоВремНетрудоспособности</parameter>
				</c>
			</c>
		</row>
	</rowsItem>
	<rowsItem>
		<index>13</index>
		<row>
			<c>
				<i>2</i>
				<c>
					<f>0</f>
					<tl>
						<v8:item>
							<v8:lang>ru</v8:lang>
							<v8:content>Отпуск без сохранения зар. платы</v8:content>
						</v8:item>
					</tl>
				</c>
			</c>
			<c>
				<i>5</i>
				<c>
					<f>22</f>
					<parameter>ОтпускБезСохраненияЗП</parameter>
				</c>
			</c>
		</row>
	</rowsItem>
	<rowsItem>
		<index>14</index>
		<row>
			<formatIndex>11</formatIndex>
			<empty>true</empty>
		</row>
	</rowsItem>
	<rowsItem>
		<index>15</index>
		<row>
			<formatIndex>5</formatIndex>
			<c>
				<i>1</i>
				<c>
					<f>6</f>
				</c>
			</c>
			<c>
				<c>
					<f>7</f>
					<tl>
						<v8:item>
							<v8:lang>ru</v8:lang>
							<v8:content>Начислено страховых взносов в пенсионный фонд</v8:content>
						</v8:item>
					</tl>
				</c>
			</c>
			<c>
				<c>
					<f>6</f>
				</c>
			</c>
			<c>
				<c>
					<f>6</f>
				</c>
			</c>
			<c>
				<c>
					<f>6</f>
				</c>
			</c>
			<c>
				<c>
					<f>6</f>
				</c>
			</c>
			<c>
				<c>
					<f>6</f>
				</c>
			</c>
		</row>
	</rowsItem>
	<rowsItem>
		<index>16</index>
		<row>
			<c>
				<i>2</i>
				<c>
					<f>0</f>
					<tl>
						<v8:item>
							<v8:lang>ru</v8:lang>
							<v8:content>Страховая часть</v8:content>
						</v8:item>
					</tl>
				</c>
			</c>
			<c>
				<i>4</i>
				<c>
					<f>23</f>
					<parameter>СтраховаяЧасть</parameter>
				</c>
			</c>
		</row>
	</rowsItem>
	<rowsItem>
		<index>17</index>
		<row>
			<c>
				<i>2</i>
				<c>
					<f>0</f>
					<tl>
						<v8:item>
							<v8:lang>ru</v8:lang>
							<v8:content>Накопительная часть</v8:content>
						</v8:item>
					</tl>
				</c>
			</c>
			<c>
				<i>4</i>
				<c>
					<f>23</f>
					<parameter>НакопительнаяЧасть</parameter>
				</c>
			</c>
		</row>
	</rowsItem>
	<rowsItem>
		<index>18</index>
		<row>
			<c>
				<i>2</i>
				<c>
					<f>0</f>
					<tl>
						<v8:item>
							<v8:lang>ru</v8:lang>
							<v8:content>По доп.тарифу</v8:content>
						</v8:item>
					</tl>
				</c>
			</c>
			<c>
				<i>4</i>
				<c>
					<f>23</f>
					<parameter>ПоДопТарифу</parameter>
				</c>
			</c>
		</row>
	</rowsItem>
	<rowsItem>
		<index>19</index>
		<row>
			<c>
				<i>1</i>
				<c>
					<f>6</f>
				</c>
			</c>
			<c>
				<c>
					<f>7</f>
					<tl>
						<v8:item>
							<v8:lang>ru</v8:lang>
							<v8:content>Сведения за расчетный период в целом по страхователю</v8:content>
						</v8:item>
					</tl>
				</c>
			</c>
			<c>
				<c>
					<f>6</f>
				</c>
			</c>
			<c>
				<c>
					<f>6</f>
				</c>
			</c>
			<c>
				<c>
					<f>6</f>
				</c>
			</c>
			<c>
				<c>
					<f>6</f>
				</c>
			</c>
			<c>
				<c>
					<f>6</f>
				</c>
			</c>
		</row>
	</rowsItem>
	<rowsItem>
		<index>20</index>
		<row>
			<c>
				<i>2</i>
				<c>
					<f>0</f>
					<tl>
						<v8:item>
							<v8:lang>ru</v8:lang>
							<v8:content>Страховая часть</v8:content>
						</v8:item>
					</tl>
				</c>
			</c>
			<c>
				<i>4</i>
				<c>
					<f>24</f>
					<parameter>СтрахЧастьВЦелом</parameter>
				</c>
			</c>
		</row>
	</rowsItem>
	<rowsItem>
		<index>21</index>
		<row>
			<c>
				<i>2</i>
				<c>
					<f>0</f>
					<tl>
						<v8:item>
							<v8:lang>ru</v8:lang>
							<v8:content>Накопительная часть</v8:content>
						</v8:item>
					</tl>
				</c>
			</c>
			<c>
				<i>4</i>
				<c>
					<f>24</f>
					<parameter>НакЧастьВЦелом</parameter>
				</c>
			</c>
		</row>
	</rowsItem>
	<templateMode>true</templateMode>
	<defaultFormatIndex>25</defaultFormatIndex>
	<height>22</height>
	<vgRows>22</vgRows>
	<merge>
		<r>9</r>
		<c>3</c>
		<w>4</w>
	</merge>
	<merge>
		<r>10</r>
		<c>4</c>
		<w>1</w>
	</merge>
	<merge>
		<r>12</r>
		<c>5</c>
		<w>1</w>
	</merge>
	<merge>
		<r>13</r>
		<c>5</c>
		<w>1</w>
	</merge>
	<namedItem xsi:type="NamedItemCells">
		<name>АдресРегистрации</name>
		<area>
			<type>Rectangle</type>
			<beginRow>9</beginRow>
			<endRow>9</endRow>
			<beginColumn>3</beginColumn>
			<endColumn>7</endColumn>
		</area>
	</namedItem>
	<namedItem xsi:type="NamedItemCells">
		<name>Имя</name>
		<area>
			<type>Rectangle</type>
			<beginRow>5</beginRow>
			<endRow>5</endRow>
			<beginColumn>4</beginColumn>
			<endColumn>4</endColumn>
		</area>
	</namedItem>
	<namedItem xsi:type="NamedItemCells">
		<name>НакопительнаяЧасть</name>
		<area>
			<type>Rectangle</type>
			<beginRow>17</beginRow>
			<endRow>17</endRow>
			<beginColumn>4</beginColumn>
			<endColumn>4</endColumn>
		</area>
	</namedItem>
	<namedItem xsi:type="NamedItemCells">
		<name>НакЧастьВЦелом</name>
		<area>
			<type>Rectangle</type>
			<beginRow>21</beginRow>
			<endRow>21</endRow>
			<beginColumn>4</beginColumn>
			<endColumn>4</endColumn>
		</area>
	</namedItem>
	<namedItem xsi:type="NamedItemCells">
		<name>НомерСС</name>
		<area>
			<type>Rectangle</type>
			<beginRow>7</beginRow>
			<endRow>7</endRow>
			<beginColumn>4</beginColumn>
			<endColumn>4</endColumn>
		</area>
	</namedItem>
	<namedItem xsi:type="NamedItemCells">
		<name>Область1</name>
		<area>
			<type>Rows</type>
			<beginRow>0</beginRow>
			<endRow>18</endRow>
			<beginColumn>-1</beginColumn>
			<endColumn>-1</endColumn>
		</area>
	</namedItem>
	<namedItem xsi:type="NamedItemCells">
		<name>Область2</name>
		<area>
			<type>Rows</type>
			<beginRow>19</beginRow>
			<endRow>21</endRow>
			<beginColumn>-1</beginColumn>
			<endColumn>-1</endColumn>
		</area>
	</namedItem>
	<namedItem xsi:type="NamedItemCells">
		<name>ОтпускБезСохраненияЗП</name>
		<area>
			<type>Rectangle</type>
			<beginRow>13</beginRow>
			<endRow>13</endRow>
			<beginColumn>5</beginColumn>
			<endColumn>6</endColumn>
		</area>
	</namedItem>
	<namedItem xsi:type="NamedItemCells">
		<name>Отчество</name>
		<area>
			<type>Rectangle</type>
			<beginRow>6</beginRow>
			<endRow>6</endRow>
			<beginColumn>4</beginColumn>
			<endColumn>4</endColumn>
		</area>
	</namedItem>
	<namedItem xsi:type="NamedItemCells">
		<name>ПериодРаботы</name>
		<area>
			<type>Rectangle</type>
			<beginRow>10</beginRow>
			<endRow>10</endRow>
			<beginColumn>4</beginColumn>
			<endColumn>5</endColumn>
		</area>
	</namedItem>
	<namedItem xsi:type="NamedItemCells">
		<name>ПоВремНетрудоспособности</name>
		<area>
			<type>Rectangle</type>
			<beginRow>12</beginRow>
			<endRow>12</endRow>
			<beginColumn>5</beginColumn>
			<endColumn>6</endColumn>
		</area>
	</namedItem>
	<namedItem xsi:type="NamedItemCells">
		<name>ПоДопТарифу</name>
		<area>
			<type>Rectangle</type>
			<beginRow>18</beginRow>
			<endRow>18</endRow>
			<beginColumn>4</beginColumn>
			<endColumn>4</endColumn>
		</area>
	</namedItem>
	<namedItem xsi:type="NamedItemCells">
		<name>СтраховаяЧасть</name>
		<area>
			<type>Rectangle</type>
			<beginRow>16</beginRow>
			<endRow>16</endRow>
			<beginColumn>4</beginColumn>
			<endColumn>4</endColumn>
		</area>
	</namedItem>
	<namedItem xsi:type="NamedItemCells">
		<name>СтрахЧастьВЦелом</name>
		<area>
			<type>Rectangle</type>
			<beginRow>20</beginRow>
			<endRow>20</endRow>
			<beginColumn>4</beginColumn>
			<endColumn>4</endColumn>
		</area>
	</namedItem>
	<namedItem xsi:type="NamedItemCells">
		<name>Фамилия</name>
		<area>
			<type>Rectangle</type>
			<beginRow>4</beginRow>
			<endRow>4</endRow>
			<beginColumn>4</beginColumn>
			<endColumn>4</endColumn>
		</area>
	</namedItem>
	<font faceName="Arial" height="8" bold="true" italic="false" underline="false" strikeout="false" kind="Absolute"/>
	<font faceName="Arial" height="12" bold="true" italic="false" underline="false" strikeout="false" kind="Absolute"/>
	<font faceName="Arial" height="8" bold="false" italic="false" underline="false" strikeout="false" kind="Absolute"/>
	<format>
		<width>8</width>
	</format>
	<format>
		<width>43</width>
	</format>
	<format>
		<width>97</width>
	</format>
	<format>
		<width>94</width>
	</format>
	<format>
		<height>44</height>
	</format>
	<format>
		<backColor xmlns:d3p1="http://v8.1c.ru/8.1/data/ui/colors/web">d3p1:Wheat</backColor>
	</format>
	<format>
		<font>0</font>
		<backColor xmlns:d3p1="http://v8.1c.ru/8.1/data/ui/colors/web">d3p1:Wheat</backColor>
	</format>
	<format>
		<height>20</height>
	</format>
	<format>
		<font>1</font>
	</format>
	<format>
		<font>1</font>
		<fillType>Parameter</fillType>
	</format>
	<format>
		<height>32</height>
	</format>
	<format>
		<font>0</font>
		<backColor xmlns:d3p1="http://v8.1c.ru/8.1/data/ui/colors/web">d3p1:Cream</backColor>
		<textPlacement>Auto</textPlacement>
		<fillType>Parameter</fillType>
		<protection>true</protection>
		<containsValue>true</containsValue>
		<valueType>
			<v8:Type>xs:string</v8:Type>
			<v8:StringQualifiers>
				<v8:Length>0</v8:Length>
				<v8:AllowedLength>Variable</v8:AllowedLength>
			</v8:StringQualifiers>
		</valueType>
		<controlType>381ed624-9217-4e63-85db-c4c3cb87daae</controlType>
		<autoMarkIncomplete>true</autoMarkIncomplete>
	</format>
	<format>
		<font>0</font>
		<textColor xmlns:d3p1="http://v8.1c.ru/8.1/data/ui/colors/web">d3p1:MediumBlue</textColor>
	</format>
	<format>
		<font>0</font>
		<backColor xmlns:d3p1="http://v8.1c.ru/8.1/data/ui/colors/web">d3p1:Cream</backColor>
		<fillType>Parameter</fillType>
		<containsValue>true</containsValue>
		<valueType>
			<v8:Type>xs:string</v8:Type>
			<v8:StringQualifiers>
				<v8:Length>0</v8:Length>
				<v8:AllowedLength>Variable</v8:AllowedLength>
			</v8:StringQualifiers>
		</valueType>
		<controlType>381ed624-9217-4e63-85db-c4c3cb87daae</controlType>
		<autoMarkIncomplete>true</autoMarkIncomplete>
	</format>
	<format>
		<height>42</height>
		<borderColor>style:BorderColor</borderColor>
	</format>
	<format>
		<font>2</font>
	</format>
	<format>
		<font>0</font>
		<horizontalAlignment>Left</horizontalAlignment>
		<verticalAlignment>Top</verticalAlignment>
		<textPlacement>Auto</textPlacement>
		<bySelectedColumns>false</bySelectedColumns>
		<autoMarkIncomplete>false</autoMarkIncomplete>
	</format>
	<format>
		<font>0</font>
		<width>72</width>
		<horizontalAlignment>Left</horizontalAlignment>
		<verticalAlignment>Top</verticalAlignment>
		<textPlacement>Auto</textPlacement>
		<bySelectedColumns>false</bySelectedColumns>
		<containsValue>true</containsValue>
		<valueType>
			<v8:Type>xs:string</v8:Type>
			<v8:StringQualifiers>
				<v8:Length>0</v8:Length>
				<v8:AllowedLength>Variable</v8:AllowedLength>
			</v8:StringQualifiers>
		</valueType>
		<controlType>381ed624-9217-4e63-85db-c4c3cb87daae</controlType>
		<autoMarkIncomplete>false</autoMarkIncomplete>
	</format>
	<format>
		<font>0</font>
		<width>72</width>
		<horizontalAlignment>Left</horizontalAlignment>
		<verticalAlignment>Top</verticalAlignment>
		<backColor xmlns:d3p1="http://v8.1c.ru/8.1/data/ui/colors/web">d3p1:Cream</backColor>
		<textPlacement>Wrap</textPlacement>
		<fillType>Parameter</fillType>
		<bySelectedColumns>false</bySelectedColumns>
		<containsValue>true</containsValue>
		<valueType>
			<v8:Type>xs:string</v8:Type>
			<v8:StringQualifiers>
				<v8:Length>0</v8:Length>
				<v8:AllowedLength>Variable</v8:AllowedLength>
			</v8:StringQualifiers>
		</valueType>
		<controlType>381ed624-9217-4e63-85db-c4c3cb87daae</controlType>
		<autoMarkIncomplete>true</autoMarkIncomplete>
	</format>
	<format>
		<font>0</font>
		<backColor>style:FieldBackColor</backColor>
		<containsValue>true</containsValue>
		<valueType>
			<v8:Type>xs:string</v8:Type>
			<v8:StringQualifiers>
				<v8:Length>0</v8:Length>
				<v8:AllowedLength>Variable</v8:AllowedLength>
			</v8:StringQualifiers>
		</valueType>
		<controlType>381ed624-9217-4e63-85db-c4c3cb87daae</controlType>
		<autoMarkIncomplete>false</autoMarkIncomplete>
	</format>
	<format>
		<font>0</font>
	</format>
	<format>
		<font>0</font>
		<horizontalAlignment>Left</horizontalAlignment>
		<backColor xmlns:d3p1="http://v8.1c.ru/8.1/data/ui/colors/web">d3p1:Cream</backColor>
		<fillType>Parameter</fillType>
		<containsValue>true</containsValue>
		<valueType>
			<v8:Type>xs:string</v8:Type>
			<v8:StringQualifiers>
				<v8:Length>0</v8:Length>
				<v8:AllowedLength>Variable</v8:AllowedLength>
			</v8:StringQualifiers>
		</valueType>
		<controlType>381ed624-9217-4e63-85db-c4c3cb87daae</controlType>
		<autoMarkIncomplete>true</autoMarkIncomplete>
	</format>
	<format>
		<font>0</font>
		<horizontalAlignment>Right</horizontalAlignment>
		<backColor xmlns:d3p1="http://v8.1c.ru/8.1/data/ui/colors/web">d3p1:Cream</backColor>
		<fillType>Parameter</fillType>
		<containsValue>true</containsValue>
		<valueType>
			<v8:Type>xs:decimal</v8:Type>
			<v8:NumberQualifiers>
				<v8:Digits>15</v8:Digits>
				<v8:FractionDigits>2</v8:FractionDigits>
				<v8:AllowedSign>Nonnegative</v8:AllowedSign>
			</v8:NumberQualifiers>
		</valueType>
		<controlType>381ed624-9217-4e63-85db-c4c3cb87daae</controlType>
		<autoMarkIncomplete>true</autoMarkIncomplete>
	</format>
	<format>
		<font>0</font>
		<backColor xmlns:d3p1="http://v8.1c.ru/8.1/data/ui/colors/web">d3p1:Cream</backColor>
		<fillType>Parameter</fillType>
		<containsValue>true</containsValue>
		<valueType>
			<v8:Type>xs:decimal</v8:Type>
			<v8:NumberQualifiers>
				<v8:Digits>15</v8:Digits>
				<v8:FractionDigits>2</v8:FractionDigits>
				<v8:AllowedSign>Nonnegative</v8:AllowedSign>
			</v8:NumberQualifiers>
		</valueType>
		<controlType>381ed624-9217-4e63-85db-c4c3cb87daae</controlType>
		<autoMarkIncomplete>true</autoMarkIncomplete>
	</format>
	<format>
		<width>72</width>
	</format>
</document>