﻿<?xml version="1.0" encoding="UTF-8"?>
<document xmlns="http://v8.1c.ru/8.2/data/spreadsheet" xmlns:style="http://v8.1c.ru/8.1/data/ui/style" xmlns:v8="http://v8.1c.ru/8.1/data/core" xmlns:v8ui="http://v8.1c.ru/8.1/data/ui" xmlns:xs="http://www.w3.org/2001/XMLSchema" xmlns:xsi="http://www.w3.org/2001/XMLSchema-instance">
	<languageSettings>
		<currentLanguage>ru</currentLanguage>
		<defaultLanguage>ru</defaultLanguage>
		<languageInfo>
			<id>ru</id>
			<code>Русский</code>
			<description>Русский</description>
		</languageInfo>
	</languageSettings>
	<columns>
		<size>51</size>
		<columnsItem>
			<index>0</index>
			<column>
				<formatIndex>1</formatIndex>
			</column>
		</columnsItem>
		<columnsItem>
			<index>1</index>
			<column>
				<formatIndex>2</formatIndex>
			</column>
		</columnsItem>
		<columnsItem>
			<index>2</index>
			<column>
				<formatIndex>2</formatIndex>
			</column>
		</columnsItem>
		<columnsItem>
			<index>3</index>
			<column>
				<formatIndex>2</formatIndex>
			</column>
		</columnsItem>
		<columnsItem>
			<index>4</index>
			<column>
				<formatIndex>2</formatIndex>
			</column>
		</columnsItem>
		<columnsItem>
			<index>5</index>
			<column>
				<formatIndex>2</formatIndex>
			</column>
		</columnsItem>
		<columnsItem>
			<index>6</index>
			<column>
				<formatIndex>2</formatIndex>
			</column>
		</columnsItem>
		<columnsItem>
			<index>7</index>
			<column>
				<formatIndex>2</formatIndex>
			</column>
		</columnsItem>
		<columnsItem>
			<index>8</index>
			<column>
				<formatIndex>2</formatIndex>
			</column>
		</columnsItem>
		<columnsItem>
			<index>9</index>
			<column>
				<formatIndex>2</formatIndex>
			</column>
		</columnsItem>
		<columnsItem>
			<index>10</index>
			<column>
				<formatIndex>2</formatIndex>
			</column>
		</columnsItem>
		<columnsItem>
			<index>11</index>
			<column>
				<formatIndex>2</formatIndex>
			</column>
		</columnsItem>
		<columnsItem>
			<index>12</index>
			<column>
				<formatIndex>2</formatIndex>
			</column>
		</columnsItem>
		<columnsItem>
			<index>13</index>
			<column>
				<formatIndex>2</formatIndex>
			</column>
		</columnsItem>
		<columnsItem>
			<index>14</index>
			<column>
				<formatIndex>2</formatIndex>
			</column>
		</columnsItem>
		<columnsItem>
			<index>15</index>
			<column>
				<formatIndex>2</formatIndex>
			</column>
		</columnsItem>
		<columnsItem>
			<index>16</index>
			<column>
				<formatIndex>2</formatIndex>
			</column>
		</columnsItem>
		<columnsItem>
			<index>17</index>
			<column>
				<formatIndex>2</formatIndex>
			</column>
		</columnsItem>
		<columnsItem>
			<index>18</index>
			<column>
				<formatIndex>2</formatIndex>
			</column>
		</columnsItem>
		<columnsItem>
			<index>19</index>
			<column>
				<formatIndex>3</formatIndex>
			</column>
		</columnsItem>
		<columnsItem>
			<index>20</index>
			<column>
				<formatIndex>2</formatIndex>
			</column>
		</columnsItem>
		<columnsItem>
			<index>21</index>
			<column>
				<formatIndex>2</formatIndex>
			</column>
		</columnsItem>
		<columnsItem>
			<index>22</index>
			<column>
				<formatIndex>2</formatIndex>
			</column>
		</columnsItem>
		<columnsItem>
			<index>23</index>
			<column>
				<formatIndex>2</formatIndex>
			</column>
		</columnsItem>
		<columnsItem>
			<index>24</index>
			<column>
				<formatIndex>2</formatIndex>
			</column>
		</columnsItem>
		<columnsItem>
			<index>25</index>
			<column>
				<formatIndex>2</formatIndex>
			</column>
		</columnsItem>
		<columnsItem>
			<index>26</index>
			<column>
				<formatIndex>4</formatIndex>
			</column>
		</columnsItem>
		<columnsItem>
			<index>27</index>
			<column>
				<formatIndex>2</formatIndex>
			</column>
		</columnsItem>
		<columnsItem>
			<index>28</index>
			<column>
				<formatIndex>2</formatIndex>
			</column>
		</columnsItem>
		<columnsItem>
			<index>29</index>
			<column>
				<formatIndex>2</formatIndex>
			</column>
		</columnsItem>
		<columnsItem>
			<index>30</index>
			<column>
				<formatIndex>2</formatIndex>
			</column>
		</columnsItem>
		<columnsItem>
			<index>31</index>
			<column>
				<formatIndex>2</formatIndex>
			</column>
		</columnsItem>
		<columnsItem>
			<index>32</index>
			<column>
				<formatIndex>2</formatIndex>
			</column>
		</columnsItem>
		<columnsItem>
			<index>33</index>
			<column>
				<formatIndex>2</formatIndex>
			</column>
		</columnsItem>
		<columnsItem>
			<index>34</index>
			<column>
				<formatIndex>2</formatIndex>
			</column>
		</columnsItem>
		<columnsItem>
			<index>35</index>
			<column>
				<formatIndex>2</formatIndex>
			</column>
		</columnsItem>
		<columnsItem>
			<index>36</index>
			<column>
				<formatIndex>2</formatIndex>
			</column>
		</columnsItem>
		<columnsItem>
			<index>37</index>
			<column>
				<formatIndex>2</formatIndex>
			</column>
		</columnsItem>
		<columnsItem>
			<index>38</index>
			<column>
				<formatIndex>2</formatIndex>
			</column>
		</columnsItem>
		<columnsItem>
			<index>39</index>
			<column>
				<formatIndex>2</formatIndex>
			</column>
		</columnsItem>
		<columnsItem>
			<index>40</index>
			<column>
				<formatIndex>2</formatIndex>
			</column>
		</columnsItem>
		<columnsItem>
			<index>41</index>
			<column>
				<formatIndex>2</formatIndex>
			</column>
		</columnsItem>
		<columnsItem>
			<index>42</index>
			<column>
				<formatIndex>2</formatIndex>
			</column>
		</columnsItem>
		<columnsItem>
			<index>43</index>
			<column>
				<formatIndex>2</formatIndex>
			</column>
		</columnsItem>
		<columnsItem>
			<index>44</index>
			<column>
				<formatIndex>2</formatIndex>
			</column>
		</columnsItem>
		<columnsItem>
			<index>45</index>
			<column>
				<formatIndex>2</formatIndex>
			</column>
		</columnsItem>
		<columnsItem>
			<index>46</index>
			<column>
				<formatIndex>2</formatIndex>
			</column>
		</columnsItem>
		<columnsItem>
			<index>47</index>
			<column>
				<formatIndex>2</formatIndex>
			</column>
		</columnsItem>
		<columnsItem>
			<index>48</index>
			<column>
				<formatIndex>2</formatIndex>
			</column>
		</columnsItem>
		<columnsItem>
			<index>49</index>
			<column>
				<formatIndex>2</formatIndex>
			</column>
		</columnsItem>
		<columnsItem>
			<index>50</index>
			<column>
				<formatIndex>2</formatIndex>
			</column>
		</columnsItem>
		<columnsItem>
			<index>51</index>
			<column>
				<formatIndex>1</formatIndex>
			</column>
		</columnsItem>
	</columns>
	<rowsItem>
		<index>0</index>
		<row>
			<formatIndex>5</formatIndex>
			<empty>true</empty>
		</row>
	</rowsItem>
	<rowsItem>
		<index>1</index>
		<row>
			<formatIndex>6</formatIndex>
			<c>
				<i>1</i>
				<c>
					<f>7</f>
					<tl>
						<v8:item>
							<v8:lang>ru</v8:lang>
							<v8:content>Форма СЗВ-6-2</v8:content>
						</v8:item>
					</tl>
				</c>
			</c>
			<c>
				<i>11</i>
				<c>
					<f>8</f>
					<tl>
						<v8:item>
							<v8:lang>ru</v8:lang>
							<v8:content>Код по ОКУД</v8:content>
						</v8:item>
					</tl>
				</c>
			</c>
			<c>
				<c>
					<f>9</f>
				</c>
			</c>
			<c>
				<i>24</i>
				<c>
					<f>10</f>
				</c>
			</c>
			<c>
				<i>42</i>
				<c>
					<f>8</f>
					<tl>
						<v8:item>
							<v8:lang>ru</v8:lang>
							<v8:content>Код по ОКПО</v8:content>
						</v8:item>
					</tl>
				</c>
			</c>
			<c>
				<c>
					<f>11</f>
					<parameter>ОКПО</parameter>
				</c>
			</c>
		</row>
	</rowsItem>
	<rowsItem>
		<index>2</index>
		<row>
			<formatIndex>12</formatIndex>
			<empty>true</empty>
		</row>
	</rowsItem>
	<rowsItem>
		<index>3</index>
		<row>
			<formatIndex>12</formatIndex>
			<c>
				<i>1</i>
				<c>
					<f>13</f>
					<tl>
						<v8:item>
							<v8:lang>ru</v8:lang>
							<v8:content>РЕЕСТР</v8:content>
						</v8:item>
					</tl>
				</c>
			</c>
		</row>
	</rowsItem>
	<rowsItem>
		<index>4</index>
		<row>
			<formatIndex>12</formatIndex>
			<c>
				<i>1</i>
				<c>
					<f>13</f>
					<tl>
						<v8:item>
							<v8:lang>ru</v8:lang>
							<v8:content>СВЕДЕНИЙ О НАЧИСЛЕННЫХ И УПЛАЧЕННЫХ СТРАХОВЫХ ВЗНОСАХ НА ОБЯЗАТЕЛЬНОЕ</v8:content>
						</v8:item>
					</tl>
				</c>
			</c>
		</row>
	</rowsItem>
	<rowsItem>
		<index>5</index>
		<row>
			<formatIndex>12</formatIndex>
			<c>
				<i>1</i>
				<c>
					<f>13</f>
					<tl>
						<v8:item>
							<v8:lang>ru</v8:lang>
							<v8:content>ПЕНСИОННОЕ СТРАХОВАНИЕ ЗАСТРАХОВАННЫХ ЛИЦ</v8:content>
						</v8:item>
					</tl>
				</c>
			</c>
		</row>
	</rowsItem>
	<rowsItem>
		<index>6</index>
		<row>
			<formatIndex>14</formatIndex>
			<empty>true</empty>
		</row>
	</rowsItem>
	<rowsItem>
		<index>7</index>
		<row>
			<formatIndex>6</formatIndex>
			<c>
				<i>1</i>
				<c>
					<f>12</f>
					<tl>
						<v8:item>
							<v8:lang>ru</v8:lang>
							<v8:content>Реквизиты страхователя, передающего реестр:</v8:content>
						</v8:item>
					</tl>
				</c>
			</c>
			<c>
				<i>28</i>
				<c>
					<f>15</f>
					<tl>
						<v8:item>
							<v8:lang>ru</v8:lang>
							<v8:content>Отчетный период:</v8:content>
						</v8:item>
					</tl>
				</c>
			</c>
			<c>
				<c>
					<f>15</f>
				</c>
			</c>
			<c>
				<c>
					<f>15</f>
				</c>
			</c>
			<c>
				<c>
					<f>15</f>
				</c>
			</c>
			<c>
				<c>
					<f>15</f>
				</c>
			</c>
			<c>
				<c>
					<f>15</f>
				</c>
			</c>
			<c>
				<c>
					<f>15</f>
				</c>
			</c>
			<c>
				<c>
					<f>15</f>
				</c>
			</c>
			<c>
				<c>
					<f>16</f>
					<tl>
						<v8:item>
							<v8:lang>ru</v8:lang>
							<v8:content>I квартал</v8:content>
						</v8:item>
					</tl>
				</c>
			</c>
			<c>
				<c>
					<f>17</f>
					<parameter>ФлагКвартал</parameter>
				</c>
			</c>
			<c>
				<c>
					<f>15</f>
				</c>
			</c>
			<c>
				<c>
					<f>15</f>
				</c>
			</c>
			<c>
				<c>
					<f>15</f>
				</c>
			</c>
			<c>
				<c>
					<f>16</f>
					<tl>
						<v8:item>
							<v8:lang>ru</v8:lang>
							<v8:content>I полугодие</v8:content>
						</v8:item>
					</tl>
				</c>
			</c>
			<c>
				<c>
					<f>17</f>
					<parameter>ФлагПолугодие</parameter>
				</c>
			</c>
			<c>
				<c>
					<f>15</f>
				</c>
			</c>
			<c>
				<c>
					<f>15</f>
				</c>
			</c>
			<c>
				<c>
					<f>15</f>
				</c>
			</c>
			<c>
				<c>
					<f>16</f>
					<tl>
						<v8:item>
							<v8:lang>ru</v8:lang>
							<v8:content>9 месяцев</v8:content>
						</v8:item>
					</tl>
				</c>
			</c>
			<c>
				<c>
					<f>17</f>
					<parameter>Флаг9месяцев</parameter>
				</c>
			</c>
			<c>
				<c>
					<f>15</f>
				</c>
			</c>
			<c>
				<c>
					<f>16</f>
					<tl>
						<v8:item>
							<v8:lang>ru</v8:lang>
							<v8:content>год</v8:content>
						</v8:item>
					</tl>
				</c>
			</c>
			<c>
				<c>
					<f>17</f>
					<parameter>ФлагГод</parameter>
				</c>
			</c>
		</row>
	</rowsItem>
	<rowsItem>
		<index>8</index>
		<row>
			<formatIndex>14</formatIndex>
			<empty>true</empty>
		</row>
	</rowsItem>
	<rowsItem>
		<index>9</index>
		<row>
			<formatIndex>6</formatIndex>
			<c>
				<i>1</i>
				<c>
					<f>12</f>
					<tl>
						<v8:item>
							<v8:lang>ru</v8:lang>
							<v8:content>Регистрационный номер в ПФР</v8:content>
						</v8:item>
					</tl>
				</c>
			</c>
			<c>
				<i>12</i>
				<c>
					<f>18</f>
					<parameter>РегНомПФР</parameter>
				</c>
			</c>
			<c>
				<i>28</i>
				<c>
					<f>15</f>
					<tl>
						<v8:item>
							<v8:lang>ru</v8:lang>
							<v8:content>Календарного года</v8:content>
						</v8:item>
					</tl>
				</c>
			</c>
			<c>
				<c>
					<f>15</f>
				</c>
			</c>
			<c>
				<c>
					<f>15</f>
				</c>
			</c>
			<c>
				<c>
					<f>15</f>
				</c>
			</c>
			<c>
				<c>
					<f>15</f>
				</c>
			</c>
			<c>
				<c>
					<f>15</f>
				</c>
			</c>
			<c>
				<c>
					<f>19</f>
					<parameter>Год</parameter>
				</c>
			</c>
			<c>
				<c>
					<f>15</f>
				</c>
			</c>
			<c>
				<c>
					<f>15</f>
				</c>
			</c>
			<c>
				<c>
					<f>15</f>
				</c>
			</c>
		</row>
	</rowsItem>
	<rowsItem>
		<index>10</index>
		<row>
			<formatIndex>14</formatIndex>
			<empty>true</empty>
		</row>
	</rowsItem>
	<rowsItem>
		<index>11</index>
		<row>
			<formatIndex>6</formatIndex>
			<c>
				<i>1</i>
				<c>
					<f>12</f>
					<tl>
						<v8:item>
							<v8:lang>ru</v8:lang>
							<v8:content>ИНН</v8:content>
						</v8:item>
					</tl>
				</c>
			</c>
			<c>
				<i>3</i>
				<c>
					<f>18</f>
					<parameter>ИНН</parameter>
				</c>
			</c>
			<c>
				<i>10</i>
				<c>
					<f>12</f>
					<tl>
						<v8:item>
							<v8:lang>ru</v8:lang>
							<v8:content>КПП</v8:content>
						</v8:item>
					</tl>
				</c>
			</c>
			<c>
				<i>12</i>
				<c>
					<f>18</f>
					<parameter>КПП</parameter>
				</c>
			</c>
			<c>
				<i>28</i>
				<c>
					<f>20</f>
					<tl>
						<v8:item>
							<v8:lang>ru</v8:lang>
							<v8:content>Отчетный период 2010 года:</v8:content>
						</v8:item>
					</tl>
				</c>
			</c>
			<c>
				<c>
					<f>20</f>
				</c>
			</c>
			<c>
				<c>
					<f>20</f>
				</c>
			</c>
			<c>
				<c>
					<f>20</f>
				</c>
			</c>
			<c>
				<c>
					<f>20</f>
				</c>
			</c>
			<c>
				<c>
					<f>20</f>
				</c>
			</c>
			<c>
				<c>
					<f>20</f>
				</c>
			</c>
			<c>
				<c>
					<f>20</f>
				</c>
			</c>
			<c>
				<c>
					<f>20</f>
				</c>
			</c>
			<c>
				<c>
					<f>20</f>
				</c>
			</c>
			<c>
				<c>
					<f>20</f>
				</c>
			</c>
			<c>
				<c>
					<f>21</f>
					<tl>
						<v8:item>
							<v8:lang>ru</v8:lang>
							<v8:content>I полугодие</v8:content>
						</v8:item>
					</tl>
				</c>
			</c>
			<c>
				<c>
					<f>22</f>
					<parameter>ФлагПолугодие10</parameter>
				</c>
			</c>
			<c>
				<c>
					<f>20</f>
				</c>
			</c>
			<c>
				<c>
					<f>20</f>
				</c>
			</c>
			<c>
				<c>
					<f>21</f>
					<tl>
						<v8:item>
							<v8:lang>ru</v8:lang>
							<v8:content>год</v8:content>
						</v8:item>
					</tl>
				</c>
			</c>
			<c>
				<c>
					<f>22</f>
					<parameter>ФлагГод10</parameter>
				</c>
			</c>
		</row>
	</rowsItem>
	<rowsItem>
		<index>12</index>
		<row>
			<formatIndex>14</formatIndex>
			<c>
				<i>12</i>
				<c>
					<f>23</f>
				</c>
			</c>
			<c>
				<c>
					<f>23</f>
				</c>
			</c>
			<c>
				<c>
					<f>23</f>
				</c>
			</c>
			<c>
				<c>
					<f>23</f>
				</c>
			</c>
			<c>
				<c>
					<f>23</f>
				</c>
			</c>
			<c>
				<c>
					<f>23</f>
				</c>
			</c>
			<c>
				<c>
					<f>23</f>
				</c>
			</c>
			<c>
				<c>
					<f>23</f>
				</c>
			</c>
			<c>
				<c>
					<f>23</f>
				</c>
			</c>
			<c>
				<c>
					<f>23</f>
				</c>
			</c>
			<c>
				<c>
					<f>23</f>
				</c>
			</c>
			<c>
				<c>
					<f>23</f>
				</c>
			</c>
			<c>
				<c>
					<f>23</f>
				</c>
			</c>
			<c>
				<c>
					<f>23</f>
				</c>
			</c>
			<c>
				<c>
					<f>23</f>
				</c>
			</c>
		</row>
	</rowsItem>
	<rowsItem>
		<index>13</index>
		<row>
			<formatIndex>24</formatIndex>
			<c>
				<i>1</i>
				<c>
					<f>12</f>
					<tl>
						<v8:item>
							<v8:lang>ru</v8:lang>
							<v8:content>Наименование организации (краткое)</v8:content>
						</v8:item>
					</tl>
				</c>
			</c>
			<c>
				<i>12</i>
				<c>
					<f>25</f>
					<parameter>НаименованиеОрганизации</parameter>
				</c>
			</c>
			<c>
				<i>28</i>
				<c>
					<f>15</f>
					<tl>
						<v8:item>
							<v8:lang>ru</v8:lang>
							<v8:content>Количество застрахованных лиц по реестру</v8:content>
						</v8:item>
					</tl>
				</c>
			</c>
			<c>
				<c>
					<f>15</f>
				</c>
			</c>
			<c>
				<c>
					<f>15</f>
				</c>
			</c>
			<c>
				<c>
					<f>15</f>
				</c>
			</c>
			<c>
				<c>
					<f>15</f>
				</c>
			</c>
			<c>
				<c>
					<f>15</f>
				</c>
			</c>
			<c>
				<c>
					<f>15</f>
				</c>
			</c>
			<c>
				<c>
					<f>15</f>
				</c>
			</c>
			<c>
				<c>
					<f>15</f>
				</c>
			</c>
			<c>
				<c>
					<f>15</f>
				</c>
			</c>
			<c>
				<c>
					<f>15</f>
				</c>
			</c>
			<c>
				<c>
					<f>15</f>
				</c>
			</c>
			<c>
				<c>
					<f>15</f>
				</c>
			</c>
			<c>
				<c>
					<f>26</f>
					<parameter>КоличествоСотрудников</parameter>
				</c>
			</c>
			<c>
				<c>
					<f>15</f>
				</c>
			</c>
			<c>
				<c>
					<f>15</f>
				</c>
			</c>
			<c>
				<c>
					<f>15</f>
				</c>
			</c>
			<c>
				<c>
					<f>15</f>
				</c>
			</c>
		</row>
	</rowsItem>
	<rowsItem>
		<index>14</index>
		<row>
			<formatIndex>14</formatIndex>
			<c>
				<i>12</i>
				<c>
					<f>23</f>
				</c>
			</c>
			<c>
				<c>
					<f>23</f>
				</c>
			</c>
			<c>
				<c>
					<f>23</f>
				</c>
			</c>
			<c>
				<c>
					<f>23</f>
				</c>
			</c>
			<c>
				<c>
					<f>23</f>
				</c>
			</c>
			<c>
				<c>
					<f>23</f>
				</c>
			</c>
			<c>
				<c>
					<f>23</f>
				</c>
			</c>
			<c>
				<c>
					<f>23</f>
				</c>
			</c>
			<c>
				<c>
					<f>23</f>
				</c>
			</c>
			<c>
				<c>
					<f>23</f>
				</c>
			</c>
			<c>
				<c>
					<f>23</f>
				</c>
			</c>
			<c>
				<c>
					<f>23</f>
				</c>
			</c>
			<c>
				<c>
					<f>23</f>
				</c>
			</c>
			<c>
				<c>
					<f>23</f>
				</c>
			</c>
			<c>
				<c>
					<f>23</f>
				</c>
			</c>
		</row>
	</rowsItem>
	<rowsItem>
		<index>15</index>
		<row>
			<formatIndex>6</formatIndex>
			<c>
				<i>1</i>
				<c>
					<f>12</f>
					<tl>
						<v8:item>
							<v8:lang>ru</v8:lang>
							<v8:content>Код категории застрахованного лица</v8:content>
						</v8:item>
					</tl>
				</c>
			</c>
			<c>
				<i>12</i>
				<c>
					<f>18</f>
					<parameter>КатегорияПлательщиков</parameter>
				</c>
			</c>
		</row>
	</rowsItem>
	<rowsItem>
		<index>16</index>
		<row>
			<formatIndex>14</formatIndex>
			<empty>true</empty>
		</row>
	</rowsItem>
	<rowsItem>
		<index>17</index>
		<row>
			<formatIndex>24</formatIndex>
			<c>
				<i>1</i>
				<c>
					<f>15</f>
					<tl>
						<v8:item>
							<v8:lang>ru</v8:lang>
							<v8:content>Дата представления в ПФР</v8:content>
						</v8:item>
					</tl>
				</c>
			</c>
			<c>
				<c>
					<f>20</f>
				</c>
			</c>
			<c>
				<c>
					<f>20</f>
				</c>
			</c>
			<c>
				<c>
					<f>20</f>
				</c>
			</c>
			<c>
				<c>
					<f>20</f>
				</c>
			</c>
			<c>
				<c>
					<f>20</f>
				</c>
			</c>
			<c>
				<c>
					<f>20</f>
				</c>
			</c>
			<c>
				<c>
					<f>20</f>
				</c>
			</c>
			<c>
				<c>
					<f>20</f>
					<tl>
						<v8:item>
							<v8:lang>ru</v8:lang>
							<v8:content>"____" _______________  _____ года</v8:content>
						</v8:item>
					</tl>
				</c>
			</c>
			<c>
				<c>
					<f>12</f>
				</c>
			</c>
			<c>
				<c>
					<f>12</f>
				</c>
			</c>
			<c>
				<c>
					<f>12</f>
				</c>
			</c>
			<c>
				<c>
					<f>12</f>
				</c>
			</c>
			<c>
				<c>
					<f>12</f>
				</c>
			</c>
			<c>
				<c>
					<f>12</f>
				</c>
			</c>
			<c>
				<c>
					<f>12</f>
				</c>
			</c>
			<c>
				<c>
					<f>12</f>
				</c>
			</c>
			<c>
				<c>
					<f>12</f>
				</c>
			</c>
			<c>
				<c>
					<f>12</f>
				</c>
			</c>
			<c>
				<c>
					<f>12</f>
				</c>
			</c>
			<c>
				<c>
					<f>12</f>
				</c>
			</c>
			<c>
				<c>
					<f>12</f>
				</c>
			</c>
			<c>
				<c>
					<f>12</f>
				</c>
			</c>
			<c>
				<c>
					<f>12</f>
				</c>
			</c>
			<c>
				<c>
					<f>12</f>
				</c>
			</c>
			<c>
				<c>
					<f>12</f>
				</c>
			</c>
			<c>
				<c>
					<f>20</f>
				</c>
			</c>
		</row>
	</rowsItem>
	<rowsItem>
		<index>18</index>
		<row>
			<formatIndex>24</formatIndex>
			<empty>true</empty>
		</row>
	</rowsItem>
	<rowsItem>
		<index>19</index>
		<row>
			<formatIndex>24</formatIndex>
			<c>
				<i>1</i>
				<c>
					<f>27</f>
					<tl>
						<v8:item>
							<v8:lang>ru</v8:lang>
							<v8:content>Тип сведений:</v8:content>
						</v8:item>
					</tl>
				</c>
			</c>
			<c>
				<i>5</i>
				<c>
					<f>22</f>
					<parameter>ФлагИсхд</parameter>
				</c>
			</c>
			<c>
				<c>
					<f>27</f>
					<tl>
						<v8:item>
							<v8:lang>ru</v8:lang>
							<v8:content> - исходные</v8:content>
						</v8:item>
					</tl>
				</c>
			</c>
		</row>
	</rowsItem>
	<rowsItem>
		<index>20</index>
		<row>
			<formatIndex>14</formatIndex>
			<empty>true</empty>
		</row>
	</rowsItem>
	<rowsItem>
		<index>21</index>
		<row>
			<formatIndex>28</formatIndex>
			<c>
				<i>1</i>
				<c>
					<f>22</f>
					<parameter>ФлагКорр</parameter>
				</c>
			</c>
			<c>
				<c>
					<f>29</f>
					<tl>
						<v8:item>
							<v8:lang>ru</v8:lang>
							<v8:content> - корректирующие</v8:content>
						</v8:item>
					</tl>
				</c>
			</c>
			<c>
				<i>8</i>
				<c>
					<f>30</f>
				</c>
			</c>
			<c>
				<c>
					<f>31</f>
				</c>
			</c>
			<c>
				<c>
					<f>31</f>
				</c>
			</c>
			<c>
				<c>
					<f>31</f>
				</c>
			</c>
			<c>
				<c>
					<f>31</f>
				</c>
			</c>
			<c>
				<c>
					<f>31</f>
				</c>
			</c>
			<c>
				<c>
					<f>31</f>
				</c>
			</c>
			<c>
				<c>
					<f>32</f>
				</c>
			</c>
			<c>
				<c>
					<f>32</f>
				</c>
			</c>
			<c>
				<c>
					<f>32</f>
				</c>
			</c>
			<c>
				<c>
					<f>32</f>
				</c>
			</c>
			<c>
				<c>
					<f>32</f>
				</c>
			</c>
			<c>
				<c>
					<f>32</f>
				</c>
			</c>
			<c>
				<c>
					<f>32</f>
				</c>
			</c>
			<c>
				<c>
					<f>32</f>
				</c>
			</c>
			<c>
				<c>
					<f>32</f>
				</c>
			</c>
			<c>
				<c>
					<f>32</f>
				</c>
			</c>
			<c>
				<c>
					<f>32</f>
				</c>
			</c>
			<c>
				<c>
					<f>32</f>
				</c>
			</c>
			<c>
				<c>
					<f>32</f>
				</c>
			</c>
			<c>
				<c>
					<f>32</f>
				</c>
			</c>
			<c>
				<c>
					<f>32</f>
				</c>
			</c>
			<c>
				<c>
					<f>32</f>
				</c>
			</c>
			<c>
				<c>
					<f>32</f>
				</c>
			</c>
			<c>
				<c>
					<f>32</f>
				</c>
			</c>
			<c>
				<c>
					<f>32</f>
				</c>
			</c>
			<c>
				<c>
					<f>32</f>
				</c>
			</c>
			<c>
				<c>
					<f>32</f>
				</c>
			</c>
			<c>
				<c>
					<f>32</f>
				</c>
			</c>
			<c>
				<c>
					<f>32</f>
				</c>
			</c>
			<c>
				<c>
					<f>32</f>
				</c>
			</c>
			<c>
				<c>
					<f>32</f>
				</c>
			</c>
			<c>
				<c>
					<f>32</f>
				</c>
			</c>
			<c>
				<c>
					<f>32</f>
				</c>
			</c>
			<c>
				<c>
					<f>32</f>
				</c>
			</c>
			<c>
				<c>
					<f>32</f>
				</c>
			</c>
			<c>
				<c>
					<f>32</f>
				</c>
			</c>
			<c>
				<c>
					<f>32</f>
				</c>
			</c>
			<c>
				<c>
					<f>32</f>
				</c>
			</c>
			<c>
				<c>
					<f>32</f>
				</c>
			</c>
			<c>
				<c>
					<f>32</f>
				</c>
			</c>
			<c>
				<c>
					<f>32</f>
				</c>
			</c>
			<c>
				<c>
					<f>33</f>
				</c>
			</c>
		</row>
	</rowsItem>
	<rowsItem>
		<index>22</index>
		<row>
			<formatIndex>34</formatIndex>
			<c>
				<i>15</i>
				<c>
					<f>12</f>
				</c>
			</c>
			<c>
				<c>
					<f>12</f>
				</c>
			</c>
			<c>
				<c>
					<f>12</f>
				</c>
			</c>
			<c>
				<c>
					<f>12</f>
				</c>
			</c>
			<c>
				<c>
					<f>12</f>
				</c>
			</c>
			<c>
				<c>
					<f>12</f>
				</c>
			</c>
			<c>
				<c>
					<f>12</f>
				</c>
			</c>
			<c>
				<c>
					<f>12</f>
				</c>
			</c>
			<c>
				<c>
					<f>12</f>
				</c>
			</c>
			<c>
				<c>
					<f>12</f>
				</c>
			</c>
			<c>
				<c>
					<f>12</f>
				</c>
			</c>
			<c>
				<c>
					<f>12</f>
				</c>
			</c>
			<c>
				<c>
					<f>12</f>
				</c>
			</c>
			<c>
				<c>
					<f>12</f>
				</c>
			</c>
			<c>
				<c>
					<f>12</f>
				</c>
			</c>
			<c>
				<c>
					<f>12</f>
				</c>
			</c>
			<c>
				<c>
					<f>12</f>
				</c>
			</c>
			<c>
				<c>
					<f>12</f>
				</c>
			</c>
			<c>
				<c>
					<f>12</f>
				</c>
			</c>
			<c>
				<c>
					<f>12</f>
				</c>
			</c>
			<c>
				<c>
					<f>12</f>
				</c>
			</c>
			<c>
				<c>
					<f>12</f>
				</c>
			</c>
			<c>
				<c>
					<f>12</f>
				</c>
			</c>
			<c>
				<c>
					<f>12</f>
				</c>
			</c>
			<c>
				<c>
					<f>12</f>
				</c>
			</c>
			<c>
				<c>
					<f>12</f>
				</c>
			</c>
			<c>
				<c>
					<f>12</f>
				</c>
			</c>
			<c>
				<c>
					<f>12</f>
				</c>
			</c>
			<c>
				<c>
					<f>12</f>
				</c>
			</c>
			<c>
				<c>
					<f>12</f>
				</c>
			</c>
			<c>
				<c>
					<f>12</f>
				</c>
			</c>
			<c>
				<c>
					<f>12</f>
				</c>
			</c>
			<c>
				<c>
					<f>12</f>
				</c>
			</c>
			<c>
				<c>
					<f>12</f>
				</c>
			</c>
			<c>
				<c>
					<f>12</f>
				</c>
			</c>
			<c>
				<c>
					<f>35</f>
				</c>
			</c>
		</row>
	</rowsItem>
	<rowsItem>
		<index>23</index>
		<row>
			<formatIndex>34</formatIndex>
			<c>
				<i>15</i>
				<c>
					<f>36</f>
					<tl>
						<v8:item>
							<v8:lang>ru</v8:lang>
							<v8:content>I квартал</v8:content>
						</v8:item>
					</tl>
				</c>
			</c>
			<c>
				<i>18</i>
				<c>
					<f>37</f>
					<parameter>ФлагКварталКорректировка</parameter>
				</c>
			</c>
			<c>
				<c>
					<f>36</f>
					<tl>
						<v8:item>
							<v8:lang>ru</v8:lang>
							<v8:content>I полугодие</v8:content>
						</v8:item>
					</tl>
				</c>
			</c>
			<c>
				<c>
					<f>38</f>
				</c>
			</c>
			<c>
				<c>
					<f>38</f>
				</c>
			</c>
			<c>
				<c>
					<f>38</f>
				</c>
			</c>
			<c>
				<c>
					<f>39</f>
					<parameter>ФлагПолугодиеКорректировка</parameter>
				</c>
			</c>
			<c>
				<c>
					<f>36</f>
					<tl>
						<v8:item>
							<v8:lang>ru</v8:lang>
							<v8:content>9 месяцев</v8:content>
						</v8:item>
					</tl>
				</c>
			</c>
			<c>
				<c>
					<f>38</f>
				</c>
			</c>
			<c>
				<c>
					<f>38</f>
				</c>
			</c>
			<c>
				<c>
					<f>38</f>
				</c>
			</c>
			<c>
				<c>
					<f>37</f>
					<parameter>Флаг9месяцевКорректировка</parameter>
				</c>
			</c>
			<c>
				<c>
					<f>36</f>
					<tl>
						<v8:item>
							<v8:lang>ru</v8:lang>
							<v8:content>год</v8:content>
						</v8:item>
					</tl>
				</c>
			</c>
			<c>
				<c>
					<f>38</f>
				</c>
			</c>
			<c>
				<c>
					<f>38</f>
				</c>
			</c>
			<c>
				<c>
					<f>38</f>
				</c>
			</c>
			<c>
				<c>
					<f>37</f>
					<parameter>ФлагГодКорректировка</parameter>
				</c>
			</c>
			<c>
				<c>
					<f>36</f>
					<tl>
						<v8:item>
							<v8:lang>ru</v8:lang>
							<v8:content>Календарного года </v8:content>
						</v8:item>
					</tl>
				</c>
			</c>
			<c>
				<i>42</i>
				<c>
					<f>40</f>
					<parameter>ГодКорректировка</parameter>
				</c>
			</c>
			<c>
				<i>50</i>
				<c>
					<f>35</f>
				</c>
			</c>
		</row>
	</rowsItem>
	<rowsItem>
		<index>24</index>
		<row>
			<formatIndex>41</formatIndex>
			<c>
				<i>8</i>
				<c>
					<f>42</f>
				</c>
			</c>
			<c>
				<c>
					<f>12</f>
					<tl>
						<v8:item>
							<v8:lang>ru</v8:lang>
							<v8:content>за отчетный период:</v8:content>
						</v8:item>
					</tl>
				</c>
			</c>
			<c>
				<i>18</i>
				<c>
					<f>43</f>
				</c>
			</c>
			<c>
				<c>
					<f>43</f>
				</c>
			</c>
			<c>
				<c>
					<f>43</f>
				</c>
			</c>
			<c>
				<c>
					<f>43</f>
				</c>
			</c>
			<c>
				<c>
					<f>43</f>
				</c>
			</c>
			<c>
				<i>24</i>
				<c>
					<f>43</f>
				</c>
			</c>
			<c>
				<c>
					<f>43</f>
				</c>
			</c>
			<c>
				<c>
					<f>43</f>
				</c>
			</c>
			<c>
				<c>
					<f>43</f>
				</c>
			</c>
			<c>
				<c>
					<f>43</f>
				</c>
			</c>
			<c>
				<c>
					<f>43</f>
				</c>
			</c>
			<c>
				<c>
					<f>43</f>
				</c>
			</c>
			<c>
				<c>
					<f>43</f>
				</c>
			</c>
			<c>
				<c>
					<f>43</f>
				</c>
			</c>
			<c>
				<c>
					<f>43</f>
				</c>
			</c>
			<c>
				<i>46</i>
				<c>
					<f>12</f>
				</c>
			</c>
			<c>
				<c>
					<f>12</f>
				</c>
			</c>
			<c>
				<c>
					<f>12</f>
				</c>
			</c>
			<c>
				<c>
					<f>12</f>
				</c>
			</c>
			<c>
				<c>
					<f>35</f>
				</c>
			</c>
		</row>
	</rowsItem>
	<rowsItem>
		<index>25</index>
		<row>
			<formatIndex>41</formatIndex>
			<c>
				<i>18</i>
				<c>
					<f>43</f>
				</c>
			</c>
			<c>
				<c>
					<f>43</f>
				</c>
			</c>
			<c>
				<c>
					<f>43</f>
				</c>
			</c>
			<c>
				<c>
					<f>43</f>
				</c>
			</c>
			<c>
				<c>
					<f>43</f>
				</c>
			</c>
			<c>
				<i>24</i>
				<c>
					<f>43</f>
				</c>
			</c>
			<c>
				<c>
					<f>43</f>
				</c>
			</c>
			<c>
				<c>
					<f>43</f>
				</c>
			</c>
			<c>
				<c>
					<f>43</f>
				</c>
			</c>
			<c>
				<c>
					<f>43</f>
				</c>
			</c>
			<c>
				<c>
					<f>43</f>
				</c>
			</c>
			<c>
				<c>
					<f>43</f>
				</c>
			</c>
			<c>
				<c>
					<f>43</f>
				</c>
			</c>
			<c>
				<c>
					<f>43</f>
				</c>
			</c>
			<c>
				<c>
					<f>43</f>
				</c>
			</c>
			<c>
				<i>46</i>
				<c>
					<f>12</f>
				</c>
			</c>
			<c>
				<c>
					<f>12</f>
				</c>
			</c>
			<c>
				<c>
					<f>12</f>
				</c>
			</c>
			<c>
				<c>
					<f>12</f>
				</c>
			</c>
			<c>
				<c>
					<f>35</f>
				</c>
			</c>
		</row>
	</rowsItem>
	<rowsItem>
		<index>26</index>
		<row>
			<formatIndex>34</formatIndex>
			<c>
				<i>1</i>
				<c>
					<f>22</f>
					<parameter>ФлагОтмн</parameter>
				</c>
			</c>
			<c>
				<c>
					<f>29</f>
					<tl>
						<v8:item>
							<v8:lang>ru</v8:lang>
							<v8:content> - отменяющие</v8:content>
						</v8:item>
					</tl>
				</c>
			</c>
			<c>
				<i>8</i>
				<c>
					<f>44</f>
				</c>
			</c>
			<c>
				<c>
					<f>45</f>
				</c>
			</c>
			<c>
				<c>
					<f>45</f>
				</c>
			</c>
			<c>
				<c>
					<f>45</f>
				</c>
			</c>
			<c>
				<c>
					<f>45</f>
				</c>
			</c>
			<c>
				<c>
					<f>45</f>
				</c>
			</c>
			<c>
				<c>
					<f>45</f>
				</c>
			</c>
			<c>
				<i>18</i>
				<c>
					<f>38</f>
				</c>
			</c>
			<c>
				<c>
					<f>38</f>
				</c>
			</c>
			<c>
				<c>
					<f>38</f>
				</c>
			</c>
			<c>
				<c>
					<f>38</f>
				</c>
			</c>
			<c>
				<c>
					<f>38</f>
				</c>
			</c>
			<c>
				<i>24</i>
				<c>
					<f>38</f>
				</c>
			</c>
			<c>
				<c>
					<f>38</f>
				</c>
			</c>
			<c>
				<c>
					<f>38</f>
				</c>
			</c>
			<c>
				<c>
					<f>38</f>
				</c>
			</c>
			<c>
				<c>
					<f>38</f>
				</c>
			</c>
			<c>
				<c>
					<f>38</f>
				</c>
			</c>
			<c>
				<c>
					<f>38</f>
				</c>
			</c>
			<c>
				<c>
					<f>38</f>
				</c>
			</c>
			<c>
				<c>
					<f>38</f>
				</c>
			</c>
			<c>
				<c>
					<f>38</f>
				</c>
			</c>
			<c>
				<i>46</i>
				<c>
					<f>12</f>
				</c>
			</c>
			<c>
				<c>
					<f>12</f>
				</c>
			</c>
			<c>
				<c>
					<f>12</f>
				</c>
			</c>
			<c>
				<c>
					<f>12</f>
				</c>
			</c>
			<c>
				<c>
					<f>35</f>
				</c>
			</c>
		</row>
	</rowsItem>
	<rowsItem>
		<index>27</index>
		<row>
			<formatIndex>34</formatIndex>
			<c>
				<i>50</i>
				<c>
					<f>35</f>
				</c>
			</c>
		</row>
	</rowsItem>
	<rowsItem>
		<index>28</index>
		<row>
			<formatIndex>28</formatIndex>
			<c>
				<i>15</i>
				<c>
					<f>45</f>
				</c>
			</c>
			<c>
				<c>
					<f>45</f>
				</c>
			</c>
			<c>
				<c>
					<f>45</f>
				</c>
			</c>
			<c>
				<c>
					<f>45</f>
				</c>
			</c>
			<c>
				<c>
					<f>45</f>
				</c>
			</c>
			<c>
				<c>
					<f>45</f>
				</c>
			</c>
			<c>
				<c>
					<f>45</f>
				</c>
			</c>
			<c>
				<c>
					<f>45</f>
				</c>
			</c>
			<c>
				<c>
					<f>45</f>
				</c>
			</c>
			<c>
				<c>
					<f>45</f>
				</c>
			</c>
			<c>
				<c>
					<f>45</f>
				</c>
			</c>
			<c>
				<c>
					<f>45</f>
				</c>
			</c>
			<c>
				<c>
					<f>45</f>
				</c>
			</c>
			<c>
				<c>
					<f>45</f>
				</c>
			</c>
			<c>
				<c>
					<f>45</f>
				</c>
			</c>
			<c>
				<c>
					<f>45</f>
				</c>
			</c>
			<c>
				<c>
					<f>45</f>
				</c>
			</c>
			<c>
				<c>
					<f>45</f>
				</c>
			</c>
			<c>
				<c>
					<f>45</f>
				</c>
			</c>
			<c>
				<c>
					<f>45</f>
				</c>
			</c>
			<c>
				<c>
					<f>45</f>
				</c>
			</c>
			<c>
				<c>
					<f>45</f>
				</c>
			</c>
			<c>
				<c>
					<f>45</f>
				</c>
			</c>
			<c>
				<c>
					<f>45</f>
				</c>
			</c>
			<c>
				<c>
					<f>45</f>
				</c>
			</c>
			<c>
				<c>
					<f>45</f>
				</c>
			</c>
			<c>
				<c>
					<f>45</f>
				</c>
			</c>
			<c>
				<c>
					<f>45</f>
				</c>
			</c>
			<c>
				<c>
					<f>45</f>
				</c>
			</c>
			<c>
				<c>
					<f>45</f>
				</c>
			</c>
			<c>
				<c>
					<f>45</f>
				</c>
			</c>
			<c>
				<c>
					<f>45</f>
				</c>
			</c>
			<c>
				<c>
					<f>45</f>
				</c>
			</c>
			<c>
				<c>
					<f>45</f>
				</c>
			</c>
			<c>
				<c>
					<f>45</f>
				</c>
			</c>
			<c>
				<c>
					<f>46</f>
				</c>
			</c>
		</row>
	</rowsItem>
	<rowsItem>
		<index>29</index>
		<row>
			<formatIndex>47</formatIndex>
			<c>
				<i>2</i>
				<c>
					<f>48</f>
					<tl>
						<v8:item>
							<v8:lang>ru</v8:lang>
							<v8:content>Страховые взносы за последние три месяца (в 2010 году шесть месяцев) отчетного периода по застрахованным лицам</v8:content>
						</v8:item>
					</tl>
				</c>
			</c>
		</row>
	</rowsItem>
	<rowsItem>
		<index>30</index>
		<row>
			<formatIndex>49</formatIndex>
			<empty>true</empty>
		</row>
	</rowsItem>
	<rowsItem>
		<index>31</index>
		<row>
			<formatIndex>12</formatIndex>
			<c>
				<i>1</i>
				<c>
					<f>50</f>
					<tl>
						<v8:item>
							<v8:lang>ru</v8:lang>
							<v8:content>№ 
п/п</v8:content>
						</v8:item>
					</tl>
				</c>
			</c>
			<c>
				<i>3</i>
				<c>
					<f>51</f>
					<tl>
						<v8:item>
							<v8:lang>ru</v8:lang>
							<v8:content>Ф.И.О.
застрахованного
лица</v8:content>
						</v8:item>
					</tl>
				</c>
			</c>
			<c>
				<i>13</i>
				<c>
					<f>52</f>
					<tl>
						<v8:item>
							<v8:lang>ru</v8:lang>
							<v8:content>Страховой номер
индивидуального
страхового счета</v8:content>
						</v8:item>
					</tl>
				</c>
			</c>
			<c>
				<i>19</i>
				<c>
					<f>53</f>
					<tl>
						<v8:item>
							<v8:lang>ru</v8:lang>
							<v8:content>Адрес для направления информации о состоянии индивидуального лицевого счета:</v8:content>
						</v8:item>
					</tl>
				</c>
			</c>
			<c>
				<i>27</i>
				<c>
					<f>54</f>
					<tl>
						<v8:item>
							<v8:lang>ru</v8:lang>
							<v8:content>Сумма страховых взносов на страховую часть трудовой пенсии</v8:content>
						</v8:item>
					</tl>
				</c>
			</c>
			<c>
				<c>
					<f>2</f>
				</c>
			</c>
			<c>
				<c>
					<f>2</f>
				</c>
			</c>
			<c>
				<c>
					<f>2</f>
				</c>
			</c>
			<c>
				<c>
					<f>2</f>
				</c>
			</c>
			<c>
				<c>
					<f>2</f>
				</c>
			</c>
			<c>
				<c>
					<f>2</f>
				</c>
			</c>
			<c>
				<c>
					<f>2</f>
				</c>
			</c>
			<c>
				<c>
					<f>54</f>
					<tl>
						<v8:item>
							<v8:lang>ru</v8:lang>
							<v8:content>Сумма страховых взносов на накопительную часть трудовой пенсии</v8:content>
						</v8:item>
					</tl>
				</c>
			</c>
			<c>
				<i>43</i>
				<c>
					<f>55</f>
					<tl>
						<v8:item>
							<v8:lang>ru</v8:lang>
							<v8:content>Период работы:</v8:content>
						</v8:item>
					</tl>
				</c>
			</c>
		</row>
	</rowsItem>
	<rowsItem>
		<index>32</index>
		<row>
			<formatIndex>56</formatIndex>
			<c>
				<i>27</i>
				<c>
					<f>57</f>
					<tl>
						<v8:item>
							<v8:lang>ru</v8:lang>
							<v8:content>Начислено</v8:content>
						</v8:item>
					</tl>
				</c>
			</c>
			<c>
				<c>
					<f>58</f>
				</c>
			</c>
			<c>
				<c>
					<f>58</f>
				</c>
			</c>
			<c>
				<c>
					<f>58</f>
				</c>
			</c>
			<c>
				<c>
					<f>59</f>
					<tl>
						<v8:item>
							<v8:lang>ru</v8:lang>
							<v8:content>Уплачено</v8:content>
						</v8:item>
					</tl>
				</c>
			</c>
			<c>
				<c>
					<f>58</f>
				</c>
			</c>
			<c>
				<c>
					<f>58</f>
				</c>
			</c>
			<c>
				<c>
					<f>58</f>
				</c>
			</c>
			<c>
				<c>
					<f>57</f>
					<tl>
						<v8:item>
							<v8:lang>ru</v8:lang>
							<v8:content>Начислено</v8:content>
						</v8:item>
					</tl>
				</c>
			</c>
			<c>
				<c>
					<f>58</f>
				</c>
			</c>
			<c>
				<c>
					<f>58</f>
				</c>
			</c>
			<c>
				<c>
					<f>58</f>
				</c>
			</c>
			<c>
				<c>
					<f>57</f>
					<tl>
						<v8:item>
							<v8:lang>ru</v8:lang>
							<v8:content>Уплачено</v8:content>
						</v8:item>
					</tl>
				</c>
			</c>
			<c>
				<c>
					<f>58</f>
				</c>
			</c>
			<c>
				<c>
					<f>58</f>
				</c>
			</c>
			<c>
				<c>
					<f>58</f>
				</c>
			</c>
			<c>
				<c>
					<f>50</f>
					<tl>
						<v8:item>
							<v8:lang>ru</v8:lang>
							<v8:content>с (дд.мм.гг)</v8:content>
						</v8:item>
					</tl>
				</c>
			</c>
			<c>
				<i>47</i>
				<c>
					<f>50</f>
					<tl>
						<v8:item>
							<v8:lang>ru</v8:lang>
							<v8:content>по (дд.мм.гг)</v8:content>
						</v8:item>
					</tl>
				</c>
			</c>
		</row>
	</rowsItem>
	<rowsItem>
		<index>33</index>
		<row>
			<formatIndex>12</formatIndex>
			<c>
				<i>1</i>
				<c>
					<f>60</f>
					<tl>
						<v8:item>
							<v8:lang>ru</v8:lang>
							<v8:content>1</v8:content>
						</v8:item>
					</tl>
				</c>
			</c>
			<c>
				<i>3</i>
				<c>
					<f>61</f>
					<tl>
						<v8:item>
							<v8:lang>ru</v8:lang>
							<v8:content>2</v8:content>
						</v8:item>
					</tl>
				</c>
			</c>
			<c>
				<i>13</i>
				<c>
					<f>62</f>
					<tl>
						<v8:item>
							<v8:lang>ru</v8:lang>
							<v8:content>3</v8:content>
						</v8:item>
					</tl>
				</c>
			</c>
			<c>
				<i>19</i>
				<c>
					<f>63</f>
					<tl>
						<v8:item>
							<v8:lang>ru</v8:lang>
							<v8:content>4</v8:content>
						</v8:item>
					</tl>
				</c>
			</c>
			<c>
				<i>27</i>
				<c>
					<f>62</f>
					<tl>
						<v8:item>
							<v8:lang>ru</v8:lang>
							<v8:content>5</v8:content>
						</v8:item>
					</tl>
				</c>
			</c>
			<c>
				<c>
					<f>2</f>
				</c>
			</c>
			<c>
				<c>
					<f>2</f>
				</c>
			</c>
			<c>
				<c>
					<f>2</f>
				</c>
			</c>
			<c>
				<c>
					<f>64</f>
					<tl>
						<v8:item>
							<v8:lang>ru</v8:lang>
							<v8:content>6</v8:content>
						</v8:item>
					</tl>
				</c>
			</c>
			<c>
				<c>
					<f>2</f>
				</c>
			</c>
			<c>
				<c>
					<f>2</f>
				</c>
			</c>
			<c>
				<c>
					<f>2</f>
				</c>
			</c>
			<c>
				<c>
					<f>62</f>
					<tl>
						<v8:item>
							<v8:lang>ru</v8:lang>
							<v8:content>7</v8:content>
						</v8:item>
					</tl>
				</c>
			</c>
			<c>
				<c>
					<f>2</f>
				</c>
			</c>
			<c>
				<c>
					<f>2</f>
				</c>
			</c>
			<c>
				<c>
					<f>2</f>
				</c>
			</c>
			<c>
				<c>
					<f>64</f>
					<tl>
						<v8:item>
							<v8:lang>ru</v8:lang>
							<v8:content>8</v8:content>
						</v8:item>
					</tl>
				</c>
			</c>
			<c>
				<c>
					<f>2</f>
				</c>
			</c>
			<c>
				<c>
					<f>2</f>
				</c>
			</c>
			<c>
				<c>
					<f>2</f>
				</c>
			</c>
			<c>
				<c>
					<f>50</f>
					<tl>
						<v8:item>
							<v8:lang>ru</v8:lang>
							<v8:content>9</v8:content>
						</v8:item>
					</tl>
				</c>
			</c>
			<c>
				<i>47</i>
				<c>
					<f>50</f>
					<tl>
						<v8:item>
							<v8:lang>ru</v8:lang>
							<v8:content>10</v8:content>
						</v8:item>
					</tl>
				</c>
			</c>
		</row>
	</rowsItem>
	<rowsItem>
		<index>34</index>
		<row>
			<formatIndex>12</formatIndex>
			<c>
				<i>1</i>
				<c>
					<f>65</f>
					<parameter>НомерСтроки</parameter>
				</c>
			</c>
			<c>
				<i>3</i>
				<c>
					<f>66</f>
					<parameter>ФИО</parameter>
				</c>
			</c>
			<c>
				<i>13</i>
				<c>
					<f>67</f>
					<parameter>НомерСС</parameter>
				</c>
			</c>
			<c>
				<i>19</i>
				<c>
					<f>68</f>
					<parameter>АдресДляПечати</parameter>
				</c>
			</c>
			<c>
				<i>27</i>
				<c>
					<f>69</f>
					<parameter>СуммаСтрахЧасть</parameter>
				</c>
			</c>
			<c>
				<c>
					<f>2</f>
				</c>
			</c>
			<c>
				<c>
					<f>2</f>
				</c>
			</c>
			<c>
				<c>
					<f>2</f>
				</c>
			</c>
			<c>
				<c>
					<f>69</f>
					<parameter>СуммаСтрахЧастьУплачено</parameter>
				</c>
			</c>
			<c>
				<c>
					<f>2</f>
				</c>
			</c>
			<c>
				<c>
					<f>2</f>
				</c>
			</c>
			<c>
				<c>
					<f>2</f>
				</c>
			</c>
			<c>
				<c>
					<f>69</f>
					<parameter>СуммаНакЧасть</parameter>
				</c>
			</c>
			<c>
				<i>39</i>
				<c>
					<f>69</f>
					<parameter>СуммаНакЧастьУплачено</parameter>
				</c>
			</c>
			<c>
				<i>43</i>
				<c>
					<f>70</f>
					<parameter>ПериодС</parameter>
				</c>
			</c>
			<c>
				<i>47</i>
				<c>
					<f>70</f>
					<parameter>ПериодПо</parameter>
				</c>
			</c>
		</row>
	</rowsItem>
	<rowsItem>
		<index>35</index>
		<row>
			<formatIndex>56</formatIndex>
			<c>
				<i>1</i>
				<c>
					<f>71</f>
					<tl>
						<v8:item>
							<v8:lang>ru</v8:lang>
							<v8:content>Всего по реестру:</v8:content>
						</v8:item>
					</tl>
				</c>
			</c>
			<c>
				<c>
					<f>72</f>
				</c>
			</c>
			<c>
				<c>
					<f>72</f>
				</c>
			</c>
			<c>
				<c>
					<f>72</f>
				</c>
			</c>
			<c>
				<c>
					<f>72</f>
				</c>
			</c>
			<c>
				<c>
					<f>72</f>
				</c>
			</c>
			<c>
				<c>
					<f>72</f>
				</c>
			</c>
			<c>
				<c>
					<f>72</f>
				</c>
			</c>
			<c>
				<c>
					<f>72</f>
				</c>
			</c>
			<c>
				<c>
					<f>72</f>
				</c>
			</c>
			<c>
				<c>
					<f>72</f>
				</c>
			</c>
			<c>
				<c>
					<f>72</f>
				</c>
			</c>
			<c>
				<c>
					<f>72</f>
				</c>
			</c>
			<c>
				<c>
					<f>72</f>
				</c>
			</c>
			<c>
				<c>
					<f>72</f>
				</c>
			</c>
			<c>
				<c>
					<f>72</f>
				</c>
			</c>
			<c>
				<c>
					<f>72</f>
				</c>
			</c>
			<c>
				<c>
					<f>72</f>
				</c>
			</c>
			<c>
				<c>
					<f>72</f>
				</c>
			</c>
			<c>
				<c>
					<f>45</f>
				</c>
			</c>
			<c>
				<c>
					<f>45</f>
				</c>
			</c>
			<c>
				<c>
					<f>45</f>
				</c>
			</c>
			<c>
				<c>
					<f>45</f>
				</c>
			</c>
			<c>
				<c>
					<f>45</f>
				</c>
			</c>
			<c>
				<c>
					<f>45</f>
				</c>
			</c>
			<c>
				<c>
					<f>45</f>
				</c>
			</c>
			<c>
				<c>
					<f>73</f>
					<parameter>СуммаСтрахЧасть</parameter>
				</c>
			</c>
			<c>
				<c>
					<f>58</f>
				</c>
			</c>
			<c>
				<c>
					<f>58</f>
				</c>
			</c>
			<c>
				<c>
					<f>58</f>
				</c>
			</c>
			<c>
				<c>
					<f>73</f>
					<parameter>СуммаСтрахЧастьУплачено</parameter>
				</c>
			</c>
			<c>
				<c>
					<f>58</f>
				</c>
			</c>
			<c>
				<c>
					<f>58</f>
				</c>
			</c>
			<c>
				<c>
					<f>58</f>
				</c>
			</c>
			<c>
				<c>
					<f>74</f>
					<parameter>СуммаНакЧасть</parameter>
				</c>
			</c>
			<c>
				<i>39</i>
				<c>
					<f>73</f>
					<parameter>СуммаНакЧастьУплачено</parameter>
				</c>
			</c>
			<c>
				<i>43</i>
				<c>
					<f>75</f>
				</c>
			</c>
			<c>
				<i>47</i>
				<c>
					<f>76</f>
				</c>
			</c>
		</row>
	</rowsItem>
	<rowsItem>
		<index>37</index>
		<row>
			<formatIndex>12</formatIndex>
			<c>
				<i>1</i>
				<c>
					<f>77</f>
					<tl>
						<v8:item>
							<v8:lang>ru</v8:lang>
							<v8:content>Наименование должности руководителя</v8:content>
						</v8:item>
					</tl>
				</c>
			</c>
			<c>
				<i>17</i>
				<c>
					<f>77</f>
					<tl>
						<v8:item>
							<v8:lang>ru</v8:lang>
							<v8:content>Подпись</v8:content>
						</v8:item>
					</tl>
				</c>
			</c>
			<c>
				<i>24</i>
				<c>
					<f>77</f>
					<tl>
						<v8:item>
							<v8:lang>ru</v8:lang>
							<v8:content>Расшифровка подписи</v8:content>
						</v8:item>
					</tl>
				</c>
			</c>
		</row>
	</rowsItem>
	<rowsItem>
		<index>38</index>
		<row>
			<formatIndex>5</formatIndex>
			<empty>true</empty>
		</row>
	</rowsItem>
	<rowsItem>
		<index>39</index>
		<row>
			<formatIndex>12</formatIndex>
			<c>
				<i>1</i>
				<c>
					<f>78</f>
					<parameter>ДолжностьРуководителя</parameter>
				</c>
			</c>
			<c>
				<i>6</i>
				<c>
					<f>12</f>
				</c>
			</c>
			<c>
				<i>14</i>
				<c>
					<f>12</f>
				</c>
			</c>
			<c>
				<i>24</i>
				<c>
					<f>78</f>
					<parameter>Руководитель</parameter>
				</c>
			</c>
		</row>
	</rowsItem>
	<rowsItem>
		<index>41</index>
		<row>
			<formatIndex>12</formatIndex>
			<c>
				<i>1</i>
				<c>
					<f>77</f>
					<tl>
						<v8:item>
							<v8:lang>ru</v8:lang>
							<v8:content>Дата</v8:content>
						</v8:item>
					</tl>
				</c>
			</c>
			<c>
				<i>3</i>
				<c>
					<f>79</f>
					<parameter>ДатаЗаполнения</parameter>
				</c>
			</c>
			<c>
				<i>9</i>
				<c>
					<f>77</f>
					<tl>
						<v8:item>
							<v8:lang>ru</v8:lang>
							<v8:content>М.П.</v8:content>
						</v8:item>
					</tl>
				</c>
			</c>
		</row>
	</rowsItem>
	<leftHeader>
		<f>80</f>
		<tl>
			<v8:item>
				<v8:lang>ru</v8:lang>
				<v8:content>c. [&amp;НомерСтраницы]</v8:content>
			</v8:item>
		</tl>
	</leftHeader>
	<centerHeader>
		<f>80</f>
		<tl/>
	</centerHeader>
	<rightHeader>
		<f>80</f>
		<tl/>
	</rightHeader>
	<leftFooter>
		<f>81</f>
		<tl/>
	</leftFooter>
	<centerFooter>
		<f>81</f>
		<tl/>
	</centerFooter>
	<rightFooter>
		<f>81</f>
		<tl/>
	</rightFooter>
	<templateMode>true</templateMode>
	<defaultFormatIndex>82</defaultFormatIndex>
	<height>42</height>
	<vgRows>42</vgRows>
	<merge>
		<r>1</r>
		<c>12</c>
		<w>3</w>
	</merge>
	<merge>
		<r>1</r>
		<c>43</c>
		<w>3</w>
	</merge>
	<merge>
		<r>3</r>
		<c>1</c>
		<w>47</w>
	</merge>
	<merge>
		<r>4</r>
		<c>1</c>
		<w>47</w>
	</merge>
	<merge>
		<r>5</r>
		<c>1</c>
		<w>47</w>
	</merge>
	<merge>
		<r>9</r>
		<c>12</c>
		<w>5</w>
	</merge>
	<merge>
		<r>9</r>
		<c>34</c>
		<w>3</w>
	</merge>
	<merge>
		<r>11</r>
		<c>3</c>
		<w>5</w>
	</merge>
	<merge>
		<r>11</r>
		<c>12</c>
		<w>5</w>
	</merge>
	<merge>
		<r>11</r>
		<c>44</c>
		<w>3</w>
	</merge>
	<merge>
		<r>13</r>
		<c>12</c>
		<w>14</w>
	</merge>
	<merge>
		<r>13</r>
		<c>41</c>
		<w>3</w>
	</merge>
	<merge>
		<r>15</r>
		<c>12</c>
		<w>5</w>
	</merge>
	<merge>
		<r>15</r>
		<c>41</c>
		<w>3</w>
	</merge>
	<merge>
		<r>21</r>
		<c>2</c>
		<h>2</h>
		<w>5</w>
	</merge>
	<merge>
		<r>23</r>
		<c>15</c>
		<h>3</h>
		<w>2</w>
	</merge>
	<merge>
		<r>23</r>
		<c>18</c>
		<h>3</h>
	</merge>
	<merge>
		<r>23</r>
		<c>19</c>
		<h>3</h>
		<w>3</w>
	</merge>
	<merge>
		<r>23</r>
		<c>23</c>
		<h>3</h>
	</merge>
	<merge>
		<r>23</r>
		<c>24</c>
		<h>3</h>
		<w>3</w>
	</merge>
	<merge>
		<r>23</r>
		<c>28</c>
		<h>3</h>
	</merge>
	<merge>
		<r>23</r>
		<c>28</c>
		<h>3</h>
	</merge>
	<merge>
		<r>23</r>
		<c>29</c>
		<h>3</h>
		<w>3</w>
	</merge>
	<merge>
		<r>23</r>
		<c>33</c>
		<h>3</h>
	</merge>
	<merge>
		<r>23</r>
		<c>33</c>
		<h>3</h>
	</merge>
	<merge>
		<r>23</r>
		<c>33</c>
		<h>3</h>
	</merge>
	<merge>
		<r>23</r>
		<c>34</c>
		<h>3</h>
		<w>7</w>
	</merge>
	<merge>
		<r>23</r>
		<c>42</c>
		<h>3</h>
		<w>2</w>
	</merge>
	<merge>
		<r>24</r>
		<c>9</c>
		<h>1</h>
		<w>5</w>
	</merge>
	<merge>
		<r>26</r>
		<c>2</c>
		<h>2</h>
		<w>5</w>
	</merge>
	<merge>
		<r>29</r>
		<c>2</c>
		<w>45</w>
	</merge>
	<merge>
		<r>31</r>
		<c>1</c>
		<h>1</h>
		<w>1</w>
	</merge>
	<merge>
		<r>31</r>
		<c>3</c>
		<h>1</h>
		<w>9</w>
	</merge>
	<merge>
		<r>31</r>
		<c>13</c>
		<h>1</h>
		<w>5</w>
	</merge>
	<merge>
		<r>31</r>
		<c>19</c>
		<h>1</h>
		<w>7</w>
	</merge>
	<merge>
		<r>31</r>
		<c>27</c>
		<w>7</w>
	</merge>
	<merge>
		<r>31</r>
		<c>35</c>
		<w>7</w>
	</merge>
	<merge>
		<r>31</r>
		<c>43</c>
		<w>7</w>
	</merge>
	<merge>
		<r>32</r>
		<c>27</c>
		<w>3</w>
	</merge>
	<merge>
		<r>32</r>
		<c>31</c>
		<w>3</w>
	</merge>
	<merge>
		<r>32</r>
		<c>35</c>
		<w>3</w>
	</merge>
	<merge>
		<r>32</r>
		<c>39</c>
		<w>3</w>
	</merge>
	<merge>
		<r>32</r>
		<c>43</c>
		<w>3</w>
	</merge>
	<merge>
		<r>32</r>
		<c>47</c>
		<w>3</w>
	</merge>
	<merge>
		<r>33</r>
		<c>1</c>
		<w>1</w>
	</merge>
	<merge>
		<r>33</r>
		<c>3</c>
		<w>9</w>
	</merge>
	<merge>
		<r>33</r>
		<c>13</c>
		<w>5</w>
	</merge>
	<merge>
		<r>33</r>
		<c>19</c>
		<w>7</w>
	</merge>
	<merge>
		<r>33</r>
		<c>27</c>
		<w>3</w>
	</merge>
	<merge>
		<r>33</r>
		<c>31</c>
		<w>3</w>
	</merge>
	<merge>
		<r>33</r>
		<c>35</c>
		<w>3</w>
	</merge>
	<merge>
		<r>33</r>
		<c>39</c>
		<w>3</w>
	</merge>
	<merge>
		<r>33</r>
		<c>43</c>
		<w>3</w>
	</merge>
	<merge>
		<r>33</r>
		<c>47</c>
		<w>3</w>
	</merge>
	<merge>
		<r>34</r>
		<c>1</c>
		<w>1</w>
	</merge>
	<merge>
		<r>34</r>
		<c>3</c>
		<w>9</w>
	</merge>
	<merge>
		<r>34</r>
		<c>13</c>
		<w>5</w>
	</merge>
	<merge>
		<r>34</r>
		<c>19</c>
		<w>7</w>
	</merge>
	<merge>
		<r>34</r>
		<c>27</c>
		<w>3</w>
	</merge>
	<merge>
		<r>34</r>
		<c>31</c>
		<w>3</w>
	</merge>
	<merge>
		<r>34</r>
		<c>35</c>
		<w>3</w>
	</merge>
	<merge>
		<r>34</r>
		<c>39</c>
		<w>3</w>
	</merge>
	<merge>
		<r>34</r>
		<c>43</c>
		<w>3</w>
	</merge>
	<merge>
		<r>34</r>
		<c>47</c>
		<w>3</w>
	</merge>
	<merge>
		<r>35</r>
		<c>27</c>
		<w>3</w>
	</merge>
	<merge>
		<r>35</r>
		<c>31</c>
		<w>3</w>
	</merge>
	<merge>
		<r>35</r>
		<c>35</c>
		<w>3</w>
	</merge>
	<merge>
		<r>35</r>
		<c>39</c>
		<w>3</w>
	</merge>
	<merge>
		<r>35</r>
		<c>43</c>
		<w>3</w>
	</merge>
	<merge>
		<r>35</r>
		<c>47</c>
		<w>3</w>
	</merge>
	<merge>
		<r>41</r>
		<c>3</c>
		<w>4</w>
	</merge>
	<merge>
		<r>21</r>
		<c>-1</c>
		<h>2</h>
	</merge>
	<merge>
		<r>24</r>
		<c>-1</c>
		<h>1</h>
	</merge>
	<merge>
		<r>26</r>
		<c>-1</c>
		<h>2</h>
	</merge>
	<horizontalUnmerge>
		<r>21</r>
		<c>15</c>
		<h>2</h>
	</horizontalUnmerge>
	<horizontalUnmerge>
		<r>21</r>
		<c>16</c>
		<h>2</h>
	</horizontalUnmerge>
	<horizontalUnmerge>
		<r>21</r>
		<c>17</c>
		<h>2</h>
	</horizontalUnmerge>
	<horizontalUnmerge>
		<r>21</r>
		<c>18</c>
		<h>2</h>
	</horizontalUnmerge>
	<horizontalUnmerge>
		<r>21</r>
		<c>19</c>
		<h>2</h>
	</horizontalUnmerge>
	<horizontalUnmerge>
		<r>21</r>
		<c>20</c>
		<h>2</h>
	</horizontalUnmerge>
	<horizontalUnmerge>
		<r>21</r>
		<c>21</c>
		<h>2</h>
	</horizontalUnmerge>
	<horizontalUnmerge>
		<r>21</r>
		<c>22</c>
		<h>2</h>
	</horizontalUnmerge>
	<horizontalUnmerge>
		<r>21</r>
		<c>23</c>
		<h>2</h>
	</horizontalUnmerge>
	<horizontalUnmerge>
		<r>21</r>
		<c>24</c>
		<h>2</h>
	</horizontalUnmerge>
	<horizontalUnmerge>
		<r>21</r>
		<c>25</c>
		<h>2</h>
	</horizontalUnmerge>
	<horizontalUnmerge>
		<r>21</r>
		<c>26</c>
		<h>2</h>
	</horizontalUnmerge>
	<horizontalUnmerge>
		<r>21</r>
		<c>27</c>
		<h>2</h>
	</horizontalUnmerge>
	<horizontalUnmerge>
		<r>21</r>
		<c>28</c>
		<h>2</h>
	</horizontalUnmerge>
	<horizontalUnmerge>
		<r>21</r>
		<c>29</c>
		<h>2</h>
	</horizontalUnmerge>
	<horizontalUnmerge>
		<r>21</r>
		<c>30</c>
		<h>2</h>
	</horizontalUnmerge>
	<horizontalUnmerge>
		<r>21</r>
		<c>31</c>
		<h>2</h>
	</horizontalUnmerge>
	<horizontalUnmerge>
		<r>21</r>
		<c>32</c>
		<h>2</h>
	</horizontalUnmerge>
	<horizontalUnmerge>
		<r>21</r>
		<c>33</c>
		<h>2</h>
	</horizontalUnmerge>
	<horizontalUnmerge>
		<r>21</r>
		<c>34</c>
		<h>2</h>
	</horizontalUnmerge>
	<horizontalUnmerge>
		<r>21</r>
		<c>35</c>
		<h>2</h>
	</horizontalUnmerge>
	<horizontalUnmerge>
		<r>21</r>
		<c>36</c>
		<h>2</h>
	</horizontalUnmerge>
	<horizontalUnmerge>
		<r>21</r>
		<c>37</c>
		<h>2</h>
	</horizontalUnmerge>
	<horizontalUnmerge>
		<r>21</r>
		<c>38</c>
		<h>2</h>
	</horizontalUnmerge>
	<horizontalUnmerge>
		<r>21</r>
		<c>39</c>
		<h>2</h>
	</horizontalUnmerge>
	<horizontalUnmerge>
		<r>21</r>
		<c>40</c>
		<h>2</h>
	</horizontalUnmerge>
	<horizontalUnmerge>
		<r>21</r>
		<c>41</c>
		<h>2</h>
	</horizontalUnmerge>
	<horizontalUnmerge>
		<r>21</r>
		<c>42</c>
		<h>2</h>
	</horizontalUnmerge>
	<horizontalUnmerge>
		<r>21</r>
		<c>43</c>
		<h>2</h>
	</horizontalUnmerge>
	<horizontalUnmerge>
		<r>21</r>
		<c>44</c>
		<h>2</h>
	</horizontalUnmerge>
	<horizontalUnmerge>
		<r>21</r>
		<c>45</c>
		<h>2</h>
	</horizontalUnmerge>
	<horizontalUnmerge>
		<r>21</r>
		<c>46</c>
		<h>2</h>
	</horizontalUnmerge>
	<horizontalUnmerge>
		<r>21</r>
		<c>47</c>
		<h>2</h>
	</horizontalUnmerge>
	<horizontalUnmerge>
		<r>21</r>
		<c>48</c>
		<h>2</h>
	</horizontalUnmerge>
	<horizontalUnmerge>
		<r>21</r>
		<c>49</c>
		<h>2</h>
	</horizontalUnmerge>
	<horizontalUnmerge>
		<r>21</r>
		<c>50</c>
		<h>2</h>
	</horizontalUnmerge>
	<horizontalUnmerge>
		<r>24</r>
		<c>19</c>
		<h>1</h>
	</horizontalUnmerge>
	<horizontalUnmerge>
		<r>24</r>
		<c>20</c>
		<h>1</h>
	</horizontalUnmerge>
	<horizontalUnmerge>
		<r>24</r>
		<c>21</c>
		<h>1</h>
	</horizontalUnmerge>
	<horizontalUnmerge>
		<r>24</r>
		<c>22</c>
		<h>1</h>
	</horizontalUnmerge>
	<horizontalUnmerge>
		<r>24</r>
		<c>24</c>
		<h>1</h>
	</horizontalUnmerge>
	<horizontalUnmerge>
		<r>24</r>
		<c>25</c>
		<h>1</h>
	</horizontalUnmerge>
	<horizontalUnmerge>
		<r>24</r>
		<c>26</c>
		<h>1</h>
	</horizontalUnmerge>
	<horizontalUnmerge>
		<r>24</r>
		<c>27</c>
		<h>1</h>
	</horizontalUnmerge>
	<horizontalUnmerge>
		<r>24</r>
		<c>28</c>
		<h>1</h>
	</horizontalUnmerge>
	<horizontalUnmerge>
		<r>24</r>
		<c>29</c>
		<h>1</h>
	</horizontalUnmerge>
	<horizontalUnmerge>
		<r>24</r>
		<c>30</c>
		<h>1</h>
	</horizontalUnmerge>
	<horizontalUnmerge>
		<r>24</r>
		<c>31</c>
		<h>1</h>
	</horizontalUnmerge>
	<horizontalUnmerge>
		<r>24</r>
		<c>32</c>
		<h>1</h>
	</horizontalUnmerge>
	<horizontalUnmerge>
		<r>24</r>
		<c>33</c>
		<h>1</h>
	</horizontalUnmerge>
	<horizontalUnmerge>
		<r>24</r>
		<c>45</c>
		<h>1</h>
	</horizontalUnmerge>
	<horizontalUnmerge>
		<r>24</r>
		<c>46</c>
		<h>1</h>
	</horizontalUnmerge>
	<horizontalUnmerge>
		<r>24</r>
		<c>47</c>
		<h>1</h>
	</horizontalUnmerge>
	<horizontalUnmerge>
		<r>24</r>
		<c>48</c>
		<h>1</h>
	</horizontalUnmerge>
	<horizontalUnmerge>
		<r>24</r>
		<c>49</c>
		<h>1</h>
	</horizontalUnmerge>
	<horizontalUnmerge>
		<r>24</r>
		<c>50</c>
		<h>1</h>
	</horizontalUnmerge>
	<horizontalUnmerge>
		<r>26</r>
		<c>15</c>
		<h>2</h>
	</horizontalUnmerge>
	<horizontalUnmerge>
		<r>26</r>
		<c>16</c>
		<h>2</h>
	</horizontalUnmerge>
	<horizontalUnmerge>
		<r>26</r>
		<c>17</c>
		<h>2</h>
	</horizontalUnmerge>
	<horizontalUnmerge>
		<r>26</r>
		<c>18</c>
		<h>2</h>
	</horizontalUnmerge>
	<horizontalUnmerge>
		<r>26</r>
		<c>19</c>
		<h>2</h>
	</horizontalUnmerge>
	<horizontalUnmerge>
		<r>26</r>
		<c>20</c>
		<h>2</h>
	</horizontalUnmerge>
	<horizontalUnmerge>
		<r>26</r>
		<c>21</c>
		<h>2</h>
	</horizontalUnmerge>
	<horizontalUnmerge>
		<r>26</r>
		<c>22</c>
		<h>2</h>
	</horizontalUnmerge>
	<horizontalUnmerge>
		<r>26</r>
		<c>23</c>
		<h>2</h>
	</horizontalUnmerge>
	<horizontalUnmerge>
		<r>26</r>
		<c>24</c>
		<h>2</h>
	</horizontalUnmerge>
	<horizontalUnmerge>
		<r>26</r>
		<c>25</c>
		<h>2</h>
	</horizontalUnmerge>
	<horizontalUnmerge>
		<r>26</r>
		<c>26</c>
		<h>2</h>
	</horizontalUnmerge>
	<horizontalUnmerge>
		<r>26</r>
		<c>27</c>
		<h>2</h>
	</horizontalUnmerge>
	<horizontalUnmerge>
		<r>26</r>
		<c>28</c>
		<h>2</h>
	</horizontalUnmerge>
	<horizontalUnmerge>
		<r>26</r>
		<c>29</c>
		<h>2</h>
	</horizontalUnmerge>
	<horizontalUnmerge>
		<r>26</r>
		<c>30</c>
		<h>2</h>
	</horizontalUnmerge>
	<horizontalUnmerge>
		<r>26</r>
		<c>31</c>
		<h>2</h>
	</horizontalUnmerge>
	<horizontalUnmerge>
		<r>26</r>
		<c>32</c>
		<h>2</h>
	</horizontalUnmerge>
	<horizontalUnmerge>
		<r>26</r>
		<c>33</c>
		<h>2</h>
	</horizontalUnmerge>
	<horizontalUnmerge>
		<r>26</r>
		<c>34</c>
		<h>2</h>
	</horizontalUnmerge>
	<horizontalUnmerge>
		<r>26</r>
		<c>35</c>
		<h>2</h>
	</horizontalUnmerge>
	<horizontalUnmerge>
		<r>26</r>
		<c>36</c>
		<h>2</h>
	</horizontalUnmerge>
	<horizontalUnmerge>
		<r>26</r>
		<c>37</c>
		<h>2</h>
	</horizontalUnmerge>
	<horizontalUnmerge>
		<r>26</r>
		<c>38</c>
		<h>2</h>
	</horizontalUnmerge>
	<horizontalUnmerge>
		<r>26</r>
		<c>39</c>
		<h>2</h>
	</horizontalUnmerge>
	<horizontalUnmerge>
		<r>26</r>
		<c>40</c>
		<h>2</h>
	</horizontalUnmerge>
	<horizontalUnmerge>
		<r>26</r>
		<c>41</c>
		<h>2</h>
	</horizontalUnmerge>
	<horizontalUnmerge>
		<r>26</r>
		<c>42</c>
		<h>2</h>
	</horizontalUnmerge>
	<horizontalUnmerge>
		<r>26</r>
		<c>43</c>
		<h>2</h>
	</horizontalUnmerge>
	<horizontalUnmerge>
		<r>26</r>
		<c>44</c>
		<h>2</h>
	</horizontalUnmerge>
	<horizontalUnmerge>
		<r>26</r>
		<c>45</c>
		<h>2</h>
	</horizontalUnmerge>
	<horizontalUnmerge>
		<r>26</r>
		<c>46</c>
		<h>2</h>
	</horizontalUnmerge>
	<horizontalUnmerge>
		<r>26</r>
		<c>47</c>
		<h>2</h>
	</horizontalUnmerge>
	<horizontalUnmerge>
		<r>26</r>
		<c>48</c>
		<h>2</h>
	</horizontalUnmerge>
	<horizontalUnmerge>
		<r>26</r>
		<c>49</c>
		<h>2</h>
	</horizontalUnmerge>
	<horizontalUnmerge>
		<r>26</r>
		<c>50</c>
		<h>2</h>
	</horizontalUnmerge>
	<namedItem xsi:type="NamedItemCells">
		<name>Итог</name>
		<area>
			<type>Rows</type>
			<beginRow>35</beginRow>
			<endRow>35</endRow>
			<beginColumn>-1</beginColumn>
			<endColumn>-1</endColumn>
		</area>
	</namedItem>
	<namedItem xsi:type="NamedItemCells">
		<name>ПериодПо</name>
		<area>
			<type>Rectangle</type>
			<beginRow>32</beginRow>
			<endRow>32</endRow>
			<beginColumn>47</beginColumn>
			<endColumn>50</endColumn>
		</area>
	</namedItem>
	<namedItem xsi:type="NamedItemCells">
		<name>ПериодС</name>
		<area>
			<type>Rectangle</type>
			<beginRow>32</beginRow>
			<endRow>32</endRow>
			<beginColumn>43</beginColumn>
			<endColumn>46</endColumn>
		</area>
	</namedItem>
	<namedItem xsi:type="NamedItemCells">
		<name>Подвал</name>
		<area>
			<type>Rows</type>
			<beginRow>36</beginRow>
			<endRow>41</endRow>
			<beginColumn>-1</beginColumn>
			<endColumn>-1</endColumn>
		</area>
	</namedItem>
	<namedItem xsi:type="NamedItemCells">
		<name>Строка</name>
		<area>
			<type>Rows</type>
			<beginRow>34</beginRow>
			<endRow>34</endRow>
			<beginColumn>-1</beginColumn>
			<endColumn>-1</endColumn>
		</area>
	</namedItem>
	<namedItem xsi:type="NamedItemCells">
		<name>СтрокаПериодПо</name>
		<area>
			<type>Rectangle</type>
			<beginRow>34</beginRow>
			<endRow>34</endRow>
			<beginColumn>47</beginColumn>
			<endColumn>50</endColumn>
		</area>
	</namedItem>
	<namedItem xsi:type="NamedItemCells">
		<name>СтрокаПериодС</name>
		<area>
			<type>Rectangle</type>
			<beginRow>34</beginRow>
			<endRow>34</endRow>
			<beginColumn>43</beginColumn>
			<endColumn>46</endColumn>
		</area>
	</namedItem>
	<namedItem xsi:type="NamedItemCells">
		<name>СуммаНакЧасть</name>
		<area>
			<type>Rectangle</type>
			<beginRow>34</beginRow>
			<endRow>34</endRow>
			<beginColumn>35</beginColumn>
			<endColumn>38</endColumn>
		</area>
	</namedItem>
	<namedItem xsi:type="NamedItemCells">
		<name>СуммаНакЧастьИтог</name>
		<area>
			<type>Rectangle</type>
			<beginRow>35</beginRow>
			<endRow>35</endRow>
			<beginColumn>35</beginColumn>
			<endColumn>38</endColumn>
		</area>
	</namedItem>
	<namedItem xsi:type="NamedItemCells">
		<name>СуммаНакЧастьУплачено</name>
		<area>
			<type>Rectangle</type>
			<beginRow>34</beginRow>
			<endRow>34</endRow>
			<beginColumn>39</beginColumn>
			<endColumn>42</endColumn>
		</area>
	</namedItem>
	<namedItem xsi:type="NamedItemCells">
		<name>СуммаНакЧастьУплаченоИтог</name>
		<area>
			<type>Rectangle</type>
			<beginRow>35</beginRow>
			<endRow>35</endRow>
			<beginColumn>39</beginColumn>
			<endColumn>42</endColumn>
		</area>
	</namedItem>
	<namedItem xsi:type="NamedItemCells">
		<name>СуммаСтрахЧасть</name>
		<area>
			<type>Rectangle</type>
			<beginRow>34</beginRow>
			<endRow>34</endRow>
			<beginColumn>27</beginColumn>
			<endColumn>30</endColumn>
		</area>
	</namedItem>
	<namedItem xsi:type="NamedItemCells">
		<name>СуммаСтрахЧастьИтог</name>
		<area>
			<type>Rectangle</type>
			<beginRow>35</beginRow>
			<endRow>35</endRow>
			<beginColumn>27</beginColumn>
			<endColumn>30</endColumn>
		</area>
	</namedItem>
	<namedItem xsi:type="NamedItemCells">
		<name>СуммаСтрахЧастьУплачено</name>
		<area>
			<type>Rectangle</type>
			<beginRow>34</beginRow>
			<endRow>34</endRow>
			<beginColumn>31</beginColumn>
			<endColumn>34</endColumn>
		</area>
	</namedItem>
	<namedItem xsi:type="NamedItemCells">
		<name>СуммаСтрахЧастьУплаченоИтог</name>
		<area>
			<type>Rectangle</type>
			<beginRow>35</beginRow>
			<endRow>35</endRow>
			<beginColumn>31</beginColumn>
			<endColumn>34</endColumn>
		</area>
	</namedItem>
	<namedItem xsi:type="NamedItemCells">
		<name>Шапка</name>
		<area>
			<type>Rows</type>
			<beginRow>0</beginRow>
			<endRow>29</endRow>
			<beginColumn>-1</beginColumn>
			<endColumn>-1</endColumn>
		</area>
	</namedItem>
	<namedItem xsi:type="NamedItemCells">
		<name>ШапкаТаб</name>
		<area>
			<type>Rows</type>
			<beginRow>30</beginRow>
			<endRow>33</endRow>
			<beginColumn>-1</beginColumn>
			<endColumn>-1</endColumn>
		</area>
	</namedItem>
	<printSettings>
		<pageOrientation>Portrait</pageOrientation>
		<scale>100</scale>
		<collate>false</collate>
		<copies>1</copies>
		<perPage>1</perPage>
		<topMargin>1000</topMargin>
		<leftMargin>1000</leftMargin>
		<bottomMargin>1000</bottomMargin>
		<rightMargin>1000</rightMargin>
		<headerSize>1000</headerSize>
		<footerSize>1000</footerSize>
		<fitToPage>true</fitToPage>
		<blackAndWhite>false</blackAndWhite>
		<printerName>hp LaserJet 1010</printerName>
		<paper>9</paper>
		<paperSource>7</paperSource>
	</printSettings>
	<line width="1" gap="false">
		<v8ui:style xsi:type="v8ui:SpreadsheetDocumentCellLineType">Solid</v8ui:style>
	</line>
	<line width="0" gap="false">
		<v8ui:style xsi:type="v8ui:SpreadsheetDocumentCellLineType">None</v8ui:style>
	</line>
	<font faceName="Arial" height="8" bold="false" italic="false" underline="true" strikeout="false" kind="Absolute"/>
	<font faceName="Arial" height="8" bold="true" italic="false" underline="false" strikeout="false" kind="Absolute"/>
	<font faceName="Arial" height="9.8" bold="true" italic="false" underline="false" strikeout="false" kind="Absolute"/>
	<font faceName="Arial" height="11.3" bold="true" italic="false" underline="false" strikeout="false" kind="Absolute"/>
	<font faceName="Arial" height="11" bold="true" italic="false" underline="false" strikeout="false" kind="Absolute"/>
	<font faceName="Arial" height="8.3" bold="false" italic="false" underline="false" strikeout="false" kind="Absolute"/>
	<font faceName="Arial" height="9" bold="true" italic="false" underline="false" strikeout="false" kind="Absolute"/>
	<font faceName="Arial" height="8" bold="false" italic="false" underline="false" strikeout="false" kind="Absolute"/>
	<format>
		<width>8</width>
	</format>
	<format>
		<width>22</width>
	</format>
	<format>
		<width>41</width>
	</format>
	<format>
		<width>58</width>
	</format>
	<format>
		<height>28</height>
	</format>
	<format>
		<height>60</height>
	</format>
	<format>
		<font>0</font>
	</format>
	<format>
		<horizontalAlignment>Right</horizontalAlignment>
	</format>
	<format>
		<font>1</font>
		<border>0</border>
		<horizontalAlignment>Center</horizontalAlignment>
		<verticalAlignment>Center</verticalAlignment>
		<fillType>Text</fillType>
	</format>
	<format>
		<topBorder>1</topBorder>
		<rightBorder>1</rightBorder>
		<bottomBorder>1</bottomBorder>
	</format>
	<format>
		<font>1</font>
		<border>0</border>
		<horizontalAlignment>Center</horizontalAlignment>
		<verticalAlignment>Center</verticalAlignment>
		<fillType>Parameter</fillType>
	</format>
	<format/>
	<format>
		<font>2</font>
		<horizontalAlignment>Center</horizontalAlignment>
		<verticalAlignment>Bottom</verticalAlignment>
	</format>
	<format>
		<height>36</height>
	</format>
	<format>
		<height>60</height>
		<width>22</width>
	</format>
	<format>
		<height>60</height>
		<width>22</width>
		<horizontalAlignment>Right</horizontalAlignment>
		<verticalAlignment>Bottom</verticalAlignment>
	</format>
	<format>
		<font>3</font>
		<border>0</border>
		<height>60</height>
		<width>22</width>
		<horizontalAlignment>Center</horizontalAlignment>
		<verticalAlignment>Center</verticalAlignment>
		<fillType>Parameter</fillType>
	</format>
	<format>
		<font>2</font>
		<bottomBorder>0</bottomBorder>
		<horizontalAlignment>Center</horizontalAlignment>
		<fillType>Parameter</fillType>
	</format>
	<format>
		<font>2</font>
		<bottomBorder>0</bottomBorder>
		<height>60</height>
		<width>22</width>
		<horizontalAlignment>Center</horizontalAlignment>
		<fillType>Parameter</fillType>
		<format>
			<v8:item>
				<v8:lang>ru</v8:lang>
				<v8:content>ЧГ=</v8:content>
			</v8:item>
		</format>
	</format>
	<format>
		<height>0</height>
		<width>22</width>
	</format>
	<format>
		<height>0</height>
		<width>22</width>
		<horizontalAlignment>Right</horizontalAlignment>
	</format>
	<format>
		<font>3</font>
		<border>0</border>
		<height>0</height>
		<width>22</width>
		<horizontalAlignment>Center</horizontalAlignment>
		<verticalAlignment>Center</verticalAlignment>
		<fillType>Parameter</fillType>
	</format>
	<format>
		<font>1</font>
		<textPlacement>Wrap</textPlacement>
	</format>
	<format>
		<height>0</height>
	</format>
	<format>
		<font>1</font>
		<bottomBorder>0</bottomBorder>
		<height>0</height>
		<width>24</width>
		<textPlacement>Wrap</textPlacement>
		<fillType>Parameter</fillType>
	</format>
	<format>
		<font>2</font>
		<bottomBorder>0</bottomBorder>
		<height>60</height>
		<width>22</width>
		<horizontalAlignment>Center</horizontalAlignment>
		<fillType>Parameter</fillType>
	</format>
	<format>
		<horizontalAlignment>Left</horizontalAlignment>
		<verticalAlignment>Center</verticalAlignment>
	</format>
	<format>
		<height>30</height>
	</format>
	<format>
		<height>0</height>
		<width>22</width>
		<horizontalAlignment>Left</horizontalAlignment>
		<verticalAlignment>Center</verticalAlignment>
	</format>
	<format>
		<leftBorder>0</leftBorder>
		<topBorder>0</topBorder>
	</format>
	<format>
		<topBorder>0</topBorder>
	</format>
	<format>
		<topBorder>0</topBorder>
		<height>0</height>
		<width>22</width>
	</format>
	<format>
		<topBorder>0</topBorder>
		<rightBorder>0</rightBorder>
		<height>0</height>
		<width>22</width>
	</format>
	<format>
		<height>15</height>
	</format>
	<format>
		<rightBorder>0</rightBorder>
	</format>
	<format>
		<height>15</height>
		<width>22</width>
		<horizontalAlignment>Center</horizontalAlignment>
		<verticalAlignment>Center</verticalAlignment>
	</format>
	<format>
		<font>4</font>
		<border>0</border>
		<height>15</height>
		<width>22</width>
		<horizontalAlignment>Center</horizontalAlignment>
		<verticalAlignment>Center</verticalAlignment>
		<fillType>Parameter</fillType>
	</format>
	<format>
		<height>15</height>
		<width>22</width>
	</format>
	<format>
		<font>4</font>
		<border>0</border>
		<horizontalAlignment>Center</horizontalAlignment>
		<verticalAlignment>Center</verticalAlignment>
		<fillType>Parameter</fillType>
	</format>
	<format>
		<font>4</font>
		<border>0</border>
		<horizontalAlignment>Center</horizontalAlignment>
		<verticalAlignment>Center</verticalAlignment>
		<fillType>Parameter</fillType>
		<format>
			<v8:item>
				<v8:lang>ru</v8:lang>
				<v8:content>ЧГ=</v8:content>
			</v8:item>
		</format>
	</format>
	<format>
		<height>18</height>
	</format>
	<format>
		<leftBorder>0</leftBorder>
	</format>
	<format>
		<height>18</height>
		<width>22</width>
	</format>
	<format>
		<leftBorder>0</leftBorder>
		<bottomBorder>0</bottomBorder>
	</format>
	<format>
		<bottomBorder>0</bottomBorder>
	</format>
	<format>
		<rightBorder>0</rightBorder>
		<bottomBorder>0</bottomBorder>
	</format>
	<format>
		<height>78</height>
	</format>
	<format>
		<font>2</font>
		<horizontalAlignment>Center</horizontalAlignment>
	</format>
	<format>
		<height>40</height>
	</format>
	<format>
		<border>0</border>
		<horizontalAlignment>Center</horizontalAlignment>
		<verticalAlignment>Center</verticalAlignment>
	</format>
	<format>
		<leftBorder>0</leftBorder>
		<topBorder>0</topBorder>
		<bottomBorder>0</bottomBorder>
		<horizontalAlignment>Center</horizontalAlignment>
		<verticalAlignment>Center</verticalAlignment>
	</format>
	<format>
		<border>0</border>
		<width>22</width>
		<horizontalAlignment>Center</horizontalAlignment>
		<verticalAlignment>Center</verticalAlignment>
	</format>
	<format>
		<leftBorder>0</leftBorder>
		<topBorder>0</topBorder>
		<horizontalAlignment>Center</horizontalAlignment>
		<verticalAlignment>Center</verticalAlignment>
		<textPlacement>Wrap</textPlacement>
	</format>
	<format>
		<border>0</border>
		<width>22</width>
		<horizontalAlignment>Center</horizontalAlignment>
		<verticalAlignment>Center</verticalAlignment>
		<textPlacement>Wrap</textPlacement>
	</format>
	<format>
		<leftBorder>0</leftBorder>
		<topBorder>0</topBorder>
		<rightBorder>0</rightBorder>
		<horizontalAlignment>Center</horizontalAlignment>
		<verticalAlignment>Top</verticalAlignment>
	</format>
	<format>
		<height>72</height>
	</format>
	<format>
		<border>0</border>
		<height>72</height>
		<width>22</width>
		<horizontalAlignment>Center</horizontalAlignment>
		<verticalAlignment>Center</verticalAlignment>
	</format>
	<format>
		<height>72</height>
		<width>22</width>
	</format>
	<format>
		<leftBorder>0</leftBorder>
		<topBorder>0</topBorder>
		<rightBorder>0</rightBorder>
		<height>72</height>
		<width>22</width>
		<horizontalAlignment>Center</horizontalAlignment>
		<verticalAlignment>Center</verticalAlignment>
	</format>
	<format>
		<font>5</font>
		<border>0</border>
		<horizontalAlignment>Center</horizontalAlignment>
		<verticalAlignment>Center</verticalAlignment>
	</format>
	<format>
		<font>5</font>
		<leftBorder>0</leftBorder>
		<topBorder>0</topBorder>
		<bottomBorder>0</bottomBorder>
		<horizontalAlignment>Center</horizontalAlignment>
		<verticalAlignment>Center</verticalAlignment>
	</format>
	<format>
		<font>5</font>
		<border>0</border>
		<width>22</width>
		<horizontalAlignment>Center</horizontalAlignment>
		<verticalAlignment>Center</verticalAlignment>
	</format>
	<format>
		<leftBorder>0</leftBorder>
		<topBorder>0</topBorder>
		<horizontalAlignment>Center</horizontalAlignment>
		<verticalAlignment>Center</verticalAlignment>
	</format>
	<format>
		<font>5</font>
		<leftBorder>0</leftBorder>
		<topBorder>0</topBorder>
		<rightBorder>0</rightBorder>
		<width>22</width>
		<horizontalAlignment>Center</horizontalAlignment>
		<verticalAlignment>Center</verticalAlignment>
	</format>
	<format>
		<border>0</border>
		<horizontalAlignment>Center</horizontalAlignment>
		<verticalAlignment>Center</verticalAlignment>
		<fillType>Parameter</fillType>
	</format>
	<format>
		<leftBorder>0</leftBorder>
		<topBorder>0</topBorder>
		<bottomBorder>0</bottomBorder>
		<verticalAlignment>Center</verticalAlignment>
		<textPlacement>Wrap</textPlacement>
		<fillType>Parameter</fillType>
	</format>
	<format>
		<border>0</border>
		<width>22</width>
		<horizontalAlignment>Center</horizontalAlignment>
		<verticalAlignment>Center</verticalAlignment>
		<fillType>Parameter</fillType>
	</format>
	<format>
		<border>0</border>
		<horizontalAlignment>Left</horizontalAlignment>
		<textPlacement>Wrap</textPlacement>
		<fillType>Parameter</fillType>
	</format>
	<format>
		<border>0</border>
		<width>22</width>
		<horizontalAlignment>Right</horizontalAlignment>
		<verticalAlignment>Center</verticalAlignment>
		<fillType>Parameter</fillType>
		<format>
			<v8:item>
				<v8:lang>ru</v8:lang>
				<v8:content>ЧДЦ=2; ЧРД=.; ЧГ=</v8:content>
			</v8:item>
		</format>
	</format>
	<format>
		<border>0</border>
		<horizontalAlignment>Center</horizontalAlignment>
		<verticalAlignment>Center</verticalAlignment>
		<fillType>Parameter</fillType>
		<format>
			<v8:item>
				<v8:lang>ru</v8:lang>
				<v8:content>ДФ=dd.MM.yy</v8:content>
			</v8:item>
		</format>
	</format>
	<format>
		<font>6</font>
		<leftBorder>0</leftBorder>
		<topBorder>0</topBorder>
		<bottomBorder>0</bottomBorder>
		<height>72</height>
		<width>22</width>
		<verticalAlignment>Center</verticalAlignment>
	</format>
	<format>
		<font>6</font>
		<topBorder>0</topBorder>
		<bottomBorder>0</bottomBorder>
		<height>72</height>
		<width>22</width>
		<verticalAlignment>Center</verticalAlignment>
	</format>
	<format>
		<font>1</font>
		<border>0</border>
		<height>72</height>
		<width>22</width>
		<horizontalAlignment>Right</horizontalAlignment>
		<verticalAlignment>Center</verticalAlignment>
		<fillType>Parameter</fillType>
		<format>
			<v8:item>
				<v8:lang>ru</v8:lang>
				<v8:content>ЧДЦ=2; ЧРД=.; ЧГ=</v8:content>
			</v8:item>
		</format>
	</format>
	<format>
		<font>1</font>
		<leftBorder>0</leftBorder>
		<topBorder>0</topBorder>
		<bottomBorder>0</bottomBorder>
		<height>72</height>
		<width>22</width>
		<horizontalAlignment>Right</horizontalAlignment>
		<verticalAlignment>Center</verticalAlignment>
		<fillType>Parameter</fillType>
		<format>
			<v8:item>
				<v8:lang>ru</v8:lang>
				<v8:content>ЧДЦ=2; ЧРД=.; ЧГ=</v8:content>
			</v8:item>
		</format>
	</format>
	<format>
		<border>0</border>
		<width>22</width>
		<horizontalAlignment>Right</horizontalAlignment>
		<verticalAlignment>Center</verticalAlignment>
		<format>
			<v8:item>
				<v8:lang>ru</v8:lang>
				<v8:content>ЧДЦ=2; ЧРД=.; ЧГ=</v8:content>
			</v8:item>
		</format>
	</format>
	<format>
		<leftBorder>0</leftBorder>
		<rightBorder>0</rightBorder>
		<bottomBorder>0</bottomBorder>
	</format>
	<format>
		<font>1</font>
	</format>
	<format>
		<fillType>Parameter</fillType>
	</format>
	<format>
		<fillType>Parameter</fillType>
		<format>
			<v8:item>
				<v8:lang>ru</v8:lang>
				<v8:content>ДФ='dd MMMM yyyy "г."'</v8:content>
			</v8:item>
		</format>
	</format>
	<format>
		<font>7</font>
		<height>1</height>
		<width>2</width>
		<horizontalAlignment>Right</horizontalAlignment>
		<verticalAlignment>Center</verticalAlignment>
	</format>
	<format>
		<font>7</font>
		<height>-1</height>
		<width>1</width>
		<verticalAlignment>Top</verticalAlignment>
	</format>
	<format>
		<width>72</width>
	</format>
</document>