﻿<?xml version="1.0" encoding="UTF-8"?>
<document xmlns="http://v8.1c.ru/8.2/data/spreadsheet" xmlns:style="http://v8.1c.ru/8.1/data/ui/style" xmlns:v8="http://v8.1c.ru/8.1/data/core" xmlns:v8ui="http://v8.1c.ru/8.1/data/ui" xmlns:xs="http://www.w3.org/2001/XMLSchema" xmlns:xsi="http://www.w3.org/2001/XMLSchema-instance">
	<languageSettings>
		<currentLanguage>ru</currentLanguage>
		<defaultLanguage>ru</defaultLanguage>
		<languageInfo>
			<id>ru</id>
			<code>Русский</code>
			<description>Русский</description>
		</languageInfo>
	</languageSettings>
	<columns>
		<size>25</size>
		<columnsItem>
			<index>0</index>
			<column>
				<formatIndex>1</formatIndex>
			</column>
		</columnsItem>
		<columnsItem>
			<index>1</index>
			<column>
				<formatIndex>1</formatIndex>
			</column>
		</columnsItem>
		<columnsItem>
			<index>2</index>
			<column>
				<formatIndex>1</formatIndex>
			</column>
		</columnsItem>
		<columnsItem>
			<index>3</index>
			<column>
				<formatIndex>1</formatIndex>
			</column>
		</columnsItem>
		<columnsItem>
			<index>4</index>
			<column>
				<formatIndex>1</formatIndex>
			</column>
		</columnsItem>
		<columnsItem>
			<index>5</index>
			<column>
				<formatIndex>1</formatIndex>
			</column>
		</columnsItem>
		<columnsItem>
			<index>6</index>
			<column>
				<formatIndex>1</formatIndex>
			</column>
		</columnsItem>
		<columnsItem>
			<index>7</index>
			<column>
				<formatIndex>1</formatIndex>
			</column>
		</columnsItem>
		<columnsItem>
			<index>8</index>
			<column>
				<formatIndex>1</formatIndex>
			</column>
		</columnsItem>
		<columnsItem>
			<index>9</index>
			<column>
				<formatIndex>1</formatIndex>
			</column>
		</columnsItem>
		<columnsItem>
			<index>10</index>
			<column>
				<formatIndex>1</formatIndex>
			</column>
		</columnsItem>
		<columnsItem>
			<index>11</index>
			<column>
				<formatIndex>1</formatIndex>
			</column>
		</columnsItem>
		<columnsItem>
			<index>12</index>
			<column>
				<formatIndex>1</formatIndex>
			</column>
		</columnsItem>
		<columnsItem>
			<index>13</index>
			<column>
				<formatIndex>1</formatIndex>
			</column>
		</columnsItem>
		<columnsItem>
			<index>14</index>
			<column>
				<formatIndex>1</formatIndex>
			</column>
		</columnsItem>
		<columnsItem>
			<index>15</index>
			<column>
				<formatIndex>1</formatIndex>
			</column>
		</columnsItem>
		<columnsItem>
			<index>16</index>
			<column>
				<formatIndex>1</formatIndex>
			</column>
		</columnsItem>
		<columnsItem>
			<index>17</index>
			<column>
				<formatIndex>1</formatIndex>
			</column>
		</columnsItem>
		<columnsItem>
			<index>18</index>
			<column>
				<formatIndex>1</formatIndex>
			</column>
		</columnsItem>
		<columnsItem>
			<index>19</index>
			<column>
				<formatIndex>1</formatIndex>
			</column>
		</columnsItem>
		<columnsItem>
			<index>20</index>
			<column>
				<formatIndex>1</formatIndex>
			</column>
		</columnsItem>
		<columnsItem>
			<index>21</index>
			<column>
				<formatIndex>1</formatIndex>
			</column>
		</columnsItem>
		<columnsItem>
			<index>22</index>
			<column>
				<formatIndex>1</formatIndex>
			</column>
		</columnsItem>
		<columnsItem>
			<index>23</index>
			<column>
				<formatIndex>1</formatIndex>
			</column>
		</columnsItem>
		<columnsItem>
			<index>24</index>
			<column>
				<formatIndex>1</formatIndex>
			</column>
		</columnsItem>
	</columns>
	<rowsItem>
		<index>0</index>
		<row>
			<formatIndex>2</formatIndex>
			<c>
				<i>2</i>
				<c>
					<f>3</f>
				</c>
			</c>
			<c>
				<i>10</i>
				<c>
					<f>3</f>
				</c>
			</c>
		</row>
	</rowsItem>
	<rowsItem>
		<index>1</index>
		<row>
			<formatIndex>4</formatIndex>
			<c>
				<c>
					<f>5</f>
					<tl>
						<v8:item>
							<v8:lang>ru</v8:lang>
							<v8:content>Форма СЗВ-4-2</v8:content>
						</v8:item>
					</tl>
				</c>
			</c>
			<c>
				<i>8</i>
				<c>
					<f>0</f>
				</c>
			</c>
			<c>
				<c>
					<f>6</f>
				</c>
			</c>
			<c>
				<c>
					<f>0</f>
				</c>
			</c>
			<c>
				<i>21</i>
				<c>
					<f>7</f>
					<tl>
						<v8:item>
							<v8:lang>ru</v8:lang>
							<v8:content>Код по ОКУД</v8:content>
						</v8:item>
					</tl>
				</c>
			</c>
			<c>
				<c>
					<f>8</f>
				</c>
			</c>
		</row>
	</rowsItem>
	<rowsItem>
		<index>2</index>
		<row>
			<formatIndex>9</formatIndex>
			<empty>true</empty>
		</row>
	</rowsItem>
	<rowsItem>
		<index>3</index>
		<row>
			<formatIndex>10</formatIndex>
			<c>
				<c>
					<f>11</f>
					<tl>
						<v8:item>
							<v8:lang>ru</v8:lang>
							<v8:content>Индивидуальные сведения</v8:content>
						</v8:item>
					</tl>
				</c>
			</c>
		</row>
	</rowsItem>
	<rowsItem>
		<index>4</index>
		<row>
			<formatIndex>12</formatIndex>
			<c>
				<c>
					<f>13</f>
					<tl>
						<v8:item>
							<v8:lang>ru</v8:lang>
							<v8:content>о страховом стаже и начисленных страховых взносах</v8:content>
						</v8:item>
					</tl>
				</c>
			</c>
		</row>
	</rowsItem>
	<rowsItem>
		<index>5</index>
		<row>
			<formatIndex>14</formatIndex>
			<c>
				<c>
					<f>13</f>
					<tl>
						<v8:item>
							<v8:lang>ru</v8:lang>
							<v8:content>на обязательное пенсионное страхование застрахованного лица (списочная форма)</v8:content>
						</v8:item>
					</tl>
				</c>
			</c>
		</row>
	</rowsItem>
	<rowsItem>
		<index>6</index>
		<row>
			<formatIndex>15</formatIndex>
			<empty>true</empty>
		</row>
	</rowsItem>
	<rowsItem>
		<index>7</index>
		<row>
			<c>
				<c>
					<f>16</f>
					<tl>
						<v8:item>
							<v8:lang>ru</v8:lang>
							<v8:content>Сведения о страхователе:</v8:content>
						</v8:item>
					</tl>
				</c>
			</c>
		</row>
	</rowsItem>
	<rowsItem>
		<index>8</index>
		<row>
			<c>
				<c>
					<f>17</f>
					<tl>
						<v8:item>
							<v8:lang>ru</v8:lang>
							<v8:content>Регистрационный номер ПФР</v8:content>
						</v8:item>
					</tl>
				</c>
			</c>
			<c>
				<i>4</i>
				<c>
					<f>18</f>
				</c>
			</c>
			<c>
				<c>
					<f>5</f>
				</c>
			</c>
			<c>
				<c>
					<f>5</f>
				</c>
			</c>
			<c>
				<c>
					<f>18</f>
				</c>
			</c>
			<c>
				<i>11</i>
				<c>
					<f>19</f>
					<parameter>РегНомерПФР</parameter>
				</c>
			</c>
		</row>
	</rowsItem>
	<rowsItem>
		<index>9</index>
		<row>
			<c>
				<c>
					<f>20</f>
					<tl>
						<v8:item>
							<v8:lang>ru</v8:lang>
							<v8:content>Наименование (краткое)</v8:content>
						</v8:item>
					</tl>
				</c>
			</c>
			<c>
				<i>4</i>
				<c>
					<f>18</f>
				</c>
			</c>
			<c>
				<c>
					<f>5</f>
				</c>
			</c>
			<c>
				<c>
					<f>5</f>
				</c>
			</c>
			<c>
				<c>
					<f>5</f>
				</c>
			</c>
			<c>
				<c>
					<f>18</f>
				</c>
			</c>
			<c>
				<c>
					<f>18</f>
				</c>
			</c>
			<c>
				<c>
					<f>18</f>
				</c>
			</c>
			<c>
				<c>
					<f>19</f>
					<parameter>НаименованиеФирмы</parameter>
				</c>
			</c>
		</row>
	</rowsItem>
	<rowsItem>
		<index>10</index>
		<row>
			<c>
				<c>
					<f>20</f>
					<tl>
						<v8:item>
							<v8:lang>ru</v8:lang>
							<v8:content>Расчетный период</v8:content>
						</v8:item>
					</tl>
				</c>
			</c>
			<c>
				<i>4</i>
				<c>
					<f>5</f>
				</c>
			</c>
			<c>
				<i>11</i>
				<c>
					<f>21</f>
					<parameter>РасчетныйПериодГод</parameter>
				</c>
			</c>
		</row>
	</rowsItem>
	<rowsItem>
		<index>11</index>
		<row>
			<formatIndex>22</formatIndex>
			<empty>true</empty>
		</row>
	</rowsItem>
	<rowsItem>
		<index>12</index>
		<row>
			<c>
				<c>
					<f>13</f>
					<tl>
						<v8:item>
							<v8:lang>ru</v8:lang>
							<v8:content>Сведения за расчетный период о застрахованных лицах:</v8:content>
						</v8:item>
					</tl>
				</c>
			</c>
		</row>
	</rowsItem>
	<rowsItem>
		<index>13</index>
		<row>
			<formatIndex>23</formatIndex>
			<c>
				<c>
					<f>24</f>
					<tl>
						<v8:item>
							<v8:lang>ru</v8:lang>
							<v8:content>№ п\п</v8:content>
						</v8:item>
					</tl>
				</c>
			</c>
			<c>
				<c>
					<f>24</f>
					<tl>
						<v8:item>
							<v8:lang>ru</v8:lang>
							<v8:content>Страховой номер</v8:content>
						</v8:item>
					</tl>
				</c>
			</c>
			<c>
				<i>4</i>
				<c>
					<f>25</f>
					<tl>
						<v8:item>
							<v8:lang>ru</v8:lang>
							<v8:content>Фамилия, Имя, Отчество</v8:content>
						</v8:item>
					</tl>
				</c>
			</c>
			<c>
				<i>14</i>
				<c>
					<f>24</f>
					<tl>
						<v8:item>
							<v8:lang>ru</v8:lang>
							<v8:content>Сумма начисленных страховых взносов:</v8:content>
						</v8:item>
					</tl>
				</c>
			</c>
			<c>
				<i>19</i>
				<c>
					<f>26</f>
					<tl>
						<v8:item>
							<v8:lang>ru</v8:lang>
							<v8:content>Период работы</v8:content>
						</v8:item>
					</tl>
				</c>
			</c>
		</row>
	</rowsItem>
	<rowsItem>
		<index>14</index>
		<row>
			<formatIndex>23</formatIndex>
			<empty>true</empty>
		</row>
	</rowsItem>
	<rowsItem>
		<index>15</index>
		<row>
			<formatIndex>23</formatIndex>
			<c>
				<i>1</i>
				<c>
					<f>27</f>
					<tl>
						<v8:item>
							<v8:lang>ru</v8:lang>
							<v8:content>Адрес для направления информации о состоянии индивидуального лицевого счета</v8:content>
						</v8:item>
					</tl>
				</c>
			</c>
			<c>
				<i>14</i>
				<c>
					<f>24</f>
					<tl>
						<v8:item>
							<v8:lang>ru</v8:lang>
							<v8:content>на страховую часть трудовой пенсии</v8:content>
						</v8:item>
					</tl>
				</c>
			</c>
			<c>
				<i>19</i>
				<c>
					<f>25</f>
					<tl>
						<v8:item>
							<v8:lang>ru</v8:lang>
							<v8:content>с (дд.мм.гггг)</v8:content>
						</v8:item>
					</tl>
				</c>
			</c>
			<c>
				<i>22</i>
				<c>
					<f>26</f>
					<tl>
						<v8:item>
							<v8:lang>ru</v8:lang>
							<v8:content>по (дд.мм.гггг)</v8:content>
						</v8:item>
					</tl>
				</c>
			</c>
		</row>
	</rowsItem>
	<rowsItem>
		<index>16</index>
		<row>
			<formatIndex>23</formatIndex>
			<empty>true</empty>
		</row>
	</rowsItem>
	<rowsItem>
		<index>17</index>
		<row>
			<formatIndex>23</formatIndex>
			<c>
				<i>14</i>
				<c>
					<f>24</f>
					<tl>
						<v8:item>
							<v8:lang>ru</v8:lang>
							<v8:content>на накопительную часть трудовой пенсии</v8:content>
						</v8:item>
					</tl>
				</c>
			</c>
			<c>
				<i>19</i>
				<c>
					<f>28</f>
					<tl>
						<v8:item>
							<v8:lang>ru</v8:lang>
							<v8:content>по временной нетрудоспособности (мес. дн.)</v8:content>
						</v8:item>
					</tl>
				</c>
			</c>
		</row>
	</rowsItem>
	<rowsItem>
		<index>18</index>
		<row>
			<formatIndex>23</formatIndex>
			<empty>true</empty>
		</row>
	</rowsItem>
	<rowsItem>
		<index>19</index>
		<row>
			<formatIndex>23</formatIndex>
			<c>
				<i>14</i>
				<c>
					<f>27</f>
					<tl>
						<v8:item>
							<v8:lang>ru</v8:lang>
							<v8:content>по дополнительному тарифу</v8:content>
						</v8:item>
					</tl>
				</c>
			</c>
			<c>
				<i>19</i>
				<c>
					<f>29</f>
					<tl>
						<v8:item>
							<v8:lang>ru</v8:lang>
							<v8:content>отпуск без сохранения заработной платы (мес.дн.)</v8:content>
						</v8:item>
					</tl>
				</c>
			</c>
		</row>
	</rowsItem>
	<rowsItem>
		<index>20</index>
		<row>
			<formatIndex>23</formatIndex>
			<empty>true</empty>
		</row>
	</rowsItem>
	<rowsItem>
		<index>21</index>
		<row>
			<formatIndex>23</formatIndex>
			<c>
				<c>
					<f>30</f>
					<parameter>НомерВПачке</parameter>
				</c>
			</c>
			<c>
				<c>
					<f>31</f>
					<parameter>НомерСС</parameter>
				</c>
			</c>
			<c>
				<i>4</i>
				<c>
					<f>31</f>
					<parameter>ФИОСотрудника</parameter>
				</c>
			</c>
			<c>
				<i>14</i>
				<c>
					<f>32</f>
					<parameter>СтраховаяЧасть</parameter>
				</c>
			</c>
			<c>
				<i>19</i>
				<c>
					<f>32</f>
					<parameter>ПериодС</parameter>
				</c>
			</c>
			<c>
				<i>22</i>
				<c>
					<f>33</f>
					<parameter>ПериодПо</parameter>
				</c>
			</c>
		</row>
	</rowsItem>
	<rowsItem>
		<index>22</index>
		<row>
			<formatIndex>23</formatIndex>
			<c>
				<i>1</i>
				<c>
					<f>34</f>
					<parameter>АдресДляИнформации</parameter>
				</c>
			</c>
			<c>
				<i>14</i>
				<c>
					<f>32</f>
					<parameter>НакопительнаяЧасть</parameter>
				</c>
			</c>
			<c>
				<i>19</i>
				<c>
					<f>33</f>
					<parameter>ПоНетрудоспособности</parameter>
				</c>
			</c>
		</row>
	</rowsItem>
	<rowsItem>
		<index>23</index>
		<row>
			<formatIndex>23</formatIndex>
			<c>
				<i>14</i>
				<c>
					<f>32</f>
					<parameter>ПоДопТарифу</parameter>
				</c>
			</c>
			<c>
				<i>19</i>
				<c>
					<f>33</f>
					<parameter>ОтпускБезСохранения</parameter>
				</c>
			</c>
		</row>
	</rowsItem>
	<rowsItem>
		<index>24</index>
		<row>
			<formatIndex>15</formatIndex>
			<c>
				<c>
					<f>13</f>
				</c>
			</c>
			<c>
				<i>12</i>
				<c>
					<f>13</f>
				</c>
			</c>
			<c>
				<i>18</i>
				<c>
					<f>13</f>
				</c>
			</c>
		</row>
	</rowsItem>
	<rowsItem>
		<index>25</index>
		<row>
			<formatIndex>23</formatIndex>
			<c>
				<c>
					<f>13</f>
					<tl>
						<v8:item>
							<v8:lang>ru</v8:lang>
							<v8:content>Наименование должности руководителя</v8:content>
						</v8:item>
					</tl>
				</c>
			</c>
			<c>
				<i>12</i>
				<c>
					<f>13</f>
					<tl>
						<v8:item>
							<v8:lang>ru</v8:lang>
							<v8:content>Подпись</v8:content>
						</v8:item>
					</tl>
				</c>
			</c>
			<c>
				<i>18</i>
				<c>
					<f>13</f>
					<tl>
						<v8:item>
							<v8:lang>ru</v8:lang>
							<v8:content>Расшифровка подписи</v8:content>
						</v8:item>
					</tl>
				</c>
			</c>
		</row>
	</rowsItem>
	<rowsItem>
		<index>26</index>
		<row>
			<formatIndex>35</formatIndex>
			<c>
				<c>
					<f>36</f>
					<parameter>ДолжностьРуководителя</parameter>
				</c>
			</c>
			<c>
				<i>12</i>
				<c>
					<f>37</f>
				</c>
			</c>
			<c>
				<i>18</i>
				<c>
					<f>36</f>
					<parameter>Руководитель</parameter>
				</c>
			</c>
		</row>
	</rowsItem>
	<rowsItem>
		<index>27</index>
		<row>
			<formatIndex>38</formatIndex>
			<empty>true</empty>
		</row>
	</rowsItem>
	<rowsItem>
		<index>28</index>
		<row>
			<formatIndex>23</formatIndex>
			<c>
				<c>
					<f>13</f>
					<tl>
						<v8:item>
							<v8:lang>ru</v8:lang>
							<v8:content>Дата</v8:content>
						</v8:item>
					</tl>
				</c>
			</c>
			<c>
				<i>2</i>
				<c>
					<f>36</f>
					<parameter>ДатаЗаполнения</parameter>
				</c>
			</c>
			<c>
				<i>12</i>
				<c>
					<f>39</f>
					<tl>
						<v8:item>
							<v8:lang>ru</v8:lang>
							<v8:content>М.П.</v8:content>
						</v8:item>
					</tl>
				</c>
			</c>
		</row>
	</rowsItem>
	<templateMode>true</templateMode>
	<defaultFormatIndex>40</defaultFormatIndex>
	<height>29</height>
	<vgRows>29</vgRows>
	<merge>
		<r>1</r>
		<c>22</c>
		<w>2</w>
	</merge>
	<merge>
		<r>13</r>
		<c>0</c>
		<h>7</h>
	</merge>
	<merge>
		<r>13</r>
		<c>1</c>
		<h>1</h>
		<w>2</w>
	</merge>
	<merge>
		<r>13</r>
		<c>4</c>
		<h>1</h>
		<w>9</w>
	</merge>
	<merge>
		<r>13</r>
		<c>14</c>
		<h>1</h>
		<w>4</w>
	</merge>
	<merge>
		<r>13</r>
		<c>19</c>
		<h>1</h>
		<w>5</w>
	</merge>
	<merge>
		<r>15</r>
		<c>1</c>
		<h>5</h>
		<w>12</w>
	</merge>
	<merge>
		<r>15</r>
		<c>14</c>
		<h>1</h>
		<w>4</w>
	</merge>
	<merge>
		<r>15</r>
		<c>19</c>
		<h>1</h>
		<w>2</w>
	</merge>
	<merge>
		<r>15</r>
		<c>22</c>
		<h>1</h>
		<w>2</w>
	</merge>
	<merge>
		<r>17</r>
		<c>14</c>
		<h>1</h>
		<w>4</w>
	</merge>
	<merge>
		<r>17</r>
		<c>19</c>
		<h>1</h>
		<w>5</w>
	</merge>
	<merge>
		<r>19</r>
		<c>14</c>
		<h>1</h>
		<w>4</w>
	</merge>
	<merge>
		<r>19</r>
		<c>19</c>
		<h>1</h>
		<w>5</w>
	</merge>
	<merge>
		<r>21</r>
		<c>0</c>
		<h>2</h>
	</merge>
	<merge>
		<r>21</r>
		<c>1</c>
		<w>2</w>
	</merge>
	<merge>
		<r>21</r>
		<c>4</c>
		<w>9</w>
	</merge>
	<merge>
		<r>21</r>
		<c>14</c>
		<w>4</w>
	</merge>
	<merge>
		<r>21</r>
		<c>19</c>
		<w>2</w>
	</merge>
	<merge>
		<r>21</r>
		<c>22</c>
		<w>2</w>
	</merge>
	<merge>
		<r>22</r>
		<c>1</c>
		<h>1</h>
		<w>12</w>
	</merge>
	<merge>
		<r>22</r>
		<c>14</c>
		<w>4</w>
	</merge>
	<merge>
		<r>22</r>
		<c>19</c>
		<w>5</w>
	</merge>
	<merge>
		<r>23</r>
		<c>14</c>
		<w>4</w>
	</merge>
	<merge>
		<r>23</r>
		<c>19</c>
		<w>5</w>
	</merge>
	<merge>
		<r>26</r>
		<c>12</c>
		<w>4</w>
	</merge>
	<merge>
		<r>-1</r>
		<c>12</c>
	</merge>
	<namedItem xsi:type="NamedItemCells">
		<name>Подвал</name>
		<area>
			<type>Rows</type>
			<beginRow>24</beginRow>
			<endRow>28</endRow>
			<beginColumn>-1</beginColumn>
			<endColumn>-1</endColumn>
		</area>
	</namedItem>
	<namedItem xsi:type="NamedItemCells">
		<name>Строка</name>
		<area>
			<type>Rows</type>
			<beginRow>21</beginRow>
			<endRow>23</endRow>
			<beginColumn>-1</beginColumn>
			<endColumn>-1</endColumn>
		</area>
	</namedItem>
	<namedItem xsi:type="NamedItemCells">
		<name>ШапкаДокумента</name>
		<area>
			<type>Rows</type>
			<beginRow>0</beginRow>
			<endRow>20</endRow>
			<beginColumn>-1</beginColumn>
			<endColumn>-1</endColumn>
		</area>
	</namedItem>
	<line width="1" gap="false">
		<v8ui:style xsi:type="v8ui:SpreadsheetDocumentCellLineType">Solid</v8ui:style>
	</line>
	<font faceName="Arial" height="10" bold="false" italic="false" underline="true" strikeout="false" kind="Absolute"/>
	<font faceName="Arial" height="10" bold="false" italic="false" underline="false" strikeout="false" kind="Absolute"/>
	<font faceName="Arial" height="14" bold="true" italic="false" underline="false" strikeout="false" kind="Absolute"/>
	<font faceName="Arial" height="10" bold="true" italic="false" underline="false" strikeout="false" kind="Absolute"/>
	<font faceName="Arial" height="10" bold="false" italic="false" underline="false" strikeout="false" kind="Absolute"/>
	<font faceName="Arial" height="9" bold="true" italic="false" underline="false" strikeout="false" kind="Absolute"/>
	<format>
		<width>32</width>
	</format>
	<format>
		<height>21</height>
	</format>
	<format>
		<height>36</height>
		<width>32</width>
	</format>
	<format>
		<height>69</height>
	</format>
	<format>
		<font>0</font>
	</format>
	<format>
		<font>1</font>
		<horizontalAlignment>Right</horizontalAlignment>
		<verticalAlignment>Center</verticalAlignment>
	</format>
	<format>
		<font>1</font>
		<height>69</height>
		<width>32</width>
		<horizontalAlignment>Right</horizontalAlignment>
		<verticalAlignment>Center</verticalAlignment>
	</format>
	<format>
		<font>1</font>
		<border>0</border>
		<height>69</height>
		<width>32</width>
		<horizontalAlignment>Right</horizontalAlignment>
		<verticalAlignment>Center</verticalAlignment>
	</format>
	<format>
		<height>27</height>
	</format>
	<format>
		<height>99</height>
	</format>
	<format>
		<font>2</font>
		<verticalAlignment>Bottom</verticalAlignment>
	</format>
	<format>
		<height>39</height>
	</format>
	<format>
		<font>3</font>
	</format>
	<format>
		<height>45</height>
	</format>
	<format>
		<height>36</height>
	</format>
	<format>
		<font>3</font>
		<width>32</width>
	</format>
	<format>
		<font>4</font>
		<width>32</width>
	</format>
	<format>
		<font>0</font>
		<width>32</width>
	</format>
	<format>
		<font>0</font>
		<width>32</width>
		<fillType>Parameter</fillType>
	</format>
	<format>
		<font>4</font>
	</format>
	<format>
		<font>0</font>
		<width>32</width>
		<horizontalAlignment>Left</horizontalAlignment>
		<fillType>Parameter</fillType>
	</format>
	<format>
		<height>18</height>
	</format>
	<format>
		<height>57</height>
	</format>
	<format>
		<leftBorder>0</leftBorder>
		<topBorder>0</topBorder>
		<horizontalAlignment>Center</horizontalAlignment>
		<verticalAlignment>Center</verticalAlignment>
		<textPlacement>Wrap</textPlacement>
	</format>
	<format>
		<leftBorder>0</leftBorder>
		<topBorder>0</topBorder>
		<horizontalAlignment>Center</horizontalAlignment>
		<verticalAlignment>Center</verticalAlignment>
	</format>
	<format>
		<leftBorder>0</leftBorder>
		<topBorder>0</topBorder>
		<rightBorder>0</rightBorder>
		<horizontalAlignment>Center</horizontalAlignment>
		<verticalAlignment>Center</verticalAlignment>
	</format>
	<format>
		<leftBorder>0</leftBorder>
		<topBorder>0</topBorder>
		<bottomBorder>0</bottomBorder>
		<horizontalAlignment>Center</horizontalAlignment>
		<verticalAlignment>Center</verticalAlignment>
		<textPlacement>Wrap</textPlacement>
	</format>
	<format>
		<leftBorder>0</leftBorder>
		<topBorder>0</topBorder>
		<rightBorder>0</rightBorder>
		<horizontalAlignment>Center</horizontalAlignment>
		<verticalAlignment>Center</verticalAlignment>
		<textPlacement>Wrap</textPlacement>
	</format>
	<format>
		<border>0</border>
		<horizontalAlignment>Center</horizontalAlignment>
		<verticalAlignment>Center</verticalAlignment>
		<textPlacement>Wrap</textPlacement>
	</format>
	<format>
		<leftBorder>0</leftBorder>
		<topBorder>0</topBorder>
		<bottomBorder>0</bottomBorder>
		<horizontalAlignment>Center</horizontalAlignment>
		<verticalAlignment>Center</verticalAlignment>
		<fillType>Parameter</fillType>
	</format>
	<format>
		<leftBorder>0</leftBorder>
		<bottomBorder>0</bottomBorder>
		<verticalAlignment>Center</verticalAlignment>
		<fillType>Parameter</fillType>
	</format>
	<format>
		<leftBorder>0</leftBorder>
		<bottomBorder>0</bottomBorder>
		<horizontalAlignment>Center</horizontalAlignment>
		<verticalAlignment>Center</verticalAlignment>
		<fillType>Parameter</fillType>
	</format>
	<format>
		<leftBorder>0</leftBorder>
		<rightBorder>0</rightBorder>
		<bottomBorder>0</bottomBorder>
		<horizontalAlignment>Center</horizontalAlignment>
		<verticalAlignment>Center</verticalAlignment>
		<fillType>Parameter</fillType>
	</format>
	<format>
		<leftBorder>0</leftBorder>
		<bottomBorder>0</bottomBorder>
		<verticalAlignment>Center</verticalAlignment>
		<textPlacement>Wrap</textPlacement>
		<fillType>Parameter</fillType>
	</format>
	<format>
		<height>84</height>
	</format>
	<format>
		<font>0</font>
		<fillType>Parameter</fillType>
	</format>
	<format>
		<bottomBorder>0</bottomBorder>
	</format>
	<format>
		<height>24</height>
	</format>
	<format>
		<font>5</font>
	</format>
	<format>
		<width>72</width>
	</format>
</document>