﻿<?xml version="1.0" encoding="UTF-8"?>
<document xmlns="http://v8.1c.ru/8.2/data/spreadsheet" xmlns:style="http://v8.1c.ru/8.1/data/ui/style" xmlns:v8="http://v8.1c.ru/8.1/data/core" xmlns:v8ui="http://v8.1c.ru/8.1/data/ui" xmlns:xs="http://www.w3.org/2001/XMLSchema" xmlns:xsi="http://www.w3.org/2001/XMLSchema-instance">
	<languageSettings>
		<currentLanguage>ru</currentLanguage>
		<defaultLanguage>ru</defaultLanguage>
		<languageInfo>
			<id>ru</id>
			<code>Русский</code>
			<description>Русский</description>
		</languageInfo>
	</languageSettings>
	<columns>
		<size>25</size>
		<columnsItem>
			<index>0</index>
			<column>
				<formatIndex>1</formatIndex>
			</column>
		</columnsItem>
		<columnsItem>
			<index>1</index>
			<column>
				<formatIndex>1</formatIndex>
			</column>
		</columnsItem>
		<columnsItem>
			<index>2</index>
			<column>
				<formatIndex>1</formatIndex>
			</column>
		</columnsItem>
		<columnsItem>
			<index>3</index>
			<column>
				<formatIndex>1</formatIndex>
			</column>
		</columnsItem>
		<columnsItem>
			<index>4</index>
			<column>
				<formatIndex>1</formatIndex>
			</column>
		</columnsItem>
		<columnsItem>
			<index>5</index>
			<column>
				<formatIndex>1</formatIndex>
			</column>
		</columnsItem>
		<columnsItem>
			<index>6</index>
			<column>
				<formatIndex>1</formatIndex>
			</column>
		</columnsItem>
		<columnsItem>
			<index>7</index>
			<column>
				<formatIndex>1</formatIndex>
			</column>
		</columnsItem>
		<columnsItem>
			<index>8</index>
			<column>
				<formatIndex>1</formatIndex>
			</column>
		</columnsItem>
		<columnsItem>
			<index>9</index>
			<column>
				<formatIndex>1</formatIndex>
			</column>
		</columnsItem>
		<columnsItem>
			<index>10</index>
			<column>
				<formatIndex>1</formatIndex>
			</column>
		</columnsItem>
		<columnsItem>
			<index>11</index>
			<column>
				<formatIndex>1</formatIndex>
			</column>
		</columnsItem>
		<columnsItem>
			<index>12</index>
			<column>
				<formatIndex>1</formatIndex>
			</column>
		</columnsItem>
		<columnsItem>
			<index>13</index>
			<column>
				<formatIndex>1</formatIndex>
			</column>
		</columnsItem>
		<columnsItem>
			<index>14</index>
			<column>
				<formatIndex>1</formatIndex>
			</column>
		</columnsItem>
		<columnsItem>
			<index>15</index>
			<column>
				<formatIndex>1</formatIndex>
			</column>
		</columnsItem>
		<columnsItem>
			<index>16</index>
			<column>
				<formatIndex>1</formatIndex>
			</column>
		</columnsItem>
		<columnsItem>
			<index>17</index>
			<column>
				<formatIndex>1</formatIndex>
			</column>
		</columnsItem>
		<columnsItem>
			<index>18</index>
			<column>
				<formatIndex>1</formatIndex>
			</column>
		</columnsItem>
		<columnsItem>
			<index>19</index>
			<column>
				<formatIndex>1</formatIndex>
			</column>
		</columnsItem>
		<columnsItem>
			<index>20</index>
			<column>
				<formatIndex>1</formatIndex>
			</column>
		</columnsItem>
		<columnsItem>
			<index>21</index>
			<column>
				<formatIndex>1</formatIndex>
			</column>
		</columnsItem>
		<columnsItem>
			<index>22</index>
			<column>
				<formatIndex>1</formatIndex>
			</column>
		</columnsItem>
		<columnsItem>
			<index>23</index>
			<column>
				<formatIndex>1</formatIndex>
			</column>
		</columnsItem>
		<columnsItem>
			<index>24</index>
			<column>
				<formatIndex>1</formatIndex>
			</column>
		</columnsItem>
	</columns>
	<rowsItem>
		<index>0</index>
		<row>
			<formatIndex>2</formatIndex>
			<c>
				<i>2</i>
				<c>
					<f>3</f>
				</c>
			</c>
			<c>
				<i>10</i>
				<c>
					<f>3</f>
				</c>
			</c>
		</row>
	</rowsItem>
	<rowsItem>
		<index>1</index>
		<row>
			<formatIndex>4</formatIndex>
			<c>
				<c>
					<f>5</f>
					<tl>
						<v8:item>
							<v8:lang>ru</v8:lang>
							<v8:content>Форма СЗВ-4-1</v8:content>
						</v8:item>
					</tl>
				</c>
			</c>
			<c>
				<i>2</i>
				<c>
					<f>6</f>
				</c>
			</c>
			<c>
				<i>8</i>
				<c>
					<f>0</f>
				</c>
			</c>
			<c>
				<c>
					<f>7</f>
				</c>
			</c>
			<c>
				<c>
					<f>6</f>
				</c>
			</c>
			<c>
				<i>21</i>
				<c>
					<f>8</f>
					<tl>
						<v8:item>
							<v8:lang>ru</v8:lang>
							<v8:content>Код по ОКУД</v8:content>
						</v8:item>
					</tl>
				</c>
			</c>
			<c>
				<c>
					<f>9</f>
				</c>
			</c>
		</row>
	</rowsItem>
	<rowsItem>
		<index>2</index>
		<row>
			<formatIndex>4</formatIndex>
			<c>
				<i>2</i>
				<c>
					<f>6</f>
				</c>
			</c>
			<c>
				<i>10</i>
				<c>
					<f>6</f>
				</c>
			</c>
		</row>
	</rowsItem>
	<rowsItem>
		<index>3</index>
		<row>
			<formatIndex>10</formatIndex>
			<c>
				<c>
					<f>11</f>
					<tl>
						<v8:item>
							<v8:lang>ru</v8:lang>
							<v8:content>Индивидуальные сведения</v8:content>
						</v8:item>
					</tl>
				</c>
			</c>
			<c>
				<i>2</i>
				<c>
					<f>12</f>
				</c>
			</c>
			<c>
				<i>10</i>
				<c>
					<f>12</f>
				</c>
			</c>
		</row>
	</rowsItem>
	<rowsItem>
		<index>4</index>
		<row>
			<formatIndex>13</formatIndex>
			<c>
				<c>
					<f>14</f>
					<tl>
						<v8:item>
							<v8:lang>ru</v8:lang>
							<v8:content>о страховом стаже и начисленных страховых взносах</v8:content>
						</v8:item>
					</tl>
				</c>
			</c>
			<c>
				<i>2</i>
				<c>
					<f>15</f>
				</c>
			</c>
			<c>
				<i>10</i>
				<c>
					<f>15</f>
				</c>
			</c>
		</row>
	</rowsItem>
	<rowsItem>
		<index>5</index>
		<row>
			<formatIndex>16</formatIndex>
			<c>
				<c>
					<f>14</f>
					<tl>
						<v8:item>
							<v8:lang>ru</v8:lang>
							<v8:content>на обязательное пенсионное страхование застрахованного лица</v8:content>
						</v8:item>
					</tl>
				</c>
			</c>
			<c>
				<i>2</i>
				<c>
					<f>17</f>
				</c>
			</c>
			<c>
				<i>10</i>
				<c>
					<f>17</f>
				</c>
			</c>
		</row>
	</rowsItem>
	<rowsItem>
		<index>6</index>
		<row>
			<formatIndex>18</formatIndex>
			<c>
				<i>2</i>
				<c>
					<f>3</f>
				</c>
			</c>
			<c>
				<i>10</i>
				<c>
					<f>3</f>
				</c>
			</c>
		</row>
	</rowsItem>
	<rowsItem>
		<index>7</index>
		<row>
			<c>
				<c>
					<f>19</f>
					<tl>
						<v8:item>
							<v8:lang>ru</v8:lang>
							<v8:content>Сведения о страхователе:</v8:content>
						</v8:item>
					</tl>
				</c>
			</c>
			<c>
				<i>2</i>
				<c>
					<f>1</f>
				</c>
			</c>
			<c>
				<i>10</i>
				<c>
					<f>1</f>
				</c>
			</c>
		</row>
	</rowsItem>
	<rowsItem>
		<index>8</index>
		<row>
			<c>
				<c>
					<f>20</f>
					<tl>
						<v8:item>
							<v8:lang>ru</v8:lang>
							<v8:content>Регистрационный номер ПФР</v8:content>
						</v8:item>
					</tl>
				</c>
			</c>
			<c>
				<i>2</i>
				<c>
					<f>1</f>
				</c>
			</c>
			<c>
				<i>4</i>
				<c>
					<f>21</f>
				</c>
			</c>
			<c>
				<c>
					<f>5</f>
				</c>
			</c>
			<c>
				<c>
					<f>5</f>
				</c>
			</c>
			<c>
				<c>
					<f>21</f>
				</c>
			</c>
			<c>
				<i>10</i>
				<c>
					<f>1</f>
				</c>
			</c>
			<c>
				<c>
					<f>22</f>
					<parameter>РегНомерПФР</parameter>
				</c>
			</c>
		</row>
	</rowsItem>
	<rowsItem>
		<index>9</index>
		<row>
			<c>
				<c>
					<f>23</f>
					<tl>
						<v8:item>
							<v8:lang>ru</v8:lang>
							<v8:content>Наименование (краткое)</v8:content>
						</v8:item>
					</tl>
				</c>
			</c>
			<c>
				<i>2</i>
				<c>
					<f>1</f>
				</c>
			</c>
			<c>
				<i>4</i>
				<c>
					<f>21</f>
				</c>
			</c>
			<c>
				<c>
					<f>5</f>
				</c>
			</c>
			<c>
				<c>
					<f>5</f>
				</c>
			</c>
			<c>
				<c>
					<f>5</f>
				</c>
			</c>
			<c>
				<c>
					<f>21</f>
				</c>
			</c>
			<c>
				<c>
					<f>21</f>
				</c>
			</c>
			<c>
				<c>
					<f>21</f>
				</c>
			</c>
			<c>
				<c>
					<f>22</f>
					<parameter>НаименованиеФирмы</parameter>
				</c>
			</c>
		</row>
	</rowsItem>
	<rowsItem>
		<index>10</index>
		<row>
			<c>
				<c>
					<f>23</f>
					<tl>
						<v8:item>
							<v8:lang>ru</v8:lang>
							<v8:content>Расчетный период</v8:content>
						</v8:item>
					</tl>
				</c>
			</c>
			<c>
				<i>2</i>
				<c>
					<f>1</f>
				</c>
			</c>
			<c>
				<i>4</i>
				<c>
					<f>5</f>
				</c>
			</c>
			<c>
				<i>10</i>
				<c>
					<f>1</f>
				</c>
			</c>
			<c>
				<c>
					<f>24</f>
					<parameter>РасчетныйПериодГод</parameter>
				</c>
			</c>
		</row>
	</rowsItem>
	<rowsItem>
		<index>11</index>
		<row>
			<formatIndex>25</formatIndex>
			<c>
				<i>2</i>
				<c>
					<f>26</f>
				</c>
			</c>
			<c>
				<i>10</i>
				<c>
					<f>26</f>
				</c>
			</c>
		</row>
	</rowsItem>
	<rowsItem>
		<index>12</index>
		<row>
			<c>
				<c>
					<f>14</f>
					<tl>
						<v8:item>
							<v8:lang>ru</v8:lang>
							<v8:content>Сведения за расчетный период о застрахованных лице:</v8:content>
						</v8:item>
					</tl>
				</c>
			</c>
			<c>
				<i>2</i>
				<c>
					<f>1</f>
				</c>
			</c>
			<c>
				<i>10</i>
				<c>
					<f>1</f>
				</c>
			</c>
		</row>
	</rowsItem>
	<rowsItem>
		<index>13</index>
		<row>
			<formatIndex>27</formatIndex>
			<c>
				<c>
					<f>28</f>
					<tl>
						<v8:item>
							<v8:lang>ru</v8:lang>
							<v8:content>Страховой номер</v8:content>
						</v8:item>
					</tl>
				</c>
			</c>
			<c>
				<i>2</i>
				<c>
					<f>29</f>
				</c>
			</c>
			<c>
				<i>4</i>
				<c>
					<f>30</f>
					<tl>
						<v8:item>
							<v8:lang>ru</v8:lang>
							<v8:content>Фамилия, Имя, Отчество</v8:content>
						</v8:item>
					</tl>
				</c>
			</c>
			<c>
				<i>10</i>
				<c>
					<f>29</f>
				</c>
			</c>
			<c>
				<i>14</i>
				<c>
					<f>28</f>
					<tl>
						<v8:item>
							<v8:lang>ru</v8:lang>
							<v8:content>Сумма начисленных страховых взносов:</v8:content>
						</v8:item>
					</tl>
				</c>
			</c>
			<c>
				<i>19</i>
				<c>
					<f>31</f>
					<tl>
						<v8:item>
							<v8:lang>ru</v8:lang>
							<v8:content>Продолжительность периода:</v8:content>
						</v8:item>
					</tl>
				</c>
			</c>
		</row>
	</rowsItem>
	<rowsItem>
		<index>14</index>
		<row>
			<formatIndex>27</formatIndex>
			<c>
				<i>2</i>
				<c>
					<f>29</f>
				</c>
			</c>
			<c>
				<i>10</i>
				<c>
					<f>29</f>
				</c>
			</c>
		</row>
	</rowsItem>
	<rowsItem>
		<index>15</index>
		<row>
			<formatIndex>27</formatIndex>
			<c>
				<c>
					<f>32</f>
					<tl>
						<v8:item>
							<v8:lang>ru</v8:lang>
							<v8:content>Адрес для направления информации о состоянии индивидуального лицевого счета</v8:content>
						</v8:item>
					</tl>
				</c>
			</c>
			<c>
				<i>2</i>
				<c>
					<f>29</f>
				</c>
			</c>
			<c>
				<i>10</i>
				<c>
					<f>29</f>
				</c>
			</c>
			<c>
				<i>14</i>
				<c>
					<f>28</f>
					<tl>
						<v8:item>
							<v8:lang>ru</v8:lang>
							<v8:content>на страховую часть трудовой пенсии</v8:content>
						</v8:item>
					</tl>
				</c>
			</c>
			<c>
				<i>19</i>
				<c>
					<f>33</f>
					<tl>
						<v8:item>
							<v8:lang>ru</v8:lang>
							<v8:content>по временной нетрудоспособности (мес. дн.)</v8:content>
						</v8:item>
					</tl>
				</c>
			</c>
		</row>
	</rowsItem>
	<rowsItem>
		<index>16</index>
		<row>
			<formatIndex>27</formatIndex>
			<c>
				<i>2</i>
				<c>
					<f>29</f>
				</c>
			</c>
			<c>
				<i>10</i>
				<c>
					<f>29</f>
				</c>
			</c>
		</row>
	</rowsItem>
	<rowsItem>
		<index>17</index>
		<row>
			<formatIndex>27</formatIndex>
			<c>
				<i>2</i>
				<c>
					<f>29</f>
				</c>
			</c>
			<c>
				<i>10</i>
				<c>
					<f>29</f>
				</c>
			</c>
			<c>
				<i>14</i>
				<c>
					<f>28</f>
					<tl>
						<v8:item>
							<v8:lang>ru</v8:lang>
							<v8:content>на накопительную часть трудовой пенсии</v8:content>
						</v8:item>
					</tl>
				</c>
			</c>
		</row>
	</rowsItem>
	<rowsItem>
		<index>18</index>
		<row>
			<formatIndex>27</formatIndex>
			<c>
				<i>2</i>
				<c>
					<f>29</f>
				</c>
			</c>
			<c>
				<i>10</i>
				<c>
					<f>29</f>
				</c>
			</c>
			<c>
				<i>19</i>
				<c>
					<f>34</f>
					<tl>
						<v8:item>
							<v8:lang>ru</v8:lang>
							<v8:content>отпуск без сохранения заработной платы (мес.дн.)</v8:content>
						</v8:item>
					</tl>
				</c>
			</c>
		</row>
	</rowsItem>
	<rowsItem>
		<index>19</index>
		<row>
			<formatIndex>27</formatIndex>
			<c>
				<i>2</i>
				<c>
					<f>29</f>
				</c>
			</c>
			<c>
				<i>10</i>
				<c>
					<f>29</f>
				</c>
			</c>
			<c>
				<i>14</i>
				<c>
					<f>35</f>
					<tl>
						<v8:item>
							<v8:lang>ru</v8:lang>
							<v8:content>по дополнительному тарифу</v8:content>
						</v8:item>
					</tl>
				</c>
			</c>
		</row>
	</rowsItem>
	<rowsItem>
		<index>20</index>
		<row>
			<formatIndex>27</formatIndex>
			<c>
				<i>2</i>
				<c>
					<f>29</f>
				</c>
			</c>
			<c>
				<i>10</i>
				<c>
					<f>29</f>
				</c>
			</c>
		</row>
	</rowsItem>
	<rowsItem>
		<index>21</index>
		<row>
			<formatIndex>27</formatIndex>
			<c>
				<c>
					<f>36</f>
					<parameter>НомерСС</parameter>
				</c>
			</c>
			<c>
				<i>2</i>
				<c>
					<f>29</f>
				</c>
			</c>
			<c>
				<i>4</i>
				<c>
					<f>37</f>
					<parameter>ФИОСотрудника</parameter>
				</c>
			</c>
			<c>
				<i>10</i>
				<c>
					<f>29</f>
				</c>
			</c>
			<c>
				<i>14</i>
				<c>
					<f>38</f>
					<parameter>СтраховаяЧасть</parameter>
				</c>
			</c>
			<c>
				<i>19</i>
				<c>
					<f>39</f>
					<parameter>ПоНетрудоспособности</parameter>
				</c>
			</c>
		</row>
	</rowsItem>
	<rowsItem>
		<index>22</index>
		<row>
			<formatIndex>40</formatIndex>
			<c>
				<c>
					<f>41</f>
					<parameter>АдресДляИнформации</parameter>
				</c>
			</c>
			<c>
				<i>2</i>
				<c>
					<f>42</f>
				</c>
			</c>
			<c>
				<i>10</i>
				<c>
					<f>42</f>
				</c>
			</c>
			<c>
				<i>14</i>
				<c>
					<f>43</f>
					<parameter>НакопительнаяЧасть</parameter>
				</c>
			</c>
		</row>
	</rowsItem>
	<rowsItem>
		<index>23</index>
		<row>
			<formatIndex>44</formatIndex>
			<c>
				<i>2</i>
				<c>
					<f>45</f>
				</c>
			</c>
			<c>
				<i>10</i>
				<c>
					<f>45</f>
				</c>
			</c>
			<c>
				<i>19</i>
				<c>
					<f>46</f>
					<parameter>ОтпускБезСохранения</parameter>
				</c>
			</c>
		</row>
	</rowsItem>
	<rowsItem>
		<index>24</index>
		<row>
			<formatIndex>27</formatIndex>
			<c>
				<i>2</i>
				<c>
					<f>29</f>
				</c>
			</c>
			<c>
				<i>10</i>
				<c>
					<f>29</f>
				</c>
			</c>
			<c>
				<i>14</i>
				<c>
					<f>38</f>
					<parameter>ПоДопТарифу</parameter>
				</c>
			</c>
		</row>
	</rowsItem>
	<rowsItem>
		<index>25</index>
		<row>
			<formatIndex>47</formatIndex>
			<c>
				<i>2</i>
				<c>
					<f>48</f>
				</c>
			</c>
			<c>
				<i>10</i>
				<c>
					<f>48</f>
				</c>
			</c>
		</row>
	</rowsItem>
	<rowsItem>
		<index>26</index>
		<row>
			<formatIndex>27</formatIndex>
			<c>
				<c>
					<f>49</f>
					<tl>
						<v8:item>
							<v8:lang>ru</v8:lang>
							<v8:content>Стаж работы за отчетный период</v8:content>
						</v8:item>
					</tl>
				</c>
			</c>
			<c>
				<i>2</i>
				<c>
					<f>29</f>
				</c>
			</c>
			<c>
				<i>10</i>
				<c>
					<f>29</f>
				</c>
			</c>
		</row>
	</rowsItem>
	<rowsItem>
		<index>27</index>
		<row>
			<formatIndex>27</formatIndex>
			<c>
				<c>
					<f>50</f>
					<tl>
						<v8:item>
							<v8:lang>ru</v8:lang>
							<v8:content>№ п/п</v8:content>
						</v8:item>
					</tl>
				</c>
			</c>
			<c>
				<c>
					<f>35</f>
					<tl>
						<v8:item>
							<v8:lang>ru</v8:lang>
							<v8:content>Начало периода с (дд.мм.ггг)</v8:content>
						</v8:item>
					</tl>
				</c>
			</c>
			<c>
				<c>
					<f>29</f>
				</c>
			</c>
			<c>
				<i>4</i>
				<c>
					<f>35</f>
					<tl>
						<v8:item>
							<v8:lang>ru</v8:lang>
							<v8:content>Конец периода по (дд.мм.ггг)</v8:content>
						</v8:item>
					</tl>
				</c>
			</c>
			<c>
				<i>7</i>
				<c>
					<f>35</f>
					<tl>
						<v8:item>
							<v8:lang>ru</v8:lang>
							<v8:content>Территориаль- ные условия (код)</v8:content>
						</v8:item>
					</tl>
				</c>
			</c>
			<c>
				<i>10</i>
				<c>
					<f>32</f>
					<tl>
						<v8:item>
							<v8:lang>ru</v8:lang>
							<v8:content>Особые условия труда (код)</v8:content>
						</v8:item>
					</tl>
				</c>
			</c>
			<c>
				<i>13</i>
				<c>
					<f>28</f>
					<tl>
						<v8:item>
							<v8:lang>ru</v8:lang>
							<v8:content>Исчисление страхового стажа</v8:content>
						</v8:item>
					</tl>
				</c>
			</c>
			<c>
				<i>19</i>
				<c>
					<f>51</f>
					<tl>
						<v8:item>
							<v8:lang>ru</v8:lang>
							<v8:content>Условия для досрочного назначения пенсии</v8:content>
						</v8:item>
					</tl>
				</c>
			</c>
		</row>
	</rowsItem>
	<rowsItem>
		<index>28</index>
		<row>
			<formatIndex>27</formatIndex>
			<c>
				<i>2</i>
				<c>
					<f>29</f>
				</c>
			</c>
			<c>
				<i>10</i>
				<c>
					<f>29</f>
				</c>
			</c>
		</row>
	</rowsItem>
	<rowsItem>
		<index>29</index>
		<row>
			<formatIndex>27</formatIndex>
			<c>
				<i>2</i>
				<c>
					<f>29</f>
				</c>
			</c>
			<c>
				<i>10</i>
				<c>
					<f>29</f>
				</c>
			</c>
			<c>
				<i>13</i>
				<c>
					<f>35</f>
					<tl>
						<v8:item>
							<v8:lang>ru</v8:lang>
							<v8:content>Основание (код)</v8:content>
						</v8:item>
					</tl>
				</c>
			</c>
			<c>
				<i>16</i>
				<c>
					<f>35</f>
					<tl>
						<v8:item>
							<v8:lang>ru</v8:lang>
							<v8:content>Дополнитель - ные сведения</v8:content>
						</v8:item>
					</tl>
				</c>
			</c>
			<c>
				<i>19</i>
				<c>
					<f>35</f>
					<tl>
						<v8:item>
							<v8:lang>ru</v8:lang>
							<v8:content>Основание (код)</v8:content>
						</v8:item>
					</tl>
				</c>
			</c>
			<c>
				<i>22</i>
				<c>
					<f>52</f>
					<tl>
						<v8:item>
							<v8:lang>ru</v8:lang>
							<v8:content>Дополнитель- ные сведения</v8:content>
						</v8:item>
					</tl>
				</c>
			</c>
		</row>
	</rowsItem>
	<rowsItem>
		<index>30</index>
		<row>
			<formatIndex>27</formatIndex>
			<c>
				<i>2</i>
				<c>
					<f>29</f>
				</c>
			</c>
			<c>
				<i>10</i>
				<c>
					<f>29</f>
				</c>
			</c>
		</row>
	</rowsItem>
	<rowsItem>
		<index>31</index>
		<row>
			<formatIndex>27</formatIndex>
			<c>
				<c>
					<f>53</f>
					<parameter>НомерПериода</parameter>
				</c>
			</c>
			<c>
				<c>
					<f>54</f>
					<parameter>НачалоПериода</parameter>
				</c>
			</c>
			<c>
				<c>
					<f>29</f>
				</c>
			</c>
			<c>
				<i>4</i>
				<c>
					<f>54</f>
					<parameter>КонецПериода</parameter>
				</c>
			</c>
			<c>
				<i>7</i>
				<c>
					<f>55</f>
					<parameter>ТерриториальныеУсловия</parameter>
				</c>
			</c>
			<c>
				<i>10</i>
				<c>
					<f>56</f>
					<parameter>ОсобыеУсловияТруда</parameter>
				</c>
			</c>
			<c>
				<i>13</i>
				<c>
					<f>55</f>
					<parameter>ИсчислениеТрудовогоСтажаОснование</parameter>
				</c>
			</c>
			<c>
				<i>16</i>
				<c>
					<f>55</f>
					<parameter>ИсчислениеТрудовогоСтажаДопСведения</parameter>
				</c>
			</c>
			<c>
				<i>19</i>
				<c>
					<f>55</f>
					<parameter>УсловияДосрочнойПенсииОснование</parameter>
				</c>
			</c>
			<c>
				<i>22</i>
				<c>
					<f>57</f>
					<parameter>УсловияДосрочнойПенсииДопСведения</parameter>
				</c>
			</c>
		</row>
	</rowsItem>
	<rowsItem>
		<index>32</index>
		<row>
			<formatIndex>27</formatIndex>
			<c>
				<c>
					<f>58</f>
				</c>
			</c>
			<c>
				<c>
					<f>59</f>
				</c>
			</c>
			<c>
				<c>
					<f>29</f>
				</c>
			</c>
			<c>
				<i>4</i>
				<c>
					<f>59</f>
				</c>
			</c>
			<c>
				<i>7</i>
				<c>
					<f>59</f>
				</c>
			</c>
			<c>
				<i>10</i>
				<c>
					<f>59</f>
				</c>
			</c>
			<c>
				<i>13</i>
				<c>
					<f>59</f>
				</c>
			</c>
			<c>
				<i>16</i>
				<c>
					<f>59</f>
				</c>
			</c>
			<c>
				<i>19</i>
				<c>
					<f>59</f>
				</c>
			</c>
			<c>
				<i>22</i>
				<c>
					<f>46</f>
					<parameter>УсловияДосрочнойПенсииДопСведения</parameter>
				</c>
			</c>
			<c>
				<c>
					<f>29</f>
				</c>
			</c>
			<c>
				<c>
					<f>29</f>
				</c>
			</c>
		</row>
	</rowsItem>
	<rowsItem>
		<index>33</index>
		<row>
			<formatIndex>27</formatIndex>
			<c>
				<c>
					<f>60</f>
				</c>
			</c>
			<c>
				<c>
					<f>61</f>
				</c>
			</c>
			<c>
				<c>
					<f>29</f>
				</c>
			</c>
			<c>
				<i>4</i>
				<c>
					<f>61</f>
				</c>
			</c>
			<c>
				<i>7</i>
				<c>
					<f>61</f>
				</c>
			</c>
			<c>
				<i>10</i>
				<c>
					<f>56</f>
					<parameter>КодПозицииСписка</parameter>
				</c>
			</c>
			<c>
				<i>16</i>
				<c>
					<f>61</f>
				</c>
			</c>
			<c>
				<i>19</i>
				<c>
					<f>61</f>
				</c>
			</c>
			<c>
				<i>22</i>
				<c>
					<f>46</f>
					<parameter>УсловияДосрочнойПенсииДопСведения</parameter>
				</c>
			</c>
			<c>
				<c>
					<f>29</f>
				</c>
			</c>
			<c>
				<c>
					<f>29</f>
				</c>
			</c>
		</row>
	</rowsItem>
	<rowsItem>
		<index>34</index>
		<row>
			<formatIndex>62</formatIndex>
			<empty>true</empty>
		</row>
	</rowsItem>
	<rowsItem>
		<index>35</index>
		<row>
			<formatIndex>27</formatIndex>
			<c>
				<c>
					<f>63</f>
					<tl>
						<v8:item>
							<v8:lang>ru</v8:lang>
							<v8:content>Сведения за расчетный период о застрахованном лице в целом по страхователю (включая</v8:content>
						</v8:item>
					</tl>
				</c>
			</c>
		</row>
	</rowsItem>
	<rowsItem>
		<index>36</index>
		<row>
			<formatIndex>27</formatIndex>
			<c>
				<c>
					<f>14</f>
					<tl>
						<v8:item>
							<v8:lang>ru</v8:lang>
							<v8:content>обособленные подразделения):</v8:content>
						</v8:item>
					</tl>
				</c>
			</c>
		</row>
	</rowsItem>
	<rowsItem>
		<index>37</index>
		<row>
			<formatIndex>27</formatIndex>
			<c>
				<c>
					<f>64</f>
					<tl>
						<v8:item>
							<v8:lang>ru</v8:lang>
							<v8:content>Сумма начисленных страховых взносов</v8:content>
						</v8:item>
					</tl>
				</c>
			</c>
		</row>
	</rowsItem>
	<rowsItem>
		<index>38</index>
		<row>
			<formatIndex>27</formatIndex>
			<c>
				<c>
					<f>64</f>
					<tl>
						<v8:item>
							<v8:lang>ru</v8:lang>
							<v8:content>на страховую часть трудовой пенсии</v8:content>
						</v8:item>
					</tl>
				</c>
			</c>
			<c>
				<i>13</i>
				<c>
					<f>65</f>
					<tl>
						<v8:item>
							<v8:lang>ru</v8:lang>
							<v8:content>на накопительную часть трудовой пенсии</v8:content>
						</v8:item>
					</tl>
				</c>
			</c>
		</row>
	</rowsItem>
	<rowsItem>
		<index>39</index>
		<row>
			<formatIndex>27</formatIndex>
			<c>
				<c>
					<f>66</f>
					<parameter>СтрахЧастьВЦелом</parameter>
				</c>
			</c>
			<c>
				<i>13</i>
				<c>
					<f>67</f>
					<parameter>НакЧастьВЦелом</parameter>
				</c>
			</c>
		</row>
	</rowsItem>
	<rowsItem>
		<index>40</index>
		<row>
			<formatIndex>27</formatIndex>
			<c>
				<c>
					<f>14</f>
				</c>
			</c>
			<c>
				<i>2</i>
				<c>
					<f>29</f>
				</c>
			</c>
			<c>
				<i>10</i>
				<c>
					<f>29</f>
				</c>
			</c>
			<c>
				<i>12</i>
				<c>
					<f>14</f>
				</c>
			</c>
			<c>
				<i>18</i>
				<c>
					<f>14</f>
				</c>
			</c>
		</row>
	</rowsItem>
	<rowsItem>
		<index>41</index>
		<row>
			<formatIndex>27</formatIndex>
			<c>
				<c>
					<f>14</f>
					<tl>
						<v8:item>
							<v8:lang>ru</v8:lang>
							<v8:content>Наименование должности руководителя</v8:content>
						</v8:item>
					</tl>
				</c>
			</c>
			<c>
				<i>2</i>
				<c>
					<f>29</f>
				</c>
			</c>
			<c>
				<i>10</i>
				<c>
					<f>29</f>
				</c>
			</c>
			<c>
				<i>12</i>
				<c>
					<f>14</f>
					<tl>
						<v8:item>
							<v8:lang>ru</v8:lang>
							<v8:content>Подпись</v8:content>
						</v8:item>
					</tl>
				</c>
			</c>
			<c>
				<i>18</i>
				<c>
					<f>14</f>
					<tl>
						<v8:item>
							<v8:lang>ru</v8:lang>
							<v8:content>Расшифровка подписи</v8:content>
						</v8:item>
					</tl>
				</c>
			</c>
		</row>
	</rowsItem>
	<rowsItem>
		<index>42</index>
		<row>
			<formatIndex>68</formatIndex>
			<c>
				<c>
					<f>69</f>
					<parameter>ДолжностьРуководителя</parameter>
				</c>
			</c>
			<c>
				<i>2</i>
				<c>
					<f>70</f>
				</c>
			</c>
			<c>
				<i>10</i>
				<c>
					<f>70</f>
				</c>
			</c>
			<c>
				<i>12</i>
				<c>
					<f>71</f>
				</c>
			</c>
			<c>
				<i>18</i>
				<c>
					<f>69</f>
					<parameter>Руководитель</parameter>
				</c>
			</c>
		</row>
	</rowsItem>
	<rowsItem>
		<index>43</index>
		<row>
			<formatIndex>72</formatIndex>
			<c>
				<i>2</i>
				<c>
					<f>73</f>
				</c>
			</c>
			<c>
				<i>10</i>
				<c>
					<f>73</f>
				</c>
			</c>
		</row>
	</rowsItem>
	<rowsItem>
		<index>44</index>
		<row>
			<formatIndex>74</formatIndex>
			<c>
				<c>
					<f>14</f>
					<tl>
						<v8:item>
							<v8:lang>ru</v8:lang>
							<v8:content>Дата</v8:content>
						</v8:item>
					</tl>
				</c>
			</c>
			<c>
				<i>2</i>
				<c>
					<f>69</f>
					<parameter>ДатаЗаполнения</parameter>
				</c>
			</c>
			<c>
				<i>12</i>
				<c>
					<f>75</f>
					<tl>
						<v8:item>
							<v8:lang>ru</v8:lang>
							<v8:content>М.П.</v8:content>
						</v8:item>
					</tl>
				</c>
			</c>
		</row>
	</rowsItem>
	<templateMode>true</templateMode>
	<defaultFormatIndex>76</defaultFormatIndex>
	<height>45</height>
	<vgRows>45</vgRows>
	<merge>
		<r>1</r>
		<c>22</c>
		<w>2</w>
	</merge>
	<merge>
		<r>13</r>
		<c>0</c>
		<h>1</h>
		<w>3</w>
	</merge>
	<merge>
		<r>13</r>
		<c>4</c>
		<h>1</h>
		<w>9</w>
	</merge>
	<merge>
		<r>13</r>
		<c>14</c>
		<h>1</h>
		<w>4</w>
	</merge>
	<merge>
		<r>13</r>
		<c>19</c>
		<h>1</h>
		<w>5</w>
	</merge>
	<merge>
		<r>15</r>
		<c>0</c>
		<h>5</h>
		<w>13</w>
	</merge>
	<merge>
		<r>15</r>
		<c>14</c>
		<h>1</h>
		<w>4</w>
	</merge>
	<merge>
		<r>15</r>
		<c>19</c>
		<h>2</h>
		<w>5</w>
	</merge>
	<merge>
		<r>17</r>
		<c>14</c>
		<h>1</h>
		<w>4</w>
	</merge>
	<merge>
		<r>18</r>
		<c>19</c>
		<h>2</h>
		<w>5</w>
	</merge>
	<merge>
		<r>19</r>
		<c>14</c>
		<h>1</h>
		<w>4</w>
	</merge>
	<merge>
		<r>21</r>
		<c>0</c>
		<w>3</w>
	</merge>
	<merge>
		<r>21</r>
		<c>4</c>
		<w>9</w>
	</merge>
	<merge>
		<r>21</r>
		<c>14</c>
		<w>4</w>
	</merge>
	<merge>
		<r>21</r>
		<c>19</c>
		<h>1</h>
		<w>5</w>
	</merge>
	<merge>
		<r>22</r>
		<c>0</c>
		<h>2</h>
		<w>13</w>
	</merge>
	<merge>
		<r>22</r>
		<c>14</c>
		<h>1</h>
		<w>4</w>
	</merge>
	<merge>
		<r>23</r>
		<c>19</c>
		<h>1</h>
		<w>5</w>
	</merge>
	<merge>
		<r>24</r>
		<c>14</c>
		<w>4</w>
	</merge>
	<merge>
		<r>27</r>
		<c>0</c>
		<h>3</h>
	</merge>
	<merge>
		<r>27</r>
		<c>1</c>
		<h>3</h>
		<w>2</w>
	</merge>
	<merge>
		<r>27</r>
		<c>4</c>
		<h>3</h>
		<w>2</w>
	</merge>
	<merge>
		<r>27</r>
		<c>7</c>
		<h>3</h>
		<w>2</w>
	</merge>
	<merge>
		<r>27</r>
		<c>10</c>
		<h>3</h>
		<w>2</w>
	</merge>
	<merge>
		<r>27</r>
		<c>13</c>
		<h>1</h>
		<w>5</w>
	</merge>
	<merge>
		<r>27</r>
		<c>19</c>
		<h>1</h>
		<w>5</w>
	</merge>
	<merge>
		<r>29</r>
		<c>13</c>
		<h>1</h>
		<w>2</w>
	</merge>
	<merge>
		<r>29</r>
		<c>16</c>
		<h>1</h>
		<w>2</w>
	</merge>
	<merge>
		<r>29</r>
		<c>19</c>
		<h>1</h>
		<w>2</w>
	</merge>
	<merge>
		<r>29</r>
		<c>22</c>
		<h>1</h>
		<w>2</w>
	</merge>
	<merge>
		<r>31</r>
		<c>1</c>
		<w>2</w>
	</merge>
	<merge>
		<r>31</r>
		<c>4</c>
		<w>2</w>
	</merge>
	<merge>
		<r>31</r>
		<c>7</c>
		<w>2</w>
	</merge>
	<merge>
		<r>31</r>
		<c>10</c>
		<w>2</w>
	</merge>
	<merge>
		<r>31</r>
		<c>13</c>
		<w>2</w>
	</merge>
	<merge>
		<r>31</r>
		<c>16</c>
		<w>2</w>
	</merge>
	<merge>
		<r>31</r>
		<c>19</c>
		<w>2</w>
	</merge>
	<merge>
		<r>31</r>
		<c>22</c>
		<w>2</w>
	</merge>
	<merge>
		<r>32</r>
		<c>1</c>
		<w>2</w>
	</merge>
	<merge>
		<r>32</r>
		<c>4</c>
		<w>2</w>
	</merge>
	<merge>
		<r>32</r>
		<c>7</c>
		<w>2</w>
	</merge>
	<merge>
		<r>32</r>
		<c>10</c>
		<w>2</w>
	</merge>
	<merge>
		<r>32</r>
		<c>13</c>
		<w>2</w>
	</merge>
	<merge>
		<r>32</r>
		<c>16</c>
		<w>2</w>
	</merge>
	<merge>
		<r>32</r>
		<c>19</c>
		<w>2</w>
	</merge>
	<merge>
		<r>32</r>
		<c>22</c>
		<w>2</w>
	</merge>
	<merge>
		<r>33</r>
		<c>1</c>
		<w>2</w>
	</merge>
	<merge>
		<r>33</r>
		<c>4</c>
		<w>2</w>
	</merge>
	<merge>
		<r>33</r>
		<c>7</c>
		<w>2</w>
	</merge>
	<merge>
		<r>33</r>
		<c>10</c>
		<w>5</w>
	</merge>
	<merge>
		<r>33</r>
		<c>16</c>
		<w>2</w>
	</merge>
	<merge>
		<r>33</r>
		<c>19</c>
		<w>2</w>
	</merge>
	<merge>
		<r>33</r>
		<c>22</c>
		<w>2</w>
	</merge>
	<merge>
		<r>34</r>
		<c>12</c>
		<w>1</w>
	</merge>
	<merge>
		<r>35</r>
		<c>0</c>
		<w>24</w>
	</merge>
	<merge>
		<r>35</r>
		<c>0</c>
		<w>24</w>
	</merge>
	<merge>
		<r>36</r>
		<c>0</c>
		<w>24</w>
	</merge>
	<merge>
		<r>36</r>
		<c>0</c>
		<w>24</w>
	</merge>
	<merge>
		<r>37</r>
		<c>0</c>
		<w>24</w>
	</merge>
	<merge>
		<r>37</r>
		<c>0</c>
		<w>24</w>
	</merge>
	<merge>
		<r>38</r>
		<c>0</c>
		<w>12</w>
	</merge>
	<merge>
		<r>38</r>
		<c>0</c>
		<w>12</w>
	</merge>
	<merge>
		<r>38</r>
		<c>13</c>
		<w>11</w>
	</merge>
	<merge>
		<r>39</r>
		<c>0</c>
		<w>12</w>
	</merge>
	<merge>
		<r>39</r>
		<c>0</c>
		<w>12</w>
	</merge>
	<merge>
		<r>39</r>
		<c>13</c>
		<w>11</w>
	</merge>
	<merge>
		<r>42</r>
		<c>12</c>
		<w>4</w>
	</merge>
	<merge>
		<r>22</r>
		<c>-1</c>
		<h>1</h>
	</merge>
	<verticalUnmerge>
		<r>38</r>
		<c>12</c>
		<w>1</w>
	</verticalUnmerge>
	<verticalUnmerge>
		<r>39</r>
		<c>12</c>
		<w>1</w>
	</verticalUnmerge>
	<horizontalUnmerge>
		<r>22</r>
		<c>19</c>
		<h>1</h>
	</horizontalUnmerge>
	<horizontalUnmerge>
		<r>22</r>
		<c>20</c>
		<h>1</h>
	</horizontalUnmerge>
	<horizontalUnmerge>
		<r>22</r>
		<c>21</c>
		<h>1</h>
	</horizontalUnmerge>
	<horizontalUnmerge>
		<r>22</r>
		<c>22</c>
		<h>1</h>
	</horizontalUnmerge>
	<horizontalUnmerge>
		<r>22</r>
		<c>23</c>
		<h>1</h>
	</horizontalUnmerge>
	<horizontalUnmerge>
		<r>22</r>
		<c>24</c>
		<h>1</h>
	</horizontalUnmerge>
	<namedItem xsi:type="NamedItemCells">
		<name>ВЦелом</name>
		<area>
			<type>Rows</type>
			<beginRow>34</beginRow>
			<endRow>39</endRow>
			<beginColumn>-1</beginColumn>
			<endColumn>-1</endColumn>
		</area>
	</namedItem>
	<namedItem xsi:type="NamedItemCells">
		<name>Подвал</name>
		<area>
			<type>Rows</type>
			<beginRow>40</beginRow>
			<endRow>44</endRow>
			<beginColumn>-1</beginColumn>
			<endColumn>-1</endColumn>
		</area>
	</namedItem>
	<namedItem xsi:type="NamedItemCells">
		<name>Строка1</name>
		<area>
			<type>Rows</type>
			<beginRow>31</beginRow>
			<endRow>31</endRow>
			<beginColumn>-1</beginColumn>
			<endColumn>-1</endColumn>
		</area>
	</namedItem>
	<namedItem xsi:type="NamedItemCells">
		<name>Строка2</name>
		<area>
			<type>Rows</type>
			<beginRow>33</beginRow>
			<endRow>33</endRow>
			<beginColumn>-1</beginColumn>
			<endColumn>-1</endColumn>
		</area>
	</namedItem>
	<namedItem xsi:type="NamedItemCells">
		<name>Строка3</name>
		<area>
			<type>Rows</type>
			<beginRow>32</beginRow>
			<endRow>32</endRow>
			<beginColumn>-1</beginColumn>
			<endColumn>-1</endColumn>
		</area>
	</namedItem>
	<namedItem xsi:type="NamedItemCells">
		<name>ТаблицаСведений</name>
		<area>
			<type>Rows</type>
			<beginRow>12</beginRow>
			<endRow>25</endRow>
			<beginColumn>-1</beginColumn>
			<endColumn>-1</endColumn>
		</area>
	</namedItem>
	<namedItem xsi:type="NamedItemCells">
		<name>Шапка</name>
		<area>
			<type>Rows</type>
			<beginRow>0</beginRow>
			<endRow>11</endRow>
			<beginColumn>-1</beginColumn>
			<endColumn>-1</endColumn>
		</area>
	</namedItem>
	<namedItem xsi:type="NamedItemCells">
		<name>ШапкаТаблицыСтажа</name>
		<area>
			<type>Rows</type>
			<beginRow>26</beginRow>
			<endRow>30</endRow>
			<beginColumn>-1</beginColumn>
			<endColumn>-1</endColumn>
		</area>
	</namedItem>
	<line width="1" gap="false">
		<v8ui:style xsi:type="v8ui:SpreadsheetDocumentCellLineType">Solid</v8ui:style>
	</line>
	<font faceName="Arial" height="10" bold="false" italic="false" underline="true" strikeout="false" kind="Absolute"/>
	<font faceName="Arial" height="10" bold="false" italic="false" underline="false" strikeout="false" kind="Absolute"/>
	<font faceName="Arial" height="14" bold="true" italic="false" underline="false" strikeout="false" kind="Absolute"/>
	<font faceName="Arial" height="10" bold="true" italic="false" underline="false" strikeout="false" kind="Absolute"/>
	<font faceName="Arial" height="10" bold="false" italic="false" underline="false" strikeout="false" kind="Absolute"/>
	<font faceName="Arial" height="8" bold="false" italic="false" underline="false" strikeout="false" kind="Absolute"/>
	<font faceName="Arial" height="9" bold="true" italic="false" underline="false" strikeout="false" kind="Absolute"/>
	<format>
		<width>32</width>
	</format>
	<format>
		<height>21</height>
	</format>
	<format>
		<height>36</height>
		<width>32</width>
	</format>
	<format>
		<height>69</height>
	</format>
	<format>
		<font>0</font>
	</format>
	<format>
		<height>69</height>
		<width>32</width>
	</format>
	<format>
		<font>1</font>
		<horizontalAlignment>Right</horizontalAlignment>
		<verticalAlignment>Center</verticalAlignment>
	</format>
	<format>
		<font>1</font>
		<height>69</height>
		<width>32</width>
		<horizontalAlignment>Right</horizontalAlignment>
		<verticalAlignment>Center</verticalAlignment>
	</format>
	<format>
		<font>1</font>
		<border>0</border>
		<height>69</height>
		<width>32</width>
		<horizontalAlignment>Right</horizontalAlignment>
		<verticalAlignment>Center</verticalAlignment>
	</format>
	<format>
		<height>99</height>
	</format>
	<format>
		<font>2</font>
		<verticalAlignment>Center</verticalAlignment>
	</format>
	<format>
		<height>99</height>
		<width>32</width>
	</format>
	<format>
		<height>39</height>
	</format>
	<format>
		<font>3</font>
	</format>
	<format>
		<height>39</height>
		<width>32</width>
	</format>
	<format>
		<height>45</height>
	</format>
	<format>
		<height>45</height>
		<width>32</width>
	</format>
	<format>
		<height>36</height>
	</format>
	<format>
		<font>3</font>
		<width>32</width>
	</format>
	<format>
		<font>4</font>
		<width>32</width>
	</format>
	<format>
		<font>0</font>
		<width>32</width>
	</format>
	<format>
		<font>0</font>
		<width>32</width>
		<fillType>Parameter</fillType>
	</format>
	<format>
		<font>4</font>
	</format>
	<format>
		<font>0</font>
		<width>32</width>
		<horizontalAlignment>Left</horizontalAlignment>
		<fillType>Parameter</fillType>
	</format>
	<format>
		<height>18</height>
	</format>
	<format>
		<height>18</height>
		<width>32</width>
	</format>
	<format>
		<height>57</height>
	</format>
	<format>
		<leftBorder>0</leftBorder>
		<topBorder>0</topBorder>
		<horizontalAlignment>Center</horizontalAlignment>
		<verticalAlignment>Center</verticalAlignment>
		<textPlacement>Wrap</textPlacement>
	</format>
	<format>
		<height>57</height>
		<width>32</width>
	</format>
	<format>
		<leftBorder>0</leftBorder>
		<topBorder>0</topBorder>
		<horizontalAlignment>Center</horizontalAlignment>
		<verticalAlignment>Center</verticalAlignment>
	</format>
	<format>
		<leftBorder>0</leftBorder>
		<topBorder>0</topBorder>
		<rightBorder>0</rightBorder>
		<horizontalAlignment>Center</horizontalAlignment>
		<verticalAlignment>Center</verticalAlignment>
	</format>
	<format>
		<leftBorder>0</leftBorder>
		<topBorder>0</topBorder>
		<bottomBorder>0</bottomBorder>
		<height>57</height>
		<width>32</width>
		<horizontalAlignment>Center</horizontalAlignment>
		<verticalAlignment>Center</verticalAlignment>
		<textPlacement>Wrap</textPlacement>
	</format>
	<format>
		<leftBorder>0</leftBorder>
		<topBorder>0</topBorder>
		<rightBorder>0</rightBorder>
		<height>57</height>
		<width>32</width>
		<horizontalAlignment>Center</horizontalAlignment>
		<verticalAlignment>Center</verticalAlignment>
		<textPlacement>Wrap</textPlacement>
	</format>
	<format>
		<border>0</border>
		<height>57</height>
		<width>32</width>
		<horizontalAlignment>Center</horizontalAlignment>
		<verticalAlignment>Center</verticalAlignment>
		<textPlacement>Wrap</textPlacement>
	</format>
	<format>
		<leftBorder>0</leftBorder>
		<topBorder>0</topBorder>
		<bottomBorder>0</bottomBorder>
		<horizontalAlignment>Center</horizontalAlignment>
		<verticalAlignment>Center</verticalAlignment>
		<textPlacement>Wrap</textPlacement>
	</format>
	<format>
		<leftBorder>0</leftBorder>
		<bottomBorder>0</bottomBorder>
		<height>57</height>
		<width>32</width>
		<verticalAlignment>Center</verticalAlignment>
		<fillType>Parameter</fillType>
	</format>
	<format>
		<leftBorder>0</leftBorder>
		<bottomBorder>0</bottomBorder>
		<verticalAlignment>Center</verticalAlignment>
		<fillType>Parameter</fillType>
	</format>
	<format>
		<leftBorder>0</leftBorder>
		<bottomBorder>0</bottomBorder>
		<horizontalAlignment>Center</horizontalAlignment>
		<verticalAlignment>Center</verticalAlignment>
		<fillType>Parameter</fillType>
	</format>
	<format>
		<leftBorder>0</leftBorder>
		<topBorder>0</topBorder>
		<rightBorder>0</rightBorder>
		<height>57</height>
		<width>32</width>
		<horizontalAlignment>Center</horizontalAlignment>
		<verticalAlignment>Center</verticalAlignment>
		<fillType>Parameter</fillType>
	</format>
	<format>
		<height>28</height>
	</format>
	<format>
		<leftBorder>0</leftBorder>
		<bottomBorder>0</bottomBorder>
		<height>57</height>
		<width>32</width>
		<verticalAlignment>Center</verticalAlignment>
		<textPlacement>Wrap</textPlacement>
		<fillType>Parameter</fillType>
	</format>
	<format>
		<height>28</height>
		<width>32</width>
	</format>
	<format>
		<leftBorder>0</leftBorder>
		<bottomBorder>0</bottomBorder>
		<horizontalAlignment>Center</horizontalAlignment>
		<verticalAlignment>Top</verticalAlignment>
		<fillType>Parameter</fillType>
	</format>
	<format>
		<height>29</height>
	</format>
	<format>
		<height>29</height>
		<width>32</width>
	</format>
	<format>
		<border>0</border>
		<height>57</height>
		<width>32</width>
		<horizontalAlignment>Center</horizontalAlignment>
		<verticalAlignment>Center</verticalAlignment>
		<fillType>Parameter</fillType>
	</format>
	<format>
		<height>51</height>
	</format>
	<format>
		<height>51</height>
		<width>32</width>
	</format>
	<format>
		<font>3</font>
		<height>57</height>
		<width>32</width>
	</format>
	<format>
		<font>5</font>
		<leftBorder>0</leftBorder>
		<topBorder>0</topBorder>
		<bottomBorder>0</bottomBorder>
		<horizontalAlignment>Center</horizontalAlignment>
		<verticalAlignment>Center</verticalAlignment>
		<textPlacement>Wrap</textPlacement>
	</format>
	<format>
		<leftBorder>0</leftBorder>
		<topBorder>0</topBorder>
		<rightBorder>0</rightBorder>
		<horizontalAlignment>Center</horizontalAlignment>
		<verticalAlignment>Center</verticalAlignment>
		<textPlacement>Wrap</textPlacement>
	</format>
	<format>
		<border>0</border>
		<horizontalAlignment>Center</horizontalAlignment>
		<verticalAlignment>Center</verticalAlignment>
		<textPlacement>Wrap</textPlacement>
	</format>
	<format>
		<font>5</font>
		<leftBorder>0</leftBorder>
		<topBorder>0</topBorder>
		<bottomBorder>0</bottomBorder>
		<fillType>Parameter</fillType>
	</format>
	<format>
		<leftBorder>0</leftBorder>
		<topBorder>0</topBorder>
		<bottomBorder>0</bottomBorder>
		<fillType>Parameter</fillType>
	</format>
	<format>
		<leftBorder>0</leftBorder>
		<topBorder>0</topBorder>
		<bottomBorder>0</bottomBorder>
		<horizontalAlignment>Center</horizontalAlignment>
		<verticalAlignment>Center</verticalAlignment>
		<fillType>Parameter</fillType>
	</format>
	<format>
		<leftBorder>0</leftBorder>
		<topBorder>0</topBorder>
		<bottomBorder>0</bottomBorder>
		<height>57</height>
		<width>32</width>
		<horizontalAlignment>Center</horizontalAlignment>
		<verticalAlignment>Center</verticalAlignment>
		<fillType>Parameter</fillType>
	</format>
	<format>
		<border>0</border>
		<horizontalAlignment>Center</horizontalAlignment>
		<verticalAlignment>Center</verticalAlignment>
		<fillType>Parameter</fillType>
	</format>
	<format>
		<font>3</font>
		<leftBorder>0</leftBorder>
		<topBorder>0</topBorder>
		<bottomBorder>0</bottomBorder>
		<height>57</height>
		<width>32</width>
	</format>
	<format>
		<leftBorder>0</leftBorder>
		<topBorder>0</topBorder>
		<bottomBorder>0</bottomBorder>
		<height>57</height>
		<width>32</width>
	</format>
	<format>
		<font>3</font>
		<leftBorder>0</leftBorder>
		<topBorder>0</topBorder>
		<bottomBorder>0</bottomBorder>
	</format>
	<format>
		<leftBorder>0</leftBorder>
		<topBorder>0</topBorder>
		<bottomBorder>0</bottomBorder>
	</format>
	<format>
		<height>33</height>
	</format>
	<format>
		<font>3</font>
		<height>57</height>
		<width>32</width>
		<horizontalAlignment>Auto</horizontalAlignment>
	</format>
	<format>
		<font>4</font>
		<leftBorder>0</leftBorder>
		<topBorder>0</topBorder>
		<rightBorder>0</rightBorder>
		<horizontalAlignment>Center</horizontalAlignment>
	</format>
	<format>
		<font>4</font>
		<topBorder>0</topBorder>
		<rightBorder>0</rightBorder>
		<horizontalAlignment>Center</horizontalAlignment>
	</format>
	<format>
		<font>4</font>
		<border>0</border>
		<horizontalAlignment>Center</horizontalAlignment>
		<fillType>Parameter</fillType>
	</format>
	<format>
		<font>4</font>
		<topBorder>0</topBorder>
		<rightBorder>0</rightBorder>
		<bottomBorder>0</bottomBorder>
		<horizontalAlignment>Center</horizontalAlignment>
		<fillType>Parameter</fillType>
	</format>
	<format>
		<height>84</height>
	</format>
	<format>
		<font>0</font>
		<fillType>Parameter</fillType>
	</format>
	<format>
		<height>84</height>
		<width>32</width>
	</format>
	<format>
		<bottomBorder>0</bottomBorder>
	</format>
	<format>
		<height>24</height>
	</format>
	<format>
		<height>24</height>
		<width>32</width>
	</format>
	<format>
		<height>57</height>
		<width>4</width>
	</format>
	<format>
		<font>6</font>
	</format>
	<format>
		<width>72</width>
	</format>
</document>