﻿<?xml version="1.0" encoding="UTF-8"?>
<MetaDataObject xmlns="http://v8.1c.ru/8.3/MDClasses" xmlns:app="http://v8.1c.ru/8.2/managed-application/core" xmlns:cfg="http://v8.1c.ru/8.1/data/enterprise/current-config" xmlns:cmi="http://v8.1c.ru/8.2/managed-application/cmi" xmlns:ent="http://v8.1c.ru/8.1/data/enterprise" xmlns:lf="http://v8.1c.ru/8.2/managed-application/logform" xmlns:style="http://v8.1c.ru/8.1/data/ui/style" xmlns:sys="http://v8.1c.ru/8.1/data/ui/fonts/system" xmlns:v8="http://v8.1c.ru/8.1/data/core" xmlns:v8ui="http://v8.1c.ru/8.1/data/ui" xmlns:web="http://v8.1c.ru/8.1/data/ui/colors/web" xmlns:win="http://v8.1c.ru/8.1/data/ui/colors/windows" xmlns:xen="http://v8.1c.ru/8.3/xcf/enums" xmlns:xpr="http://v8.1c.ru/8.3/xcf/predef" xmlns:xr="http://v8.1c.ru/8.3/xcf/readable" xmlns:xs="http://www.w3.org/2001/XMLSchema" xmlns:xsi="http://www.w3.org/2001/XMLSchema-instance">
	<DataProcessor uuid="270be44b-99b7-4d5b-ac65-90758b1f3d05">
		<InnerInfo>
			<xr:producedType name="DataProcessorObject.ОтпускБезСохраненияЗП" category="Object">
				<xr:typeId>f50d4d3d-6bb4-4672-9134-96725a1694c7</xr:typeId>
				<xr:valTypeId>c5b52c56-c7a2-4e23-839c-ee0efb5a0652</xr:valTypeId>
			</xr:producedType>
			<xr:producedType name="DataProcessorManager.ОтпускБезСохраненияЗП" category="Manager">
				<xr:typeId>deceb18b-a34b-4d65-9c09-f6afc27350a7</xr:typeId>
				<xr:valTypeId>cde9ee61-a0d8-4905-9682-71872ccdc61c</xr:valTypeId>
			</xr:producedType>
		</InnerInfo>
		<Properties>
			<Name>ОтпускБезСохраненияЗП</Name>
			<Synonym>
				<v8:item>
					<v8:lang>ru</v8:lang>
					<v8:content>Отпуск без сохранения ЗП</v8:content>
				</v8:item>
			</Synonym>
			<Comment/>
			<UseStandardCommands>false</UseStandardCommands>
			<DefaultForm>DataProcessor.ОтпускБезСохраненияЗП.Form.Форма</DefaultForm>
			<AuxiliaryForm/>
			<IncludeHelpInContents>true</IncludeHelpInContents>
			<ExtendedPresentation/>
			<Explanation/>
		</Properties>
		<ChildObjects>
			<Form>Форма</Form>
			<Template>Макет</Template>
		</ChildObjects>
	</DataProcessor>
</MetaDataObject>