﻿<?xml version="1.0" encoding="UTF-8"?>
<document xmlns="http://v8.1c.ru/8.2/data/spreadsheet" xmlns:style="http://v8.1c.ru/8.1/data/ui/style" xmlns:v8="http://v8.1c.ru/8.1/data/core" xmlns:v8ui="http://v8.1c.ru/8.1/data/ui" xmlns:xs="http://www.w3.org/2001/XMLSchema" xmlns:xsi="http://www.w3.org/2001/XMLSchema-instance">
	<languageSettings>
		<currentLanguage>ru</currentLanguage>
		<defaultLanguage>ru</defaultLanguage>
		<languageInfo>
			<id>ru</id>
			<code>Русский</code>
			<description>Русский</description>
		</languageInfo>
	</languageSettings>
	<columns>
		<size>55</size>
		<columnsItem>
			<index>0</index>
			<column>
				<formatIndex>1</formatIndex>
			</column>
		</columnsItem>
		<columnsItem>
			<index>1</index>
			<column>
				<formatIndex>2</formatIndex>
			</column>
		</columnsItem>
		<columnsItem>
			<index>2</index>
			<column>
				<formatIndex>2</formatIndex>
			</column>
		</columnsItem>
		<columnsItem>
			<index>3</index>
			<column>
				<formatIndex>2</formatIndex>
			</column>
		</columnsItem>
		<columnsItem>
			<index>4</index>
			<column>
				<formatIndex>2</formatIndex>
			</column>
		</columnsItem>
		<columnsItem>
			<index>5</index>
			<column>
				<formatIndex>2</formatIndex>
			</column>
		</columnsItem>
		<columnsItem>
			<index>6</index>
			<column>
				<formatIndex>2</formatIndex>
			</column>
		</columnsItem>
		<columnsItem>
			<index>7</index>
			<column>
				<formatIndex>2</formatIndex>
			</column>
		</columnsItem>
		<columnsItem>
			<index>8</index>
			<column>
				<formatIndex>2</formatIndex>
			</column>
		</columnsItem>
		<columnsItem>
			<index>9</index>
			<column>
				<formatIndex>2</formatIndex>
			</column>
		</columnsItem>
		<columnsItem>
			<index>10</index>
			<column>
				<formatIndex>2</formatIndex>
			</column>
		</columnsItem>
		<columnsItem>
			<index>11</index>
			<column>
				<formatIndex>2</formatIndex>
			</column>
		</columnsItem>
		<columnsItem>
			<index>12</index>
			<column>
				<formatIndex>2</formatIndex>
			</column>
		</columnsItem>
		<columnsItem>
			<index>13</index>
			<column>
				<formatIndex>2</formatIndex>
			</column>
		</columnsItem>
		<columnsItem>
			<index>14</index>
			<column>
				<formatIndex>2</formatIndex>
			</column>
		</columnsItem>
		<columnsItem>
			<index>15</index>
			<column>
				<formatIndex>2</formatIndex>
			</column>
		</columnsItem>
		<columnsItem>
			<index>16</index>
			<column>
				<formatIndex>2</formatIndex>
			</column>
		</columnsItem>
		<columnsItem>
			<index>17</index>
			<column>
				<formatIndex>2</formatIndex>
			</column>
		</columnsItem>
		<columnsItem>
			<index>18</index>
			<column>
				<formatIndex>2</formatIndex>
			</column>
		</columnsItem>
		<columnsItem>
			<index>19</index>
			<column>
				<formatIndex>2</formatIndex>
			</column>
		</columnsItem>
		<columnsItem>
			<index>20</index>
			<column>
				<formatIndex>2</formatIndex>
			</column>
		</columnsItem>
		<columnsItem>
			<index>21</index>
			<column>
				<formatIndex>2</formatIndex>
			</column>
		</columnsItem>
		<columnsItem>
			<index>22</index>
			<column>
				<formatIndex>2</formatIndex>
			</column>
		</columnsItem>
		<columnsItem>
			<index>23</index>
			<column>
				<formatIndex>2</formatIndex>
			</column>
		</columnsItem>
		<columnsItem>
			<index>24</index>
			<column>
				<formatIndex>2</formatIndex>
			</column>
		</columnsItem>
		<columnsItem>
			<index>25</index>
			<column>
				<formatIndex>2</formatIndex>
			</column>
		</columnsItem>
		<columnsItem>
			<index>26</index>
			<column>
				<formatIndex>2</formatIndex>
			</column>
		</columnsItem>
		<columnsItem>
			<index>27</index>
			<column>
				<formatIndex>2</formatIndex>
			</column>
		</columnsItem>
		<columnsItem>
			<index>28</index>
			<column>
				<formatIndex>2</formatIndex>
			</column>
		</columnsItem>
		<columnsItem>
			<index>29</index>
			<column>
				<formatIndex>2</formatIndex>
			</column>
		</columnsItem>
		<columnsItem>
			<index>30</index>
			<column>
				<formatIndex>2</formatIndex>
			</column>
		</columnsItem>
		<columnsItem>
			<index>31</index>
			<column>
				<formatIndex>2</formatIndex>
			</column>
		</columnsItem>
		<columnsItem>
			<index>32</index>
			<column>
				<formatIndex>2</formatIndex>
			</column>
		</columnsItem>
		<columnsItem>
			<index>33</index>
			<column>
				<formatIndex>2</formatIndex>
			</column>
		</columnsItem>
		<columnsItem>
			<index>34</index>
			<column>
				<formatIndex>2</formatIndex>
			</column>
		</columnsItem>
		<columnsItem>
			<index>35</index>
			<column>
				<formatIndex>2</formatIndex>
			</column>
		</columnsItem>
		<columnsItem>
			<index>36</index>
			<column>
				<formatIndex>2</formatIndex>
			</column>
		</columnsItem>
		<columnsItem>
			<index>37</index>
			<column>
				<formatIndex>2</formatIndex>
			</column>
		</columnsItem>
		<columnsItem>
			<index>38</index>
			<column>
				<formatIndex>2</formatIndex>
			</column>
		</columnsItem>
		<columnsItem>
			<index>39</index>
			<column>
				<formatIndex>2</formatIndex>
			</column>
		</columnsItem>
		<columnsItem>
			<index>40</index>
			<column>
				<formatIndex>2</formatIndex>
			</column>
		</columnsItem>
		<columnsItem>
			<index>41</index>
			<column>
				<formatIndex>2</formatIndex>
			</column>
		</columnsItem>
		<columnsItem>
			<index>42</index>
			<column>
				<formatIndex>2</formatIndex>
			</column>
		</columnsItem>
		<columnsItem>
			<index>43</index>
			<column>
				<formatIndex>2</formatIndex>
			</column>
		</columnsItem>
		<columnsItem>
			<index>44</index>
			<column>
				<formatIndex>2</formatIndex>
			</column>
		</columnsItem>
		<columnsItem>
			<index>45</index>
			<column>
				<formatIndex>2</formatIndex>
			</column>
		</columnsItem>
		<columnsItem>
			<index>46</index>
			<column>
				<formatIndex>3</formatIndex>
			</column>
		</columnsItem>
		<columnsItem>
			<index>47</index>
			<column>
				<formatIndex>2</formatIndex>
			</column>
		</columnsItem>
		<columnsItem>
			<index>48</index>
			<column>
				<formatIndex>2</formatIndex>
			</column>
		</columnsItem>
		<columnsItem>
			<index>49</index>
			<column>
				<formatIndex>2</formatIndex>
			</column>
		</columnsItem>
		<columnsItem>
			<index>50</index>
			<column>
				<formatIndex>2</formatIndex>
			</column>
		</columnsItem>
		<columnsItem>
			<index>51</index>
			<column>
				<formatIndex>2</formatIndex>
			</column>
		</columnsItem>
		<columnsItem>
			<index>52</index>
			<column>
				<formatIndex>2</formatIndex>
			</column>
		</columnsItem>
		<columnsItem>
			<index>53</index>
			<column>
				<formatIndex>2</formatIndex>
			</column>
		</columnsItem>
		<columnsItem>
			<index>54</index>
			<column>
				<formatIndex>1</formatIndex>
			</column>
		</columnsItem>
	</columns>
	<rowsItem>
		<index>0</index>
		<row>
			<formatIndex>4</formatIndex>
			<empty>true</empty>
		</row>
	</rowsItem>
	<rowsItem>
		<index>1</index>
		<row>
			<formatIndex>5</formatIndex>
			<c>
				<i>1</i>
				<c>
					<f>6</f>
					<tl>
						<v8:item>
							<v8:lang>ru</v8:lang>
							<v8:content>Форма АДВ-6-2</v8:content>
						</v8:item>
					</tl>
				</c>
			</c>
			<c>
				<i>11</i>
				<c>
					<f>7</f>
					<tl>
						<v8:item>
							<v8:lang>ru</v8:lang>
							<v8:content>Код по ОКУД</v8:content>
						</v8:item>
					</tl>
				</c>
			</c>
			<c>
				<c>
					<f>8</f>
				</c>
			</c>
			<c>
				<i>24</i>
				<c>
					<f>9</f>
				</c>
			</c>
			<c>
				<i>44</i>
				<c>
					<f>10</f>
				</c>
			</c>
			<c>
				<c>
					<f>10</f>
				</c>
			</c>
			<c>
				<c>
					<f>10</f>
				</c>
			</c>
			<c>
				<c>
					<f>11</f>
					<tl>
						<v8:item>
							<v8:lang>ru</v8:lang>
							<v8:content>Код по ОКПО</v8:content>
						</v8:item>
					</tl>
				</c>
			</c>
			<c>
				<c>
					<f>12</f>
					<parameter>ОКПО</parameter>
				</c>
			</c>
			<c>
				<c>
					<f>10</f>
				</c>
			</c>
			<c>
				<c>
					<f>10</f>
				</c>
			</c>
			<c>
				<c>
					<f>10</f>
				</c>
			</c>
			<c>
				<c>
					<f>10</f>
				</c>
			</c>
			<c>
				<c>
					<f>10</f>
				</c>
			</c>
			<c>
				<c>
					<f>13</f>
				</c>
			</c>
		</row>
	</rowsItem>
	<rowsItem>
		<index>2</index>
		<row>
			<formatIndex>14</formatIndex>
			<empty>true</empty>
		</row>
	</rowsItem>
	<rowsItem>
		<index>3</index>
		<row>
			<formatIndex>15</formatIndex>
			<c>
				<i>1</i>
				<c>
					<f>16</f>
					<tl>
						<v8:item>
							<v8:lang>ru</v8:lang>
							<v8:content>ОПИСЬ СВЕДЕНИЙ, передаваемых страхователем в ПФР</v8:content>
						</v8:item>
					</tl>
				</c>
			</c>
		</row>
	</rowsItem>
	<rowsItem>
		<index>4</index>
		<row>
			<formatIndex>14</formatIndex>
			<empty>true</empty>
		</row>
	</rowsItem>
	<rowsItem>
		<index>5</index>
		<row>
			<formatIndex>17</formatIndex>
			<c>
				<i>1</i>
				<c>
					<f>15</f>
					<tl>
						<v8:item>
							<v8:lang>ru</v8:lang>
							<v8:content>Реквизиты страхователя, передающего реестр:</v8:content>
						</v8:item>
					</tl>
				</c>
			</c>
			<c>
				<i>31</i>
				<c>
					<f>15</f>
				</c>
			</c>
			<c>
				<c>
					<f>15</f>
				</c>
			</c>
			<c>
				<c>
					<f>15</f>
				</c>
			</c>
			<c>
				<c>
					<f>15</f>
				</c>
			</c>
			<c>
				<c>
					<f>15</f>
				</c>
			</c>
			<c>
				<c>
					<f>15</f>
				</c>
			</c>
			<c>
				<c>
					<f>15</f>
				</c>
			</c>
			<c>
				<c>
					<f>15</f>
				</c>
			</c>
			<c>
				<c>
					<f>15</f>
				</c>
			</c>
			<c>
				<c>
					<f>15</f>
				</c>
			</c>
			<c>
				<c>
					<f>15</f>
				</c>
			</c>
			<c>
				<c>
					<f>15</f>
				</c>
			</c>
			<c>
				<c>
					<f>15</f>
				</c>
			</c>
			<c>
				<c>
					<f>15</f>
				</c>
			</c>
			<c>
				<c>
					<f>15</f>
				</c>
			</c>
			<c>
				<c>
					<f>15</f>
				</c>
			</c>
			<c>
				<c>
					<f>15</f>
				</c>
			</c>
			<c>
				<c>
					<f>15</f>
				</c>
			</c>
			<c>
				<c>
					<f>15</f>
				</c>
			</c>
		</row>
	</rowsItem>
	<rowsItem>
		<index>6</index>
		<row>
			<formatIndex>4</formatIndex>
			<c>
				<i>31</i>
				<c>
					<f>15</f>
				</c>
			</c>
			<c>
				<c>
					<f>15</f>
				</c>
			</c>
			<c>
				<c>
					<f>15</f>
				</c>
			</c>
			<c>
				<c>
					<f>15</f>
				</c>
			</c>
			<c>
				<c>
					<f>15</f>
				</c>
			</c>
			<c>
				<c>
					<f>15</f>
				</c>
			</c>
			<c>
				<c>
					<f>15</f>
				</c>
			</c>
			<c>
				<c>
					<f>15</f>
				</c>
			</c>
			<c>
				<c>
					<f>15</f>
				</c>
			</c>
			<c>
				<c>
					<f>15</f>
				</c>
			</c>
			<c>
				<c>
					<f>15</f>
				</c>
			</c>
			<c>
				<c>
					<f>15</f>
				</c>
			</c>
			<c>
				<c>
					<f>15</f>
				</c>
			</c>
			<c>
				<c>
					<f>15</f>
				</c>
			</c>
			<c>
				<c>
					<f>15</f>
				</c>
			</c>
			<c>
				<c>
					<f>15</f>
				</c>
			</c>
			<c>
				<c>
					<f>15</f>
				</c>
			</c>
			<c>
				<c>
					<f>15</f>
				</c>
			</c>
			<c>
				<c>
					<f>15</f>
				</c>
			</c>
		</row>
	</rowsItem>
	<rowsItem>
		<index>7</index>
		<row>
			<formatIndex>5</formatIndex>
			<c>
				<i>1</i>
				<c>
					<f>15</f>
					<tl>
						<v8:item>
							<v8:lang>ru</v8:lang>
							<v8:content>Регистрационный номер в ПФР</v8:content>
						</v8:item>
					</tl>
				</c>
			</c>
			<c>
				<i>12</i>
				<c>
					<f>18</f>
					<parameter>РегНомПФР</parameter>
				</c>
			</c>
			<c>
				<i>28</i>
				<c>
					<f>15</f>
				</c>
			</c>
			<c>
				<i>30</i>
				<c>
					<f>10</f>
					<tl>
						<v8:item>
							<v8:lang>ru</v8:lang>
							<v8:content>Количество исходных пачек документов</v8:content>
						</v8:item>
					</tl>
				</c>
			</c>
			<c>
				<c>
					<f>10</f>
				</c>
			</c>
			<c>
				<c>
					<f>10</f>
				</c>
			</c>
			<c>
				<c>
					<f>10</f>
				</c>
			</c>
			<c>
				<c>
					<f>10</f>
				</c>
			</c>
			<c>
				<c>
					<f>10</f>
				</c>
			</c>
			<c>
				<c>
					<f>10</f>
				</c>
			</c>
			<c>
				<c>
					<f>10</f>
				</c>
			</c>
			<c>
				<c>
					<f>10</f>
				</c>
			</c>
			<c>
				<c>
					<f>10</f>
				</c>
			</c>
			<c>
				<c>
					<f>15</f>
				</c>
			</c>
			<c>
				<c>
					<f>15</f>
				</c>
			</c>
			<c>
				<c>
					<f>15</f>
				</c>
			</c>
			<c>
				<c>
					<f>19</f>
					<parameter>КоличествоИсходныхДокументов</parameter>
				</c>
			</c>
			<c>
				<c>
					<f>10</f>
				</c>
			</c>
			<c>
				<c>
					<f>10</f>
				</c>
			</c>
			<c>
				<c>
					<f>10</f>
				</c>
			</c>
			<c>
				<i>49</i>
				<c>
					<f>15</f>
				</c>
			</c>
		</row>
	</rowsItem>
	<rowsItem>
		<index>8</index>
		<row>
			<formatIndex>4</formatIndex>
			<c>
				<i>31</i>
				<c>
					<f>20</f>
				</c>
			</c>
			<c>
				<c>
					<f>20</f>
				</c>
			</c>
			<c>
				<c>
					<f>20</f>
				</c>
			</c>
			<c>
				<c>
					<f>20</f>
				</c>
			</c>
			<c>
				<c>
					<f>20</f>
				</c>
			</c>
			<c>
				<c>
					<f>20</f>
				</c>
			</c>
			<c>
				<c>
					<f>20</f>
				</c>
			</c>
			<c>
				<c>
					<f>20</f>
				</c>
			</c>
			<c>
				<c>
					<f>20</f>
				</c>
			</c>
			<c>
				<i>44</i>
				<c>
					<f>20</f>
				</c>
			</c>
			<c>
				<c>
					<f>20</f>
				</c>
			</c>
			<c>
				<c>
					<f>20</f>
				</c>
			</c>
			<c>
				<c>
					<f>15</f>
				</c>
			</c>
			<c>
				<c>
					<f>15</f>
				</c>
			</c>
			<c>
				<c>
					<f>15</f>
				</c>
			</c>
		</row>
	</rowsItem>
	<rowsItem>
		<index>9</index>
		<row>
			<formatIndex>21</formatIndex>
			<c>
				<i>1</i>
				<c>
					<f>15</f>
					<tl>
						<v8:item>
							<v8:lang>ru</v8:lang>
							<v8:content>Наименование организации (краткое)</v8:content>
						</v8:item>
					</tl>
				</c>
			</c>
			<c>
				<i>12</i>
				<c>
					<f>22</f>
					<parameter>НаименованиеОрганизации</parameter>
				</c>
			</c>
			<c>
				<i>28</i>
				<c>
					<f>23</f>
				</c>
			</c>
			<c>
				<c>
					<f>23</f>
				</c>
			</c>
			<c>
				<c>
					<f>23</f>
					<tl>
						<v8:item>
							<v8:lang>ru</v8:lang>
							<v8:content>Количество корректирующих (отменяющих) пачек документов</v8:content>
						</v8:item>
					</tl>
				</c>
			</c>
			<c>
				<i>43</i>
				<c>
					<f>24</f>
					<parameter>КоличествоКорректирующихДокументов</parameter>
				</c>
			</c>
			<c>
				<c>
					<f>25</f>
				</c>
			</c>
			<c>
				<c>
					<f>25</f>
				</c>
			</c>
			<c>
				<c>
					<f>25</f>
				</c>
			</c>
			<c>
				<c>
					<f>15</f>
				</c>
			</c>
			<c>
				<c>
					<f>15</f>
				</c>
			</c>
			<c>
				<c>
					<f>15</f>
				</c>
			</c>
		</row>
	</rowsItem>
	<rowsItem>
		<index>10</index>
		<row>
			<formatIndex>4</formatIndex>
			<c>
				<i>12</i>
				<c>
					<f>26</f>
				</c>
			</c>
			<c>
				<c>
					<f>26</f>
				</c>
			</c>
			<c>
				<c>
					<f>26</f>
				</c>
			</c>
			<c>
				<c>
					<f>26</f>
				</c>
			</c>
			<c>
				<c>
					<f>26</f>
				</c>
			</c>
			<c>
				<c>
					<f>26</f>
				</c>
			</c>
			<c>
				<c>
					<f>26</f>
				</c>
			</c>
			<c>
				<c>
					<f>26</f>
				</c>
			</c>
			<c>
				<c>
					<f>26</f>
				</c>
			</c>
			<c>
				<c>
					<f>26</f>
				</c>
			</c>
			<c>
				<c>
					<f>26</f>
				</c>
			</c>
			<c>
				<c>
					<f>26</f>
				</c>
			</c>
			<c>
				<c>
					<f>26</f>
				</c>
			</c>
			<c>
				<c>
					<f>26</f>
				</c>
			</c>
			<c>
				<c>
					<f>26</f>
				</c>
			</c>
			<c>
				<i>28</i>
				<c>
					<f>27</f>
				</c>
			</c>
			<c>
				<c>
					<f>27</f>
				</c>
			</c>
			<c>
				<i>43</i>
				<c>
					<f>20</f>
				</c>
			</c>
			<c>
				<c>
					<f>20</f>
				</c>
			</c>
			<c>
				<c>
					<f>20</f>
				</c>
			</c>
			<c>
				<c>
					<f>20</f>
				</c>
			</c>
			<c>
				<c>
					<f>15</f>
				</c>
			</c>
			<c>
				<c>
					<f>15</f>
				</c>
			</c>
			<c>
				<c>
					<f>15</f>
				</c>
			</c>
		</row>
	</rowsItem>
	<rowsItem>
		<index>11</index>
		<row>
			<formatIndex>5</formatIndex>
			<c>
				<i>1</i>
				<c>
					<f>15</f>
					<tl>
						<v8:item>
							<v8:lang>ru</v8:lang>
							<v8:content>ИНН</v8:content>
						</v8:item>
					</tl>
				</c>
			</c>
			<c>
				<i>3</i>
				<c>
					<f>18</f>
					<parameter>ИНН</parameter>
				</c>
			</c>
			<c>
				<i>10</i>
				<c>
					<f>15</f>
					<tl>
						<v8:item>
							<v8:lang>ru</v8:lang>
							<v8:content>КПП</v8:content>
						</v8:item>
					</tl>
				</c>
			</c>
			<c>
				<i>12</i>
				<c>
					<f>18</f>
					<parameter>КПП</parameter>
				</c>
			</c>
			<c>
				<i>28</i>
				<c>
					<f>28</f>
				</c>
			</c>
			<c>
				<c>
					<f>28</f>
				</c>
			</c>
			<c>
				<i>43</i>
				<c>
					<f>10</f>
				</c>
			</c>
			<c>
				<c>
					<f>10</f>
				</c>
			</c>
			<c>
				<c>
					<f>10</f>
				</c>
			</c>
			<c>
				<c>
					<f>10</f>
				</c>
			</c>
			<c>
				<c>
					<f>10</f>
				</c>
			</c>
			<c>
				<c>
					<f>10</f>
				</c>
			</c>
			<c>
				<c>
					<f>15</f>
				</c>
			</c>
		</row>
	</rowsItem>
	<rowsItem>
		<index>12</index>
		<row>
			<formatIndex>29</formatIndex>
			<c>
				<i>12</i>
				<c>
					<f>26</f>
				</c>
			</c>
			<c>
				<c>
					<f>26</f>
				</c>
			</c>
			<c>
				<c>
					<f>26</f>
				</c>
			</c>
			<c>
				<c>
					<f>26</f>
				</c>
			</c>
			<c>
				<c>
					<f>26</f>
				</c>
			</c>
			<c>
				<c>
					<f>26</f>
				</c>
			</c>
			<c>
				<c>
					<f>26</f>
				</c>
			</c>
			<c>
				<c>
					<f>26</f>
				</c>
			</c>
			<c>
				<c>
					<f>26</f>
				</c>
			</c>
			<c>
				<c>
					<f>26</f>
				</c>
			</c>
			<c>
				<c>
					<f>26</f>
				</c>
			</c>
			<c>
				<c>
					<f>26</f>
				</c>
			</c>
			<c>
				<c>
					<f>26</f>
				</c>
			</c>
			<c>
				<c>
					<f>26</f>
				</c>
			</c>
			<c>
				<c>
					<f>26</f>
				</c>
			</c>
			<c>
				<i>31</i>
				<c>
					<f>15</f>
				</c>
			</c>
			<c>
				<c>
					<f>15</f>
				</c>
			</c>
			<c>
				<c>
					<f>15</f>
				</c>
			</c>
			<c>
				<c>
					<f>15</f>
				</c>
			</c>
			<c>
				<c>
					<f>15</f>
				</c>
			</c>
			<c>
				<c>
					<f>15</f>
				</c>
			</c>
			<c>
				<c>
					<f>15</f>
				</c>
			</c>
			<c>
				<c>
					<f>15</f>
				</c>
			</c>
			<c>
				<c>
					<f>15</f>
				</c>
			</c>
			<c>
				<c>
					<f>15</f>
				</c>
			</c>
			<c>
				<c>
					<f>15</f>
				</c>
			</c>
			<c>
				<c>
					<f>15</f>
				</c>
			</c>
			<c>
				<c>
					<f>15</f>
				</c>
			</c>
			<c>
				<c>
					<f>15</f>
				</c>
			</c>
			<c>
				<c>
					<f>15</f>
				</c>
			</c>
			<c>
				<c>
					<f>15</f>
				</c>
			</c>
			<c>
				<c>
					<f>15</f>
				</c>
			</c>
			<c>
				<c>
					<f>15</f>
				</c>
			</c>
			<c>
				<c>
					<f>15</f>
				</c>
			</c>
		</row>
	</rowsItem>
	<rowsItem>
		<index>13</index>
		<row>
			<formatIndex>17</formatIndex>
			<c>
				<i>1</i>
				<c>
					<f>10</f>
					<tl>
						<v8:item>
							<v8:lang>ru</v8:lang>
							<v8:content>Отчетный период:</v8:content>
						</v8:item>
					</tl>
				</c>
			</c>
			<c>
				<c>
					<f>25</f>
				</c>
			</c>
			<c>
				<c>
					<f>25</f>
				</c>
			</c>
			<c>
				<c>
					<f>25</f>
				</c>
			</c>
			<c>
				<c>
					<f>25</f>
				</c>
			</c>
			<c>
				<c>
					<f>25</f>
				</c>
			</c>
			<c>
				<c>
					<f>25</f>
				</c>
			</c>
			<c>
				<c>
					<f>25</f>
				</c>
			</c>
			<c>
				<c>
					<f>25</f>
				</c>
			</c>
			<c>
				<c>
					<f>15</f>
				</c>
			</c>
			<c>
				<c>
					<f>15</f>
				</c>
			</c>
			<c>
				<c>
					<f>15</f>
				</c>
			</c>
			<c>
				<c>
					<f>15</f>
				</c>
			</c>
			<c>
				<c>
					<f>15</f>
				</c>
			</c>
			<c>
				<c>
					<f>15</f>
				</c>
			</c>
			<c>
				<c>
					<f>15</f>
				</c>
			</c>
			<c>
				<c>
					<f>15</f>
				</c>
			</c>
			<c>
				<c>
					<f>15</f>
				</c>
			</c>
			<c>
				<c>
					<f>15</f>
				</c>
			</c>
			<c>
				<c>
					<f>15</f>
				</c>
			</c>
			<c>
				<c>
					<f>15</f>
				</c>
			</c>
			<c>
				<c>
					<f>15</f>
				</c>
			</c>
			<c>
				<c>
					<f>15</f>
				</c>
			</c>
			<c>
				<c>
					<f>15</f>
				</c>
			</c>
			<c>
				<c>
					<f>15</f>
				</c>
			</c>
			<c>
				<c>
					<f>15</f>
				</c>
			</c>
			<c>
				<c>
					<f>25</f>
				</c>
			</c>
			<c>
				<i>31</i>
				<c>
					<f>15</f>
				</c>
			</c>
			<c>
				<c>
					<f>15</f>
				</c>
			</c>
			<c>
				<c>
					<f>15</f>
				</c>
			</c>
			<c>
				<c>
					<f>15</f>
				</c>
			</c>
			<c>
				<c>
					<f>15</f>
				</c>
			</c>
			<c>
				<c>
					<f>15</f>
				</c>
			</c>
			<c>
				<c>
					<f>15</f>
				</c>
			</c>
			<c>
				<c>
					<f>15</f>
				</c>
			</c>
			<c>
				<c>
					<f>15</f>
				</c>
			</c>
			<c>
				<c>
					<f>15</f>
				</c>
			</c>
			<c>
				<c>
					<f>15</f>
				</c>
			</c>
			<c>
				<c>
					<f>15</f>
				</c>
			</c>
			<c>
				<c>
					<f>15</f>
				</c>
			</c>
			<c>
				<c>
					<f>15</f>
				</c>
			</c>
			<c>
				<c>
					<f>15</f>
				</c>
			</c>
			<c>
				<c>
					<f>15</f>
				</c>
			</c>
			<c>
				<c>
					<f>15</f>
				</c>
			</c>
			<c>
				<c>
					<f>15</f>
				</c>
			</c>
			<c>
				<c>
					<f>15</f>
				</c>
			</c>
		</row>
	</rowsItem>
	<rowsItem>
		<index>14</index>
		<row>
			<formatIndex>30</formatIndex>
			<c>
				<i>1</i>
				<c>
					<f>10</f>
				</c>
			</c>
			<c>
				<c>
					<f>25</f>
				</c>
			</c>
			<c>
				<c>
					<f>25</f>
				</c>
			</c>
			<c>
				<c>
					<f>25</f>
				</c>
			</c>
			<c>
				<c>
					<f>25</f>
				</c>
			</c>
			<c>
				<c>
					<f>25</f>
				</c>
			</c>
			<c>
				<c>
					<f>25</f>
				</c>
			</c>
			<c>
				<c>
					<f>25</f>
				</c>
			</c>
			<c>
				<c>
					<f>25</f>
				</c>
			</c>
			<c>
				<c>
					<f>15</f>
				</c>
			</c>
			<c>
				<c>
					<f>15</f>
				</c>
			</c>
			<c>
				<c>
					<f>15</f>
				</c>
			</c>
			<c>
				<c>
					<f>15</f>
				</c>
			</c>
			<c>
				<c>
					<f>15</f>
				</c>
			</c>
			<c>
				<c>
					<f>15</f>
				</c>
			</c>
			<c>
				<c>
					<f>15</f>
				</c>
			</c>
			<c>
				<c>
					<f>15</f>
				</c>
			</c>
			<c>
				<c>
					<f>15</f>
				</c>
			</c>
			<c>
				<c>
					<f>15</f>
				</c>
			</c>
			<c>
				<c>
					<f>15</f>
				</c>
			</c>
			<c>
				<c>
					<f>15</f>
				</c>
			</c>
			<c>
				<c>
					<f>15</f>
				</c>
			</c>
			<c>
				<c>
					<f>15</f>
				</c>
			</c>
			<c>
				<c>
					<f>15</f>
				</c>
			</c>
			<c>
				<c>
					<f>15</f>
				</c>
			</c>
			<c>
				<c>
					<f>15</f>
				</c>
			</c>
			<c>
				<c>
					<f>25</f>
				</c>
			</c>
			<c>
				<i>31</i>
				<c>
					<f>15</f>
				</c>
			</c>
			<c>
				<c>
					<f>15</f>
				</c>
			</c>
			<c>
				<c>
					<f>15</f>
				</c>
			</c>
			<c>
				<c>
					<f>15</f>
				</c>
			</c>
			<c>
				<c>
					<f>15</f>
				</c>
			</c>
			<c>
				<c>
					<f>15</f>
				</c>
			</c>
			<c>
				<c>
					<f>15</f>
				</c>
			</c>
			<c>
				<c>
					<f>15</f>
				</c>
			</c>
			<c>
				<c>
					<f>15</f>
				</c>
			</c>
			<c>
				<c>
					<f>15</f>
				</c>
			</c>
			<c>
				<c>
					<f>15</f>
				</c>
			</c>
			<c>
				<c>
					<f>15</f>
				</c>
			</c>
			<c>
				<c>
					<f>15</f>
				</c>
			</c>
			<c>
				<c>
					<f>15</f>
				</c>
			</c>
			<c>
				<c>
					<f>15</f>
				</c>
			</c>
			<c>
				<c>
					<f>15</f>
				</c>
			</c>
			<c>
				<c>
					<f>15</f>
				</c>
			</c>
			<c>
				<c>
					<f>15</f>
				</c>
			</c>
			<c>
				<c>
					<f>15</f>
				</c>
			</c>
		</row>
	</rowsItem>
	<rowsItem>
		<index>15</index>
		<row>
			<formatIndex>21</formatIndex>
			<c>
				<i>1</i>
				<c>
					<f>10</f>
				</c>
			</c>
			<c>
				<c>
					<f>10</f>
				</c>
			</c>
			<c>
				<c>
					<f>31</f>
					<tl>
						<v8:item>
							<v8:lang>ru</v8:lang>
							<v8:content>I квартал</v8:content>
						</v8:item>
					</tl>
				</c>
			</c>
			<c>
				<c>
					<f>32</f>
					<parameter>ФлагКвартал</parameter>
				</c>
			</c>
			<c>
				<c>
					<f>10</f>
				</c>
			</c>
			<c>
				<c>
					<f>10</f>
				</c>
			</c>
			<c>
				<c>
					<f>10</f>
				</c>
			</c>
			<c>
				<c>
					<f>31</f>
					<tl>
						<v8:item>
							<v8:lang>ru</v8:lang>
							<v8:content>I полугодие</v8:content>
						</v8:item>
					</tl>
				</c>
			</c>
			<c>
				<c>
					<f>32</f>
					<parameter>ФлагПолугодие</parameter>
				</c>
			</c>
			<c>
				<c>
					<f>10</f>
				</c>
			</c>
			<c>
				<c>
					<f>10</f>
				</c>
			</c>
			<c>
				<c>
					<f>10</f>
				</c>
			</c>
			<c>
				<c>
					<f>31</f>
					<tl>
						<v8:item>
							<v8:lang>ru</v8:lang>
							<v8:content>9 месяцев</v8:content>
						</v8:item>
					</tl>
				</c>
			</c>
			<c>
				<c>
					<f>32</f>
					<parameter>Флаг9месяцев</parameter>
				</c>
			</c>
			<c>
				<c>
					<f>10</f>
				</c>
			</c>
			<c>
				<c>
					<f>31</f>
					<tl>
						<v8:item>
							<v8:lang>ru</v8:lang>
							<v8:content>год:</v8:content>
						</v8:item>
					</tl>
				</c>
			</c>
			<c>
				<c>
					<f>32</f>
					<parameter>ФлагГод</parameter>
				</c>
			</c>
			<c>
				<c>
					<f>15</f>
				</c>
			</c>
			<c>
				<c>
					<f>10</f>
					<tl>
						<v8:item>
							<v8:lang>ru</v8:lang>
							<v8:content>Календарного года</v8:content>
						</v8:item>
					</tl>
				</c>
			</c>
			<c>
				<c>
					<f>10</f>
				</c>
			</c>
			<c>
				<c>
					<f>10</f>
				</c>
			</c>
			<c>
				<c>
					<f>10</f>
				</c>
			</c>
			<c>
				<c>
					<f>10</f>
				</c>
			</c>
			<c>
				<c>
					<f>10</f>
				</c>
			</c>
			<c>
				<c>
					<f>33</f>
					<parameter>Год</parameter>
				</c>
			</c>
			<c>
				<c>
					<f>10</f>
				</c>
			</c>
			<c>
				<c>
					<f>10</f>
				</c>
			</c>
			<c>
				<c>
					<f>10</f>
				</c>
			</c>
			<c>
				<i>31</i>
				<c>
					<f>15</f>
				</c>
			</c>
			<c>
				<c>
					<f>15</f>
				</c>
			</c>
			<c>
				<c>
					<f>15</f>
				</c>
			</c>
			<c>
				<c>
					<f>15</f>
				</c>
			</c>
			<c>
				<c>
					<f>15</f>
				</c>
			</c>
			<c>
				<c>
					<f>15</f>
				</c>
			</c>
			<c>
				<c>
					<f>15</f>
				</c>
			</c>
			<c>
				<c>
					<f>15</f>
				</c>
			</c>
			<c>
				<c>
					<f>15</f>
				</c>
			</c>
			<c>
				<c>
					<f>15</f>
				</c>
			</c>
			<c>
				<c>
					<f>15</f>
				</c>
			</c>
			<c>
				<c>
					<f>15</f>
				</c>
			</c>
			<c>
				<c>
					<f>15</f>
				</c>
			</c>
			<c>
				<c>
					<f>15</f>
				</c>
			</c>
			<c>
				<c>
					<f>15</f>
				</c>
			</c>
			<c>
				<c>
					<f>15</f>
				</c>
			</c>
			<c>
				<c>
					<f>15</f>
				</c>
			</c>
			<c>
				<c>
					<f>15</f>
				</c>
			</c>
			<c>
				<c>
					<f>15</f>
				</c>
			</c>
		</row>
	</rowsItem>
	<rowsItem>
		<index>16</index>
		<row>
			<formatIndex>4</formatIndex>
			<c>
				<i>1</i>
				<c>
					<f>10</f>
				</c>
			</c>
			<c>
				<c>
					<f>25</f>
				</c>
			</c>
			<c>
				<c>
					<f>25</f>
				</c>
			</c>
			<c>
				<c>
					<f>25</f>
				</c>
			</c>
			<c>
				<c>
					<f>25</f>
				</c>
			</c>
			<c>
				<c>
					<f>25</f>
				</c>
			</c>
			<c>
				<c>
					<f>25</f>
				</c>
			</c>
			<c>
				<c>
					<f>25</f>
				</c>
			</c>
			<c>
				<c>
					<f>25</f>
				</c>
			</c>
			<c>
				<c>
					<f>15</f>
				</c>
			</c>
			<c>
				<c>
					<f>15</f>
				</c>
			</c>
			<c>
				<c>
					<f>15</f>
				</c>
			</c>
			<c>
				<c>
					<f>15</f>
				</c>
			</c>
			<c>
				<c>
					<f>15</f>
				</c>
			</c>
			<c>
				<c>
					<f>15</f>
				</c>
			</c>
			<c>
				<c>
					<f>15</f>
				</c>
			</c>
			<c>
				<c>
					<f>15</f>
				</c>
			</c>
			<c>
				<c>
					<f>15</f>
				</c>
			</c>
			<c>
				<c>
					<f>15</f>
				</c>
			</c>
			<c>
				<c>
					<f>15</f>
				</c>
			</c>
			<c>
				<c>
					<f>15</f>
				</c>
			</c>
			<c>
				<c>
					<f>15</f>
				</c>
			</c>
			<c>
				<c>
					<f>15</f>
				</c>
			</c>
			<c>
				<c>
					<f>15</f>
				</c>
			</c>
			<c>
				<c>
					<f>15</f>
				</c>
			</c>
			<c>
				<c>
					<f>15</f>
				</c>
			</c>
			<c>
				<c>
					<f>25</f>
				</c>
			</c>
			<c>
				<i>31</i>
				<c>
					<f>15</f>
				</c>
			</c>
			<c>
				<c>
					<f>15</f>
				</c>
			</c>
			<c>
				<c>
					<f>15</f>
				</c>
			</c>
			<c>
				<c>
					<f>15</f>
				</c>
			</c>
			<c>
				<c>
					<f>15</f>
				</c>
			</c>
			<c>
				<c>
					<f>15</f>
				</c>
			</c>
			<c>
				<c>
					<f>15</f>
				</c>
			</c>
			<c>
				<c>
					<f>15</f>
				</c>
			</c>
			<c>
				<c>
					<f>15</f>
				</c>
			</c>
			<c>
				<c>
					<f>15</f>
				</c>
			</c>
			<c>
				<c>
					<f>15</f>
				</c>
			</c>
			<c>
				<c>
					<f>15</f>
				</c>
			</c>
			<c>
				<c>
					<f>15</f>
				</c>
			</c>
			<c>
				<c>
					<f>15</f>
				</c>
			</c>
			<c>
				<c>
					<f>15</f>
				</c>
			</c>
			<c>
				<c>
					<f>15</f>
				</c>
			</c>
			<c>
				<c>
					<f>15</f>
				</c>
			</c>
			<c>
				<c>
					<f>15</f>
				</c>
			</c>
			<c>
				<c>
					<f>15</f>
				</c>
			</c>
		</row>
	</rowsItem>
	<rowsItem>
		<index>17</index>
		<row>
			<formatIndex>21</formatIndex>
			<c>
				<i>1</i>
				<c>
					<f>25</f>
					<tl>
						<v8:item>
							<v8:lang>ru</v8:lang>
							<v8:content>Отчетный период 2010 года:</v8:content>
						</v8:item>
					</tl>
				</c>
			</c>
			<c>
				<c>
					<f>25</f>
				</c>
			</c>
			<c>
				<c>
					<f>25</f>
				</c>
			</c>
			<c>
				<c>
					<f>25</f>
				</c>
			</c>
			<c>
				<c>
					<f>25</f>
				</c>
			</c>
			<c>
				<c>
					<f>25</f>
				</c>
			</c>
			<c>
				<c>
					<f>25</f>
				</c>
			</c>
			<c>
				<c>
					<f>25</f>
				</c>
			</c>
			<c>
				<c>
					<f>25</f>
				</c>
			</c>
			<c>
				<c>
					<f>25</f>
				</c>
			</c>
			<c>
				<c>
					<f>25</f>
				</c>
			</c>
			<c>
				<c>
					<f>34</f>
					<tl>
						<v8:item>
							<v8:lang>ru</v8:lang>
							<v8:content>I полугодие</v8:content>
						</v8:item>
					</tl>
				</c>
			</c>
			<c>
				<c>
					<f>35</f>
					<parameter>ФлагПолугодие10</parameter>
				</c>
			</c>
			<c>
				<c>
					<f>25</f>
				</c>
			</c>
			<c>
				<c>
					<f>25</f>
				</c>
			</c>
			<c>
				<c>
					<f>34</f>
					<tl>
						<v8:item>
							<v8:lang>ru</v8:lang>
							<v8:content>год:</v8:content>
						</v8:item>
					</tl>
				</c>
			</c>
			<c>
				<c>
					<f>35</f>
					<parameter>ФлагГод10</parameter>
				</c>
			</c>
			<c>
				<i>21</i>
				<c>
					<f>15</f>
				</c>
			</c>
			<c>
				<c>
					<f>15</f>
				</c>
			</c>
			<c>
				<c>
					<f>15</f>
				</c>
			</c>
			<c>
				<c>
					<f>15</f>
				</c>
			</c>
			<c>
				<c>
					<f>15</f>
				</c>
			</c>
			<c>
				<c>
					<f>15</f>
				</c>
			</c>
			<c>
				<c>
					<f>25</f>
				</c>
			</c>
			<c>
				<i>31</i>
				<c>
					<f>15</f>
				</c>
			</c>
			<c>
				<c>
					<f>15</f>
				</c>
			</c>
			<c>
				<c>
					<f>15</f>
				</c>
			</c>
			<c>
				<c>
					<f>15</f>
				</c>
			</c>
			<c>
				<c>
					<f>15</f>
				</c>
			</c>
			<c>
				<c>
					<f>15</f>
				</c>
			</c>
			<c>
				<c>
					<f>15</f>
				</c>
			</c>
			<c>
				<c>
					<f>15</f>
				</c>
			</c>
			<c>
				<c>
					<f>15</f>
				</c>
			</c>
			<c>
				<c>
					<f>15</f>
				</c>
			</c>
			<c>
				<c>
					<f>15</f>
				</c>
			</c>
			<c>
				<c>
					<f>15</f>
				</c>
			</c>
			<c>
				<c>
					<f>15</f>
				</c>
			</c>
			<c>
				<c>
					<f>15</f>
				</c>
			</c>
			<c>
				<c>
					<f>15</f>
				</c>
			</c>
			<c>
				<c>
					<f>15</f>
				</c>
			</c>
			<c>
				<c>
					<f>15</f>
				</c>
			</c>
			<c>
				<c>
					<f>15</f>
				</c>
			</c>
			<c>
				<c>
					<f>15</f>
				</c>
			</c>
		</row>
	</rowsItem>
	<rowsItem>
		<index>18</index>
		<row>
			<formatIndex>36</formatIndex>
			<c>
				<i>1</i>
				<c>
					<f>10</f>
				</c>
			</c>
			<c>
				<c>
					<f>25</f>
				</c>
			</c>
			<c>
				<c>
					<f>25</f>
				</c>
			</c>
			<c>
				<c>
					<f>25</f>
				</c>
			</c>
			<c>
				<c>
					<f>25</f>
				</c>
			</c>
			<c>
				<c>
					<f>25</f>
				</c>
			</c>
			<c>
				<c>
					<f>25</f>
				</c>
			</c>
			<c>
				<c>
					<f>25</f>
				</c>
			</c>
			<c>
				<c>
					<f>25</f>
				</c>
			</c>
			<c>
				<c>
					<f>15</f>
				</c>
			</c>
			<c>
				<c>
					<f>15</f>
				</c>
			</c>
			<c>
				<c>
					<f>15</f>
				</c>
			</c>
			<c>
				<c>
					<f>15</f>
				</c>
			</c>
			<c>
				<c>
					<f>15</f>
				</c>
			</c>
			<c>
				<c>
					<f>15</f>
				</c>
			</c>
			<c>
				<c>
					<f>15</f>
				</c>
			</c>
			<c>
				<c>
					<f>15</f>
				</c>
			</c>
			<c>
				<c>
					<f>15</f>
				</c>
			</c>
			<c>
				<c>
					<f>15</f>
				</c>
			</c>
			<c>
				<c>
					<f>15</f>
				</c>
			</c>
			<c>
				<c>
					<f>15</f>
				</c>
			</c>
			<c>
				<c>
					<f>15</f>
				</c>
			</c>
			<c>
				<c>
					<f>15</f>
				</c>
			</c>
			<c>
				<c>
					<f>15</f>
				</c>
			</c>
			<c>
				<c>
					<f>15</f>
				</c>
			</c>
			<c>
				<c>
					<f>15</f>
				</c>
			</c>
			<c>
				<c>
					<f>25</f>
				</c>
			</c>
			<c>
				<i>31</i>
				<c>
					<f>15</f>
				</c>
			</c>
			<c>
				<c>
					<f>15</f>
				</c>
			</c>
			<c>
				<c>
					<f>15</f>
				</c>
			</c>
			<c>
				<c>
					<f>15</f>
				</c>
			</c>
			<c>
				<c>
					<f>15</f>
				</c>
			</c>
			<c>
				<c>
					<f>15</f>
				</c>
			</c>
			<c>
				<c>
					<f>15</f>
				</c>
			</c>
			<c>
				<c>
					<f>15</f>
				</c>
			</c>
			<c>
				<c>
					<f>15</f>
				</c>
			</c>
			<c>
				<c>
					<f>15</f>
				</c>
			</c>
			<c>
				<c>
					<f>15</f>
				</c>
			</c>
			<c>
				<c>
					<f>15</f>
				</c>
			</c>
			<c>
				<c>
					<f>15</f>
				</c>
			</c>
			<c>
				<c>
					<f>15</f>
				</c>
			</c>
			<c>
				<c>
					<f>15</f>
				</c>
			</c>
			<c>
				<c>
					<f>15</f>
				</c>
			</c>
			<c>
				<c>
					<f>15</f>
				</c>
			</c>
			<c>
				<c>
					<f>15</f>
				</c>
			</c>
			<c>
				<c>
					<f>15</f>
				</c>
			</c>
		</row>
	</rowsItem>
	<rowsItem>
		<index>19</index>
		<row>
			<formatIndex>21</formatIndex>
			<c>
				<i>1</i>
				<c>
					<f>37</f>
					<tl>
						<v8:item>
							<v8:lang>ru</v8:lang>
							<v8:content>Сведения об исходных сведениях:</v8:content>
						</v8:item>
					</tl>
				</c>
			</c>
			<c>
				<c>
					<f>25</f>
				</c>
			</c>
			<c>
				<c>
					<f>25</f>
				</c>
			</c>
			<c>
				<c>
					<f>25</f>
				</c>
			</c>
			<c>
				<c>
					<f>25</f>
				</c>
			</c>
			<c>
				<c>
					<f>25</f>
				</c>
			</c>
			<c>
				<c>
					<f>25</f>
				</c>
			</c>
			<c>
				<c>
					<f>25</f>
				</c>
			</c>
			<c>
				<c>
					<f>25</f>
				</c>
			</c>
			<c>
				<c>
					<f>15</f>
				</c>
			</c>
			<c>
				<c>
					<f>15</f>
				</c>
			</c>
			<c>
				<c>
					<f>15</f>
				</c>
			</c>
			<c>
				<c>
					<f>15</f>
				</c>
			</c>
			<c>
				<c>
					<f>15</f>
				</c>
			</c>
			<c>
				<c>
					<f>15</f>
				</c>
			</c>
			<c>
				<c>
					<f>15</f>
				</c>
			</c>
			<c>
				<c>
					<f>15</f>
				</c>
			</c>
			<c>
				<c>
					<f>15</f>
				</c>
			</c>
			<c>
				<c>
					<f>15</f>
				</c>
			</c>
			<c>
				<c>
					<f>15</f>
				</c>
			</c>
			<c>
				<c>
					<f>15</f>
				</c>
			</c>
			<c>
				<c>
					<f>15</f>
				</c>
			</c>
			<c>
				<c>
					<f>15</f>
				</c>
			</c>
			<c>
				<c>
					<f>15</f>
				</c>
			</c>
			<c>
				<c>
					<f>15</f>
				</c>
			</c>
			<c>
				<c>
					<f>15</f>
				</c>
			</c>
			<c>
				<c>
					<f>25</f>
				</c>
			</c>
			<c>
				<i>31</i>
				<c>
					<f>15</f>
				</c>
			</c>
			<c>
				<c>
					<f>15</f>
				</c>
			</c>
			<c>
				<c>
					<f>15</f>
				</c>
			</c>
			<c>
				<c>
					<f>15</f>
				</c>
			</c>
			<c>
				<c>
					<f>15</f>
				</c>
			</c>
			<c>
				<c>
					<f>15</f>
				</c>
			</c>
			<c>
				<c>
					<f>15</f>
				</c>
			</c>
			<c>
				<c>
					<f>15</f>
				</c>
			</c>
			<c>
				<c>
					<f>15</f>
				</c>
			</c>
			<c>
				<c>
					<f>15</f>
				</c>
			</c>
			<c>
				<c>
					<f>15</f>
				</c>
			</c>
			<c>
				<c>
					<f>15</f>
				</c>
			</c>
			<c>
				<c>
					<f>15</f>
				</c>
			</c>
			<c>
				<c>
					<f>15</f>
				</c>
			</c>
			<c>
				<c>
					<f>15</f>
				</c>
			</c>
			<c>
				<c>
					<f>15</f>
				</c>
			</c>
			<c>
				<c>
					<f>15</f>
				</c>
			</c>
			<c>
				<c>
					<f>15</f>
				</c>
			</c>
			<c>
				<c>
					<f>15</f>
				</c>
			</c>
		</row>
	</rowsItem>
	<rowsItem>
		<index>20</index>
		<row>
			<formatIndex>4</formatIndex>
			<c>
				<i>1</i>
				<c>
					<f>10</f>
				</c>
			</c>
			<c>
				<c>
					<f>25</f>
				</c>
			</c>
			<c>
				<c>
					<f>25</f>
				</c>
			</c>
			<c>
				<c>
					<f>25</f>
				</c>
			</c>
			<c>
				<c>
					<f>25</f>
				</c>
			</c>
			<c>
				<c>
					<f>25</f>
				</c>
			</c>
			<c>
				<c>
					<f>25</f>
				</c>
			</c>
			<c>
				<c>
					<f>25</f>
				</c>
			</c>
			<c>
				<c>
					<f>25</f>
				</c>
			</c>
			<c>
				<c>
					<f>15</f>
				</c>
			</c>
			<c>
				<c>
					<f>15</f>
				</c>
			</c>
			<c>
				<c>
					<f>15</f>
				</c>
			</c>
			<c>
				<c>
					<f>15</f>
				</c>
			</c>
			<c>
				<c>
					<f>15</f>
				</c>
			</c>
			<c>
				<c>
					<f>15</f>
				</c>
			</c>
			<c>
				<c>
					<f>15</f>
				</c>
			</c>
			<c>
				<c>
					<f>15</f>
				</c>
			</c>
			<c>
				<c>
					<f>15</f>
				</c>
			</c>
			<c>
				<c>
					<f>15</f>
				</c>
			</c>
			<c>
				<c>
					<f>15</f>
				</c>
			</c>
			<c>
				<c>
					<f>15</f>
				</c>
			</c>
			<c>
				<c>
					<f>15</f>
				</c>
			</c>
			<c>
				<c>
					<f>15</f>
				</c>
			</c>
			<c>
				<c>
					<f>15</f>
				</c>
			</c>
			<c>
				<c>
					<f>15</f>
				</c>
			</c>
			<c>
				<c>
					<f>15</f>
				</c>
			</c>
			<c>
				<c>
					<f>25</f>
				</c>
			</c>
			<c>
				<i>31</i>
				<c>
					<f>15</f>
				</c>
			</c>
			<c>
				<c>
					<f>15</f>
				</c>
			</c>
			<c>
				<c>
					<f>15</f>
				</c>
			</c>
			<c>
				<c>
					<f>15</f>
				</c>
			</c>
			<c>
				<c>
					<f>15</f>
				</c>
			</c>
			<c>
				<c>
					<f>15</f>
				</c>
			</c>
			<c>
				<c>
					<f>15</f>
				</c>
			</c>
			<c>
				<c>
					<f>15</f>
				</c>
			</c>
			<c>
				<c>
					<f>15</f>
				</c>
			</c>
			<c>
				<c>
					<f>15</f>
				</c>
			</c>
			<c>
				<c>
					<f>15</f>
				</c>
			</c>
			<c>
				<c>
					<f>15</f>
				</c>
			</c>
			<c>
				<c>
					<f>15</f>
				</c>
			</c>
			<c>
				<c>
					<f>15</f>
				</c>
			</c>
			<c>
				<c>
					<f>15</f>
				</c>
			</c>
			<c>
				<c>
					<f>15</f>
				</c>
			</c>
			<c>
				<c>
					<f>15</f>
				</c>
			</c>
			<c>
				<c>
					<f>15</f>
				</c>
			</c>
			<c>
				<c>
					<f>15</f>
				</c>
			</c>
		</row>
	</rowsItem>
	<rowsItem>
		<index>21</index>
		<row>
			<formatIndex>38</formatIndex>
			<c>
				<i>1</i>
				<c>
					<f>39</f>
					<tl>
						<v8:item>
							<v8:lang>ru</v8:lang>
							<v8:content>N п/п</v8:content>
						</v8:item>
					</tl>
				</c>
			</c>
			<c>
				<i>3</i>
				<c>
					<f>40</f>
					<tl>
						<v8:item>
							<v8:lang>ru</v8:lang>
							<v8:content>Код категории застрахованного лица</v8:content>
						</v8:item>
					</tl>
				</c>
			</c>
			<c>
				<i>9</i>
				<c>
					<f>40</f>
					<tl>
						<v8:item>
							<v8:lang>ru</v8:lang>
							<v8:content>Сумма страховых взносов на страховую часть трудовой пенсии</v8:content>
						</v8:item>
					</tl>
				</c>
			</c>
			<c>
				<i>21</i>
				<c>
					<f>41</f>
					<tl>
						<v8:item>
							<v8:lang>ru</v8:lang>
							<v8:content>Сумма страховых взносов на накопительную часть трудовой пенсии</v8:content>
						</v8:item>
					</tl>
				</c>
			</c>
			<c>
				<i>33</i>
				<c>
					<f>41</f>
					<tl>
						<v8:item>
							<v8:lang>ru</v8:lang>
							<v8:content>Количество застрахованных лиц</v8:content>
						</v8:item>
					</tl>
				</c>
			</c>
			<c>
				<i>38</i>
				<c>
					<f>41</f>
					<tl>
						<v8:item>
							<v8:lang>ru</v8:lang>
							<v8:content>Имя файла (номер реестра)</v8:content>
						</v8:item>
					</tl>
				</c>
			</c>
		</row>
	</rowsItem>
	<rowsItem>
		<index>22</index>
		<row>
			<formatIndex>21</formatIndex>
			<c>
				<i>9</i>
				<c>
					<f>41</f>
					<tl>
						<v8:item>
							<v8:lang>ru</v8:lang>
							<v8:content>Начислено</v8:content>
						</v8:item>
					</tl>
				</c>
			</c>
			<c>
				<i>15</i>
				<c>
					<f>41</f>
					<tl>
						<v8:item>
							<v8:lang>ru</v8:lang>
							<v8:content>Уплачено</v8:content>
						</v8:item>
					</tl>
				</c>
			</c>
			<c>
				<i>21</i>
				<c>
					<f>41</f>
					<tl>
						<v8:item>
							<v8:lang>ru</v8:lang>
							<v8:content>Начислено</v8:content>
						</v8:item>
					</tl>
				</c>
			</c>
			<c>
				<i>27</i>
				<c>
					<f>41</f>
					<tl>
						<v8:item>
							<v8:lang>ru</v8:lang>
							<v8:content>Уплачено</v8:content>
						</v8:item>
					</tl>
				</c>
			</c>
		</row>
	</rowsItem>
	<rowsItem>
		<index>23</index>
		<row>
			<c>
				<i>1</i>
				<c>
					<f>42</f>
					<parameter>НомерСтроки</parameter>
				</c>
			</c>
			<c>
				<c>
					<f>2</f>
				</c>
			</c>
			<c>
				<c>
					<f>43</f>
					<parameter>КодКатегории</parameter>
				</c>
			</c>
			<c>
				<i>9</i>
				<c>
					<f>44</f>
					<parameter>СуммаСтрахЧасть</parameter>
				</c>
			</c>
			<c>
				<i>15</i>
				<c>
					<f>44</f>
					<parameter>СуммаСтрахЧастьУплачено</parameter>
				</c>
			</c>
			<c>
				<i>21</i>
				<c>
					<f>44</f>
					<parameter>СуммаНакЧасть</parameter>
				</c>
			</c>
			<c>
				<i>27</i>
				<c>
					<f>44</f>
					<parameter>СуммаНакЧастьУплачено</parameter>
				</c>
			</c>
			<c>
				<i>33</i>
				<c>
					<f>45</f>
					<parameter>КоличествоЗастрахованныхЛиц</parameter>
				</c>
			</c>
			<c>
				<i>38</i>
				<c>
					<f>46</f>
					<parameter>ИмяФайла</parameter>
				</c>
			</c>
		</row>
	</rowsItem>
	<rowsItem>
		<index>24</index>
		<row>
			<c>
				<i>1</i>
				<c>
					<f>47</f>
					<tl>
						<v8:item>
							<v8:lang>ru</v8:lang>
							<v8:content>Итого по страхователю:</v8:content>
						</v8:item>
					</tl>
				</c>
			</c>
			<c>
				<i>9</i>
				<c>
					<f>44</f>
					<parameter>СуммаСтрахЧасть</parameter>
				</c>
			</c>
			<c>
				<i>15</i>
				<c>
					<f>44</f>
					<parameter>СуммаСтрахЧастьУплачено</parameter>
				</c>
			</c>
			<c>
				<i>21</i>
				<c>
					<f>44</f>
					<parameter>СуммаНакЧасть</parameter>
				</c>
			</c>
			<c>
				<i>27</i>
				<c>
					<f>44</f>
					<parameter>СуммаНакЧастьУплачено</parameter>
				</c>
			</c>
			<c>
				<i>33</i>
				<c>
					<f>45</f>
					<parameter>КоличествоЗастрахованныхЛиц</parameter>
				</c>
			</c>
			<c>
				<i>38</i>
				<c>
					<f>48</f>
				</c>
			</c>
		</row>
	</rowsItem>
	<rowsItem>
		<index>25</index>
		<row>
			<formatIndex>14</formatIndex>
			<empty>true</empty>
		</row>
	</rowsItem>
	<rowsItem>
		<index>26</index>
		<row>
			<c>
				<i>1</i>
				<c>
					<f>49</f>
					<tl>
						<v8:item>
							<v8:lang>ru</v8:lang>
							<v8:content>Сведения о корректирующих (отменяющих) сведениях:</v8:content>
						</v8:item>
					</tl>
				</c>
			</c>
		</row>
	</rowsItem>
	<rowsItem>
		<index>27</index>
		<row>
			<formatIndex>4</formatIndex>
			<empty>true</empty>
		</row>
	</rowsItem>
	<rowsItem>
		<index>28</index>
		<row>
			<formatIndex>21</formatIndex>
			<c>
				<i>1</i>
				<c>
					<f>39</f>
					<tl>
						<v8:item>
							<v8:lang>ru</v8:lang>
							<v8:content>N п/п</v8:content>
						</v8:item>
					</tl>
				</c>
			</c>
			<c>
				<i>3</i>
				<c>
					<f>40</f>
					<tl>
						<v8:item>
							<v8:lang>ru</v8:lang>
							<v8:content>Код категории застрахованного лица</v8:content>
						</v8:item>
					</tl>
				</c>
			</c>
			<c>
				<i>9</i>
				<c>
					<f>50</f>
					<tl>
						<v8:item>
							<v8:lang>ru</v8:lang>
							<v8:content>Сумма доначисленных страховых взносов на страховую часть трудовой пенсии</v8:content>
						</v8:item>
					</tl>
				</c>
			</c>
			<c>
				<i>21</i>
				<c>
					<f>51</f>
					<tl>
						<v8:item>
							<v8:lang>ru</v8:lang>
							<v8:content>Сумма доначисленных страховых взносов на накопительную часть трудовой пенсии</v8:content>
						</v8:item>
					</tl>
				</c>
			</c>
			<c>
				<i>33</i>
				<c>
					<f>41</f>
					<tl>
						<v8:item>
							<v8:lang>ru</v8:lang>
							<v8:content>Количество застрахованных лиц</v8:content>
						</v8:item>
					</tl>
				</c>
			</c>
			<c>
				<i>38</i>
				<c>
					<f>41</f>
					<tl>
						<v8:item>
							<v8:lang>ru</v8:lang>
							<v8:content>Имя файла (номер реестра)</v8:content>
						</v8:item>
					</tl>
				</c>
			</c>
		</row>
	</rowsItem>
	<rowsItem>
		<index>29</index>
		<row>
			<formatIndex>21</formatIndex>
			<empty>true</empty>
		</row>
	</rowsItem>
	<rowsItem>
		<index>30</index>
		<row>
			<c>
				<i>1</i>
				<c>
					<f>42</f>
					<parameter>НомерСтроки</parameter>
				</c>
			</c>
			<c>
				<c>
					<f>2</f>
				</c>
			</c>
			<c>
				<c>
					<f>43</f>
					<parameter>КодКатегории</parameter>
				</c>
			</c>
			<c>
				<i>9</i>
				<c>
					<f>44</f>
					<parameter>СуммаСтрахЧасть</parameter>
				</c>
			</c>
			<c>
				<i>21</i>
				<c>
					<f>44</f>
					<parameter>СуммаНакЧасть</parameter>
				</c>
			</c>
			<c>
				<i>33</i>
				<c>
					<f>45</f>
					<parameter>КоличествоЗастрахованныхЛиц</parameter>
				</c>
			</c>
			<c>
				<i>38</i>
				<c>
					<f>46</f>
					<parameter>ИмяФайла</parameter>
				</c>
			</c>
		</row>
	</rowsItem>
	<rowsItem>
		<index>31</index>
		<row>
			<c>
				<i>1</i>
				<c>
					<f>47</f>
					<tl>
						<v8:item>
							<v8:lang>ru</v8:lang>
							<v8:content>Итого по страхователю:</v8:content>
						</v8:item>
					</tl>
				</c>
			</c>
			<c>
				<i>9</i>
				<c>
					<f>44</f>
					<parameter>СуммаСтрахЧасть</parameter>
				</c>
			</c>
			<c>
				<i>21</i>
				<c>
					<f>44</f>
					<parameter>СуммаНакЧасть</parameter>
				</c>
			</c>
			<c>
				<i>33</i>
				<c>
					<f>45</f>
					<parameter>КоличествоЗастрахованныхЛиц</parameter>
				</c>
			</c>
			<c>
				<i>38</i>
				<c>
					<f>48</f>
				</c>
			</c>
		</row>
	</rowsItem>
	<rowsItem>
		<index>32</index>
		<row>
			<formatIndex>14</formatIndex>
			<empty>true</empty>
		</row>
	</rowsItem>
	<rowsItem>
		<index>33</index>
		<row>
			<c>
				<i>1</i>
				<c>
					<f>49</f>
					<tl>
						<v8:item>
							<v8:lang>ru</v8:lang>
							<v8:content>Сведения о корректирующих (отменяющих) сведениях:</v8:content>
						</v8:item>
					</tl>
				</c>
			</c>
		</row>
	</rowsItem>
	<rowsItem>
		<index>34</index>
		<row>
			<formatIndex>4</formatIndex>
			<empty>true</empty>
		</row>
	</rowsItem>
	<rowsItem>
		<index>35</index>
		<row>
			<formatIndex>21</formatIndex>
			<c>
				<i>1</i>
				<c>
					<f>39</f>
					<tl>
						<v8:item>
							<v8:lang>ru</v8:lang>
							<v8:content>N п/п</v8:content>
						</v8:item>
					</tl>
				</c>
			</c>
			<c>
				<i>3</i>
				<c>
					<f>40</f>
					<tl>
						<v8:item>
							<v8:lang>ru</v8:lang>
							<v8:content>Код категории застрахованного лица</v8:content>
						</v8:item>
					</tl>
				</c>
			</c>
			<c>
				<i>9</i>
				<c>
					<f>50</f>
					<tl>
						<v8:item>
							<v8:lang>ru</v8:lang>
							<v8:content>Сумма доначисленных страховых взносов на страховую часть трудовой пенсии</v8:content>
						</v8:item>
					</tl>
				</c>
			</c>
			<c>
				<i>21</i>
				<c>
					<f>51</f>
					<tl>
						<v8:item>
							<v8:lang>ru</v8:lang>
							<v8:content>Сумма доначисленных страховых взносов на накопительную часть трудовой пенсии</v8:content>
						</v8:item>
					</tl>
				</c>
			</c>
			<c>
				<i>33</i>
				<c>
					<f>41</f>
					<tl>
						<v8:item>
							<v8:lang>ru</v8:lang>
							<v8:content>Количество застрахованных лиц</v8:content>
						</v8:item>
					</tl>
				</c>
			</c>
			<c>
				<i>38</i>
				<c>
					<f>41</f>
					<tl>
						<v8:item>
							<v8:lang>ru</v8:lang>
							<v8:content>Имя файла (номер реестра)</v8:content>
						</v8:item>
					</tl>
				</c>
			</c>
		</row>
	</rowsItem>
	<rowsItem>
		<index>36</index>
		<row>
			<formatIndex>21</formatIndex>
			<empty>true</empty>
		</row>
	</rowsItem>
	<rowsItem>
		<index>37</index>
		<row>
			<formatIndex>21</formatIndex>
			<c>
				<i>9</i>
				<c>
					<f>40</f>
					<tl>
						<v8:item>
							<v8:lang>ru</v8:lang>
							<v8:content>Начислено</v8:content>
						</v8:item>
					</tl>
				</c>
			</c>
			<c>
				<c>
					<f>25</f>
				</c>
			</c>
			<c>
				<c>
					<f>25</f>
				</c>
			</c>
			<c>
				<c>
					<f>25</f>
				</c>
			</c>
			<c>
				<c>
					<f>25</f>
				</c>
			</c>
			<c>
				<c>
					<f>25</f>
				</c>
			</c>
			<c>
				<c>
					<f>40</f>
					<tl>
						<v8:item>
							<v8:lang>ru</v8:lang>
							<v8:content>Уплачено</v8:content>
						</v8:item>
					</tl>
				</c>
			</c>
			<c>
				<c>
					<f>25</f>
				</c>
			</c>
			<c>
				<c>
					<f>25</f>
				</c>
			</c>
			<c>
				<c>
					<f>25</f>
				</c>
			</c>
			<c>
				<c>
					<f>25</f>
				</c>
			</c>
			<c>
				<c>
					<f>25</f>
				</c>
			</c>
			<c>
				<c>
					<f>40</f>
					<tl>
						<v8:item>
							<v8:lang>ru</v8:lang>
							<v8:content>Начислено</v8:content>
						</v8:item>
					</tl>
				</c>
			</c>
			<c>
				<c>
					<f>25</f>
				</c>
			</c>
			<c>
				<c>
					<f>25</f>
				</c>
			</c>
			<c>
				<c>
					<f>25</f>
				</c>
			</c>
			<c>
				<c>
					<f>25</f>
				</c>
			</c>
			<c>
				<c>
					<f>25</f>
				</c>
			</c>
			<c>
				<c>
					<f>40</f>
					<tl>
						<v8:item>
							<v8:lang>ru</v8:lang>
							<v8:content>Уплачено</v8:content>
						</v8:item>
					</tl>
				</c>
			</c>
			<c>
				<c>
					<f>25</f>
				</c>
			</c>
			<c>
				<c>
					<f>25</f>
				</c>
			</c>
			<c>
				<c>
					<f>25</f>
				</c>
			</c>
			<c>
				<c>
					<f>25</f>
				</c>
			</c>
			<c>
				<c>
					<f>25</f>
				</c>
			</c>
		</row>
	</rowsItem>
	<rowsItem>
		<index>38</index>
		<row>
			<c>
				<i>1</i>
				<c>
					<f>42</f>
					<parameter>НомерСтроки</parameter>
				</c>
			</c>
			<c>
				<c>
					<f>2</f>
				</c>
			</c>
			<c>
				<c>
					<f>43</f>
					<parameter>КодКатегории</parameter>
				</c>
			</c>
			<c>
				<i>9</i>
				<c>
					<f>44</f>
					<parameter>СуммаСтрахЧасть</parameter>
				</c>
			</c>
			<c>
				<c>
					<f>2</f>
				</c>
			</c>
			<c>
				<c>
					<f>2</f>
				</c>
			</c>
			<c>
				<c>
					<f>2</f>
				</c>
			</c>
			<c>
				<c>
					<f>2</f>
				</c>
			</c>
			<c>
				<c>
					<f>2</f>
				</c>
			</c>
			<c>
				<c>
					<f>44</f>
					<parameter>СуммаСтрахЧастьУплачено</parameter>
				</c>
			</c>
			<c>
				<c>
					<f>2</f>
				</c>
			</c>
			<c>
				<c>
					<f>2</f>
				</c>
			</c>
			<c>
				<c>
					<f>2</f>
				</c>
			</c>
			<c>
				<c>
					<f>2</f>
				</c>
			</c>
			<c>
				<c>
					<f>2</f>
				</c>
			</c>
			<c>
				<c>
					<f>44</f>
					<parameter>СуммаНакЧасть</parameter>
				</c>
			</c>
			<c>
				<c>
					<f>2</f>
				</c>
			</c>
			<c>
				<c>
					<f>2</f>
				</c>
			</c>
			<c>
				<c>
					<f>2</f>
				</c>
			</c>
			<c>
				<c>
					<f>2</f>
				</c>
			</c>
			<c>
				<c>
					<f>2</f>
				</c>
			</c>
			<c>
				<c>
					<f>44</f>
					<parameter>СуммаНакЧастьУплачено</parameter>
				</c>
			</c>
			<c>
				<c>
					<f>2</f>
				</c>
			</c>
			<c>
				<c>
					<f>2</f>
				</c>
			</c>
			<c>
				<c>
					<f>2</f>
				</c>
			</c>
			<c>
				<c>
					<f>2</f>
				</c>
			</c>
			<c>
				<c>
					<f>2</f>
				</c>
			</c>
			<c>
				<c>
					<f>45</f>
					<parameter>КоличествоЗастрахованныхЛиц</parameter>
				</c>
			</c>
			<c>
				<i>38</i>
				<c>
					<f>46</f>
					<parameter>ИмяФайла</parameter>
				</c>
			</c>
		</row>
	</rowsItem>
	<rowsItem>
		<index>39</index>
		<row>
			<c>
				<i>1</i>
				<c>
					<f>47</f>
					<tl>
						<v8:item>
							<v8:lang>ru</v8:lang>
							<v8:content>Итого по страхователю:</v8:content>
						</v8:item>
					</tl>
				</c>
			</c>
			<c>
				<i>9</i>
				<c>
					<f>44</f>
					<parameter>СуммаСтрахЧасть</parameter>
				</c>
			</c>
			<c>
				<c>
					<f>2</f>
				</c>
			</c>
			<c>
				<c>
					<f>2</f>
				</c>
			</c>
			<c>
				<c>
					<f>2</f>
				</c>
			</c>
			<c>
				<c>
					<f>2</f>
				</c>
			</c>
			<c>
				<c>
					<f>2</f>
				</c>
			</c>
			<c>
				<c>
					<f>44</f>
					<parameter>СуммаСтрахЧастьУплачено</parameter>
				</c>
			</c>
			<c>
				<c>
					<f>2</f>
				</c>
			</c>
			<c>
				<c>
					<f>2</f>
				</c>
			</c>
			<c>
				<c>
					<f>2</f>
				</c>
			</c>
			<c>
				<c>
					<f>2</f>
				</c>
			</c>
			<c>
				<c>
					<f>2</f>
				</c>
			</c>
			<c>
				<c>
					<f>44</f>
					<parameter>СуммаНакЧасть</parameter>
				</c>
			</c>
			<c>
				<c>
					<f>2</f>
				</c>
			</c>
			<c>
				<c>
					<f>2</f>
				</c>
			</c>
			<c>
				<c>
					<f>2</f>
				</c>
			</c>
			<c>
				<c>
					<f>2</f>
				</c>
			</c>
			<c>
				<c>
					<f>2</f>
				</c>
			</c>
			<c>
				<c>
					<f>44</f>
					<parameter>СуммаНакЧастьУплачено</parameter>
				</c>
			</c>
			<c>
				<c>
					<f>2</f>
				</c>
			</c>
			<c>
				<c>
					<f>2</f>
				</c>
			</c>
			<c>
				<c>
					<f>2</f>
				</c>
			</c>
			<c>
				<c>
					<f>2</f>
				</c>
			</c>
			<c>
				<c>
					<f>2</f>
				</c>
			</c>
			<c>
				<c>
					<f>45</f>
					<parameter>КоличествоЗастрахованныхЛиц</parameter>
				</c>
			</c>
			<c>
				<i>38</i>
				<c>
					<f>48</f>
				</c>
			</c>
		</row>
	</rowsItem>
	<rowsItem>
		<index>41</index>
		<row>
			<formatIndex>15</formatIndex>
			<c>
				<i>1</i>
				<c>
					<f>52</f>
					<tl>
						<v8:item>
							<v8:lang>ru</v8:lang>
							<v8:content>Наименование должности руководителя</v8:content>
						</v8:item>
					</tl>
				</c>
			</c>
			<c>
				<i>17</i>
				<c>
					<f>52</f>
					<tl>
						<v8:item>
							<v8:lang>ru</v8:lang>
							<v8:content>Подпись</v8:content>
						</v8:item>
					</tl>
				</c>
			</c>
			<c>
				<i>24</i>
				<c>
					<f>52</f>
					<tl>
						<v8:item>
							<v8:lang>ru</v8:lang>
							<v8:content>Расшифровка подписи</v8:content>
						</v8:item>
					</tl>
				</c>
			</c>
		</row>
	</rowsItem>
	<rowsItem>
		<index>42</index>
		<row>
			<formatIndex>4</formatIndex>
			<empty>true</empty>
		</row>
	</rowsItem>
	<rowsItem>
		<index>43</index>
		<row>
			<formatIndex>15</formatIndex>
			<c>
				<i>1</i>
				<c>
					<f>53</f>
					<parameter>ДолжностьРуководителя</parameter>
				</c>
			</c>
			<c>
				<i>6</i>
				<c>
					<f>15</f>
				</c>
			</c>
			<c>
				<i>14</i>
				<c>
					<f>15</f>
				</c>
			</c>
			<c>
				<i>24</i>
				<c>
					<f>53</f>
					<parameter>Руководитель</parameter>
				</c>
			</c>
		</row>
	</rowsItem>
	<rowsItem>
		<index>45</index>
		<row>
			<formatIndex>15</formatIndex>
			<c>
				<i>1</i>
				<c>
					<f>52</f>
					<tl>
						<v8:item>
							<v8:lang>ru</v8:lang>
							<v8:content>Дата</v8:content>
						</v8:item>
					</tl>
				</c>
			</c>
			<c>
				<i>3</i>
				<c>
					<f>54</f>
					<parameter>ДатаЗаполнения</parameter>
				</c>
			</c>
			<c>
				<i>9</i>
				<c>
					<f>52</f>
					<tl>
						<v8:item>
							<v8:lang>ru</v8:lang>
							<v8:content>М.П.</v8:content>
						</v8:item>
					</tl>
				</c>
			</c>
		</row>
	</rowsItem>
	<leftHeader>
		<f>55</f>
		<tl>
			<v8:item>
				<v8:lang>ru</v8:lang>
				<v8:content>c. #P</v8:content>
			</v8:item>
		</tl>
	</leftHeader>
	<leftFooter>
		<f>15</f>
	</leftFooter>
	<templateMode>true</templateMode>
	<defaultFormatIndex>56</defaultFormatIndex>
	<height>46</height>
	<vgRows>46</vgRows>
	<merge>
		<r>1</r>
		<c>12</c>
		<w>3</w>
	</merge>
	<merge>
		<r>1</r>
		<c>48</c>
		<w>3</w>
	</merge>
	<merge>
		<r>3</r>
		<c>1</c>
		<w>47</w>
	</merge>
	<merge>
		<r>7</r>
		<c>12</c>
		<w>5</w>
	</merge>
	<merge>
		<r>7</r>
		<c>43</c>
		<w>3</w>
	</merge>
	<merge>
		<r>9</r>
		<c>12</c>
		<w>14</w>
	</merge>
	<merge>
		<r>9</r>
		<c>30</c>
		<h>2</h>
		<w>12</w>
	</merge>
	<merge>
		<r>9</r>
		<c>43</c>
		<h>1</h>
		<w>3</w>
	</merge>
	<merge>
		<r>11</r>
		<c>3</c>
		<w>5</w>
	</merge>
	<merge>
		<r>11</r>
		<c>12</c>
		<w>5</w>
	</merge>
	<merge>
		<r>15</r>
		<c>25</c>
		<w>3</w>
	</merge>
	<merge>
		<r>17</r>
		<c>17</c>
		<w>3</w>
	</merge>
	<merge>
		<r>21</r>
		<c>1</c>
		<h>1</h>
		<w>1</w>
	</merge>
	<merge>
		<r>21</r>
		<c>3</c>
		<h>1</h>
		<w>5</w>
	</merge>
	<merge>
		<r>21</r>
		<c>9</c>
		<w>11</w>
	</merge>
	<merge>
		<r>21</r>
		<c>21</c>
		<w>11</w>
	</merge>
	<merge>
		<r>21</r>
		<c>33</c>
		<h>1</h>
		<w>4</w>
	</merge>
	<merge>
		<r>21</r>
		<c>38</c>
		<h>1</h>
		<w>15</w>
	</merge>
	<merge>
		<r>22</r>
		<c>9</c>
		<w>5</w>
	</merge>
	<merge>
		<r>22</r>
		<c>15</c>
		<w>5</w>
	</merge>
	<merge>
		<r>22</r>
		<c>21</c>
		<w>5</w>
	</merge>
	<merge>
		<r>22</r>
		<c>27</c>
		<w>5</w>
	</merge>
	<merge>
		<r>23</r>
		<c>1</c>
		<w>1</w>
	</merge>
	<merge>
		<r>23</r>
		<c>3</c>
		<w>5</w>
	</merge>
	<merge>
		<r>23</r>
		<c>9</c>
		<w>5</w>
	</merge>
	<merge>
		<r>23</r>
		<c>15</c>
		<w>5</w>
	</merge>
	<merge>
		<r>23</r>
		<c>21</c>
		<w>5</w>
	</merge>
	<merge>
		<r>23</r>
		<c>27</c>
		<w>5</w>
	</merge>
	<merge>
		<r>23</r>
		<c>33</c>
		<w>4</w>
	</merge>
	<merge>
		<r>23</r>
		<c>38</c>
		<w>15</w>
	</merge>
	<merge>
		<r>24</r>
		<c>1</c>
		<w>7</w>
	</merge>
	<merge>
		<r>24</r>
		<c>9</c>
		<w>5</w>
	</merge>
	<merge>
		<r>24</r>
		<c>15</c>
		<w>5</w>
	</merge>
	<merge>
		<r>24</r>
		<c>21</c>
		<w>5</w>
	</merge>
	<merge>
		<r>24</r>
		<c>27</c>
		<w>5</w>
	</merge>
	<merge>
		<r>24</r>
		<c>33</c>
		<w>4</w>
	</merge>
	<merge>
		<r>24</r>
		<c>38</c>
		<w>15</w>
	</merge>
	<merge>
		<r>28</r>
		<c>1</c>
		<h>1</h>
		<w>1</w>
	</merge>
	<merge>
		<r>28</r>
		<c>3</c>
		<h>1</h>
		<w>5</w>
	</merge>
	<merge>
		<r>28</r>
		<c>9</c>
		<h>1</h>
		<w>11</w>
	</merge>
	<merge>
		<r>28</r>
		<c>21</c>
		<h>1</h>
		<w>11</w>
	</merge>
	<merge>
		<r>28</r>
		<c>33</c>
		<h>1</h>
		<w>4</w>
	</merge>
	<merge>
		<r>28</r>
		<c>38</c>
		<h>1</h>
		<w>15</w>
	</merge>
	<merge>
		<r>30</r>
		<c>1</c>
		<w>1</w>
	</merge>
	<merge>
		<r>30</r>
		<c>3</c>
		<w>5</w>
	</merge>
	<merge>
		<r>30</r>
		<c>9</c>
		<w>11</w>
	</merge>
	<merge>
		<r>30</r>
		<c>21</c>
		<w>11</w>
	</merge>
	<merge>
		<r>30</r>
		<c>33</c>
		<w>4</w>
	</merge>
	<merge>
		<r>30</r>
		<c>38</c>
		<w>15</w>
	</merge>
	<merge>
		<r>31</r>
		<c>1</c>
		<w>7</w>
	</merge>
	<merge>
		<r>31</r>
		<c>9</c>
		<w>11</w>
	</merge>
	<merge>
		<r>31</r>
		<c>21</c>
		<w>11</w>
	</merge>
	<merge>
		<r>31</r>
		<c>33</c>
		<w>4</w>
	</merge>
	<merge>
		<r>31</r>
		<c>38</c>
		<w>15</w>
	</merge>
	<merge>
		<r>35</r>
		<c>1</c>
		<h>2</h>
		<w>1</w>
	</merge>
	<merge>
		<r>35</r>
		<c>3</c>
		<h>2</h>
		<w>5</w>
	</merge>
	<merge>
		<r>35</r>
		<c>9</c>
		<h>1</h>
		<w>11</w>
	</merge>
	<merge>
		<r>35</r>
		<c>21</c>
		<h>1</h>
		<w>11</w>
	</merge>
	<merge>
		<r>35</r>
		<c>33</c>
		<h>2</h>
		<w>4</w>
	</merge>
	<merge>
		<r>35</r>
		<c>38</c>
		<h>2</h>
		<w>15</w>
	</merge>
	<merge>
		<r>37</r>
		<c>9</c>
		<w>5</w>
	</merge>
	<merge>
		<r>37</r>
		<c>15</c>
		<w>5</w>
	</merge>
	<merge>
		<r>37</r>
		<c>21</c>
		<w>5</w>
	</merge>
	<merge>
		<r>37</r>
		<c>27</c>
		<w>5</w>
	</merge>
	<merge>
		<r>38</r>
		<c>1</c>
		<w>1</w>
	</merge>
	<merge>
		<r>38</r>
		<c>3</c>
		<w>5</w>
	</merge>
	<merge>
		<r>38</r>
		<c>9</c>
		<w>5</w>
	</merge>
	<merge>
		<r>38</r>
		<c>15</c>
		<w>5</w>
	</merge>
	<merge>
		<r>38</r>
		<c>21</c>
		<w>5</w>
	</merge>
	<merge>
		<r>38</r>
		<c>27</c>
		<w>5</w>
	</merge>
	<merge>
		<r>38</r>
		<c>33</c>
		<w>4</w>
	</merge>
	<merge>
		<r>38</r>
		<c>38</c>
		<w>15</w>
	</merge>
	<merge>
		<r>39</r>
		<c>1</c>
		<w>7</w>
	</merge>
	<merge>
		<r>39</r>
		<c>9</c>
		<w>5</w>
	</merge>
	<merge>
		<r>39</r>
		<c>15</c>
		<w>5</w>
	</merge>
	<merge>
		<r>39</r>
		<c>21</c>
		<w>5</w>
	</merge>
	<merge>
		<r>39</r>
		<c>27</c>
		<w>5</w>
	</merge>
	<merge>
		<r>39</r>
		<c>33</c>
		<w>4</w>
	</merge>
	<merge>
		<r>39</r>
		<c>38</c>
		<w>15</w>
	</merge>
	<merge>
		<r>45</r>
		<c>3</c>
		<w>4</w>
	</merge>
	<namedItem xsi:type="NamedItemCells">
		<name>ИтогИСХ</name>
		<area>
			<type>Rows</type>
			<beginRow>24</beginRow>
			<endRow>24</endRow>
			<beginColumn>-1</beginColumn>
			<endColumn>-1</endColumn>
		</area>
	</namedItem>
	<namedItem xsi:type="NamedItemCells">
		<name>ИтогКорр</name>
		<area>
			<type>Rows</type>
			<beginRow>31</beginRow>
			<endRow>31</endRow>
			<beginColumn>-1</beginColumn>
			<endColumn>-1</endColumn>
		</area>
	</namedItem>
	<namedItem xsi:type="NamedItemCells">
		<name>ИтогКорр2011</name>
		<area>
			<type>Rows</type>
			<beginRow>39</beginRow>
			<endRow>39</endRow>
			<beginColumn>-1</beginColumn>
			<endColumn>-1</endColumn>
		</area>
	</namedItem>
	<namedItem xsi:type="NamedItemCells">
		<name>Подвал</name>
		<area>
			<type>Rows</type>
			<beginRow>40</beginRow>
			<endRow>45</endRow>
			<beginColumn>-1</beginColumn>
			<endColumn>-1</endColumn>
		</area>
	</namedItem>
	<namedItem xsi:type="NamedItemCells">
		<name>СтрокаИСХ</name>
		<area>
			<type>Rows</type>
			<beginRow>23</beginRow>
			<endRow>23</endRow>
			<beginColumn>-1</beginColumn>
			<endColumn>-1</endColumn>
		</area>
	</namedItem>
	<namedItem xsi:type="NamedItemCells">
		<name>СтрокаКорр</name>
		<area>
			<type>Rows</type>
			<beginRow>30</beginRow>
			<endRow>30</endRow>
			<beginColumn>-1</beginColumn>
			<endColumn>-1</endColumn>
		</area>
	</namedItem>
	<namedItem xsi:type="NamedItemCells">
		<name>СтрокаКорр2011</name>
		<area>
			<type>Rows</type>
			<beginRow>38</beginRow>
			<endRow>38</endRow>
			<beginColumn>-1</beginColumn>
			<endColumn>-1</endColumn>
		</area>
	</namedItem>
	<namedItem xsi:type="NamedItemCells">
		<name>СуммаНакЧасть</name>
		<area>
			<type>Rectangle</type>
			<beginRow>23</beginRow>
			<endRow>23</endRow>
			<beginColumn>21</beginColumn>
			<endColumn>26</endColumn>
		</area>
	</namedItem>
	<namedItem xsi:type="NamedItemCells">
		<name>СуммаНакЧастьИтог</name>
		<area>
			<type>Rectangle</type>
			<beginRow>24</beginRow>
			<endRow>24</endRow>
			<beginColumn>21</beginColumn>
			<endColumn>26</endColumn>
		</area>
	</namedItem>
	<namedItem xsi:type="NamedItemCells">
		<name>СуммаНакЧастьКорр</name>
		<area>
			<type>Rectangle</type>
			<beginRow>30</beginRow>
			<endRow>30</endRow>
			<beginColumn>21</beginColumn>
			<endColumn>32</endColumn>
		</area>
	</namedItem>
	<namedItem xsi:type="NamedItemCells">
		<name>СуммаНакЧастьКорр2011</name>
		<area>
			<type>Rectangle</type>
			<beginRow>38</beginRow>
			<endRow>38</endRow>
			<beginColumn>21</beginColumn>
			<endColumn>26</endColumn>
		</area>
	</namedItem>
	<namedItem xsi:type="NamedItemCells">
		<name>СуммаНакЧастьКоррИтог</name>
		<area>
			<type>Rectangle</type>
			<beginRow>31</beginRow>
			<endRow>31</endRow>
			<beginColumn>21</beginColumn>
			<endColumn>32</endColumn>
		</area>
	</namedItem>
	<namedItem xsi:type="NamedItemCells">
		<name>СуммаНакЧастьКоррИтог2011</name>
		<area>
			<type>Rectangle</type>
			<beginRow>39</beginRow>
			<endRow>39</endRow>
			<beginColumn>21</beginColumn>
			<endColumn>26</endColumn>
		</area>
	</namedItem>
	<namedItem xsi:type="NamedItemCells">
		<name>СуммаНакЧастьКоррУплачено2011</name>
		<area>
			<type>Rectangle</type>
			<beginRow>38</beginRow>
			<endRow>38</endRow>
			<beginColumn>27</beginColumn>
			<endColumn>32</endColumn>
		</area>
	</namedItem>
	<namedItem xsi:type="NamedItemCells">
		<name>СуммаНакЧастьКоррУплаченоИтог2011</name>
		<area>
			<type>Rectangle</type>
			<beginRow>39</beginRow>
			<endRow>39</endRow>
			<beginColumn>27</beginColumn>
			<endColumn>32</endColumn>
		</area>
	</namedItem>
	<namedItem xsi:type="NamedItemCells">
		<name>СуммаНакЧастьУплачено</name>
		<area>
			<type>Rectangle</type>
			<beginRow>23</beginRow>
			<endRow>23</endRow>
			<beginColumn>27</beginColumn>
			<endColumn>32</endColumn>
		</area>
	</namedItem>
	<namedItem xsi:type="NamedItemCells">
		<name>СуммаНакЧастьУплаченоИтог</name>
		<area>
			<type>Rectangle</type>
			<beginRow>24</beginRow>
			<endRow>24</endRow>
			<beginColumn>27</beginColumn>
			<endColumn>32</endColumn>
		</area>
	</namedItem>
	<namedItem xsi:type="NamedItemCells">
		<name>СуммаСтрахЧасть</name>
		<area>
			<type>Rectangle</type>
			<beginRow>23</beginRow>
			<endRow>23</endRow>
			<beginColumn>9</beginColumn>
			<endColumn>14</endColumn>
		</area>
	</namedItem>
	<namedItem xsi:type="NamedItemCells">
		<name>СуммаСтрахЧастьИтог</name>
		<area>
			<type>Rectangle</type>
			<beginRow>24</beginRow>
			<endRow>24</endRow>
			<beginColumn>9</beginColumn>
			<endColumn>14</endColumn>
		</area>
	</namedItem>
	<namedItem xsi:type="NamedItemCells">
		<name>СуммаСтрахЧастьКорр</name>
		<area>
			<type>Rectangle</type>
			<beginRow>30</beginRow>
			<endRow>30</endRow>
			<beginColumn>9</beginColumn>
			<endColumn>20</endColumn>
		</area>
	</namedItem>
	<namedItem xsi:type="NamedItemCells">
		<name>СуммаСтрахЧастьКорр2011</name>
		<area>
			<type>Rectangle</type>
			<beginRow>38</beginRow>
			<endRow>38</endRow>
			<beginColumn>9</beginColumn>
			<endColumn>14</endColumn>
		</area>
	</namedItem>
	<namedItem xsi:type="NamedItemCells">
		<name>СуммаСтрахЧастьКоррИтог</name>
		<area>
			<type>Rectangle</type>
			<beginRow>31</beginRow>
			<endRow>31</endRow>
			<beginColumn>9</beginColumn>
			<endColumn>20</endColumn>
		</area>
	</namedItem>
	<namedItem xsi:type="NamedItemCells">
		<name>СуммаСтрахЧастьКоррИтог2011</name>
		<area>
			<type>Rectangle</type>
			<beginRow>39</beginRow>
			<endRow>39</endRow>
			<beginColumn>9</beginColumn>
			<endColumn>14</endColumn>
		</area>
	</namedItem>
	<namedItem xsi:type="NamedItemCells">
		<name>СуммаСтрахЧастьКоррУплачено2011</name>
		<area>
			<type>Rectangle</type>
			<beginRow>38</beginRow>
			<endRow>38</endRow>
			<beginColumn>15</beginColumn>
			<endColumn>20</endColumn>
		</area>
	</namedItem>
	<namedItem xsi:type="NamedItemCells">
		<name>СуммаСтрахЧастьКоррУплаченоИтог2011</name>
		<area>
			<type>Rectangle</type>
			<beginRow>39</beginRow>
			<endRow>39</endRow>
			<beginColumn>15</beginColumn>
			<endColumn>20</endColumn>
		</area>
	</namedItem>
	<namedItem xsi:type="NamedItemCells">
		<name>СуммаСтрахЧастьУплачено</name>
		<area>
			<type>Rectangle</type>
			<beginRow>23</beginRow>
			<endRow>23</endRow>
			<beginColumn>15</beginColumn>
			<endColumn>20</endColumn>
		</area>
	</namedItem>
	<namedItem xsi:type="NamedItemCells">
		<name>СуммаСтрахЧастьУплаченоИтог</name>
		<area>
			<type>Rectangle</type>
			<beginRow>24</beginRow>
			<endRow>24</endRow>
			<beginColumn>15</beginColumn>
			<endColumn>20</endColumn>
		</area>
	</namedItem>
	<namedItem xsi:type="NamedItemCells">
		<name>Шапка</name>
		<area>
			<type>Rows</type>
			<beginRow>0</beginRow>
			<endRow>22</endRow>
			<beginColumn>-1</beginColumn>
			<endColumn>-1</endColumn>
		</area>
	</namedItem>
	<namedItem xsi:type="NamedItemCells">
		<name>ШапкаКорр</name>
		<area>
			<type>Rows</type>
			<beginRow>25</beginRow>
			<endRow>29</endRow>
			<beginColumn>-1</beginColumn>
			<endColumn>-1</endColumn>
		</area>
	</namedItem>
	<namedItem xsi:type="NamedItemCells">
		<name>ШапкаКорр2011</name>
		<area>
			<type>Rows</type>
			<beginRow>32</beginRow>
			<endRow>37</endRow>
			<beginColumn>-1</beginColumn>
			<endColumn>-1</endColumn>
		</area>
	</namedItem>
	<printSettings>
		<pageOrientation>Landscape</pageOrientation>
		<scale>100</scale>
		<collate>false</collate>
		<copies>1</copies>
		<perPage>1</perPage>
		<topMargin>1000</topMargin>
		<leftMargin>1000</leftMargin>
		<bottomMargin>1000</bottomMargin>
		<rightMargin>1000</rightMargin>
		<headerSize>1000</headerSize>
		<footerSize>1000</footerSize>
		<fitToPage>true</fitToPage>
		<blackAndWhite>false</blackAndWhite>
		<printerName>hp LaserJet 1010</printerName>
		<paper>9</paper>
		<paperSource>7</paperSource>
	</printSettings>
	<line width="1" gap="false">
		<v8ui:style xsi:type="v8ui:SpreadsheetDocumentCellLineType">Solid</v8ui:style>
	</line>
	<line width="0" gap="false">
		<v8ui:style xsi:type="v8ui:SpreadsheetDocumentCellLineType">None</v8ui:style>
	</line>
	<font faceName="Arial" height="8" bold="false" italic="false" underline="true" strikeout="false" kind="Absolute"/>
	<font faceName="Arial" height="8" bold="true" italic="false" underline="false" strikeout="false" kind="Absolute"/>
	<font faceName="Arial" height="9.8" bold="true" italic="false" underline="false" strikeout="false" kind="Absolute"/>
	<font faceName="Arial" height="9" bold="true" italic="false" underline="false" strikeout="false" kind="Absolute"/>
	<font faceName="Arial" height="11.3" bold="true" italic="false" underline="false" strikeout="false" kind="Absolute"/>
	<format>
		<width>8</width>
	</format>
	<format>
		<width>22</width>
	</format>
	<format>
		<width>21</width>
	</format>
	<format>
		<height>28</height>
	</format>
	<format>
		<height>60</height>
	</format>
	<format>
		<font>0</font>
	</format>
	<format>
		<horizontalAlignment>Right</horizontalAlignment>
	</format>
	<format>
		<font>1</font>
		<border>0</border>
		<horizontalAlignment>Center</horizontalAlignment>
		<verticalAlignment>Center</verticalAlignment>
		<fillType>Text</fillType>
	</format>
	<format>
		<topBorder>1</topBorder>
		<rightBorder>1</rightBorder>
		<bottomBorder>1</bottomBorder>
	</format>
	<format>
		<height>60</height>
		<width>22</width>
	</format>
	<format>
		<height>60</height>
		<width>22</width>
		<horizontalAlignment>Right</horizontalAlignment>
	</format>
	<format>
		<font>1</font>
		<border>0</border>
		<height>60</height>
		<width>22</width>
		<horizontalAlignment>Center</horizontalAlignment>
		<verticalAlignment>Center</verticalAlignment>
		<fillType>Parameter</fillType>
	</format>
	<format>
		<height>60</height>
		<width>8</width>
	</format>
	<format>
		<height>33</height>
	</format>
	<format/>
	<format>
		<font>2</font>
		<horizontalAlignment>Center</horizontalAlignment>
		<verticalAlignment>Bottom</verticalAlignment>
	</format>
	<format>
		<height>42</height>
	</format>
	<format>
		<font>2</font>
		<bottomBorder>0</bottomBorder>
		<horizontalAlignment>Center</horizontalAlignment>
		<fillType>Parameter</fillType>
	</format>
	<format>
		<font>3</font>
		<bottomBorder>0</bottomBorder>
		<height>60</height>
		<width>22</width>
		<horizontalAlignment>Center</horizontalAlignment>
		<verticalAlignment>Bottom</verticalAlignment>
		<fillType>Parameter</fillType>
		<format>
			<v8:item>
				<v8:lang>ru</v8:lang>
				<v8:content>ЧДЦ=0; ЧН=; ЧГ=</v8:content>
			</v8:item>
		</format>
	</format>
	<format>
		<height>28</height>
		<width>22</width>
	</format>
	<format>
		<height>0</height>
	</format>
	<format>
		<font>1</font>
		<bottomBorder>0</bottomBorder>
		<height>0</height>
		<width>24</width>
		<textPlacement>Wrap</textPlacement>
		<fillType>Parameter</fillType>
	</format>
	<format>
		<height>0</height>
		<width>22</width>
		<horizontalAlignment>Left</horizontalAlignment>
		<verticalAlignment>Top</verticalAlignment>
		<textPlacement>Wrap</textPlacement>
	</format>
	<format>
		<font>3</font>
		<bottomBorder>0</bottomBorder>
		<height>0</height>
		<width>22</width>
		<horizontalAlignment>Center</horizontalAlignment>
		<verticalAlignment>Bottom</verticalAlignment>
		<fillType>Parameter</fillType>
		<format>
			<v8:item>
				<v8:lang>ru</v8:lang>
				<v8:content>ЧДЦ=0; ЧН=; ЧГ=</v8:content>
			</v8:item>
		</format>
	</format>
	<format>
		<height>0</height>
		<width>22</width>
	</format>
	<format>
		<font>1</font>
		<textPlacement>Wrap</textPlacement>
	</format>
	<format>
		<height>28</height>
		<width>22</width>
		<horizontalAlignment>Left</horizontalAlignment>
		<verticalAlignment>Top</verticalAlignment>
		<textPlacement>Wrap</textPlacement>
	</format>
	<format>
		<height>60</height>
		<width>22</width>
		<horizontalAlignment>Left</horizontalAlignment>
		<verticalAlignment>Top</verticalAlignment>
		<textPlacement>Wrap</textPlacement>
	</format>
	<format>
		<height>24</height>
	</format>
	<format>
		<height>21</height>
	</format>
	<format>
		<height>60</height>
		<width>22</width>
		<horizontalAlignment>Right</horizontalAlignment>
		<verticalAlignment>Bottom</verticalAlignment>
	</format>
	<format>
		<font>4</font>
		<border>0</border>
		<height>60</height>
		<width>22</width>
		<horizontalAlignment>Center</horizontalAlignment>
		<verticalAlignment>Center</verticalAlignment>
		<fillType>Parameter</fillType>
	</format>
	<format>
		<font>2</font>
		<border>0</border>
		<height>60</height>
		<width>22</width>
		<horizontalAlignment>Center</horizontalAlignment>
		<fillType>Parameter</fillType>
		<format>
			<v8:item>
				<v8:lang>ru</v8:lang>
				<v8:content>ЧГ=</v8:content>
			</v8:item>
		</format>
	</format>
	<format>
		<height>0</height>
		<width>22</width>
		<horizontalAlignment>Right</horizontalAlignment>
	</format>
	<format>
		<font>4</font>
		<border>0</border>
		<height>0</height>
		<width>22</width>
		<horizontalAlignment>Center</horizontalAlignment>
		<verticalAlignment>Center</verticalAlignment>
		<fillType>Parameter</fillType>
	</format>
	<format>
		<height>30</height>
	</format>
	<format>
		<font>3</font>
		<height>60</height>
		<width>22</width>
	</format>
	<format>
		<height>87</height>
	</format>
	<format>
		<border>0</border>
		<height>60</height>
		<width>22</width>
		<horizontalAlignment>Center</horizontalAlignment>
		<verticalAlignment>Top</verticalAlignment>
		<textPlacement>Wrap</textPlacement>
	</format>
	<format>
		<border>0</border>
		<height>0</height>
		<width>22</width>
		<horizontalAlignment>Center</horizontalAlignment>
		<verticalAlignment>Top</verticalAlignment>
		<textPlacement>Wrap</textPlacement>
	</format>
	<format>
		<border>0</border>
		<horizontalAlignment>Center</horizontalAlignment>
		<verticalAlignment>Top</verticalAlignment>
		<textPlacement>Wrap</textPlacement>
	</format>
	<format>
		<border>0</border>
		<width>22</width>
		<horizontalAlignment>Center</horizontalAlignment>
		<verticalAlignment>Center</verticalAlignment>
		<fillType>Parameter</fillType>
	</format>
	<format>
		<border>0</border>
		<horizontalAlignment>Center</horizontalAlignment>
		<verticalAlignment>Center</verticalAlignment>
		<fillType>Parameter</fillType>
	</format>
	<format>
		<border>0</border>
		<width>22</width>
		<horizontalAlignment>Right</horizontalAlignment>
		<verticalAlignment>Center</verticalAlignment>
		<fillType>Parameter</fillType>
		<format>
			<v8:item>
				<v8:lang>ru</v8:lang>
				<v8:content>ЧДЦ=2; ЧРД=.; ЧГ=</v8:content>
			</v8:item>
		</format>
	</format>
	<format>
		<border>0</border>
		<horizontalAlignment>Center</horizontalAlignment>
		<verticalAlignment>Center</verticalAlignment>
		<fillType>Parameter</fillType>
		<format>
			<v8:item>
				<v8:lang>ru</v8:lang>
				<v8:content>ЧДЦ=0; ЧГ=</v8:content>
			</v8:item>
		</format>
	</format>
	<format>
		<border>0</border>
		<textPlacement>Wrap</textPlacement>
		<fillType>Parameter</fillType>
	</format>
	<format>
		<border>0</border>
		<width>22</width>
		<horizontalAlignment>Center</horizontalAlignment>
		<verticalAlignment>Center</verticalAlignment>
		<fillType>Text</fillType>
	</format>
	<format>
		<border>0</border>
	</format>
	<format>
		<font>3</font>
	</format>
	<format>
		<leftBorder>0</leftBorder>
		<topBorder>0</topBorder>
		<height>0</height>
		<width>22</width>
		<horizontalAlignment>Center</horizontalAlignment>
		<verticalAlignment>Top</verticalAlignment>
		<textPlacement>Wrap</textPlacement>
	</format>
	<format>
		<leftBorder>0</leftBorder>
		<topBorder>0</topBorder>
		<horizontalAlignment>Center</horizontalAlignment>
		<verticalAlignment>Top</verticalAlignment>
		<textPlacement>Wrap</textPlacement>
	</format>
	<format>
		<font>1</font>
	</format>
	<format>
		<fillType>Parameter</fillType>
	</format>
	<format>
		<fillType>Parameter</fillType>
		<format>
			<v8:item>
				<v8:lang>ru</v8:lang>
				<v8:content>ДФ='dd MMMM yyyy "г."'</v8:content>
			</v8:item>
		</format>
	</format>
	<format>
		<height>1</height>
		<width>2</width>
		<horizontalAlignment>Right</horizontalAlignment>
		<verticalAlignment>Center</verticalAlignment>
	</format>
	<format>
		<width>72</width>
	</format>
</document>