﻿<?xml version="1.0" encoding="UTF-8"?>
<document xmlns="http://v8.1c.ru/8.2/data/spreadsheet" xmlns:style="http://v8.1c.ru/8.1/data/ui/style" xmlns:v8="http://v8.1c.ru/8.1/data/core" xmlns:v8ui="http://v8.1c.ru/8.1/data/ui" xmlns:xs="http://www.w3.org/2001/XMLSchema" xmlns:xsi="http://www.w3.org/2001/XMLSchema-instance">
	<languageSettings>
		<currentLanguage>ru</currentLanguage>
		<defaultLanguage>ru</defaultLanguage>
		<languageInfo>
			<id>ru</id>
			<code>Русский</code>
			<description>Русский</description>
		</languageInfo>
	</languageSettings>
	<columns>
		<size>8</size>
		<columnsItem>
			<index>0</index>
			<column>
				<formatIndex>1</formatIndex>
			</column>
		</columnsItem>
		<columnsItem>
			<index>1</index>
			<column>
				<formatIndex>2</formatIndex>
			</column>
		</columnsItem>
		<columnsItem>
			<index>2</index>
			<column>
				<formatIndex>3</formatIndex>
			</column>
		</columnsItem>
		<columnsItem>
			<index>3</index>
			<column>
				<formatIndex>4</formatIndex>
			</column>
		</columnsItem>
		<columnsItem>
			<index>4</index>
			<column>
				<formatIndex>5</formatIndex>
			</column>
		</columnsItem>
		<columnsItem>
			<index>5</index>
			<column>
				<formatIndex>6</formatIndex>
			</column>
		</columnsItem>
		<columnsItem>
			<index>6</index>
			<column>
				<formatIndex>7</formatIndex>
			</column>
		</columnsItem>
		<columnsItem>
			<index>7</index>
			<column>
				<formatIndex>8</formatIndex>
			</column>
		</columnsItem>
	</columns>
	<columns>
		<id>4bfe2698-04fe-4f94-a8ec-ce01561ffd64</id>
		<size>8</size>
		<columnsItem>
			<index>0</index>
			<column>
				<formatIndex>1</formatIndex>
			</column>
		</columnsItem>
		<columnsItem>
			<index>1</index>
			<column>
				<formatIndex>2</formatIndex>
			</column>
		</columnsItem>
		<columnsItem>
			<index>2</index>
			<column>
				<formatIndex>3</formatIndex>
			</column>
		</columnsItem>
		<columnsItem>
			<index>3</index>
			<column>
				<formatIndex>4</formatIndex>
			</column>
		</columnsItem>
		<columnsItem>
			<index>4</index>
			<column>
				<formatIndex>9</formatIndex>
			</column>
		</columnsItem>
		<columnsItem>
			<index>5</index>
			<column>
				<formatIndex>10</formatIndex>
			</column>
		</columnsItem>
		<columnsItem>
			<index>6</index>
			<column>
				<formatIndex>7</formatIndex>
			</column>
		</columnsItem>
		<columnsItem>
			<index>7</index>
			<column>
				<formatIndex>11</formatIndex>
			</column>
		</columnsItem>
	</columns>
	<rowsItem>
		<index>0</index>
		<row>
			<formatIndex>12</formatIndex>
			<c>
				<c>
					<f>13</f>
				</c>
			</c>
			<c>
				<i>5</i>
				<c>
					<f>14</f>
					<tl>
						<v8:item>
							<v8:lang>ru</v8:lang>
							<v8:content>Унифицированная форма № Т-9</v8:content>
						</v8:item>
					</tl>
				</c>
			</c>
		</row>
	</rowsItem>
	<rowsItem>
		<index>1</index>
		<row>
			<formatIndex>15</formatIndex>
			<c>
				<c>
					<f>13</f>
				</c>
			</c>
			<c>
				<i>5</i>
				<c>
					<f>16</f>
					<tl>
						<v8:item>
							<v8:lang>ru</v8:lang>
							<v8:content>Утверждена постановлением Госкомстата РФ
от 5 января 2004 г. № 1</v8:content>
						</v8:item>
					</tl>
				</c>
			</c>
		</row>
	</rowsItem>
	<rowsItem>
		<index>2</index>
		<row>
			<formatIndex>17</formatIndex>
			<c>
				<c>
					<f>13</f>
				</c>
			</c>
			<c>
				<i>5</i>
				<c>
					<f>0</f>
				</c>
			</c>
			<c>
				<i>7</i>
				<c>
					<f>18</f>
					<tl>
						<v8:item>
							<v8:lang>ru</v8:lang>
							<v8:content>Код</v8:content>
						</v8:item>
					</tl>
				</c>
			</c>
		</row>
	</rowsItem>
	<rowsItem>
		<index>3</index>
		<row>
			<formatIndex>19</formatIndex>
			<c>
				<c>
					<f>13</f>
				</c>
			</c>
			<c>
				<i>6</i>
				<c>
					<f>20</f>
					<tl>
						<v8:item>
							<v8:lang>ru</v8:lang>
							<v8:content>Форма по ОКУД  </v8:content>
						</v8:item>
					</tl>
				</c>
			</c>
			<c>
				<c>
					<f>21</f>
					<tl>
						<v8:item>
							<v8:lang>ru</v8:lang>
							<v8:content>0301022</v8:content>
						</v8:item>
					</tl>
				</c>
			</c>
		</row>
	</rowsItem>
	<rowsItem>
		<index>4</index>
		<row>
			<formatIndex>22</formatIndex>
			<c>
				<c>
					<f>23</f>
				</c>
			</c>
			<c>
				<c>
					<f>24</f>
					<parameter>НазваниеОрганизации</parameter>
				</c>
			</c>
			<c>
				<i>6</i>
				<c>
					<f>20</f>
					<tl>
						<v8:item>
							<v8:lang>ru</v8:lang>
							<v8:content> по ОКПО  </v8:content>
						</v8:item>
					</tl>
				</c>
			</c>
			<c>
				<c>
					<f>25</f>
					<parameter>ОКПО</parameter>
				</c>
			</c>
		</row>
	</rowsItem>
	<rowsItem>
		<index>5</index>
		<row>
			<c>
				<c>
					<f>26</f>
				</c>
			</c>
			<c>
				<c>
					<f>27</f>
					<tl>
						<v8:item>
							<v8:lang>ru</v8:lang>
							<v8:content>наименование организации</v8:content>
						</v8:item>
					</tl>
				</c>
			</c>
			<c>
				<c>
					<f>28</f>
				</c>
			</c>
			<c>
				<c>
					<f>28</f>
				</c>
			</c>
			<c>
				<c>
					<f>28</f>
				</c>
			</c>
			<c>
				<c>
					<f>28</f>
				</c>
			</c>
		</row>
	</rowsItem>
	<rowsItem>
		<index>6</index>
		<row>
			<formatIndex>29</formatIndex>
			<c>
				<c>
					<f>30</f>
				</c>
			</c>
			<c>
				<c>
					<f>31</f>
				</c>
			</c>
			<c>
				<c>
					<f>32</f>
				</c>
			</c>
			<c>
				<c>
					<f>32</f>
				</c>
			</c>
			<c>
				<c>
					<f>32</f>
				</c>
			</c>
			<c>
				<c>
					<f>32</f>
				</c>
			</c>
			<c>
				<c>
					<f>32</f>
				</c>
			</c>
		</row>
	</rowsItem>
	<rowsItem>
		<index>7</index>
		<row>
			<formatIndex>33</formatIndex>
			<c>
				<c>
					<f>13</f>
				</c>
			</c>
			<c>
				<i>5</i>
				<c>
					<f>34</f>
					<tl>
						<v8:item>
							<v8:lang>ru</v8:lang>
							<v8:content>Номер документа</v8:content>
						</v8:item>
					</tl>
				</c>
			</c>
			<c>
				<c>
					<f>35</f>
					<tl>
						<v8:item>
							<v8:lang>ru</v8:lang>
							<v8:content>Дата составления</v8:content>
						</v8:item>
					</tl>
				</c>
			</c>
		</row>
	</rowsItem>
	<rowsItem>
		<index>8</index>
		<row>
			<formatIndex>36</formatIndex>
			<c>
				<c>
					<f>13</f>
				</c>
			</c>
			<c>
				<i>3</i>
				<c>
					<f>31</f>
					<tl>
						<v8:item>
							<v8:lang>ru</v8:lang>
							<v8:content>ПРИКАЗ</v8:content>
						</v8:item>
					</tl>
				</c>
			</c>
			<c>
				<i>5</i>
				<c>
					<f>37</f>
					<parameter>НомерДок</parameter>
				</c>
			</c>
			<c>
				<c>
					<f>38</f>
					<parameter>ДатаДок</parameter>
				</c>
			</c>
			<c>
				<c>
					<f>39</f>
				</c>
			</c>
		</row>
	</rowsItem>
	<rowsItem>
		<index>9</index>
		<row>
			<c>
				<c>
					<f>13</f>
				</c>
			</c>
			<c>
				<i>3</i>
				<c>
					<f>31</f>
					<tl>
						<v8:item>
							<v8:lang>ru</v8:lang>
							<v8:content>(распоряжение)</v8:content>
						</v8:item>
					</tl>
				</c>
			</c>
		</row>
	</rowsItem>
	<rowsItem>
		<index>10</index>
		<row>
			<c>
				<c>
					<f>13</f>
				</c>
			</c>
			<c>
				<c>
					<f>0</f>
					<tl/>
				</c>
			</c>
			<c>
				<c>
					<f>0</f>
				</c>
			</c>
			<c>
				<c>
					<f>31</f>
					<tl>
						<v8:item>
							<v8:lang>ru</v8:lang>
							<v8:content>о направлении работника в командировку</v8:content>
						</v8:item>
					</tl>
				</c>
			</c>
			<c>
				<i>6</i>
				<c>
					<f>39</f>
				</c>
			</c>
		</row>
	</rowsItem>
	<rowsItem>
		<index>11</index>
		<row>
			<c>
				<c>
					<f>13</f>
				</c>
			</c>
		</row>
	</rowsItem>
	<rowsItem>
		<index>12</index>
		<row>
			<formatIndex>40</formatIndex>
			<c>
				<c>
					<f>41</f>
				</c>
			</c>
			<c>
				<c>
					<f>42</f>
					<tl>
						<v8:item>
							<v8:lang>ru</v8:lang>
							<v8:content>Направить в командировку :</v8:content>
						</v8:item>
					</tl>
				</c>
			</c>
			<c>
				<i>7</i>
				<c>
					<f>43</f>
					<tl>
						<v8:item>
							<v8:lang>ru</v8:lang>
							<v8:content>Табельный номер
</v8:content>
						</v8:item>
					</tl>
				</c>
			</c>
		</row>
	</rowsItem>
	<rowsItem>
		<index>13</index>
		<row>
			<formatIndex>29</formatIndex>
			<c>
				<c>
					<f>44</f>
				</c>
			</c>
			<c>
				<c>
					<f>45</f>
					<tl/>
					<detailParameter>Сотрудник</detailParameter>
				</c>
			</c>
			<c>
				<c>
					<f>46</f>
					<parameter>Сотрудник</parameter>
					<detailParameter>Сотрудник</detailParameter>
				</c>
			</c>
			<c>
				<i>7</i>
				<c>
					<f>47</f>
					<parameter>ТабНомер</parameter>
				</c>
			</c>
		</row>
	</rowsItem>
	<rowsItem>
		<index>14</index>
		<row>
			<formatIndex>48</formatIndex>
			<c>
				<c>
					<f>49</f>
				</c>
			</c>
			<c>
				<c>
					<f>50</f>
					<tl>
						<v8:item>
							<v8:lang>ru</v8:lang>
							<v8:content>фамилия, имя, отчество</v8:content>
						</v8:item>
					</tl>
				</c>
			</c>
		</row>
	</rowsItem>
	<rowsItem>
		<index>15</index>
		<row>
			<formatIndex>51</formatIndex>
			<c>
				<c>
					<f>52</f>
				</c>
			</c>
			<c>
				<c>
					<f>53</f>
					<parameter>Подразделение</parameter>
				</c>
			</c>
		</row>
	</rowsItem>
	<rowsItem>
		<index>16</index>
		<row>
			<formatIndex>54</formatIndex>
			<c>
				<c>
					<f>49</f>
				</c>
			</c>
			<c>
				<c>
					<f>55</f>
					<tl>
						<v8:item>
							<v8:lang>ru</v8:lang>
							<v8:content>структурное подразделение   </v8:content>
						</v8:item>
					</tl>
				</c>
			</c>
		</row>
	</rowsItem>
	<rowsItem>
		<index>17</index>
		<row>
			<formatIndex>56</formatIndex>
			<c>
				<c>
					<f>52</f>
				</c>
			</c>
			<c>
				<c>
					<f>57</f>
					<parameter>Должность</parameter>
				</c>
			</c>
		</row>
	</rowsItem>
	<rowsItem>
		<index>18</index>
		<row>
			<formatIndex>54</formatIndex>
			<c>
				<c>
					<f>49</f>
				</c>
			</c>
			<c>
				<c>
					<f>55</f>
					<tl>
						<v8:item>
							<v8:lang>ru</v8:lang>
							<v8:content>должность (специальность, профессия)</v8:content>
						</v8:item>
					</tl>
				</c>
			</c>
		</row>
	</rowsItem>
	<rowsItem>
		<index>19</index>
		<row>
			<formatIndex>56</formatIndex>
			<c>
				<c>
					<f>52</f>
				</c>
			</c>
			<c>
				<c>
					<f>57</f>
					<parameter>МестоНазначения</parameter>
				</c>
			</c>
		</row>
	</rowsItem>
	<rowsItem>
		<index>20</index>
		<row>
			<formatIndex>54</formatIndex>
			<c>
				<c>
					<f>49</f>
				</c>
			</c>
			<c>
				<c>
					<f>55</f>
					<tl>
						<v8:item>
							<v8:lang>ru</v8:lang>
							<v8:content>место назначения (страна, город, организация)</v8:content>
						</v8:item>
					</tl>
				</c>
			</c>
		</row>
	</rowsItem>
	<rowsItem>
		<index>21</index>
		<row>
			<formatIndex>56</formatIndex>
			<c>
				<c>
					<f>52</f>
				</c>
			</c>
			<c>
				<c>
					<f>57</f>
					<parameter>Организация</parameter>
				</c>
			</c>
		</row>
	</rowsItem>
	<rowsItem>
		<index>22</index>
		<row>
			<formatIndex>54</formatIndex>
			<c>
				<c>
					<f>49</f>
				</c>
			</c>
			<c>
				<c>
					<f>55</f>
					<tl/>
				</c>
			</c>
		</row>
	</rowsItem>
	<rowsItem>
		<index>23</index>
		<row>
			<formatIndex>56</formatIndex>
			<c>
				<c>
					<f>52</f>
				</c>
			</c>
			<c>
				<c>
					<f>57</f>
					<parameter>МестоНазначения3</parameter>
				</c>
			</c>
		</row>
	</rowsItem>
	<rowsItem>
		<index>24</index>
		<row>
			<formatIndex>51</formatIndex>
			<c>
				<c>
					<f>13</f>
				</c>
			</c>
		</row>
	</rowsItem>
	<rowsItem>
		<index>25</index>
		<row>
			<formatIndex>58</formatIndex>
			<c>
				<c>
					<f>59</f>
				</c>
			</c>
			<c>
				<c>
					<f>60</f>
				</c>
			</c>
			<c>
				<c>
					<f>61</f>
					<tl>
						<v8:item>
							<v8:lang>ru</v8:lang>
							<v8:content>сроком на </v8:content>
						</v8:item>
					</tl>
				</c>
			</c>
			<c>
				<c>
					<f>62</f>
					<parameter>ДнейВсего</parameter>
				</c>
			</c>
			<c>
				<c>
					<f>63</f>
					<tl>
						<v8:item>
							<v8:lang>ru</v8:lang>
							<v8:content>календарных дней</v8:content>
						</v8:item>
					</tl>
				</c>
			</c>
			<c>
				<c>
					<f>64</f>
				</c>
			</c>
		</row>
	</rowsItem>
	<rowsItem>
		<index>26</index>
		<row>
			<formatIndex>51</formatIndex>
			<c>
				<c>
					<f>65</f>
				</c>
			</c>
			<c>
				<c>
					<f>66</f>
				</c>
			</c>
		</row>
	</rowsItem>
	<rowsItem>
		<index>27</index>
		<row>
			<formatIndex>51</formatIndex>
			<c>
				<c>
					<f>67</f>
				</c>
			</c>
			<c>
				<c>
					<f>68</f>
					<parameter>СтрокаСПО</parameter>
				</c>
			</c>
		</row>
	</rowsItem>
	<rowsItem>
		<index>28</index>
		<row>
			<formatIndex>51</formatIndex>
			<c>
				<c>
					<f>13</f>
				</c>
			</c>
			<c>
				<c>
					<f>0</f>
				</c>
			</c>
		</row>
	</rowsItem>
	<rowsItem>
		<index>29</index>
		<row>
			<formatIndex>69</formatIndex>
			<c>
				<c>
					<f>13</f>
				</c>
			</c>
			<c>
				<c>
					<f>70</f>
					<tl>
						<v8:item>
							<v8:lang>ru</v8:lang>
							<v8:content>с целью</v8:content>
						</v8:item>
					</tl>
				</c>
			</c>
			<c>
				<c>
					<f>71</f>
					<parameter>Цель</parameter>
				</c>
			</c>
			<c>
				<c>
					<f>72</f>
				</c>
			</c>
			<c>
				<c>
					<f>73</f>
				</c>
			</c>
			<c>
				<c>
					<f>74</f>
				</c>
			</c>
			<c>
				<c>
					<f>75</f>
				</c>
			</c>
			<c>
				<c>
					<f>76</f>
				</c>
			</c>
			<c>
				<c>
					<f>77</f>
				</c>
			</c>
		</row>
	</rowsItem>
	<rowsItem>
		<index>30</index>
		<row>
			<formatIndex>78</formatIndex>
			<c>
				<c>
					<f>13</f>
				</c>
			</c>
			<c>
				<i>2</i>
				<c>
					<f>79</f>
				</c>
			</c>
		</row>
	</rowsItem>
	<rowsItem>
		<index>31</index>
		<row>
			<formatIndex>80</formatIndex>
			<c>
				<c>
					<f>13</f>
				</c>
			</c>
			<c>
				<c>
					<f>81</f>
					<parameter>Цель2</parameter>
				</c>
			</c>
		</row>
	</rowsItem>
	<rowsItem>
		<index>32</index>
		<row>
			<formatIndex>78</formatIndex>
			<c>
				<c>
					<f>13</f>
				</c>
			</c>
			<c>
				<i>2</i>
				<c>
					<f>79</f>
				</c>
			</c>
		</row>
	</rowsItem>
	<rowsItem>
		<index>33</index>
		<row>
			<formatIndex>69</formatIndex>
			<c>
				<c>
					<f>13</f>
				</c>
			</c>
			<c>
				<c>
					<f>70</f>
					<tl>
						<v8:item>
							<v8:lang>ru</v8:lang>
							<v8:content>Командировка за счет средств</v8:content>
						</v8:item>
					</tl>
				</c>
			</c>
			<c>
				<c>
					<f>82</f>
				</c>
			</c>
			<c>
				<c>
					<f>71</f>
					<parameter>Средства</parameter>
				</c>
			</c>
		</row>
	</rowsItem>
	<rowsItem>
		<index>34</index>
		<row>
			<formatIndex>54</formatIndex>
			<c>
				<c>
					<f>49</f>
				</c>
			</c>
			<c>
				<c>
					<f>55</f>
				</c>
			</c>
			<c>
				<c>
					<f>55</f>
				</c>
			</c>
			<c>
				<c>
					<f>83</f>
					<tl>
						<v8:item>
							<v8:lang>ru</v8:lang>
							<v8:content>указать источник финансирования</v8:content>
						</v8:item>
					</tl>
				</c>
			</c>
		</row>
	</rowsItem>
	<rowsItem>
		<index>35</index>
		<row>
			<formatIndex>69</formatIndex>
			<c>
				<c>
					<f>13</f>
				</c>
			</c>
			<c>
				<c>
					<f>70</f>
					<tl>
						<v8:item>
							<v8:lang>ru</v8:lang>
							<v8:content>Основание
(документ, номер, дата):
</v8:content>
						</v8:item>
					</tl>
				</c>
			</c>
			<c>
				<c>
					<f>82</f>
				</c>
			</c>
			<c>
				<c>
					<f>84</f>
					<parameter>Основание</parameter>
				</c>
			</c>
		</row>
	</rowsItem>
	<rowsItem>
		<index>36</index>
		<row>
			<formatIndex>54</formatIndex>
			<c>
				<c>
					<f>49</f>
				</c>
			</c>
			<c>
				<c>
					<f>55</f>
				</c>
			</c>
			<c>
				<c>
					<f>55</f>
				</c>
			</c>
			<c>
				<c>
					<f>83</f>
					<tl>
						<v8:item>
							<v8:lang>ru</v8:lang>
							<v8:content>служебное задание, другое основание, указать</v8:content>
						</v8:item>
					</tl>
				</c>
			</c>
		</row>
	</rowsItem>
	<rowsItem>
		<index>37</index>
		<row>
			<formatIndex>80</formatIndex>
			<c>
				<c>
					<f>13</f>
				</c>
			</c>
			<c>
				<i>2</i>
				<c>
					<f>79</f>
				</c>
			</c>
		</row>
	</rowsItem>
	<rowsItem>
		<index>38</index>
		<row>
			<formatIndex>85</formatIndex>
			<c>
				<c>
					<f>86</f>
				</c>
			</c>
			<c>
				<c>
					<f>87</f>
					<tl>
						<v8:item>
							<v8:lang>ru</v8:lang>
							<v8:content>Руководитель организации</v8:content>
						</v8:item>
					</tl>
				</c>
			</c>
			<c>
				<c>
					<f>88</f>
				</c>
			</c>
			<c>
				<c>
					<f>89</f>
					<parameter>ДолжностьРуководителя</parameter>
				</c>
			</c>
			<c>
				<c>
					<f>90</f>
				</c>
			</c>
			<c>
				<c>
					<f>91</f>
				</c>
			</c>
			<c>
				<c>
					<f>92</f>
					<parameter>Руководитель</parameter>
				</c>
			</c>
		</row>
	</rowsItem>
	<rowsItem>
		<index>39</index>
		<row>
			<formatIndex>93</formatIndex>
			<c>
				<c>
					<f>13</f>
				</c>
			</c>
			<c>
				<i>3</i>
				<c>
					<f>94</f>
					<tl>
						<v8:item>
							<v8:lang>ru</v8:lang>
							<v8:content>                     должность</v8:content>
						</v8:item>
					</tl>
				</c>
			</c>
			<c>
				<i>5</i>
				<c>
					<f>94</f>
					<tl>
						<v8:item>
							<v8:lang>ru</v8:lang>
							<v8:content>личная подпись</v8:content>
						</v8:item>
					</tl>
				</c>
			</c>
			<c>
				<c>
					<f>95</f>
					<tl>
						<v8:item>
							<v8:lang>ru</v8:lang>
							<v8:content>расшифровка подписи</v8:content>
						</v8:item>
					</tl>
				</c>
			</c>
		</row>
	</rowsItem>
	<rowsItem>
		<index>40</index>
		<row>
			<columnsID>4bfe2698-04fe-4f94-a8ec-ce01561ffd64</columnsID>
			<formatIndex>96</formatIndex>
			<c>
				<c>
					<f>23</f>
				</c>
			</c>
			<c>
				<c>
					<f>70</f>
					<tl>
						<v8:item>
							<v8:lang>ru</v8:lang>
							<v8:content>С приказом (распоряжением) работник ознакомлен</v8:content>
						</v8:item>
					</tl>
				</c>
			</c>
			<c>
				<i>4</i>
				<c>
					<f>97</f>
				</c>
			</c>
			<c>
				<c>
					<f>98</f>
				</c>
			</c>
			<c>
				<c>
					<f>99</f>
					<tl>
						<v8:item>
							<v8:lang>ru</v8:lang>
							<v8:content>   "____"  _____________ 20       г.</v8:content>
						</v8:item>
					</tl>
				</c>
			</c>
		</row>
	</rowsItem>
	<rowsItem>
		<index>41</index>
		<row>
			<columnsID>4bfe2698-04fe-4f94-a8ec-ce01561ffd64</columnsID>
			<formatIndex>100</formatIndex>
			<c>
				<c>
					<f>23</f>
				</c>
			</c>
			<c>
				<c>
					<f>101</f>
				</c>
			</c>
			<c>
				<i>4</i>
				<c>
					<f>102</f>
					<tl>
						<v8:item>
							<v8:lang>ru</v8:lang>
							<v8:content>личная подпись</v8:content>
						</v8:item>
					</tl>
				</c>
			</c>
			<c>
				<c>
					<f>103</f>
				</c>
			</c>
		</row>
	</rowsItem>
	<drawing>
		<drawingType>Line</drawingType>
		<id>2</id>
		<formatIndex>104</formatIndex>
		<beginRow>39</beginRow>
		<beginRowOffset>0</beginRowOffset>
		<endRow>39</endRow>
		<endRowOffset>0</endRowOffset>
		<beginColumn>6</beginColumn>
		<beginColumnOffset>40</beginColumnOffset>
		<endColumn>8</endColumn>
		<endColumnOffset>0</endColumnOffset>
		<autoSize>false</autoSize>
		<pictureSize>Stretch</pictureSize>
		<zOrder>0</zOrder>
	</drawing>
	<drawing>
		<drawingType>Line</drawingType>
		<id>4</id>
		<formatIndex>104</formatIndex>
		<beginRow>39</beginRow>
		<beginRowOffset>0</beginRowOffset>
		<endRow>39</endRow>
		<endRowOffset>0</endRowOffset>
		<beginColumn>3</beginColumn>
		<beginColumnOffset>0</beginColumnOffset>
		<endColumn>4</endColumn>
		<endColumnOffset>198</endColumnOffset>
		<autoSize>false</autoSize>
		<pictureSize>Stretch</pictureSize>
		<zOrder>0</zOrder>
	</drawing>
	<templateMode>true</templateMode>
	<defaultFormatIndex>105</defaultFormatIndex>
	<height>42</height>
	<vgRows>42</vgRows>
	<merge>
		<r>0</r>
		<c>5</c>
		<w>2</w>
	</merge>
	<merge>
		<r>1</r>
		<c>5</c>
		<w>2</w>
	</merge>
	<merge>
		<r>4</r>
		<c>1</c>
		<w>4</w>
	</merge>
	<merge>
		<r>13</r>
		<c>2</c>
		<w>4</w>
	</merge>
	<merge>
		<r>14</r>
		<c>1</c>
		<w>6</w>
	</merge>
	<merge>
		<r>15</r>
		<c>1</c>
		<w>6</w>
	</merge>
	<merge>
		<r>16</r>
		<c>1</c>
		<w>6</w>
	</merge>
	<merge>
		<r>17</r>
		<c>1</c>
		<w>6</w>
	</merge>
	<merge>
		<r>18</r>
		<c>1</c>
		<w>6</w>
	</merge>
	<merge>
		<r>19</r>
		<c>1</c>
		<w>6</w>
	</merge>
	<merge>
		<r>20</r>
		<c>1</c>
		<w>6</w>
	</merge>
	<merge>
		<r>21</r>
		<c>1</c>
		<w>6</w>
	</merge>
	<merge>
		<r>22</r>
		<c>1</c>
		<w>6</w>
	</merge>
	<merge>
		<r>23</r>
		<c>1</c>
		<w>6</w>
	</merge>
	<merge>
		<r>29</r>
		<c>2</c>
		<w>5</w>
	</merge>
	<merge>
		<r>31</r>
		<c>1</c>
		<w>6</w>
	</merge>
	<merge>
		<r>33</r>
		<c>3</c>
		<w>4</w>
	</merge>
	<merge>
		<r>34</r>
		<c>3</c>
		<w>4</w>
	</merge>
	<merge>
		<r>35</r>
		<c>3</c>
		<w>4</w>
	</merge>
	<merge>
		<r>36</r>
		<c>3</c>
		<w>4</w>
	</merge>
	<merge>
		<r>38</r>
		<c>6</c>
		<w>1</w>
	</merge>
	<merge>
		<r>39</r>
		<c>6</c>
		<w>1</w>
	</merge>
	<merge>
		<r>40</r>
		<c>6</c>
		<w>1</w>
	</merge>
	<line width="1" gap="false">
		<v8ui:style xsi:type="v8ui:SpreadsheetDocumentCellLineType">None</v8ui:style>
	</line>
	<line width="1" gap="false">
		<v8ui:style xsi:type="v8ui:SpreadsheetDocumentCellLineType">Solid</v8ui:style>
	</line>
	<line width="0" gap="false">
		<v8ui:style xsi:type="v8ui:SpreadsheetDocumentCellLineType">None</v8ui:style>
	</line>
	<font faceName="Arial" height="9.8" bold="false" italic="false" underline="false" strikeout="false" kind="Absolute"/>
	<font faceName="Arial" height="8.3" bold="true" italic="false" underline="false" strikeout="false" kind="Absolute"/>
	<font faceName="Arial" height="8.3" bold="false" italic="false" underline="false" strikeout="false" kind="Absolute"/>
	<font faceName="Arial" height="0" bold="false" italic="false" underline="false" strikeout="false" kind="Absolute"/>
	<font faceName="Arial" height="9.8" bold="true" italic="false" underline="false" strikeout="false" kind="Absolute"/>
	<font faceName="Arial" height="9" bold="false" italic="false" underline="false" strikeout="false" kind="Absolute"/>
	<font faceName="Arial" height="8" bold="false" italic="false" underline="false" strikeout="false" kind="Absolute"/>
	<font faceName="Arial" height="12" bold="true" italic="false" underline="false" strikeout="false" kind="Absolute"/>
	<font faceName="Arial" height="8.3" bold="false" italic="false" underline="false" strikeout="false" kind="Absolute"/>
	<font faceName="Arial" height="11" bold="false" italic="true" underline="false" strikeout="false" kind="Absolute"/>
	<font faceName="Arial" height="7" bold="false" italic="false" underline="false" strikeout="false" kind="Absolute"/>
	<font faceName="Arial" height="9.8" bold="false" italic="false" underline="false" strikeout="false" kind="Absolute"/>
	<font faceName="Arial" height="11" bold="false" italic="false" underline="false" strikeout="false" kind="Absolute"/>
	<font faceName="Arial" height="10" bold="false" italic="true" underline="false" strikeout="false" kind="Absolute"/>
	<font faceName="Arial" height="11.3" bold="false" italic="false" underline="false" strikeout="false" kind="Absolute"/>
	<font faceName="Arial" height="10" bold="false" italic="false" underline="false" strikeout="false" kind="Absolute"/>
	<font faceName="Arial" height="6" bold="false" italic="false" underline="false" strikeout="false" kind="Absolute"/>
	<font faceName="Arial" height="6" bold="false" italic="false" underline="false" strikeout="false" kind="Absolute"/>
	<format>
		<width>24</width>
	</format>
	<format>
		<width>80</width>
	</format>
	<format>
		<width>149</width>
	</format>
	<format>
		<width>145</width>
	</format>
	<format>
		<width>91</width>
	</format>
	<format>
		<width>115</width>
	</format>
	<format>
		<width>118</width>
	</format>
	<format>
		<width>113</width>
	</format>
	<format>
		<width>174</width>
	</format>
	<format>
		<width>23</width>
	</format>
	<format>
		<width>123</width>
	</format>
	<format>
		<font>0</font>
		<height>42</height>
	</format>
	<format>
		<border>0</border>
	</format>
	<format>
		<font>1</font>
		<horizontalAlignment>Right</horizontalAlignment>
	</format>
	<format>
		<font>2</font>
		<height>84</height>
	</format>
	<format>
		<font>2</font>
		<horizontalAlignment>Right</horizontalAlignment>
		<verticalAlignment>Center</verticalAlignment>
		<textPlacement>Wrap</textPlacement>
		<bySelectedColumns>true</bySelectedColumns>
	</format>
	<format>
		<font>2</font>
		<height>54</height>
	</format>
	<format>
		<font>2</font>
		<leftBorder>1</leftBorder>
		<topBorder>1</topBorder>
		<rightBorder>1</rightBorder>
		<horizontalAlignment>Center</horizontalAlignment>
		<verticalAlignment>Center</verticalAlignment>
	</format>
	<format>
		<font>2</font>
		<height>42</height>
	</format>
	<format>
		<font>2</font>
		<horizontalAlignment>Right</horizontalAlignment>
		<verticalAlignment>Center</verticalAlignment>
	</format>
	<format>
		<font>2</font>
		<border>1</border>
		<horizontalAlignment>Center</horizontalAlignment>
		<verticalAlignment>Center</verticalAlignment>
	</format>
	<format>
		<font>3</font>
		<height>0</height>
	</format>
	<format>
		<font>4</font>
		<border>0</border>
	</format>
	<format>
		<font>4</font>
		<bottomBorder>1</bottomBorder>
		<horizontalAlignment>Center</horizontalAlignment>
		<textPlacement>Wrap</textPlacement>
		<fillType>Parameter</fillType>
		<bySelectedColumns>true</bySelectedColumns>
	</format>
	<format>
		<font>5</font>
		<leftBorder>1</leftBorder>
		<topBorder>2</topBorder>
		<rightBorder>1</rightBorder>
		<bottomBorder>1</bottomBorder>
		<horizontalAlignment>Center</horizontalAlignment>
		<verticalAlignment>Center</verticalAlignment>
		<fillType>Parameter</fillType>
	</format>
	<format>
		<font>6</font>
		<border>0</border>
		<horizontalAlignment>Center</horizontalAlignment>
		<verticalAlignment>Top</verticalAlignment>
	</format>
	<format>
		<font>6</font>
		<horizontalAlignment>Center</horizontalAlignment>
		<verticalAlignment>Top</verticalAlignment>
		<bySelectedColumns>true</bySelectedColumns>
	</format>
	<format>
		<font>3</font>
		<horizontalAlignment>Center</horizontalAlignment>
		<verticalAlignment>Top</verticalAlignment>
		<bySelectedColumns>true</bySelectedColumns>
	</format>
	<format>
		<font>3</font>
		<height>63</height>
	</format>
	<format>
		<font>7</font>
		<border>0</border>
		<horizontalAlignment>Center</horizontalAlignment>
		<verticalAlignment>Center</verticalAlignment>
	</format>
	<format>
		<font>7</font>
		<horizontalAlignment>Center</horizontalAlignment>
		<verticalAlignment>Center</verticalAlignment>
		<bySelectedColumns>true</bySelectedColumns>
	</format>
	<format>
		<horizontalAlignment>Center</horizontalAlignment>
		<bySelectedColumns>true</bySelectedColumns>
	</format>
	<format>
		<font>2</font>
		<height>66</height>
	</format>
	<format>
		<font>2</font>
		<leftBorder>1</leftBorder>
		<topBorder>1</topBorder>
		<rightBorder>1</rightBorder>
		<bottomBorder>2</bottomBorder>
		<horizontalAlignment>Center</horizontalAlignment>
		<verticalAlignment>Center</verticalAlignment>
		<textPlacement>Wrap</textPlacement>
	</format>
	<format>
		<font>2</font>
		<topBorder>1</topBorder>
		<rightBorder>1</rightBorder>
		<bottomBorder>2</bottomBorder>
		<horizontalAlignment>Center</horizontalAlignment>
		<verticalAlignment>Center</verticalAlignment>
		<textPlacement>Wrap</textPlacement>
	</format>
	<format>
		<font>2</font>
		<height>51</height>
	</format>
	<format>
		<font>8</font>
		<border>1</border>
		<horizontalAlignment>Center</horizontalAlignment>
		<verticalAlignment>Center</verticalAlignment>
		<fillType>Parameter</fillType>
	</format>
	<format>
		<border>1</border>
		<horizontalAlignment>Center</horizontalAlignment>
		<verticalAlignment>Center</verticalAlignment>
		<fillType>Parameter</fillType>
	</format>
	<format>
		<verticalAlignment>Bottom</verticalAlignment>
	</format>
	<format>
		<height>57</height>
	</format>
	<format>
		<font>4</font>
		<border>0</border>
		<horizontalAlignment>Left</horizontalAlignment>
		<verticalAlignment>Bottom</verticalAlignment>
	</format>
	<format>
		<font>4</font>
		<horizontalAlignment>Left</horizontalAlignment>
		<verticalAlignment>Bottom</verticalAlignment>
		<bySelectedColumns>true</bySelectedColumns>
	</format>
	<format>
		<font>2</font>
		<leftBorder>1</leftBorder>
		<topBorder>1</topBorder>
		<rightBorder>1</rightBorder>
		<bottomBorder>2</bottomBorder>
		<horizontalAlignment>Center</horizontalAlignment>
		<verticalAlignment>Center</verticalAlignment>
	</format>
	<format>
		<font>9</font>
		<border>0</border>
		<horizontalAlignment>Center</horizontalAlignment>
		<indent>0</indent>
	</format>
	<format>
		<font>9</font>
		<bottomBorder>1</bottomBorder>
		<horizontalAlignment>Center</horizontalAlignment>
		<fillType>Text</fillType>
		<bySelectedColumns>true</bySelectedColumns>
		<indent>0</indent>
	</format>
	<format>
		<font>9</font>
		<bottomBorder>1</bottomBorder>
		<horizontalAlignment>Center</horizontalAlignment>
		<fillType>Parameter</fillType>
		<bySelectedColumns>true</bySelectedColumns>
		<indent>0</indent>
	</format>
	<format>
		<font>0</font>
		<border>1</border>
		<horizontalAlignment>Center</horizontalAlignment>
		<fillType>Parameter</fillType>
		<bySelectedColumns>true</bySelectedColumns>
	</format>
	<format>
		<font>3</font>
		<height>39</height>
	</format>
	<format>
		<font>10</font>
		<border>0</border>
		<horizontalAlignment>Center</horizontalAlignment>
		<verticalAlignment>Top</verticalAlignment>
	</format>
	<format>
		<font>10</font>
		<horizontalAlignment>Center</horizontalAlignment>
		<verticalAlignment>Top</verticalAlignment>
		<bySelectedColumns>true</bySelectedColumns>
	</format>
	<format>
		<height>0</height>
	</format>
	<format>
		<font>9</font>
		<border>0</border>
		<horizontalAlignment>Center</horizontalAlignment>
	</format>
	<format>
		<font>9</font>
		<bottomBorder>1</bottomBorder>
		<horizontalAlignment>Center</horizontalAlignment>
		<textPlacement>Wrap</textPlacement>
		<fillType>Parameter</fillType>
	</format>
	<format>
		<height>39</height>
	</format>
	<format>
		<font>10</font>
		<horizontalAlignment>Center</horizontalAlignment>
		<verticalAlignment>Top</verticalAlignment>
	</format>
	<format>
		<height>60</height>
	</format>
	<format>
		<font>9</font>
		<bottomBorder>1</bottomBorder>
		<horizontalAlignment>Center</horizontalAlignment>
		<fillType>Parameter</fillType>
	</format>
	<format>
		<height>75</height>
	</format>
	<format>
		<font>11</font>
		<border>0</border>
		<verticalAlignment>Center</verticalAlignment>
	</format>
	<format>
		<font>11</font>
		<verticalAlignment>Center</verticalAlignment>
	</format>
	<format>
		<font>11</font>
		<height>75</height>
		<width>70</width>
		<horizontalAlignment>Center</horizontalAlignment>
		<verticalAlignment>Center</verticalAlignment>
	</format>
	<format>
		<font>12</font>
		<border>1</border>
		<height>75</height>
		<width>91</width>
		<horizontalAlignment>Center</horizontalAlignment>
		<verticalAlignment>Center</verticalAlignment>
		<fillType>Parameter</fillType>
	</format>
	<format>
		<font>11</font>
		<height>75</height>
		<width>115</width>
		<horizontalAlignment>Center</horizontalAlignment>
		<verticalAlignment>Center</verticalAlignment>
		<fillType>Text</fillType>
		<bySelectedColumns>true</bySelectedColumns>
	</format>
	<format>
		<font>11</font>
		<horizontalAlignment>Center</horizontalAlignment>
		<verticalAlignment>Center</verticalAlignment>
		<bySelectedColumns>true</bySelectedColumns>
	</format>
	<format>
		<font>11</font>
		<border>0</border>
		<horizontalAlignment>Center</horizontalAlignment>
		<verticalAlignment>Center</verticalAlignment>
	</format>
	<format>
		<font>11</font>
		<horizontalAlignment>Center</horizontalAlignment>
		<verticalAlignment>Center</verticalAlignment>
	</format>
	<format>
		<font>13</font>
		<border>0</border>
	</format>
	<format>
		<font>9</font>
		<fillType>Parameter</fillType>
	</format>
	<format>
		<font>14</font>
		<height>0</height>
	</format>
	<format>
		<font>15</font>
	</format>
	<format>
		<font>9</font>
		<bottomBorder>1</bottomBorder>
		<height>60</height>
		<width>149</width>
		<textPlacement>Wrap</textPlacement>
		<fillType>Parameter</fillType>
		<indent>1</indent>
	</format>
	<format>
		<font>14</font>
		<height>60</height>
		<width>145</width>
	</format>
	<format>
		<font>14</font>
		<height>60</height>
		<width>91</width>
	</format>
	<format>
		<font>14</font>
		<height>60</height>
		<width>115</width>
	</format>
	<format>
		<font>14</font>
		<height>60</height>
		<width>118</width>
	</format>
	<format>
		<font>14</font>
		<height>60</height>
		<width>113</width>
	</format>
	<format>
		<font>14</font>
		<height>60</height>
		<width>72</width>
	</format>
	<format>
		<font>14</font>
		<height>39</height>
	</format>
	<format>
		<font>14</font>
	</format>
	<format>
		<font>14</font>
		<height>60</height>
	</format>
	<format>
		<font>9</font>
		<bottomBorder>1</bottomBorder>
		<height>60</height>
		<width>149</width>
		<fillType>Parameter</fillType>
	</format>
	<format>
		<font>9</font>
		<bottomBorder>0</bottomBorder>
		<height>60</height>
		<width>149</width>
		<indent>1</indent>
	</format>
	<format>
		<font>10</font>
		<height>39</height>
		<width>80</width>
		<horizontalAlignment>Center</horizontalAlignment>
		<verticalAlignment>Top</verticalAlignment>
	</format>
	<format>
		<font>9</font>
		<bottomBorder>1</bottomBorder>
		<height>60</height>
		<width>149</width>
		<fillType>Parameter</fillType>
		<indent>1</indent>
	</format>
	<format>
		<font>2</font>
		<height>0</height>
	</format>
	<format>
		<font>4</font>
		<border>0</border>
		<horizontalAlignment>Left</horizontalAlignment>
	</format>
	<format>
		<font>15</font>
		<horizontalAlignment>Left</horizontalAlignment>
	</format>
	<format>
		<font>2</font>
		<bottomBorder>2</bottomBorder>
		<horizontalAlignment>Left</horizontalAlignment>
	</format>
	<format>
		<font>13</font>
		<bottomBorder>0</bottomBorder>
		<textPlacement>Wrap</textPlacement>
		<fillType>Parameter</fillType>
		<bySelectedColumns>true</bySelectedColumns>
	</format>
	<format>
		<textPlacement>Wrap</textPlacement>
		<bySelectedColumns>true</bySelectedColumns>
	</format>
	<format>
		<font>2</font>
		<bottomBorder>1</bottomBorder>
	</format>
	<format>
		<font>13</font>
		<bottomBorder>2</bottomBorder>
		<horizontalAlignment>Center</horizontalAlignment>
		<textPlacement>Wrap</textPlacement>
		<fillType>Parameter</fillType>
	</format>
	<format>
		<font>16</font>
		<verticalAlignment>Top</verticalAlignment>
	</format>
	<format>
		<font>16</font>
		<horizontalAlignment>Center</horizontalAlignment>
		<verticalAlignment>Top</verticalAlignment>
	</format>
	<format>
		<font>16</font>
		<horizontalAlignment>Center</horizontalAlignment>
		<verticalAlignment>Top</verticalAlignment>
		<bySelectedColumns>true</bySelectedColumns>
	</format>
	<format>
		<font>2</font>
		<height>105</height>
	</format>
	<format>
		<bottomBorder>1</bottomBorder>
	</format>
	<format>
		<font>2</font>
		<bottomBorder>0</bottomBorder>
	</format>
	<format>
		<font>5</font>
		<leftBorder>2</leftBorder>
		<fillType>Template</fillType>
	</format>
	<format>
		<font>2</font>
	</format>
	<format>
		<font>4</font>
	</format>
	<format>
		<font>17</font>
		<width>30</width>
		<horizontalAlignment>Center</horizontalAlignment>
		<verticalAlignment>Top</verticalAlignment>
		<bySelectedColumns>true</bySelectedColumns>
	</format>
	<format>
		<font>17</font>
		<horizontalAlignment>Center</horizontalAlignment>
		<verticalAlignment>Top</verticalAlignment>
		<bySelectedColumns>true</bySelectedColumns>
	</format>
	<format>
		<verticalAlignment>Top</verticalAlignment>
		<backColor>#FFFFFF</backColor>
	</format>
	<format>
		<width>72</width>
	</format>
</document>