﻿<?xml version="1.0" encoding="UTF-8"?>
<MetaDataObject xmlns="http://v8.1c.ru/8.3/MDClasses" xmlns:app="http://v8.1c.ru/8.2/managed-application/core" xmlns:cfg="http://v8.1c.ru/8.1/data/enterprise/current-config" xmlns:cmi="http://v8.1c.ru/8.2/managed-application/cmi" xmlns:ent="http://v8.1c.ru/8.1/data/enterprise" xmlns:lf="http://v8.1c.ru/8.2/managed-application/logform" xmlns:style="http://v8.1c.ru/8.1/data/ui/style" xmlns:sys="http://v8.1c.ru/8.1/data/ui/fonts/system" xmlns:v8="http://v8.1c.ru/8.1/data/core" xmlns:v8ui="http://v8.1c.ru/8.1/data/ui" xmlns:web="http://v8.1c.ru/8.1/data/ui/colors/web" xmlns:win="http://v8.1c.ru/8.1/data/ui/colors/windows" xmlns:xen="http://v8.1c.ru/8.3/xcf/enums" xmlns:xpr="http://v8.1c.ru/8.3/xcf/predef" xmlns:xr="http://v8.1c.ru/8.3/xcf/readable" xmlns:xs="http://www.w3.org/2001/XMLSchema" xmlns:xsi="http://www.w3.org/2001/XMLSchema-instance">
	<DataProcessor uuid="5d2a2cec-dc99-4213-829d-9cd5e9f4ad02">
		<InnerInfo>
			<xr:producedType name="DataProcessorObject.РегламентированнаяОтчетностьПФ" category="Object">
				<xr:typeId>e5b547cc-faf2-4304-9dc9-5dbeb585d618</xr:typeId>
				<xr:valTypeId>79e948fc-18d3-46d7-b0d4-df4b07f97f2b</xr:valTypeId>
			</xr:producedType>
			<xr:producedType name="DataProcessorManager.РегламентированнаяОтчетностьПФ" category="Manager">
				<xr:typeId>c0556835-18c2-4dc3-a6da-74021106bf03</xr:typeId>
				<xr:valTypeId>11c9f1fa-40ae-433d-90b5-ebe1abdf0d43</xr:valTypeId>
			</xr:producedType>
		</InnerInfo>
		<Properties>
			<Name>РегламентированнаяОтчетностьПФ</Name>
			<Synonym>
				<v8:item>
					<v8:lang>ru</v8:lang>
					<v8:content>Регламентированная отчетность ПФ</v8:content>
				</v8:item>
			</Synonym>
			<Comment/>
			<UseStandardCommands>false</UseStandardCommands>
			<DefaultForm>DataProcessor.РегламентированнаяОтчетностьПФ.Form.ОсновнаяФорма</DefaultForm>
			<AuxiliaryForm/>
			<IncludeHelpInContents>true</IncludeHelpInContents>
			<ExtendedPresentation/>
			<Explanation/>
		</Properties>
		<ChildObjects>
			<Attribute uuid="116374ea-d627-46e4-a314-5df444adba4b">
				<Properties>
					<Name>ФлагПечать</Name>
					<Synonym>
						<v8:item>
							<v8:lang>ru</v8:lang>
							<v8:content>Флаг печать</v8:content>
						</v8:item>
					</Synonym>
					<Comment/>
					<Type>
						<v8:Type>xs:boolean</v8:Type>
					</Type>
					<PasswordMode>false</PasswordMode>
					<Format/>
					<EditFormat/>
					<ToolTip/>
					<MarkNegatives>false</MarkNegatives>
					<Mask/>
					<MultiLine>false</MultiLine>
					<ExtendedEdit>false</ExtendedEdit>
					<MinValue xsi:nil="true"/>
					<MaxValue xsi:nil="true"/>
					<FillChecking>DontCheck</FillChecking>
					<ChoiceFoldersAndItems>Items</ChoiceFoldersAndItems>
					<ChoiceParameterLinks/>
					<ChoiceParameters/>
					<QuickChoice>Auto</QuickChoice>
					<CreateOnInput>Auto</CreateOnInput>
					<ChoiceForm/>
					<LinkByType/>
					<ChoiceHistoryOnInput>Auto</ChoiceHistoryOnInput>
				</Properties>
			</Attribute>
			<Attribute uuid="73a19246-691e-41fd-b994-24ea70cfdcef">
				<Properties>
					<Name>Документ</Name>
					<Synonym>
						<v8:item>
							<v8:lang>ru</v8:lang>
							<v8:content>Документ</v8:content>
						</v8:item>
					</Synonym>
					<Comment/>
					<Type/>
					<PasswordMode>false</PasswordMode>
					<Format/>
					<EditFormat/>
					<ToolTip/>
					<MarkNegatives>false</MarkNegatives>
					<Mask/>
					<MultiLine>false</MultiLine>
					<ExtendedEdit>false</ExtendedEdit>
					<MinValue xsi:nil="true"/>
					<MaxValue xsi:nil="true"/>
					<FillChecking>DontCheck</FillChecking>
					<ChoiceFoldersAndItems>Items</ChoiceFoldersAndItems>
					<ChoiceParameterLinks/>
					<ChoiceParameters/>
					<QuickChoice>Auto</QuickChoice>
					<CreateOnInput>Auto</CreateOnInput>
					<ChoiceForm/>
					<LinkByType/>
					<ChoiceHistoryOnInput>Auto</ChoiceHistoryOnInput>
				</Properties>
			</Attribute>
			<Attribute uuid="a09b6ce1-a218-4096-af5b-16de3192c649">
				<Properties>
					<Name>ФлагДекларация</Name>
					<Synonym>
						<v8:item>
							<v8:lang>ru</v8:lang>
							<v8:content>Флаг декларация</v8:content>
						</v8:item>
					</Synonym>
					<Comment/>
					<Type>
						<v8:Type>xs:boolean</v8:Type>
					</Type>
					<PasswordMode>false</PasswordMode>
					<Format/>
					<EditFormat/>
					<ToolTip/>
					<MarkNegatives>false</MarkNegatives>
					<Mask/>
					<MultiLine>false</MultiLine>
					<ExtendedEdit>false</ExtendedEdit>
					<MinValue xsi:nil="true"/>
					<MaxValue xsi:nil="true"/>
					<FillChecking>DontCheck</FillChecking>
					<ChoiceFoldersAndItems>Items</ChoiceFoldersAndItems>
					<ChoiceParameterLinks/>
					<ChoiceParameters/>
					<QuickChoice>Auto</QuickChoice>
					<CreateOnInput>Auto</CreateOnInput>
					<ChoiceForm/>
					<LinkByType/>
					<ChoiceHistoryOnInput>Auto</ChoiceHistoryOnInput>
				</Properties>
			</Attribute>
			<Form>ОсновнаяФорма</Form>
			<Form>Декларация2007</Form>
			<Form>АвПлатежи2007</Form>
			<Template>ПФ_ТитЛист</Template>
			<Template>ПФ_СведФЛ</Template>
			<Template>ПФ_Раздел1</Template>
			<Template>ПФ_Раздел2</Template>
			<Template>ПФ_Раздел21</Template>
			<Template>ПФ_Раздел22</Template>
			<Template>ПФ_Раздел23</Template>
			<Template>ФайлПФ</Template>
			<Template>ДекПФ_ТитЛист</Template>
			<Template>ДекПФ_СведФЛ</Template>
			<Template>ДекПФ_Раздел1</Template>
			<Template>ДекПФ_Раздел2</Template>
			<Template>ДекПФ_Раздел21</Template>
			<Template>ДекПФ_Раздел22</Template>
			<Template>ДекПФ_Раздел23</Template>
			<Template>ДекФайлПФ</Template>
		</ChildObjects>
	</DataProcessor>
</MetaDataObject>