﻿<?xml version="1.0" encoding="UTF-8"?>
<document xmlns="http://v8.1c.ru/8.2/data/spreadsheet" xmlns:style="http://v8.1c.ru/8.1/data/ui/style" xmlns:v8="http://v8.1c.ru/8.1/data/core" xmlns:v8ui="http://v8.1c.ru/8.1/data/ui" xmlns:xs="http://www.w3.org/2001/XMLSchema" xmlns:xsi="http://www.w3.org/2001/XMLSchema-instance">
	<languageSettings>
		<currentLanguage>ru</currentLanguage>
		<defaultLanguage>ru</defaultLanguage>
		<languageInfo>
			<id>ru</id>
			<code>Русский</code>
			<description>Русский</description>
		</languageInfo>
	</languageSettings>
	<columns>
		<size>38</size>
		<columnsItem>
			<index>0</index>
			<column>
				<formatIndex>1</formatIndex>
			</column>
		</columnsItem>
		<columnsItem>
			<index>1</index>
			<column>
				<formatIndex>2</formatIndex>
			</column>
		</columnsItem>
		<columnsItem>
			<index>2</index>
			<column>
				<formatIndex>2</formatIndex>
			</column>
		</columnsItem>
		<columnsItem>
			<index>3</index>
			<column>
				<formatIndex>2</formatIndex>
			</column>
		</columnsItem>
		<columnsItem>
			<index>4</index>
			<column>
				<formatIndex>2</formatIndex>
			</column>
		</columnsItem>
		<columnsItem>
			<index>5</index>
			<column>
				<formatIndex>2</formatIndex>
			</column>
		</columnsItem>
		<columnsItem>
			<index>6</index>
			<column>
				<formatIndex>2</formatIndex>
			</column>
		</columnsItem>
		<columnsItem>
			<index>7</index>
			<column>
				<formatIndex>2</formatIndex>
			</column>
		</columnsItem>
		<columnsItem>
			<index>8</index>
			<column>
				<formatIndex>2</formatIndex>
			</column>
		</columnsItem>
		<columnsItem>
			<index>9</index>
			<column>
				<formatIndex>2</formatIndex>
			</column>
		</columnsItem>
		<columnsItem>
			<index>10</index>
			<column>
				<formatIndex>2</formatIndex>
			</column>
		</columnsItem>
		<columnsItem>
			<index>11</index>
			<column>
				<formatIndex>2</formatIndex>
			</column>
		</columnsItem>
		<columnsItem>
			<index>12</index>
			<column>
				<formatIndex>2</formatIndex>
			</column>
		</columnsItem>
		<columnsItem>
			<index>13</index>
			<column>
				<formatIndex>2</formatIndex>
			</column>
		</columnsItem>
		<columnsItem>
			<index>14</index>
			<column>
				<formatIndex>2</formatIndex>
			</column>
		</columnsItem>
		<columnsItem>
			<index>15</index>
			<column>
				<formatIndex>2</formatIndex>
			</column>
		</columnsItem>
		<columnsItem>
			<index>16</index>
			<column>
				<formatIndex>2</formatIndex>
			</column>
		</columnsItem>
		<columnsItem>
			<index>17</index>
			<column>
				<formatIndex>2</formatIndex>
			</column>
		</columnsItem>
		<columnsItem>
			<index>18</index>
			<column>
				<formatIndex>2</formatIndex>
			</column>
		</columnsItem>
		<columnsItem>
			<index>19</index>
			<column>
				<formatIndex>2</formatIndex>
			</column>
		</columnsItem>
		<columnsItem>
			<index>20</index>
			<column>
				<formatIndex>2</formatIndex>
			</column>
		</columnsItem>
		<columnsItem>
			<index>21</index>
			<column>
				<formatIndex>2</formatIndex>
			</column>
		</columnsItem>
		<columnsItem>
			<index>22</index>
			<column>
				<formatIndex>2</formatIndex>
			</column>
		</columnsItem>
		<columnsItem>
			<index>23</index>
			<column>
				<formatIndex>2</formatIndex>
			</column>
		</columnsItem>
		<columnsItem>
			<index>24</index>
			<column>
				<formatIndex>2</formatIndex>
			</column>
		</columnsItem>
		<columnsItem>
			<index>25</index>
			<column>
				<formatIndex>2</formatIndex>
			</column>
		</columnsItem>
		<columnsItem>
			<index>26</index>
			<column>
				<formatIndex>2</formatIndex>
			</column>
		</columnsItem>
		<columnsItem>
			<index>27</index>
			<column>
				<formatIndex>2</formatIndex>
			</column>
		</columnsItem>
		<columnsItem>
			<index>28</index>
			<column>
				<formatIndex>2</formatIndex>
			</column>
		</columnsItem>
		<columnsItem>
			<index>29</index>
			<column>
				<formatIndex>2</formatIndex>
			</column>
		</columnsItem>
		<columnsItem>
			<index>30</index>
			<column>
				<formatIndex>2</formatIndex>
			</column>
		</columnsItem>
		<columnsItem>
			<index>31</index>
			<column>
				<formatIndex>2</formatIndex>
			</column>
		</columnsItem>
		<columnsItem>
			<index>32</index>
			<column>
				<formatIndex>2</formatIndex>
			</column>
		</columnsItem>
		<columnsItem>
			<index>33</index>
			<column>
				<formatIndex>2</formatIndex>
			</column>
		</columnsItem>
		<columnsItem>
			<index>34</index>
			<column>
				<formatIndex>2</formatIndex>
			</column>
		</columnsItem>
		<columnsItem>
			<index>35</index>
			<column>
				<formatIndex>2</formatIndex>
			</column>
		</columnsItem>
		<columnsItem>
			<index>36</index>
			<column>
				<formatIndex>2</formatIndex>
			</column>
		</columnsItem>
		<columnsItem>
			<index>37</index>
			<column>
				<formatIndex>1</formatIndex>
			</column>
		</columnsItem>
	</columns>
	<rowsItem>
		<index>0</index>
		<row>
			<formatIndex>3</formatIndex>
			<c>
				<i>36</i>
				<c>
					<f>4</f>
					<tl>
						<v8:item>
							<v8:lang>ru</v8:lang>
							<v8:content>Приложение</v8:content>
						</v8:item>
					</tl>
				</c>
			</c>
		</row>
	</rowsItem>
	<rowsItem>
		<index>1</index>
		<row>
			<formatIndex>5</formatIndex>
			<c>
				<i>1</i>
				<c>
					<f>6</f>
					<tl>
						<v8:item>
							<v8:lang>ru</v8:lang>
							<v8:content>Составляется и представляется ежеквартально (нарастающим итогом) до 1-го числа</v8:content>
						</v8:item>
					</tl>
				</c>
			</c>
			<c>
				<i>36</i>
				<c>
					<f>4</f>
					<tl>
						<v8:item>
							<v8:lang>ru</v8:lang>
							<v8:content>к приказу Минздравсоцразвития России</v8:content>
						</v8:item>
					</tl>
				</c>
			</c>
		</row>
	</rowsItem>
	<rowsItem>
		<index>2</index>
		<row>
			<formatIndex>5</formatIndex>
			<c>
				<i>1</i>
				<c>
					<f>6</f>
					<tl>
						<v8:item>
							<v8:lang>ru</v8:lang>
							<v8:content>второго календарного месяца, следующего за отчетным периодом, в  территориальный</v8:content>
						</v8:item>
					</tl>
				</c>
			</c>
			<c>
				<i>36</i>
				<c>
					<f>4</f>
					<tl>
						<v8:item>
							<v8:lang>ru</v8:lang>
							<v8:content>от 12 ноября 2009 г. N 894н</v8:content>
						</v8:item>
					</tl>
				</c>
			</c>
		</row>
	</rowsItem>
	<rowsItem>
		<index>3</index>
		<row>
			<formatIndex>5</formatIndex>
			<c>
				<i>1</i>
				<c>
					<f>6</f>
					<tl>
						<v8:item>
							<v8:lang>ru</v8:lang>
							<v8:content>орган Пенсионного фонда Российской Федерации (далее - ПФР) по месту  регистрации</v8:content>
						</v8:item>
					</tl>
				</c>
			</c>
			<c>
				<i>36</i>
				<c>
					<f>7</f>
					<tl>
						<v8:item>
							<v8:lang>ru</v8:lang>
							<v8:content>(в ред. Приказов Минздравсоцразвития РФ</v8:content>
						</v8:item>
					</tl>
				</c>
			</c>
		</row>
	</rowsItem>
	<rowsItem>
		<index>4</index>
		<row>
			<formatIndex>5</formatIndex>
			<c>
				<i>36</i>
				<c>
					<f>7</f>
					<tl>
						<v8:item>
							<v8:lang>ru</v8:lang>
							<v8:content>от 20.12.2010 № 1135н, от 31.01.2011 № 54н)</v8:content>
						</v8:item>
					</tl>
				</c>
			</c>
		</row>
	</rowsItem>
	<rowsItem>
		<index>5</index>
		<row>
			<formatIndex>5</formatIndex>
			<c>
				<i>36</i>
				<c>
					<f>8</f>
				</c>
			</c>
		</row>
	</rowsItem>
	<rowsItem>
		<index>6</index>
		<row>
			<formatIndex>5</formatIndex>
			<c>
				<i>36</i>
				<c>
					<f>8</f>
					<tl>
						<v8:item>
							<v8:lang>ru</v8:lang>
							<v8:content>Форма РСВ-1 ПФР</v8:content>
						</v8:item>
					</tl>
				</c>
			</c>
		</row>
	</rowsItem>
	<rowsItem>
		<index>7</index>
		<row>
			<formatIndex>9</formatIndex>
			<empty>true</empty>
		</row>
	</rowsItem>
	<rowsItem>
		<index>8</index>
		<row>
			<formatIndex>10</formatIndex>
			<c>
				<i>5</i>
				<c>
					<f>11</f>
				</c>
			</c>
			<c>
				<c>
					<f>11</f>
					<tl>
						<v8:item>
							<v8:lang>ru</v8:lang>
							<v8:content>Регистрационный номер в ПФР</v8:content>
						</v8:item>
					</tl>
				</c>
			</c>
			<c>
				<c>
					<f>12</f>
				</c>
			</c>
			<c>
				<i>16</i>
				<c>
					<f>13</f>
					<parameter>РегНомер1</parameter>
				</c>
			</c>
			<c>
				<c>
					<f>13</f>
					<parameter>РегНомер2</parameter>
				</c>
			</c>
			<c>
				<c>
					<f>13</f>
					<parameter>РегНомер3</parameter>
				</c>
			</c>
			<c>
				<c>
					<f>14</f>
					<tl>
						<v8:item>
							<v8:lang>ru</v8:lang>
							<v8:content>-</v8:content>
						</v8:item>
					</tl>
				</c>
			</c>
			<c>
				<c>
					<f>13</f>
					<parameter>РегНомер5</parameter>
				</c>
			</c>
			<c>
				<c>
					<f>13</f>
					<parameter>РегНомер6</parameter>
				</c>
			</c>
			<c>
				<c>
					<f>13</f>
					<parameter>РегНомер7</parameter>
				</c>
			</c>
			<c>
				<c>
					<f>14</f>
					<tl>
						<v8:item>
							<v8:lang>ru</v8:lang>
							<v8:content>-</v8:content>
						</v8:item>
					</tl>
				</c>
			</c>
			<c>
				<c>
					<f>13</f>
					<parameter>РегНомер9</parameter>
				</c>
			</c>
			<c>
				<c>
					<f>13</f>
					<parameter>РегНомер10</parameter>
				</c>
			</c>
			<c>
				<c>
					<f>13</f>
					<parameter>РегНомер11</parameter>
				</c>
			</c>
			<c>
				<c>
					<f>13</f>
					<parameter>РегНомер12</parameter>
				</c>
			</c>
			<c>
				<c>
					<f>13</f>
					<parameter>РегНомер13</parameter>
				</c>
			</c>
			<c>
				<c>
					<f>13</f>
					<parameter>РегНомер14</parameter>
				</c>
			</c>
			<c>
				<i>33</i>
				<c>
					<f>15</f>
					<tl>
						<v8:item>
							<v8:lang>ru</v8:lang>
							<v8:content>Стр.</v8:content>
						</v8:item>
					</tl>
				</c>
			</c>
			<c>
				<c>
					<f>16</f>
					<tl>
						<v8:item>
							<v8:lang>ru</v8:lang>
							<v8:content>0</v8:content>
						</v8:item>
					</tl>
				</c>
			</c>
			<c>
				<c>
					<f>16</f>
					<tl>
						<v8:item>
							<v8:lang>ru</v8:lang>
							<v8:content>0</v8:content>
						</v8:item>
					</tl>
				</c>
			</c>
			<c>
				<c>
					<f>16</f>
					<tl>
						<v8:item>
							<v8:lang>ru</v8:lang>
							<v8:content>1</v8:content>
						</v8:item>
					</tl>
				</c>
			</c>
		</row>
	</rowsItem>
	<rowsItem>
		<index>9</index>
		<row>
			<formatIndex>9</formatIndex>
			<empty>true</empty>
		</row>
	</rowsItem>
	<rowsItem>
		<index>10</index>
		<row>
			<formatIndex>17</formatIndex>
			<c>
				<i>1</i>
				<c>
					<f>18</f>
					<tl>
						<v8:item>
							<v8:lang>ru</v8:lang>
							<v8:content>РАСЧЕТ</v8:content>
						</v8:item>
					</tl>
				</c>
			</c>
		</row>
	</rowsItem>
	<rowsItem>
		<index>11</index>
		<row>
			<formatIndex>19</formatIndex>
			<c>
				<i>1</i>
				<c>
					<f>20</f>
					<tl>
						<v8:item>
							<v8:lang>ru</v8:lang>
							<v8:content>по начисленным и уплаченным страховым взносам на обязательное пенсионное страхование в Пенсионный фонд Российской Федерации, страховым взносам на обязательное медицинское страхование в Федеральный фонд обязательного медицинского страхования* и территориальные фонды обязательного медицинского страхования** плательщиками страховых взносов, производящими выплаты и иные вознаграждения физическим лицам</v8:content>
						</v8:item>
					</tl>
				</c>
			</c>
			<c>
				<c>
					<f>21</f>
				</c>
			</c>
			<c>
				<c>
					<f>21</f>
				</c>
			</c>
			<c>
				<c>
					<f>21</f>
				</c>
			</c>
			<c>
				<c>
					<f>21</f>
				</c>
			</c>
			<c>
				<c>
					<f>21</f>
				</c>
			</c>
			<c>
				<c>
					<f>21</f>
				</c>
			</c>
			<c>
				<c>
					<f>21</f>
				</c>
			</c>
			<c>
				<c>
					<f>21</f>
				</c>
			</c>
			<c>
				<c>
					<f>21</f>
				</c>
			</c>
			<c>
				<c>
					<f>21</f>
				</c>
			</c>
			<c>
				<c>
					<f>21</f>
				</c>
			</c>
			<c>
				<c>
					<f>21</f>
				</c>
			</c>
			<c>
				<c>
					<f>21</f>
				</c>
			</c>
			<c>
				<c>
					<f>21</f>
				</c>
			</c>
			<c>
				<c>
					<f>21</f>
				</c>
			</c>
			<c>
				<c>
					<f>21</f>
				</c>
			</c>
			<c>
				<c>
					<f>21</f>
				</c>
			</c>
			<c>
				<c>
					<f>21</f>
				</c>
			</c>
			<c>
				<c>
					<f>21</f>
				</c>
			</c>
			<c>
				<c>
					<f>21</f>
				</c>
			</c>
			<c>
				<c>
					<f>21</f>
				</c>
			</c>
			<c>
				<c>
					<f>21</f>
				</c>
			</c>
			<c>
				<c>
					<f>21</f>
				</c>
			</c>
			<c>
				<c>
					<f>21</f>
				</c>
			</c>
			<c>
				<c>
					<f>21</f>
				</c>
			</c>
			<c>
				<c>
					<f>21</f>
				</c>
			</c>
			<c>
				<c>
					<f>21</f>
				</c>
			</c>
			<c>
				<c>
					<f>21</f>
				</c>
			</c>
			<c>
				<c>
					<f>21</f>
				</c>
			</c>
			<c>
				<c>
					<f>21</f>
				</c>
			</c>
			<c>
				<c>
					<f>21</f>
				</c>
			</c>
			<c>
				<c>
					<f>21</f>
				</c>
			</c>
			<c>
				<c>
					<f>21</f>
				</c>
			</c>
			<c>
				<c>
					<f>21</f>
				</c>
			</c>
			<c>
				<c>
					<f>21</f>
				</c>
			</c>
		</row>
	</rowsItem>
	<rowsItem>
		<index>12</index>
		<row>
			<formatIndex>9</formatIndex>
			<empty>true</empty>
		</row>
	</rowsItem>
	<rowsItem>
		<index>13</index>
		<row>
			<formatIndex>10</formatIndex>
			<c>
				<i>2</i>
				<c>
					<f>22</f>
					<tl>
						<v8:item>
							<v8:lang>ru</v8:lang>
							<v8:content>Номер корректировки</v8:content>
						</v8:item>
					</tl>
				</c>
			</c>
			<c>
				<i>8</i>
				<c>
					<f>13</f>
					<parameter>НомерКорректировки1</parameter>
				</c>
			</c>
			<c>
				<c>
					<f>13</f>
					<parameter>НомерКорректировки2</parameter>
				</c>
			</c>
			<c>
				<c>
					<f>13</f>
					<parameter>НомерКорректировки3</parameter>
				</c>
			</c>
			<c>
				<i>16</i>
				<c>
					<f>22</f>
					<tl>
						<v8:item>
							<v8:lang>ru</v8:lang>
							<v8:content>Отчетный период (код)</v8:content>
						</v8:item>
					</tl>
				</c>
			</c>
			<c>
				<i>22</i>
				<c>
					<f>13</f>
					<parameter>ОтчетныйПериод1</parameter>
				</c>
			</c>
			<c>
				<c>
					<f>13</f>
					<parameter>ОтчетныйПериод2</parameter>
				</c>
			</c>
			<c>
				<i>28</i>
				<c>
					<f>22</f>
					<tl>
						<v8:item>
							<v8:lang>ru</v8:lang>
							<v8:content>Календарный год</v8:content>
						</v8:item>
					</tl>
				</c>
			</c>
			<c>
				<i>33</i>
				<c>
					<f>13</f>
					<parameter>ГодОтчета1</parameter>
				</c>
			</c>
			<c>
				<c>
					<f>13</f>
					<parameter>ГодОтчета2</parameter>
				</c>
			</c>
			<c>
				<c>
					<f>13</f>
					<parameter>ГодОтчета3</parameter>
				</c>
			</c>
			<c>
				<c>
					<f>13</f>
					<parameter>ГодОтчета4</parameter>
				</c>
			</c>
		</row>
	</rowsItem>
	<rowsItem>
		<index>14</index>
		<row>
			<formatIndex>5</formatIndex>
			<c>
				<i>2</i>
				<c>
					<f>6</f>
					<tl>
						<v8:item>
							<v8:lang>ru</v8:lang>
							<v8:content>(000 - исходная, 001-999 - номер корректировки) </v8:content>
						</v8:item>
					</tl>
				</c>
			</c>
			<c>
				<i>15</i>
				<c>
					<f>6</f>
				</c>
			</c>
			<c>
				<c>
					<f>23</f>
					<tl>
						<v8:item>
							<v8:lang>ru</v8:lang>
							<v8:content>(03 - 1 кв , 06 - полугодие, 09 - 9 месяцев , 12 - год)</v8:content>
						</v8:item>
					</tl>
				</c>
			</c>
		</row>
	</rowsItem>
	<rowsItem>
		<index>15</index>
		<row>
			<formatIndex>9</formatIndex>
			<empty>true</empty>
		</row>
	</rowsItem>
	<rowsItem>
		<index>16</index>
		<row>
			<formatIndex>24</formatIndex>
			<c>
				<i>1</i>
				<c>
					<f>25</f>
					<parameter>НаименованиеОрганизации</parameter>
				</c>
			</c>
		</row>
	</rowsItem>
	<rowsItem>
		<index>17</index>
		<row>
			<formatIndex>24</formatIndex>
			<empty>true</empty>
		</row>
	</rowsItem>
	<rowsItem>
		<index>18</index>
		<row>
			<formatIndex>24</formatIndex>
			<empty>true</empty>
		</row>
	</rowsItem>
	<rowsItem>
		<index>19</index>
		<row>
			<formatIndex>5</formatIndex>
			<c>
				<i>1</i>
				<c>
					<f>26</f>
					<tl>
						<v8:item>
							<v8:lang>ru</v8:lang>
							<v8:content>(наименование организации, обособленного подразделения / фамилия, имя, отчество физического лица) </v8:content>
						</v8:item>
					</tl>
				</c>
			</c>
		</row>
	</rowsItem>
	<rowsItem>
		<index>20</index>
		<row>
			<formatIndex>27</formatIndex>
			<c>
				<i>1</i>
				<c>
					<f>15</f>
					<tl>
						<v8:item>
							<v8:lang>ru</v8:lang>
							<v8:content>Регистрационный
номер в ТФОМС</v8:content>
						</v8:item>
					</tl>
				</c>
			</c>
			<c>
				<i>6</i>
				<c>
					<f>28</f>
				</c>
			</c>
			<c>
				<i>22</i>
				<c>
					<f>15</f>
					<tl>
						<v8:item>
							<v8:lang>ru</v8:lang>
							<v8:content>Код по ОКАТО</v8:content>
						</v8:item>
					</tl>
				</c>
			</c>
		</row>
	</rowsItem>
	<rowsItem>
		<index>21</index>
		<row>
			<formatIndex>10</formatIndex>
			<c>
				<i>6</i>
				<c>
					<f>13</f>
					<parameter>РегНомерТФОМС1</parameter>
				</c>
			</c>
			<c>
				<c>
					<f>13</f>
					<parameter>РегНомерТФОМС2</parameter>
				</c>
			</c>
			<c>
				<c>
					<f>13</f>
					<parameter>РегНомерТФОМС3</parameter>
				</c>
			</c>
			<c>
				<c>
					<f>13</f>
					<parameter>РегНомерТФОМС4</parameter>
				</c>
			</c>
			<c>
				<c>
					<f>13</f>
					<parameter>РегНомерТФОМС5</parameter>
				</c>
			</c>
			<c>
				<c>
					<f>13</f>
					<parameter>РегНомерТФОМС6</parameter>
				</c>
			</c>
			<c>
				<c>
					<f>13</f>
					<parameter>РегНомерТФОМС7</parameter>
				</c>
			</c>
			<c>
				<c>
					<f>13</f>
					<parameter>РегНомерТФОМС8</parameter>
				</c>
			</c>
			<c>
				<c>
					<f>13</f>
					<parameter>РегНомерТФОМС9</parameter>
				</c>
			</c>
			<c>
				<c>
					<f>13</f>
					<parameter>РегНомерТФОМС10</parameter>
				</c>
			</c>
			<c>
				<c>
					<f>13</f>
					<parameter>РегНомерТФОМС11</parameter>
				</c>
			</c>
			<c>
				<c>
					<f>13</f>
					<parameter>РегНомерТФОМС12</parameter>
				</c>
			</c>
			<c>
				<c>
					<f>13</f>
					<parameter>РегНомерТФОМС13</parameter>
				</c>
			</c>
			<c>
				<c>
					<f>13</f>
					<parameter>РегНомерТФОМС14</parameter>
				</c>
			</c>
			<c>
				<c>
					<f>13</f>
					<parameter>РегНомерТФОМС15</parameter>
				</c>
			</c>
			<c>
				<i>26</i>
				<c>
					<f>13</f>
					<parameter>КодОКАТО1</parameter>
				</c>
			</c>
			<c>
				<c>
					<f>13</f>
					<parameter>КодОКАТО2</parameter>
				</c>
			</c>
			<c>
				<c>
					<f>13</f>
					<parameter>КодОКАТО3</parameter>
				</c>
			</c>
			<c>
				<c>
					<f>13</f>
					<parameter>КодОКАТО4</parameter>
				</c>
			</c>
			<c>
				<c>
					<f>13</f>
					<parameter>КодОКАТО5</parameter>
				</c>
			</c>
			<c>
				<c>
					<f>13</f>
					<parameter>КодОКАТО6</parameter>
				</c>
			</c>
			<c>
				<c>
					<f>13</f>
					<parameter>КодОКАТО7</parameter>
				</c>
			</c>
			<c>
				<c>
					<f>13</f>
					<parameter>КодОКАТО8</parameter>
				</c>
			</c>
			<c>
				<c>
					<f>13</f>
					<parameter>КодОКАТО9</parameter>
				</c>
			</c>
			<c>
				<c>
					<f>13</f>
					<parameter>КодОКАТО10</parameter>
				</c>
			</c>
			<c>
				<c>
					<f>13</f>
					<parameter>КодОКАТО11</parameter>
				</c>
			</c>
		</row>
	</rowsItem>
	<rowsItem>
		<index>22</index>
		<row>
			<formatIndex>29</formatIndex>
			<c>
				<i>6</i>
				<c>
					<f>28</f>
				</c>
			</c>
		</row>
	</rowsItem>
	<rowsItem>
		<index>23</index>
		<row>
			<formatIndex>29</formatIndex>
			<c>
				<i>1</i>
				<c>
					<f>15</f>
					<tl>
						<v8:item>
							<v8:lang>ru</v8:lang>
							<v8:content>ИНН</v8:content>
						</v8:item>
					</tl>
				</c>
			</c>
			<c>
				<i>6</i>
				<c>
					<f>28</f>
				</c>
			</c>
			<c>
				<i>22</i>
				<c>
					<f>15</f>
					<tl>
						<v8:item>
							<v8:lang>ru</v8:lang>
							<v8:content>Код по ОКВЭД</v8:content>
						</v8:item>
					</tl>
				</c>
			</c>
		</row>
	</rowsItem>
	<rowsItem>
		<index>24</index>
		<row>
			<formatIndex>10</formatIndex>
			<c>
				<i>6</i>
				<c>
					<f>13</f>
					<parameter>ИНН1</parameter>
				</c>
			</c>
			<c>
				<c>
					<f>13</f>
					<parameter>ИНН2</parameter>
				</c>
			</c>
			<c>
				<c>
					<f>13</f>
					<parameter>ИНН3</parameter>
				</c>
			</c>
			<c>
				<c>
					<f>13</f>
					<parameter>ИНН4</parameter>
				</c>
			</c>
			<c>
				<c>
					<f>13</f>
					<parameter>ИНН5</parameter>
				</c>
			</c>
			<c>
				<c>
					<f>13</f>
					<parameter>ИНН6</parameter>
				</c>
			</c>
			<c>
				<c>
					<f>13</f>
					<parameter>ИНН7</parameter>
				</c>
			</c>
			<c>
				<c>
					<f>13</f>
					<parameter>ИНН8</parameter>
				</c>
			</c>
			<c>
				<c>
					<f>13</f>
					<parameter>ИНН9</parameter>
				</c>
			</c>
			<c>
				<c>
					<f>13</f>
					<parameter>ИНН10</parameter>
				</c>
			</c>
			<c>
				<c>
					<f>13</f>
					<parameter>ИНН11</parameter>
				</c>
			</c>
			<c>
				<c>
					<f>13</f>
					<parameter>ИНН12</parameter>
				</c>
			</c>
			<c>
				<c>
					<f>5</f>
				</c>
			</c>
			<c>
				<i>26</i>
				<c>
					<f>13</f>
					<parameter>КодОКВЭД1</parameter>
				</c>
			</c>
			<c>
				<c>
					<f>13</f>
					<parameter>КодОКВЭД2</parameter>
				</c>
			</c>
			<c>
				<c>
					<f>30</f>
					<tl>
						<v8:item>
							<v8:lang>ru</v8:lang>
							<v8:content>.</v8:content>
						</v8:item>
					</tl>
				</c>
			</c>
			<c>
				<c>
					<f>13</f>
					<parameter>КодОКВЭД4</parameter>
				</c>
			</c>
			<c>
				<c>
					<f>13</f>
					<parameter>КодОКВЭД5</parameter>
				</c>
			</c>
			<c>
				<c>
					<f>30</f>
					<tl>
						<v8:item>
							<v8:lang>ru</v8:lang>
							<v8:content>.</v8:content>
						</v8:item>
					</tl>
				</c>
			</c>
			<c>
				<c>
					<f>13</f>
					<parameter>КодОКВЭД7</parameter>
				</c>
			</c>
			<c>
				<c>
					<f>13</f>
					<parameter>КодОКВЭД8</parameter>
				</c>
			</c>
			<c>
				<c>
					<f>5</f>
					<tl/>
				</c>
			</c>
		</row>
	</rowsItem>
	<rowsItem>
		<index>25</index>
		<row>
			<formatIndex>29</formatIndex>
			<c>
				<i>6</i>
				<c>
					<f>28</f>
				</c>
			</c>
		</row>
	</rowsItem>
	<rowsItem>
		<index>26</index>
		<row>
			<formatIndex>29</formatIndex>
			<c>
				<i>1</i>
				<c>
					<f>15</f>
					<tl>
						<v8:item>
							<v8:lang>ru</v8:lang>
							<v8:content>КПП</v8:content>
						</v8:item>
					</tl>
				</c>
			</c>
			<c>
				<i>6</i>
				<c>
					<f>28</f>
				</c>
			</c>
			<c>
				<i>22</i>
				<c>
					<f>15</f>
					<tl>
						<v8:item>
							<v8:lang>ru</v8:lang>
							<v8:content>Код по ОКПО</v8:content>
						</v8:item>
					</tl>
				</c>
			</c>
		</row>
	</rowsItem>
	<rowsItem>
		<index>27</index>
		<row>
			<formatIndex>10</formatIndex>
			<c>
				<i>6</i>
				<c>
					<f>13</f>
					<parameter>КПП1</parameter>
				</c>
			</c>
			<c>
				<c>
					<f>13</f>
					<parameter>КПП2</parameter>
				</c>
			</c>
			<c>
				<c>
					<f>13</f>
					<parameter>КПП3</parameter>
				</c>
			</c>
			<c>
				<c>
					<f>13</f>
					<parameter>КПП4</parameter>
				</c>
			</c>
			<c>
				<c>
					<f>13</f>
					<parameter>КПП5</parameter>
				</c>
			</c>
			<c>
				<c>
					<f>13</f>
					<parameter>КПП6</parameter>
				</c>
			</c>
			<c>
				<c>
					<f>13</f>
					<parameter>КПП7</parameter>
				</c>
			</c>
			<c>
				<c>
					<f>13</f>
					<parameter>КПП8</parameter>
				</c>
			</c>
			<c>
				<c>
					<f>13</f>
					<parameter>КПП9</parameter>
				</c>
			</c>
			<c>
				<i>26</i>
				<c>
					<f>13</f>
					<parameter>КодОКПО1</parameter>
				</c>
			</c>
			<c>
				<c>
					<f>13</f>
					<parameter>КодОКПО2</parameter>
				</c>
			</c>
			<c>
				<c>
					<f>13</f>
					<parameter>КодОКПО3</parameter>
				</c>
			</c>
			<c>
				<c>
					<f>13</f>
					<parameter>КодОКПО4</parameter>
				</c>
			</c>
			<c>
				<c>
					<f>13</f>
					<parameter>КодОКПО5</parameter>
				</c>
			</c>
			<c>
				<c>
					<f>13</f>
					<parameter>КодОКПО6</parameter>
				</c>
			</c>
			<c>
				<c>
					<f>13</f>
					<parameter>КодОКПО7</parameter>
				</c>
			</c>
			<c>
				<c>
					<f>13</f>
					<parameter>КодОКПО8</parameter>
				</c>
			</c>
			<c>
				<c>
					<f>13</f>
					<parameter>КодОКПО9</parameter>
				</c>
			</c>
			<c>
				<c>
					<f>13</f>
					<parameter>КодОКПО10</parameter>
				</c>
			</c>
		</row>
	</rowsItem>
	<rowsItem>
		<index>28</index>
		<row>
			<formatIndex>29</formatIndex>
			<c>
				<i>6</i>
				<c>
					<f>28</f>
				</c>
			</c>
		</row>
	</rowsItem>
	<rowsItem>
		<index>29</index>
		<row>
			<formatIndex>29</formatIndex>
			<c>
				<i>1</i>
				<c>
					<f>15</f>
					<tl>
						<v8:item>
							<v8:lang>ru</v8:lang>
							<v8:content>ОГРН (ОГРНИП)</v8:content>
						</v8:item>
					</tl>
				</c>
			</c>
			<c>
				<i>6</i>
				<c>
					<f>28</f>
				</c>
			</c>
			<c>
				<i>22</i>
				<c>
					<f>15</f>
					<tl>
						<v8:item>
							<v8:lang>ru</v8:lang>
							<v8:content>Код по ОКОПФ</v8:content>
						</v8:item>
					</tl>
				</c>
			</c>
		</row>
	</rowsItem>
	<rowsItem>
		<index>30</index>
		<row>
			<formatIndex>10</formatIndex>
			<c>
				<i>6</i>
				<c>
					<f>13</f>
					<parameter>ОГРН1</parameter>
				</c>
			</c>
			<c>
				<c>
					<f>13</f>
					<parameter>ОГРН2</parameter>
				</c>
			</c>
			<c>
				<c>
					<f>13</f>
					<parameter>ОГРН3</parameter>
				</c>
			</c>
			<c>
				<c>
					<f>13</f>
					<parameter>ОГРН4</parameter>
				</c>
			</c>
			<c>
				<c>
					<f>13</f>
					<parameter>ОГРН5</parameter>
				</c>
			</c>
			<c>
				<c>
					<f>13</f>
					<parameter>ОГРН6</parameter>
				</c>
			</c>
			<c>
				<c>
					<f>13</f>
					<parameter>ОГРН7</parameter>
				</c>
			</c>
			<c>
				<c>
					<f>13</f>
					<parameter>ОГРН8</parameter>
				</c>
			</c>
			<c>
				<c>
					<f>13</f>
					<parameter>ОГРН9</parameter>
				</c>
			</c>
			<c>
				<c>
					<f>13</f>
					<parameter>ОГРН10</parameter>
				</c>
			</c>
			<c>
				<c>
					<f>13</f>
					<parameter>ОГРН11</parameter>
				</c>
			</c>
			<c>
				<c>
					<f>13</f>
					<parameter>ОГРН12</parameter>
				</c>
			</c>
			<c>
				<c>
					<f>13</f>
					<parameter>ОГРН13</parameter>
				</c>
			</c>
			<c>
				<c>
					<f>13</f>
					<parameter>ОГРН14</parameter>
				</c>
			</c>
			<c>
				<c>
					<f>13</f>
					<parameter>ОГРН15</parameter>
				</c>
			</c>
			<c>
				<i>26</i>
				<c>
					<f>13</f>
					<parameter>КодОКОПФ1</parameter>
				</c>
			</c>
			<c>
				<c>
					<f>13</f>
					<parameter>КодОКОПФ2</parameter>
				</c>
			</c>
		</row>
	</rowsItem>
	<rowsItem>
		<index>31</index>
		<row>
			<formatIndex>29</formatIndex>
			<c>
				<i>6</i>
				<c>
					<f>28</f>
				</c>
			</c>
		</row>
	</rowsItem>
	<rowsItem>
		<index>32</index>
		<row>
			<formatIndex>29</formatIndex>
			<c>
				<i>1</i>
				<c>
					<f>31</f>
					<tl>
						<v8:item>
							<v8:lang>ru</v8:lang>
							<v8:content>Номер контактного телефона</v8:content>
						</v8:item>
					</tl>
				</c>
			</c>
			<c>
				<i>6</i>
				<c>
					<f>28</f>
				</c>
			</c>
			<c>
				<i>22</i>
				<c>
					<f>15</f>
					<tl>
						<v8:item>
							<v8:lang>ru</v8:lang>
							<v8:content>Код по ОКФС</v8:content>
						</v8:item>
					</tl>
				</c>
			</c>
		</row>
	</rowsItem>
	<rowsItem>
		<index>33</index>
		<row>
			<formatIndex>10</formatIndex>
			<c>
				<i>6</i>
				<c>
					<f>13</f>
					<parameter>Телефон1</parameter>
				</c>
			</c>
			<c>
				<c>
					<f>13</f>
					<parameter>Телефон2</parameter>
				</c>
			</c>
			<c>
				<c>
					<f>13</f>
					<parameter>Телефон3</parameter>
				</c>
			</c>
			<c>
				<c>
					<f>13</f>
					<parameter>Телефон4</parameter>
				</c>
			</c>
			<c>
				<c>
					<f>13</f>
					<parameter>Телефон5</parameter>
				</c>
			</c>
			<c>
				<c>
					<f>13</f>
					<parameter>Телефон6</parameter>
				</c>
			</c>
			<c>
				<c>
					<f>13</f>
					<parameter>Телефон7</parameter>
				</c>
			</c>
			<c>
				<c>
					<f>13</f>
					<parameter>Телефон8</parameter>
				</c>
			</c>
			<c>
				<c>
					<f>13</f>
					<parameter>Телефон9</parameter>
				</c>
			</c>
			<c>
				<c>
					<f>13</f>
					<parameter>Телефон10</parameter>
				</c>
			</c>
			<c>
				<c>
					<f>13</f>
					<parameter>Телефон11</parameter>
				</c>
			</c>
			<c>
				<c>
					<f>13</f>
					<parameter>Телефон12</parameter>
				</c>
			</c>
			<c>
				<c>
					<f>13</f>
					<parameter>Телефон13</parameter>
				</c>
			</c>
			<c>
				<c>
					<f>13</f>
					<parameter>Телефон14</parameter>
				</c>
			</c>
			<c>
				<c>
					<f>13</f>
					<parameter>Телефон15</parameter>
				</c>
			</c>
			<c>
				<i>26</i>
				<c>
					<f>13</f>
					<parameter>КодОКФС1</parameter>
				</c>
			</c>
			<c>
				<c>
					<f>13</f>
					<parameter>КодОКФС2</parameter>
				</c>
			</c>
		</row>
	</rowsItem>
	<rowsItem>
		<index>34</index>
		<row>
			<formatIndex>29</formatIndex>
			<c>
				<i>6</i>
				<c>
					<f>28</f>
				</c>
			</c>
		</row>
	</rowsItem>
	<rowsItem>
		<index>35</index>
		<row>
			<formatIndex>32</formatIndex>
			<empty>true</empty>
		</row>
	</rowsItem>
	<rowsItem>
		<index>36</index>
		<row>
			<formatIndex>10</formatIndex>
			<c>
				<i>5</i>
				<c>
					<f>15</f>
					<tl>
						<v8:item>
							<v8:lang>ru</v8:lang>
							<v8:content>почтовый индекс</v8:content>
						</v8:item>
					</tl>
				</c>
			</c>
			<c>
				<c>
					<f>33</f>
					<parameter>Индекс</parameter>
				</c>
			</c>
			<c>
				<i>13</i>
				<c>
					<f>14</f>
					<tl>
						<v8:item>
							<v8:lang>ru</v8:lang>
							<v8:content>Адрес регистрации</v8:content>
						</v8:item>
					</tl>
				</c>
			</c>
		</row>
	</rowsItem>
	<rowsItem>
		<index>37</index>
		<row>
			<formatIndex>9</formatIndex>
			<empty>true</empty>
		</row>
	</rowsItem>
	<rowsItem>
		<index>38</index>
		<row>
			<formatIndex>10</formatIndex>
			<c>
				<i>5</i>
				<c>
					<f>15</f>
					<tl>
						<v8:item>
							<v8:lang>ru</v8:lang>
							<v8:content>регион</v8:content>
						</v8:item>
					</tl>
				</c>
			</c>
			<c>
				<c>
					<f>34</f>
					<parameter>Регион</parameter>
				</c>
			</c>
		</row>
	</rowsItem>
	<rowsItem>
		<index>39</index>
		<row>
			<formatIndex>9</formatIndex>
			<empty>true</empty>
		</row>
	</rowsItem>
	<rowsItem>
		<index>40</index>
		<row>
			<formatIndex>10</formatIndex>
			<c>
				<i>5</i>
				<c>
					<f>15</f>
					<tl>
						<v8:item>
							<v8:lang>ru</v8:lang>
							<v8:content>район</v8:content>
						</v8:item>
					</tl>
				</c>
			</c>
			<c>
				<c>
					<f>34</f>
					<parameter>Район</parameter>
				</c>
			</c>
		</row>
	</rowsItem>
	<rowsItem>
		<index>41</index>
		<row>
			<formatIndex>9</formatIndex>
			<empty>true</empty>
		</row>
	</rowsItem>
	<rowsItem>
		<index>42</index>
		<row>
			<formatIndex>10</formatIndex>
			<c>
				<i>5</i>
				<c>
					<f>15</f>
					<tl>
						<v8:item>
							<v8:lang>ru</v8:lang>
							<v8:content>город</v8:content>
						</v8:item>
					</tl>
				</c>
			</c>
			<c>
				<c>
					<f>34</f>
					<parameter>Город</parameter>
				</c>
			</c>
		</row>
	</rowsItem>
	<rowsItem>
		<index>43</index>
		<row>
			<formatIndex>9</formatIndex>
			<empty>true</empty>
		</row>
	</rowsItem>
	<rowsItem>
		<index>44</index>
		<row>
			<formatIndex>10</formatIndex>
			<c>
				<i>5</i>
				<c>
					<f>15</f>
					<tl>
						<v8:item>
							<v8:lang>ru</v8:lang>
							<v8:content>населенный пункт</v8:content>
						</v8:item>
					</tl>
				</c>
			</c>
			<c>
				<c>
					<f>34</f>
					<parameter>НаселенныйПункт</parameter>
				</c>
			</c>
		</row>
	</rowsItem>
	<rowsItem>
		<index>45</index>
		<row>
			<formatIndex>9</formatIndex>
			<empty>true</empty>
		</row>
	</rowsItem>
	<rowsItem>
		<index>46</index>
		<row>
			<formatIndex>10</formatIndex>
			<c>
				<i>5</i>
				<c>
					<f>15</f>
					<tl>
						<v8:item>
							<v8:lang>ru</v8:lang>
							<v8:content>улица</v8:content>
						</v8:item>
					</tl>
				</c>
			</c>
			<c>
				<c>
					<f>34</f>
					<parameter>Улица</parameter>
				</c>
			</c>
		</row>
	</rowsItem>
	<rowsItem>
		<index>47</index>
		<row>
			<formatIndex>9</formatIndex>
			<empty>true</empty>
		</row>
	</rowsItem>
	<rowsItem>
		<index>48</index>
		<row>
			<formatIndex>10</formatIndex>
			<c>
				<i>5</i>
				<c>
					<f>15</f>
					<tl>
						<v8:item>
							<v8:lang>ru</v8:lang>
							<v8:content>дом</v8:content>
						</v8:item>
					</tl>
				</c>
			</c>
			<c>
				<c>
					<f>35</f>
					<parameter>Дом</parameter>
				</c>
			</c>
			<c>
				<c>
					<f>36</f>
				</c>
			</c>
			<c>
				<c>
					<f>36</f>
				</c>
			</c>
			<c>
				<c>
					<f>36</f>
				</c>
			</c>
			<c>
				<c>
					<f>36</f>
				</c>
			</c>
			<c>
				<c>
					<f>36</f>
				</c>
			</c>
			<c>
				<i>17</i>
				<c>
					<f>37</f>
				</c>
			</c>
			<c>
				<c>
					<f>37</f>
					<tl>
						<v8:item>
							<v8:lang>ru</v8:lang>
							<v8:content>корпус (строение)</v8:content>
						</v8:item>
					</tl>
				</c>
			</c>
			<c>
				<c>
					<f>35</f>
					<parameter>Корпус</parameter>
				</c>
			</c>
			<c>
				<c>
					<f>36</f>
				</c>
			</c>
			<c>
				<c>
					<f>36</f>
				</c>
			</c>
			<c>
				<c>
					<f>36</f>
				</c>
			</c>
			<c>
				<c>
					<f>36</f>
				</c>
			</c>
			<c>
				<c>
					<f>36</f>
				</c>
			</c>
			<c>
				<i>29</i>
				<c>
					<f>15</f>
				</c>
			</c>
			<c>
				<c>
					<f>37</f>
					<tl>
						<v8:item>
							<v8:lang>ru</v8:lang>
							<v8:content>квартира (офис)</v8:content>
						</v8:item>
					</tl>
				</c>
			</c>
			<c>
				<c>
					<f>35</f>
					<parameter>Квартира</parameter>
				</c>
			</c>
			<c>
				<c>
					<f>36</f>
				</c>
			</c>
			<c>
				<c>
					<f>36</f>
				</c>
			</c>
			<c>
				<c>
					<f>36</f>
				</c>
			</c>
			<c>
				<c>
					<f>36</f>
				</c>
			</c>
			<c>
				<c>
					<f>36</f>
				</c>
			</c>
		</row>
	</rowsItem>
	<rowsItem>
		<index>49</index>
		<row>
			<formatIndex>9</formatIndex>
			<empty>true</empty>
		</row>
	</rowsItem>
	<rowsItem>
		<index>50</index>
		<row>
			<formatIndex>10</formatIndex>
			<c>
				<i>9</i>
				<c>
					<f>15</f>
					<tl>
						<v8:item>
							<v8:lang>ru</v8:lang>
							<v8:content>Количество застрахованных лиц</v8:content>
						</v8:item>
					</tl>
				</c>
			</c>
			<c>
				<c>
					<f>13</f>
					<parameter>КоличествоЗастрахованныхЛиц1</parameter>
				</c>
			</c>
			<c>
				<c>
					<f>13</f>
					<parameter>КоличествоЗастрахованныхЛиц2</parameter>
				</c>
			</c>
			<c>
				<c>
					<f>13</f>
					<parameter>КоличествоЗастрахованныхЛиц3</parameter>
				</c>
			</c>
			<c>
				<c>
					<f>13</f>
					<parameter>КоличествоЗастрахованныхЛиц4</parameter>
				</c>
			</c>
			<c>
				<c>
					<f>13</f>
					<parameter>КоличествоЗастрахованныхЛиц5</parameter>
				</c>
			</c>
			<c>
				<c>
					<f>13</f>
					<parameter>КоличествоЗастрахованныхЛиц6</parameter>
				</c>
			</c>
			<c>
				<i>24</i>
				<c>
					<f>15</f>
					<tl>
						<v8:item>
							<v8:lang>ru</v8:lang>
							<v8:content>Среднесписочная численность</v8:content>
						</v8:item>
					</tl>
				</c>
			</c>
			<c>
				<c>
					<f>13</f>
					<parameter>СреднесписочнаяЧисленность1</parameter>
				</c>
			</c>
			<c>
				<c>
					<f>13</f>
					<parameter>СреднесписочнаяЧисленность2</parameter>
				</c>
			</c>
			<c>
				<c>
					<f>13</f>
					<parameter>СреднесписочнаяЧисленность3</parameter>
				</c>
			</c>
			<c>
				<c>
					<f>13</f>
					<parameter>СреднесписочнаяЧисленность4</parameter>
				</c>
			</c>
			<c>
				<c>
					<f>13</f>
					<parameter>СреднесписочнаяЧисленность5</parameter>
				</c>
			</c>
			<c>
				<c>
					<f>13</f>
					<parameter>СреднесписочнаяЧисленность6</parameter>
				</c>
			</c>
			<c>
				<i>34</i>
				<c>
					<f>15</f>
					<tl>
						<v8:item>
							<v8:lang>ru</v8:lang>
							<v8:content>Код тарифа</v8:content>
						</v8:item>
					</tl>
				</c>
			</c>
			<c>
				<c>
					<f>13</f>
					<parameter>КодТарифа1</parameter>
				</c>
			</c>
			<c>
				<c>
					<f>13</f>
					<parameter>КодТарифа2</parameter>
				</c>
			</c>
		</row>
	</rowsItem>
	<rowsItem>
		<index>51</index>
		<row>
			<formatIndex>9</formatIndex>
			<empty>true</empty>
		</row>
	</rowsItem>
	<rowsItem>
		<index>52</index>
		<row>
			<formatIndex>10</formatIndex>
			<c>
				<i>2</i>
				<c>
					<f>22</f>
					<tl>
						<v8:item>
							<v8:lang>ru</v8:lang>
							<v8:content>На</v8:content>
						</v8:item>
					</tl>
				</c>
			</c>
			<c>
				<c>
					<f>13</f>
					<parameter>КоличествоСтраниц1</parameter>
				</c>
			</c>
			<c>
				<c>
					<f>13</f>
					<parameter>КоличествоСтраниц2</parameter>
				</c>
			</c>
			<c>
				<c>
					<f>13</f>
					<parameter>КоличествоСтраниц3</parameter>
				</c>
			</c>
			<c>
				<c>
					<f>22</f>
					<tl>
						<v8:item>
							<v8:lang>ru</v8:lang>
							<v8:content>страницах</v8:content>
						</v8:item>
					</tl>
				</c>
			</c>
			<c>
				<i>31</i>
				<c>
					<f>15</f>
					<tl>
						<v8:item>
							<v8:lang>ru</v8:lang>
							<v8:content>с приложением подтверждающих документов или их копий на</v8:content>
						</v8:item>
					</tl>
				</c>
			</c>
			<c>
				<c>
					<f>13</f>
					<parameter>КоличествоЛистов1</parameter>
				</c>
			</c>
			<c>
				<c>
					<f>13</f>
					<parameter>КоличествоЛистов2</parameter>
				</c>
			</c>
			<c>
				<c>
					<f>13</f>
					<parameter>КоличествоЛистов3</parameter>
				</c>
			</c>
			<c>
				<c>
					<f>22</f>
					<tl>
						<v8:item>
							<v8:lang>ru</v8:lang>
							<v8:content>листах</v8:content>
						</v8:item>
					</tl>
				</c>
			</c>
		</row>
	</rowsItem>
	<rowsItem>
		<index>53</index>
		<row>
			<formatIndex>9</formatIndex>
			<empty>true</empty>
		</row>
	</rowsItem>
	<rowsItem>
		<index>54</index>
		<row>
			<formatIndex>5</formatIndex>
			<c>
				<i>1</i>
				<c>
					<f>38</f>
					<tl>
						<v8:item>
							<v8:lang>ru</v8:lang>
							<v8:content>Достоверность и полноту сведений, указанных
в настоящем расчете, подтверждаю</v8:content>
						</v8:item>
					</tl>
				</c>
			</c>
			<c>
				<i>20</i>
				<c>
					<f>39</f>
				</c>
			</c>
			<c>
				<c>
					<f>40</f>
					<tl>
						<v8:item>
							<v8:lang>ru</v8:lang>
							<v8:content>Заполняется работником ПФР
Сведения о представлении расчета</v8:content>
						</v8:item>
					</tl>
				</c>
			</c>
		</row>
	</rowsItem>
	<rowsItem>
		<index>55</index>
		<row>
			<formatIndex>41</formatIndex>
			<c>
				<i>37</i>
				<c>
					<f>42</f>
				</c>
			</c>
		</row>
	</rowsItem>
	<rowsItem>
		<index>56</index>
		<row>
			<formatIndex>27</formatIndex>
			<c>
				<i>6</i>
				<c>
					<f>43</f>
					<tl>
						<v8:item>
							<v8:lang>ru</v8:lang>
							<v8:content>  1 - плательщик страховых взносов
  2 - представитель плательщика страховых взносов</v8:content>
						</v8:item>
					</tl>
				</c>
			</c>
			<c>
				<i>19</i>
				<c>
					<f>44</f>
				</c>
			</c>
		</row>
	</rowsItem>
	<rowsItem>
		<index>57</index>
		<row>
			<formatIndex>10</formatIndex>
			<c>
				<i>5</i>
				<c>
					<f>13</f>
					<parameter>ФлагПредставитель</parameter>
				</c>
			</c>
			<c>
				<i>19</i>
				<c>
					<f>44</f>
				</c>
			</c>
			<c>
				<i>34</i>
				<c>
					<f>15</f>
					<tl>
						<v8:item>
							<v8:lang>ru</v8:lang>
							<v8:content>Данный расчет представлен (код)</v8:content>
						</v8:item>
					</tl>
				</c>
			</c>
			<c>
				<c>
					<f>45</f>
				</c>
			</c>
			<c>
				<c>
					<f>45</f>
				</c>
			</c>
		</row>
	</rowsItem>
	<rowsItem>
		<index>58</index>
		<row>
			<formatIndex>27</formatIndex>
			<c>
				<i>19</i>
				<c>
					<f>44</f>
				</c>
			</c>
		</row>
	</rowsItem>
	<rowsItem>
		<index>59</index>
		<row>
			<formatIndex>10</formatIndex>
			<c>
				<i>1</i>
				<c>
					<f>25</f>
					<parameter>Представитель</parameter>
				</c>
			</c>
		</row>
	</rowsItem>
	<rowsItem>
		<index>60</index>
		<row>
			<formatIndex>10</formatIndex>
			<c>
				<i>30</i>
				<c>
					<f>22</f>
					<tl>
						<v8:item>
							<v8:lang>ru</v8:lang>
							<v8:content>на</v8:content>
						</v8:item>
					</tl>
				</c>
			</c>
			<c>
				<c>
					<f>45</f>
				</c>
			</c>
			<c>
				<c>
					<f>45</f>
				</c>
			</c>
			<c>
				<c>
					<f>45</f>
				</c>
			</c>
			<c>
				<c>
					<f>22</f>
					<tl>
						<v8:item>
							<v8:lang>ru</v8:lang>
							<v8:content>страницах</v8:content>
						</v8:item>
					</tl>
				</c>
			</c>
		</row>
	</rowsItem>
	<rowsItem>
		<index>61</index>
		<row>
			<formatIndex>17</formatIndex>
			<c>
				<i>1</i>
				<c>
					<f>46</f>
					<tl>
						<v8:item>
							<v8:lang>ru</v8:lang>
							<v8:content>(фамилия, имя, отчество полностью) </v8:content>
						</v8:item>
					</tl>
				</c>
			</c>
			<c>
				<i>22</i>
				<c>
					<f>31</f>
					<tl>
						<v8:item>
							<v8:lang>ru</v8:lang>
							<v8:content>с приложением подтверждающих документов или их копий на</v8:content>
						</v8:item>
					</tl>
				</c>
			</c>
		</row>
	</rowsItem>
	<rowsItem>
		<index>62</index>
		<row>
			<formatIndex>10</formatIndex>
			<c>
				<i>1</i>
				<c>
					<f>22</f>
					<tl>
						<v8:item>
							<v8:lang>ru</v8:lang>
							<v8:content>Подпись</v8:content>
						</v8:item>
					</tl>
				</c>
			</c>
			<c>
				<i>9</i>
				<c>
					<f>15</f>
					<tl>
						<v8:item>
							<v8:lang>ru</v8:lang>
							<v8:content>Дата</v8:content>
						</v8:item>
					</tl>
				</c>
			</c>
			<c>
				<c>
					<f>13</f>
					<parameter>ДатаЗаполнения1</parameter>
				</c>
			</c>
			<c>
				<c>
					<f>13</f>
					<parameter>ДатаЗаполнения2</parameter>
				</c>
			</c>
			<c>
				<c>
					<f>30</f>
					<tl>
						<v8:item>
							<v8:lang>ru</v8:lang>
							<v8:content>.</v8:content>
						</v8:item>
					</tl>
				</c>
			</c>
			<c>
				<c>
					<f>13</f>
					<parameter>ДатаЗаполнения4</parameter>
				</c>
			</c>
			<c>
				<c>
					<f>13</f>
					<parameter>ДатаЗаполнения5</parameter>
				</c>
			</c>
			<c>
				<c>
					<f>30</f>
					<tl>
						<v8:item>
							<v8:lang>ru</v8:lang>
							<v8:content>.</v8:content>
						</v8:item>
					</tl>
				</c>
			</c>
			<c>
				<c>
					<f>13</f>
					<parameter>ДатаЗаполнения7</parameter>
				</c>
			</c>
			<c>
				<c>
					<f>13</f>
					<parameter>ДатаЗаполнения8</parameter>
				</c>
			</c>
			<c>
				<c>
					<f>13</f>
					<parameter>ДатаЗаполнения9</parameter>
				</c>
			</c>
			<c>
				<c>
					<f>13</f>
					<parameter>ДатаЗаполнения10</parameter>
				</c>
			</c>
			<c>
				<i>31</i>
				<c>
					<f>45</f>
				</c>
			</c>
			<c>
				<c>
					<f>45</f>
				</c>
			</c>
			<c>
				<c>
					<f>45</f>
				</c>
			</c>
			<c>
				<c>
					<f>22</f>
					<tl>
						<v8:item>
							<v8:lang>ru</v8:lang>
							<v8:content>листах</v8:content>
						</v8:item>
					</tl>
				</c>
			</c>
		</row>
	</rowsItem>
	<rowsItem>
		<index>63</index>
		<row>
			<formatIndex>5</formatIndex>
			<c>
				<i>4</i>
				<c>
					<f>5</f>
					<tl>
						<v8:item>
							<v8:lang>ru</v8:lang>
							<v8:content>м.п</v8:content>
						</v8:item>
					</tl>
				</c>
			</c>
			<c>
				<i>19</i>
				<c>
					<f>44</f>
				</c>
			</c>
		</row>
	</rowsItem>
	<rowsItem>
		<index>64</index>
		<row>
			<formatIndex>47</formatIndex>
			<c>
				<i>1</i>
				<c>
					<f>48</f>
					<tl>
						<v8:item>
							<v8:lang>ru</v8:lang>
							<v8:content>Документ, подтверждающий полномочия представителя </v8:content>
						</v8:item>
					</tl>
				</c>
			</c>
		</row>
	</rowsItem>
	<rowsItem>
		<index>65</index>
		<row>
			<formatIndex>27</formatIndex>
			<c>
				<i>21</i>
				<c>
					<f>31</f>
					<tl>
						<v8:item>
							<v8:lang>ru</v8:lang>
							<v8:content>Дата представления расчета*** </v8:content>
						</v8:item>
					</tl>
				</c>
			</c>
		</row>
	</rowsItem>
	<rowsItem>
		<index>66</index>
		<row>
			<formatIndex>10</formatIndex>
			<c>
				<i>1</i>
				<c>
					<f>25</f>
					<parameter>ДокументПредставителя</parameter>
				</c>
			</c>
			<c>
				<i>27</i>
				<c>
					<f>45</f>
				</c>
			</c>
			<c>
				<c>
					<f>45</f>
				</c>
			</c>
			<c>
				<c>
					<f>30</f>
					<tl>
						<v8:item>
							<v8:lang>ru</v8:lang>
							<v8:content>.</v8:content>
						</v8:item>
					</tl>
				</c>
			</c>
			<c>
				<c>
					<f>45</f>
				</c>
			</c>
			<c>
				<c>
					<f>45</f>
				</c>
			</c>
			<c>
				<c>
					<f>30</f>
					<tl>
						<v8:item>
							<v8:lang>ru</v8:lang>
							<v8:content>.</v8:content>
						</v8:item>
					</tl>
				</c>
			</c>
			<c>
				<c>
					<f>45</f>
				</c>
			</c>
			<c>
				<c>
					<f>45</f>
				</c>
			</c>
			<c>
				<c>
					<f>45</f>
				</c>
			</c>
			<c>
				<c>
					<f>45</f>
				</c>
			</c>
		</row>
	</rowsItem>
	<rowsItem>
		<index>67</index>
		<row>
			<formatIndex>27</formatIndex>
			<empty>true</empty>
		</row>
	</rowsItem>
	<rowsItem>
		<index>68</index>
		<row>
			<formatIndex>27</formatIndex>
			<empty>true</empty>
		</row>
	</rowsItem>
	<rowsItem>
		<index>69</index>
		<row>
			<formatIndex>49</formatIndex>
			<c>
				<i>21</i>
				<c>
					<f>50</f>
				</c>
			</c>
			<c>
				<i>32</i>
				<c>
					<f>50</f>
				</c>
			</c>
		</row>
	</rowsItem>
	<rowsItem>
		<index>70</index>
		<row>
			<formatIndex>5</formatIndex>
			<c>
				<i>1</i>
				<c>
					<f>51</f>
				</c>
			</c>
			<c>
				<c>
					<f>51</f>
				</c>
			</c>
			<c>
				<c>
					<f>51</f>
				</c>
			</c>
			<c>
				<c>
					<f>51</f>
				</c>
			</c>
			<c>
				<c>
					<f>51</f>
				</c>
			</c>
			<c>
				<c>
					<f>51</f>
				</c>
			</c>
			<c>
				<c>
					<f>51</f>
				</c>
			</c>
			<c>
				<c>
					<f>51</f>
				</c>
			</c>
			<c>
				<c>
					<f>51</f>
				</c>
			</c>
			<c>
				<c>
					<f>51</f>
				</c>
			</c>
			<c>
				<i>21</i>
				<c>
					<f>52</f>
					<tl>
						<v8:item>
							<v8:lang>ru</v8:lang>
							<v8:content>(Ф.И.О.)</v8:content>
						</v8:item>
					</tl>
				</c>
			</c>
			<c>
				<i>32</i>
				<c>
					<f>52</f>
					<tl>
						<v8:item>
							<v8:lang>ru</v8:lang>
							<v8:content>(Подпись)</v8:content>
						</v8:item>
					</tl>
				</c>
			</c>
		</row>
	</rowsItem>
	<rowsItem>
		<index>71</index>
		<row>
			<formatIndex>53</formatIndex>
			<c>
				<i>1</i>
				<c>
					<f>54</f>
				</c>
			</c>
			<c>
				<c>
					<f>54</f>
				</c>
			</c>
			<c>
				<c>
					<f>54</f>
				</c>
			</c>
			<c>
				<c>
					<f>54</f>
				</c>
			</c>
			<c>
				<c>
					<f>54</f>
				</c>
			</c>
			<c>
				<c>
					<f>54</f>
				</c>
			</c>
			<c>
				<c>
					<f>54</f>
				</c>
			</c>
			<c>
				<c>
					<f>54</f>
				</c>
			</c>
			<c>
				<c>
					<f>54</f>
				</c>
			</c>
			<c>
				<c>
					<f>54</f>
				</c>
			</c>
			<c>
				<c>
					<f>54</f>
				</c>
			</c>
			<c>
				<c>
					<f>54</f>
				</c>
			</c>
			<c>
				<c>
					<f>54</f>
				</c>
			</c>
			<c>
				<c>
					<f>54</f>
				</c>
			</c>
			<c>
				<c>
					<f>54</f>
				</c>
			</c>
			<c>
				<c>
					<f>54</f>
				</c>
			</c>
			<c>
				<c>
					<f>54</f>
				</c>
			</c>
			<c>
				<c>
					<f>54</f>
				</c>
			</c>
			<c>
				<c>
					<f>54</f>
				</c>
			</c>
			<c>
				<c>
					<f>54</f>
				</c>
			</c>
			<c>
				<c>
					<f>54</f>
				</c>
			</c>
			<c>
				<c>
					<f>54</f>
				</c>
			</c>
			<c>
				<c>
					<f>54</f>
				</c>
			</c>
			<c>
				<c>
					<f>54</f>
				</c>
			</c>
			<c>
				<c>
					<f>54</f>
				</c>
			</c>
			<c>
				<c>
					<f>54</f>
				</c>
			</c>
			<c>
				<c>
					<f>54</f>
				</c>
			</c>
			<c>
				<c>
					<f>54</f>
				</c>
			</c>
			<c>
				<c>
					<f>54</f>
				</c>
			</c>
			<c>
				<c>
					<f>54</f>
				</c>
			</c>
			<c>
				<c>
					<f>54</f>
				</c>
			</c>
			<c>
				<c>
					<f>54</f>
				</c>
			</c>
			<c>
				<c>
					<f>54</f>
				</c>
			</c>
			<c>
				<c>
					<f>54</f>
				</c>
			</c>
			<c>
				<c>
					<f>54</f>
				</c>
			</c>
			<c>
				<c>
					<f>54</f>
				</c>
			</c>
		</row>
	</rowsItem>
	<rowsItem>
		<index>72</index>
		<row>
			<formatIndex>17</formatIndex>
			<c>
				<i>1</i>
				<c>
					<f>55</f>
					<tl>
						<v8:item>
							<v8:lang>ru</v8:lang>
							<v8:content>* Далее - ФФОМС. </v8:content>
						</v8:item>
					</tl>
				</c>
			</c>
			<c>
				<c>
					<f>55</f>
				</c>
			</c>
			<c>
				<c>
					<f>55</f>
				</c>
			</c>
			<c>
				<c>
					<f>55</f>
				</c>
			</c>
			<c>
				<c>
					<f>55</f>
				</c>
			</c>
			<c>
				<c>
					<f>55</f>
				</c>
			</c>
			<c>
				<c>
					<f>55</f>
				</c>
			</c>
			<c>
				<c>
					<f>55</f>
				</c>
			</c>
			<c>
				<c>
					<f>55</f>
				</c>
			</c>
			<c>
				<c>
					<f>55</f>
				</c>
			</c>
			<c>
				<c>
					<f>55</f>
				</c>
			</c>
			<c>
				<c>
					<f>54</f>
				</c>
			</c>
			<c>
				<c>
					<f>54</f>
				</c>
			</c>
			<c>
				<c>
					<f>54</f>
				</c>
			</c>
			<c>
				<c>
					<f>54</f>
				</c>
			</c>
			<c>
				<c>
					<f>54</f>
				</c>
			</c>
			<c>
				<c>
					<f>54</f>
				</c>
			</c>
			<c>
				<c>
					<f>54</f>
				</c>
			</c>
			<c>
				<c>
					<f>54</f>
				</c>
			</c>
			<c>
				<c>
					<f>54</f>
				</c>
			</c>
			<c>
				<c>
					<f>54</f>
				</c>
			</c>
			<c>
				<c>
					<f>54</f>
				</c>
			</c>
			<c>
				<c>
					<f>54</f>
				</c>
			</c>
			<c>
				<c>
					<f>54</f>
				</c>
			</c>
			<c>
				<c>
					<f>54</f>
				</c>
			</c>
			<c>
				<c>
					<f>54</f>
				</c>
			</c>
			<c>
				<c>
					<f>54</f>
				</c>
			</c>
			<c>
				<c>
					<f>54</f>
				</c>
			</c>
			<c>
				<c>
					<f>54</f>
				</c>
			</c>
			<c>
				<c>
					<f>54</f>
				</c>
			</c>
			<c>
				<c>
					<f>54</f>
				</c>
			</c>
			<c>
				<c>
					<f>54</f>
				</c>
			</c>
			<c>
				<c>
					<f>54</f>
				</c>
			</c>
			<c>
				<c>
					<f>54</f>
				</c>
			</c>
			<c>
				<c>
					<f>54</f>
				</c>
			</c>
			<c>
				<c>
					<f>54</f>
				</c>
			</c>
		</row>
	</rowsItem>
	<rowsItem>
		<index>73</index>
		<row>
			<formatIndex>41</formatIndex>
			<c>
				<i>1</i>
				<c>
					<f>54</f>
					<tl>
						<v8:item>
							<v8:lang>ru</v8:lang>
							<v8:content>**Далее - ТФОМС. </v8:content>
						</v8:item>
					</tl>
				</c>
			</c>
			<c>
				<c>
					<f>54</f>
				</c>
			</c>
			<c>
				<c>
					<f>54</f>
				</c>
			</c>
			<c>
				<c>
					<f>54</f>
				</c>
			</c>
			<c>
				<c>
					<f>54</f>
				</c>
			</c>
			<c>
				<c>
					<f>54</f>
				</c>
			</c>
			<c>
				<c>
					<f>54</f>
				</c>
			</c>
			<c>
				<c>
					<f>54</f>
				</c>
			</c>
			<c>
				<c>
					<f>54</f>
				</c>
			</c>
			<c>
				<c>
					<f>54</f>
				</c>
			</c>
			<c>
				<c>
					<f>54</f>
				</c>
			</c>
			<c>
				<c>
					<f>54</f>
				</c>
			</c>
			<c>
				<c>
					<f>54</f>
				</c>
			</c>
			<c>
				<c>
					<f>54</f>
				</c>
			</c>
			<c>
				<c>
					<f>54</f>
				</c>
			</c>
			<c>
				<c>
					<f>54</f>
				</c>
			</c>
			<c>
				<c>
					<f>54</f>
				</c>
			</c>
			<c>
				<c>
					<f>54</f>
				</c>
			</c>
			<c>
				<c>
					<f>54</f>
				</c>
			</c>
			<c>
				<c>
					<f>54</f>
				</c>
			</c>
			<c>
				<c>
					<f>54</f>
				</c>
			</c>
			<c>
				<c>
					<f>54</f>
				</c>
			</c>
			<c>
				<c>
					<f>54</f>
				</c>
			</c>
			<c>
				<c>
					<f>54</f>
				</c>
			</c>
			<c>
				<c>
					<f>54</f>
				</c>
			</c>
			<c>
				<c>
					<f>54</f>
				</c>
			</c>
			<c>
				<c>
					<f>54</f>
				</c>
			</c>
			<c>
				<c>
					<f>54</f>
				</c>
			</c>
			<c>
				<c>
					<f>54</f>
				</c>
			</c>
			<c>
				<c>
					<f>54</f>
				</c>
			</c>
			<c>
				<c>
					<f>54</f>
				</c>
			</c>
			<c>
				<c>
					<f>54</f>
				</c>
			</c>
			<c>
				<c>
					<f>54</f>
				</c>
			</c>
			<c>
				<c>
					<f>54</f>
				</c>
			</c>
			<c>
				<c>
					<f>54</f>
				</c>
			</c>
			<c>
				<c>
					<f>54</f>
				</c>
			</c>
		</row>
	</rowsItem>
	<rowsItem>
		<index>74</index>
		<row>
			<formatIndex>56</formatIndex>
			<c>
				<i>1</i>
				<c>
					<f>57</f>
					<tl>
						<v8:item>
							<v8:lang>ru</v8:lang>
							<v8:content>***Указывается дата представления расчета лично или через представителя, при отправке по почте - дата отправки почтового отправления с описью вложения, при представлении в электронном виде - дата отправки, фиксированная транспортным (почтовым) сервером удостоверяющего центра.</v8:content>
						</v8:item>
					</tl>
				</c>
			</c>
		</row>
	</rowsItem>
	<drawing>
		<drawingType>Line</drawingType>
		<id>8</id>
		<formatIndex>58</formatIndex>
		<beginRow>54</beginRow>
		<beginRowOffset>0</beginRowOffset>
		<endRow>72</endRow>
		<endRowOffset>0</endRowOffset>
		<beginColumn>20</beginColumn>
		<beginColumnOffset>32</beginColumnOffset>
		<endColumn>20</endColumn>
		<endColumnOffset>32</endColumnOffset>
		<autoSize>false</autoSize>
		<pictureSize>Stretch</pictureSize>
		<zOrder>0</zOrder>
	</drawing>
	<drawing>
		<drawingType>Line</drawingType>
		<id>9</id>
		<formatIndex>58</formatIndex>
		<beginRow>63</beginRow>
		<beginRowOffset>0</beginRowOffset>
		<endRow>63</endRow>
		<endRowOffset>0</endRowOffset>
		<beginColumn>3</beginColumn>
		<beginColumnOffset>32</beginColumnOffset>
		<endColumn>8</endColumn>
		<endColumnOffset>24</endColumnOffset>
		<autoSize>false</autoSize>
		<pictureSize>Stretch</pictureSize>
		<zOrder>0</zOrder>
	</drawing>
	<leftHeader>
		<f>5</f>
	</leftHeader>
	<leftFooter>
		<f>5</f>
	</leftFooter>
	<templateMode>true</templateMode>
	<defaultFormatIndex>5</defaultFormatIndex>
	<height>75</height>
	<vgRows>75</vgRows>
	<merge>
		<r>10</r>
		<c>1</c>
		<w>35</w>
	</merge>
	<merge>
		<r>11</r>
		<c>1</c>
		<w>35</w>
	</merge>
	<merge>
		<r>16</r>
		<c>1</c>
		<h>2</h>
		<w>35</w>
	</merge>
	<merge>
		<r>19</r>
		<c>1</c>
		<w>35</w>
	</merge>
	<merge>
		<r>20</r>
		<c>1</c>
		<h>2</h>
		<w>4</w>
	</merge>
	<merge>
		<r>20</r>
		<c>22</c>
		<h>2</h>
		<w>3</w>
	</merge>
	<merge>
		<r>23</r>
		<c>1</c>
		<h>2</h>
		<w>4</w>
	</merge>
	<merge>
		<r>23</r>
		<c>22</c>
		<h>2</h>
		<w>3</w>
	</merge>
	<merge>
		<r>26</r>
		<c>1</c>
		<h>2</h>
		<w>4</w>
	</merge>
	<merge>
		<r>26</r>
		<c>22</c>
		<h>2</h>
		<w>3</w>
	</merge>
	<merge>
		<r>29</r>
		<c>1</c>
		<h>2</h>
		<w>4</w>
	</merge>
	<merge>
		<r>29</r>
		<c>22</c>
		<h>2</h>
		<w>3</w>
	</merge>
	<merge>
		<r>32</r>
		<c>1</c>
		<h>2</h>
		<w>4</w>
	</merge>
	<merge>
		<r>32</r>
		<c>22</c>
		<h>2</h>
		<w>3</w>
	</merge>
	<merge>
		<r>36</r>
		<c>6</c>
		<w>6</w>
	</merge>
	<merge>
		<r>36</r>
		<c>13</c>
		<w>11</w>
	</merge>
	<merge>
		<r>38</r>
		<c>6</c>
		<w>30</w>
	</merge>
	<merge>
		<r>40</r>
		<c>6</c>
		<w>30</w>
	</merge>
	<merge>
		<r>42</r>
		<c>6</c>
		<w>30</w>
	</merge>
	<merge>
		<r>44</r>
		<c>6</c>
		<w>30</w>
	</merge>
	<merge>
		<r>46</r>
		<c>6</c>
		<w>30</w>
	</merge>
	<merge>
		<r>48</r>
		<c>6</c>
		<w>5</w>
	</merge>
	<merge>
		<r>48</r>
		<c>19</c>
		<w>5</w>
	</merge>
	<merge>
		<r>48</r>
		<c>31</c>
		<w>5</w>
	</merge>
	<merge>
		<r>54</r>
		<c>1</c>
		<h>1</h>
		<w>18</w>
	</merge>
	<merge>
		<r>54</r>
		<c>21</c>
		<h>1</h>
		<w>15</w>
	</merge>
	<merge>
		<r>56</r>
		<c>6</c>
		<h>2</h>
		<w>12</w>
	</merge>
	<merge>
		<r>59</r>
		<c>1</c>
		<h>1</h>
		<w>18</w>
	</merge>
	<merge>
		<r>61</r>
		<c>1</c>
		<w>18</w>
	</merge>
	<merge>
		<r>61</r>
		<c>22</c>
		<h>2</h>
		<w>8</w>
	</merge>
	<merge>
		<r>64</r>
		<c>1</c>
		<h>1</h>
		<w>18</w>
	</merge>
	<merge>
		<r>65</r>
		<c>21</c>
		<h>2</h>
		<w>5</w>
	</merge>
	<merge>
		<r>66</r>
		<c>1</c>
		<h>2</h>
		<w>18</w>
	</merge>
	<merge>
		<r>69</r>
		<c>21</c>
		<w>9</w>
	</merge>
	<merge>
		<r>69</r>
		<c>32</c>
		<w>4</w>
	</merge>
	<merge>
		<r>70</r>
		<c>21</c>
		<w>9</w>
	</merge>
	<merge>
		<r>70</r>
		<c>32</c>
		<w>4</w>
	</merge>
	<merge>
		<r>74</r>
		<c>1</c>
		<w>35</w>
	</merge>
	<namedItem xsi:type="NamedItemCells">
		<name>Основная1</name>
		<area>
			<type>Rows</type>
			<beginRow>0</beginRow>
			<endRow>70</endRow>
			<beginColumn>-1</beginColumn>
			<endColumn>-1</endColumn>
		</area>
	</namedItem>
	<namedItem xsi:type="NamedItemCells">
		<name>Подвал1</name>
		<area>
			<type>Rows</type>
			<beginRow>72</beginRow>
			<endRow>74</endRow>
			<beginColumn>-1</beginColumn>
			<endColumn>-1</endColumn>
		</area>
	</namedItem>
	<namedItem xsi:type="NamedItemCells">
		<name>Строка1</name>
		<area>
			<type>Rows</type>
			<beginRow>71</beginRow>
			<endRow>71</endRow>
			<beginColumn>-1</beginColumn>
			<endColumn>-1</endColumn>
		</area>
	</namedItem>
	<line width="1" gap="false">
		<v8ui:style xsi:type="v8ui:SpreadsheetDocumentCellLineType">ThickDashed</v8ui:style>
	</line>
	<line width="1" gap="false">
		<v8ui:style xsi:type="v8ui:SpreadsheetDocumentCellLineType">Solid</v8ui:style>
	</line>
	<line width="0" gap="false">
		<v8ui:style xsi:type="v8ui:SpreadsheetDocumentCellLineType">None</v8ui:style>
	</line>
	<line width="1" gap="false">
		<v8ui:style xsi:type="v8ui:SpreadsheetDocumentCellLineType">None</v8ui:style>
	</line>
	<font faceName="Arial" height="8.3" bold="false" italic="false" underline="false" strikeout="false" kind="Absolute"/>
	<font faceName="Arial" height="9.8" bold="true" italic="false" underline="false" strikeout="false" kind="Absolute"/>
	<font faceName="Arial" height="9.8" bold="false" italic="false" underline="false" strikeout="false" kind="Absolute"/>
	<font faceName="Arial" height="9" bold="true" italic="false" underline="false" strikeout="false" kind="Absolute"/>
	<font faceName="Arial" height="10" bold="true" italic="false" underline="false" strikeout="false" kind="Absolute"/>
	<font faceName="Arial" height="8" bold="true" italic="false" underline="false" strikeout="false" kind="Absolute"/>
	<font faceName="Arial" height="12" bold="true" italic="false" underline="false" strikeout="false" kind="Absolute"/>
	<font faceName="Arial" height="8" bold="false" italic="false" underline="false" strikeout="false" kind="Absolute"/>
	<format>
		<width>8</width>
	</format>
	<format>
		<width>24</width>
	</format>
	<format>
		<height>42</height>
	</format>
	<format>
		<font>0</font>
		<horizontalAlignment>Right</horizontalAlignment>
	</format>
	<format/>
	<format>
		<font>0</font>
	</format>
	<format>
		<font>0</font>
		<horizontalAlignment>Right</horizontalAlignment>
	</format>
	<format>
		<font>1</font>
		<horizontalAlignment>Right</horizontalAlignment>
	</format>
	<format>
		<height>28</height>
	</format>
	<format>
		<height>60</height>
	</format>
	<format>
		<font>2</font>
		<height>60</height>
		<width>22</width>
		<verticalAlignment>Center</verticalAlignment>
	</format>
	<format>
		<font>2</font>
		<verticalAlignment>Center</verticalAlignment>
	</format>
	<format>
		<font>3</font>
		<border>0</border>
		<horizontalAlignment>Center</horizontalAlignment>
		<verticalAlignment>Center</verticalAlignment>
		<fillType>Parameter</fillType>
	</format>
	<format>
		<font>1</font>
		<horizontalAlignment>Center</horizontalAlignment>
		<verticalAlignment>Center</verticalAlignment>
	</format>
	<format>
		<horizontalAlignment>Right</horizontalAlignment>
		<verticalAlignment>Center</verticalAlignment>
	</format>
	<format>
		<font>3</font>
		<border>0</border>
		<horizontalAlignment>Center</horizontalAlignment>
		<verticalAlignment>Center</verticalAlignment>
		<fillType>Text</fillType>
	</format>
	<format>
		<height>48</height>
	</format>
	<format>
		<font>4</font>
		<horizontalAlignment>Center</horizontalAlignment>
		<verticalAlignment>Center</verticalAlignment>
	</format>
	<format>
		<height>231</height>
	</format>
	<format>
		<font>4</font>
		<width>22</width>
		<horizontalAlignment>Center</horizontalAlignment>
		<verticalAlignment>Center</verticalAlignment>
		<textPlacement>Wrap</textPlacement>
	</format>
	<format>
		<width>22</width>
	</format>
	<format>
		<verticalAlignment>Center</verticalAlignment>
	</format>
	<format>
		<font>0</font>
		<width>22</width>
	</format>
	<format>
		<height>0</height>
	</format>
	<format>
		<font>5</font>
		<border>0</border>
		<horizontalAlignment>Center</horizontalAlignment>
		<verticalAlignment>Center</verticalAlignment>
		<textPlacement>Wrap</textPlacement>
		<fillType>Parameter</fillType>
	</format>
	<format>
		<font>0</font>
		<horizontalAlignment>Center</horizontalAlignment>
		<verticalAlignment>Center</verticalAlignment>
	</format>
	<format>
		<height>20</height>
	</format>
	<format>
		<horizontalAlignment>Left</horizontalAlignment>
		<verticalAlignment>Center</verticalAlignment>
	</format>
	<format>
		<height>16</height>
	</format>
	<format>
		<font>6</font>
		<horizontalAlignment>Center</horizontalAlignment>
		<verticalAlignment>Bottom</verticalAlignment>
	</format>
	<format>
		<horizontalAlignment>Right</horizontalAlignment>
		<verticalAlignment>Center</verticalAlignment>
		<textPlacement>Wrap</textPlacement>
	</format>
	<format>
		<height>30</height>
	</format>
	<format>
		<font>5</font>
		<border>0</border>
		<horizontalAlignment>Center</horizontalAlignment>
		<verticalAlignment>Center</verticalAlignment>
		<fillType>Parameter</fillType>
	</format>
	<format>
		<font>5</font>
		<border>0</border>
		<verticalAlignment>Center</verticalAlignment>
		<fillType>Parameter</fillType>
	</format>
	<format>
		<font>5</font>
		<border>0</border>
		<height>60</height>
		<width>22</width>
		<horizontalAlignment>Left</horizontalAlignment>
		<verticalAlignment>Center</verticalAlignment>
		<fillType>Parameter</fillType>
	</format>
	<format>
		<height>60</height>
		<width>22</width>
	</format>
	<format>
		<height>60</height>
		<width>22</width>
		<horizontalAlignment>Right</horizontalAlignment>
		<verticalAlignment>Center</verticalAlignment>
	</format>
	<format>
		<font>5</font>
		<topBorder>1</topBorder>
		<rightBorder>2</rightBorder>
		<horizontalAlignment>Center</horizontalAlignment>
		<verticalAlignment>Top</verticalAlignment>
		<textPlacement>Wrap</textPlacement>
	</format>
	<format>
		<topBorder>1</topBorder>
	</format>
	<format>
		<font>5</font>
		<topBorder>1</topBorder>
		<horizontalAlignment>Center</horizontalAlignment>
		<verticalAlignment>Top</verticalAlignment>
		<textPlacement>Wrap</textPlacement>
	</format>
	<format>
		<height>39</height>
	</format>
	<format>
		<font>5</font>
		<horizontalAlignment>Center</horizontalAlignment>
		<verticalAlignment>Top</verticalAlignment>
		<textPlacement>Wrap</textPlacement>
	</format>
	<format>
		<font>0</font>
		<verticalAlignment>Center</verticalAlignment>
	</format>
	<format>
		<rightBorder>2</rightBorder>
	</format>
	<format>
		<border>0</border>
	</format>
	<format>
		<font>0</font>
		<rightBorder>2</rightBorder>
		<horizontalAlignment>Center</horizontalAlignment>
		<verticalAlignment>Top</verticalAlignment>
	</format>
	<format>
		<height>33</height>
	</format>
	<format>
		<horizontalAlignment>Center</horizontalAlignment>
		<verticalAlignment>Center</verticalAlignment>
	</format>
	<format>
		<height>36</height>
	</format>
	<format>
		<bottomBorder>1</bottomBorder>
	</format>
	<format>
		<bottomBorder>3</bottomBorder>
	</format>
	<format>
		<font>0</font>
		<horizontalAlignment>Center</horizontalAlignment>
		<verticalAlignment>Top</verticalAlignment>
	</format>
	<format>
		<height>9</height>
	</format>
	<format>
		<font>7</font>
	</format>
	<format>
		<font>7</font>
		<topBorder>1</topBorder>
	</format>
	<format>
		<height>81</height>
	</format>
	<format>
		<font>7</font>
		<verticalAlignment>Top</verticalAlignment>
		<textPlacement>Wrap</textPlacement>
	</format>
	<format>
		<verticalAlignment>Top</verticalAlignment>
		<backColor>#FFFFFF</backColor>
	</format>
</document>