﻿<?xml version="1.0" encoding="UTF-8"?>
<document xmlns="http://v8.1c.ru/8.2/data/spreadsheet" xmlns:style="http://v8.1c.ru/8.1/data/ui/style" xmlns:v8="http://v8.1c.ru/8.1/data/core" xmlns:v8ui="http://v8.1c.ru/8.1/data/ui" xmlns:xs="http://www.w3.org/2001/XMLSchema" xmlns:xsi="http://www.w3.org/2001/XMLSchema-instance">
	<languageSettings>
		<currentLanguage>ru</currentLanguage>
		<defaultLanguage>ru</defaultLanguage>
		<languageInfo>
			<id>ru</id>
			<code>Русский</code>
			<description>Русский</description>
		</languageInfo>
	</languageSettings>
	<columns>
		<size>11</size>
		<columnsItem>
			<index>0</index>
			<column>
				<formatIndex>1</formatIndex>
			</column>
		</columnsItem>
		<columnsItem>
			<index>1</index>
			<column>
				<formatIndex>2</formatIndex>
			</column>
		</columnsItem>
		<columnsItem>
			<index>2</index>
			<column>
				<formatIndex>3</formatIndex>
			</column>
		</columnsItem>
		<columnsItem>
			<index>5</index>
			<column>
				<formatIndex>4</formatIndex>
			</column>
		</columnsItem>
		<columnsItem>
			<index>6</index>
			<column>
				<formatIndex>5</formatIndex>
			</column>
		</columnsItem>
		<columnsItem>
			<index>7</index>
			<column>
				<formatIndex>6</formatIndex>
			</column>
		</columnsItem>
		<columnsItem>
			<index>8</index>
			<column>
				<formatIndex>7</formatIndex>
			</column>
		</columnsItem>
		<columnsItem>
			<index>9</index>
			<column>
				<formatIndex>8</formatIndex>
			</column>
		</columnsItem>
		<columnsItem>
			<index>10</index>
			<column>
				<formatIndex>9</formatIndex>
			</column>
		</columnsItem>
	</columns>
	<rowsItem>
		<index>0</index>
		<row>
			<formatIndex>10</formatIndex>
			<c>
				<i>10</i>
				<c>
					<f>11</f>
					<tl>
						<v8:item>
							<v8:lang>ru</v8:lang>
							<v8:content>Унифицированная форма № Т-11
Утверждена постановлением Госкомстата РФ
от 5 января 2004 г. №1</v8:content>
						</v8:item>
					</tl>
				</c>
			</c>
		</row>
	</rowsItem>
	<rowsItem>
		<index>1</index>
		<row>
			<formatIndex>12</formatIndex>
			<c>
				<i>8</i>
				<c>
					<f>13</f>
				</c>
			</c>
			<c>
				<c>
					<f>13</f>
				</c>
			</c>
			<c>
				<c>
					<f>13</f>
				</c>
			</c>
		</row>
	</rowsItem>
	<rowsItem>
		<index>2</index>
		<row>
			<formatIndex>14</formatIndex>
			<c>
				<i>8</i>
				<c>
					<f>13</f>
				</c>
			</c>
			<c>
				<c>
					<f>13</f>
				</c>
			</c>
			<c>
				<c>
					<f>15</f>
					<tl>
						<v8:item>
							<v8:lang>ru</v8:lang>
							<v8:content>Код</v8:content>
						</v8:item>
					</tl>
				</c>
			</c>
		</row>
	</rowsItem>
	<rowsItem>
		<index>3</index>
		<row>
			<formatIndex>16</formatIndex>
			<c>
				<i>8</i>
				<c>
					<f>13</f>
				</c>
			</c>
			<c>
				<c>
					<f>17</f>
					<tl>
						<v8:item>
							<v8:lang>ru</v8:lang>
							<v8:content>Форма по ОКУД</v8:content>
						</v8:item>
					</tl>
				</c>
			</c>
			<c>
				<c>
					<f>15</f>
					<tl>
						<v8:item>
							<v8:lang>ru</v8:lang>
							<v8:content>0301026</v8:content>
						</v8:item>
					</tl>
				</c>
			</c>
		</row>
	</rowsItem>
	<rowsItem>
		<index>4</index>
		<row>
			<formatIndex>18</formatIndex>
			<c>
				<c>
					<f>19</f>
					<parameter>Организация</parameter>
				</c>
			</c>
			<c>
				<i>8</i>
				<c>
					<f>13</f>
				</c>
			</c>
			<c>
				<c>
					<f>17</f>
					<tl>
						<v8:item>
							<v8:lang>ru</v8:lang>
							<v8:content>по ОКПО</v8:content>
						</v8:item>
					</tl>
				</c>
			</c>
			<c>
				<c>
					<f>20</f>
					<parameter>ОКПО</parameter>
				</c>
			</c>
		</row>
	</rowsItem>
	<rowsItem>
		<index>5</index>
		<row>
			<formatIndex>10</formatIndex>
			<c>
				<c>
					<f>21</f>
					<tl>
						<v8:item>
							<v8:lang>ru</v8:lang>
							<v8:content>наименование организации</v8:content>
						</v8:item>
					</tl>
				</c>
			</c>
			<c>
				<i>8</i>
				<c>
					<f>13</f>
				</c>
			</c>
			<c>
				<c>
					<f>13</f>
				</c>
			</c>
			<c>
				<c>
					<f>13</f>
				</c>
			</c>
		</row>
	</rowsItem>
	<rowsItem>
		<index>6</index>
		<row>
			<formatIndex>22</formatIndex>
			<empty>true</empty>
		</row>
	</rowsItem>
	<rowsItem>
		<index>7</index>
		<row>
			<formatIndex>14</formatIndex>
			<c>
				<i>7</i>
				<c>
					<f>15</f>
					<tl>
						<v8:item>
							<v8:lang>ru</v8:lang>
							<v8:content>Номер документа</v8:content>
						</v8:item>
					</tl>
				</c>
			</c>
			<c>
				<i>9</i>
				<c>
					<f>15</f>
					<tl>
						<v8:item>
							<v8:lang>ru</v8:lang>
							<v8:content>Дата составления</v8:content>
						</v8:item>
					</tl>
				</c>
			</c>
		</row>
	</rowsItem>
	<rowsItem>
		<index>8</index>
		<row>
			<formatIndex>14</formatIndex>
			<c>
				<i>4</i>
				<c>
					<f>23</f>
					<tl>
						<v8:item>
							<v8:lang>ru</v8:lang>
							<v8:content>ПРИКАЗ</v8:content>
						</v8:item>
					</tl>
				</c>
			</c>
			<c>
				<i>7</i>
				<c>
					<f>20</f>
					<parameter>НомерДок</parameter>
				</c>
			</c>
			<c>
				<i>9</i>
				<c>
					<f>20</f>
					<parameter>ДатаДок</parameter>
				</c>
			</c>
		</row>
	</rowsItem>
	<rowsItem>
		<index>9</index>
		<row>
			<formatIndex>10</formatIndex>
			<c>
				<i>4</i>
				<c>
					<f>23</f>
					<tl>
						<v8:item>
							<v8:lang>ru</v8:lang>
							<v8:content>(распоряжение)</v8:content>
						</v8:item>
					</tl>
				</c>
			</c>
		</row>
	</rowsItem>
	<rowsItem>
		<index>10</index>
		<row>
			<formatIndex>10</formatIndex>
			<c>
				<i>4</i>
				<c>
					<f>23</f>
					<tl>
						<v8:item>
							<v8:lang>ru</v8:lang>
							<v8:content>о поощрении работника</v8:content>
						</v8:item>
					</tl>
				</c>
			</c>
		</row>
	</rowsItem>
	<rowsItem>
		<index>11</index>
		<row>
			<formatIndex>14</formatIndex>
			<c>
				<i>9</i>
				<c>
					<f>15</f>
					<tl>
						<v8:item>
							<v8:lang>ru</v8:lang>
							<v8:content>Табельный номер</v8:content>
						</v8:item>
					</tl>
				</c>
			</c>
		</row>
	</rowsItem>
	<rowsItem>
		<index>12</index>
		<row>
			<formatIndex>18</formatIndex>
			<c>
				<c>
					<f>24</f>
					<parameter>ФИО</parameter>
				</c>
			</c>
			<c>
				<i>9</i>
				<c>
					<f>20</f>
					<parameter>ТН</parameter>
				</c>
			</c>
		</row>
	</rowsItem>
	<rowsItem>
		<index>13</index>
		<row>
			<formatIndex>10</formatIndex>
			<c>
				<c>
					<f>21</f>
					<tl>
						<v8:item>
							<v8:lang>ru</v8:lang>
							<v8:content>фамилия, имя, отчество</v8:content>
						</v8:item>
					</tl>
				</c>
			</c>
		</row>
	</rowsItem>
	<rowsItem>
		<index>14</index>
		<row>
			<formatIndex>18</formatIndex>
			<c>
				<c>
					<f>24</f>
					<parameter>Подразделение</parameter>
				</c>
			</c>
			<c>
				<i>9</i>
				<c>
					<f>25</f>
				</c>
			</c>
			<c>
				<c>
					<f>25</f>
				</c>
			</c>
		</row>
	</rowsItem>
	<rowsItem>
		<index>15</index>
		<row>
			<formatIndex>10</formatIndex>
			<c>
				<c>
					<f>21</f>
					<tl>
						<v8:item>
							<v8:lang>ru</v8:lang>
							<v8:content>структурное подразделение</v8:content>
						</v8:item>
					</tl>
				</c>
			</c>
			<c>
				<i>9</i>
				<c>
					<f>21</f>
				</c>
			</c>
			<c>
				<c>
					<f>21</f>
				</c>
			</c>
		</row>
	</rowsItem>
	<rowsItem>
		<index>16</index>
		<row>
			<formatIndex>18</formatIndex>
			<c>
				<c>
					<f>24</f>
					<parameter>Должность</parameter>
				</c>
			</c>
			<c>
				<i>9</i>
				<c>
					<f>25</f>
				</c>
			</c>
			<c>
				<c>
					<f>25</f>
				</c>
			</c>
		</row>
	</rowsItem>
	<rowsItem>
		<index>17</index>
		<row>
			<formatIndex>10</formatIndex>
			<c>
				<c>
					<f>21</f>
					<tl>
						<v8:item>
							<v8:lang>ru</v8:lang>
							<v8:content>должность (специальность, профессия)</v8:content>
						</v8:item>
					</tl>
				</c>
			</c>
			<c>
				<i>9</i>
				<c>
					<f>26</f>
				</c>
			</c>
			<c>
				<c>
					<f>26</f>
				</c>
			</c>
		</row>
	</rowsItem>
	<rowsItem>
		<index>18</index>
		<row>
			<formatIndex>18</formatIndex>
			<c>
				<c>
					<f>27</f>
					<parameter>МотивПоощрения</parameter>
				</c>
			</c>
			<c>
				<i>9</i>
				<c>
					<f>28</f>
				</c>
			</c>
			<c>
				<c>
					<f>28</f>
				</c>
			</c>
		</row>
	</rowsItem>
	<rowsItem>
		<index>19</index>
		<row>
			<formatIndex>10</formatIndex>
			<c>
				<c>
					<f>21</f>
					<tl>
						<v8:item>
							<v8:lang>ru</v8:lang>
							<v8:content>мотив поощрения</v8:content>
						</v8:item>
					</tl>
				</c>
			</c>
			<c>
				<i>9</i>
				<c>
					<f>21</f>
				</c>
			</c>
			<c>
				<c>
					<f>21</f>
				</c>
			</c>
		</row>
	</rowsItem>
	<rowsItem>
		<index>20</index>
		<row>
			<formatIndex>14</formatIndex>
			<c>
				<c>
					<f>29</f>
				</c>
			</c>
		</row>
	</rowsItem>
	<rowsItem>
		<index>21</index>
		<row>
			<formatIndex>14</formatIndex>
			<c>
				<c>
					<f>29</f>
				</c>
			</c>
		</row>
	</rowsItem>
	<rowsItem>
		<index>22</index>
		<row>
			<formatIndex>18</formatIndex>
			<c>
				<c>
					<f>30</f>
					<parameter>ВидПоощрения</parameter>
				</c>
			</c>
			<c>
				<i>9</i>
				<c>
					<f>31</f>
				</c>
			</c>
			<c>
				<c>
					<f>32</f>
				</c>
			</c>
		</row>
	</rowsItem>
	<rowsItem>
		<index>23</index>
		<row>
			<formatIndex>10</formatIndex>
			<c>
				<c>
					<f>21</f>
					<tl>
						<v8:item>
							<v8:lang>ru</v8:lang>
							<v8:content>вид поощрения (благодарность, ценный подарок, премия и др. - указать)</v8:content>
						</v8:item>
					</tl>
				</c>
			</c>
			<c>
				<i>9</i>
				<c>
					<f>21</f>
				</c>
			</c>
			<c>
				<c>
					<f>21</f>
				</c>
			</c>
		</row>
	</rowsItem>
	<rowsItem>
		<index>24</index>
		<row>
			<formatIndex>14</formatIndex>
			<c>
				<c>
					<f>29</f>
				</c>
			</c>
		</row>
	</rowsItem>
	<rowsItem>
		<index>25</index>
		<row>
			<formatIndex>14</formatIndex>
			<c>
				<c>
					<f>13</f>
					<tl>
						<v8:item>
							<v8:lang>ru</v8:lang>
							<v8:content>в сумме</v8:content>
						</v8:item>
					</tl>
				</c>
			</c>
		</row>
	</rowsItem>
	<rowsItem>
		<index>26</index>
		<row>
			<formatIndex>10</formatIndex>
			<c>
				<c>
					<f>13</f>
					<tl>
						<v8:item>
							<v8:lang>ru</v8:lang>
							<v8:content>прописью</v8:content>
						</v8:item>
					</tl>
				</c>
			</c>
			<c>
				<c>
					<f>29</f>
				</c>
			</c>
		</row>
	</rowsItem>
	<rowsItem>
		<index>27</index>
		<row>
			<formatIndex>14</formatIndex>
			<c>
				<c>
					<f>29</f>
				</c>
			</c>
			<c>
				<c>
					<f>29</f>
				</c>
			</c>
			<c>
				<c>
					<f>29</f>
				</c>
			</c>
			<c>
				<c>
					<f>29</f>
				</c>
			</c>
			<c>
				<c>
					<f>29</f>
				</c>
			</c>
			<c>
				<c>
					<f>33</f>
				</c>
			</c>
			<c>
				<c>
					<f>33</f>
				</c>
			</c>
			<c>
				<c>
					<f>33</f>
				</c>
			</c>
			<c>
				<c>
					<f>33</f>
				</c>
			</c>
			<c>
				<c>
					<f>33</f>
				</c>
			</c>
			<c>
				<c>
					<f>34</f>
					<parameter>СуммаСтрокой</parameter>
				</c>
			</c>
		</row>
	</rowsItem>
	<rowsItem>
		<index>28</index>
		<row>
			<formatIndex>14</formatIndex>
			<c>
				<i>5</i>
				<c>
					<f>35</f>
				</c>
			</c>
			<c>
				<c>
					<f>35</f>
				</c>
			</c>
			<c>
				<c>
					<f>33</f>
				</c>
			</c>
			<c>
				<c>
					<f>33</f>
				</c>
			</c>
			<c>
				<c>
					<f>33</f>
				</c>
			</c>
			<c>
				<c>
					<f>34</f>
					<parameter>СуммаЦифрами</parameter>
				</c>
			</c>
		</row>
	</rowsItem>
	<rowsItem>
		<index>29</index>
		<row>
			<formatIndex>10</formatIndex>
			<c>
				<i>10</i>
				<c>
					<f>36</f>
					<tl>
						<v8:item>
							<v8:lang>ru</v8:lang>
							<v8:content>цифрами</v8:content>
						</v8:item>
					</tl>
				</c>
			</c>
		</row>
	</rowsItem>
	<rowsItem>
		<index>30</index>
		<row>
			<formatIndex>37</formatIndex>
			<c>
				<c>
					<f>38</f>
					<tl>
						<v8:item>
							<v8:lang>ru</v8:lang>
							<v8:content>Основание:</v8:content>
						</v8:item>
					</tl>
				</c>
			</c>
			<c>
				<c>
					<f>39</f>
					<parameter>Основание</parameter>
				</c>
			</c>
		</row>
	</rowsItem>
	<rowsItem>
		<index>31</index>
		<row>
			<formatIndex>40</formatIndex>
			<c>
				<c>
					<f>29</f>
				</c>
			</c>
		</row>
	</rowsItem>
	<rowsItem>
		<index>32</index>
		<row>
			<formatIndex>41</formatIndex>
			<c>
				<c>
					<f>42</f>
					<tl>
						<v8:item>
							<v8:lang>ru</v8:lang>
							<v8:content>Руководитель организации</v8:content>
						</v8:item>
					</tl>
				</c>
			</c>
			<c>
				<i>3</i>
				<c>
					<f>43</f>
					<parameter>ДолжностьРуководителя</parameter>
				</c>
			</c>
			<c>
				<i>6</i>
				<c>
					<f>13</f>
				</c>
			</c>
			<c>
				<c>
					<f>38</f>
				</c>
			</c>
			<c>
				<c>
					<f>13</f>
				</c>
			</c>
			<c>
				<c>
					<f>43</f>
					<parameter>РасшифровкаПодписи</parameter>
				</c>
			</c>
		</row>
	</rowsItem>
	<rowsItem>
		<index>33</index>
		<row>
			<formatIndex>18</formatIndex>
			<c>
				<i>3</i>
				<c>
					<f>44</f>
					<tl>
						<v8:item>
							<v8:lang>ru</v8:lang>
							<v8:content>должность</v8:content>
						</v8:item>
					</tl>
				</c>
			</c>
			<c>
				<i>6</i>
				<c>
					<f>45</f>
				</c>
			</c>
			<c>
				<c>
					<f>44</f>
					<tl>
						<v8:item>
							<v8:lang>ru</v8:lang>
							<v8:content>личная подпись</v8:content>
						</v8:item>
					</tl>
				</c>
			</c>
			<c>
				<c>
					<f>45</f>
				</c>
			</c>
			<c>
				<c>
					<f>44</f>
					<tl>
						<v8:item>
							<v8:lang>ru</v8:lang>
							<v8:content>расшифровка подписи</v8:content>
						</v8:item>
					</tl>
				</c>
			</c>
		</row>
	</rowsItem>
	<rowsItem>
		<index>34</index>
		<row>
			<formatIndex>18</formatIndex>
			<empty>true</empty>
		</row>
	</rowsItem>
	<rowsItem>
		<index>35</index>
		<row>
			<formatIndex>18</formatIndex>
			<c>
				<c>
					<f>46</f>
					<tl>
						<v8:item>
							<v8:lang>ru</v8:lang>
							<v8:content>С приказом (распоряжением)
работник ознакомлен</v8:content>
						</v8:item>
					</tl>
				</c>
			</c>
			<c>
				<i>3</i>
				<c>
					<f>29</f>
				</c>
			</c>
			<c>
				<i>6</i>
				<c>
					<f>13</f>
					<tl>
						<v8:item>
							<v8:lang>ru</v8:lang>
							<v8:content>    "       " ____________________ 20      г.</v8:content>
						</v8:item>
					</tl>
				</c>
			</c>
		</row>
	</rowsItem>
	<rowsItem>
		<index>36</index>
		<row>
			<formatIndex>18</formatIndex>
			<c>
				<i>3</i>
				<c>
					<f>44</f>
					<tl>
						<v8:item>
							<v8:lang>ru</v8:lang>
							<v8:content>личная подпись</v8:content>
						</v8:item>
					</tl>
				</c>
			</c>
		</row>
	</rowsItem>
	<leftHeader>
		<f>10</f>
	</leftHeader>
	<leftFooter>
		<f>10</f>
	</leftFooter>
	<templateMode>true</templateMode>
	<defaultFormatIndex>47</defaultFormatIndex>
	<height>37</height>
	<vgRows>37</vgRows>
	<merge>
		<r>4</r>
		<c>0</c>
		<w>7</w>
	</merge>
	<merge>
		<r>5</r>
		<c>0</c>
		<w>7</w>
	</merge>
	<merge>
		<r>7</r>
		<c>7</c>
		<w>1</w>
	</merge>
	<merge>
		<r>7</r>
		<c>9</c>
		<w>1</w>
	</merge>
	<merge>
		<r>8</r>
		<c>7</c>
		<w>1</w>
	</merge>
	<merge>
		<r>8</r>
		<c>9</c>
		<w>1</w>
	</merge>
	<merge>
		<r>11</r>
		<c>9</c>
		<w>1</w>
	</merge>
	<merge>
		<r>12</r>
		<c>0</c>
		<w>8</w>
	</merge>
	<merge>
		<r>12</r>
		<c>9</c>
		<w>1</w>
	</merge>
	<merge>
		<r>13</r>
		<c>0</c>
		<w>8</w>
	</merge>
	<merge>
		<r>14</r>
		<c>0</c>
		<w>8</w>
	</merge>
	<merge>
		<r>15</r>
		<c>0</c>
		<w>8</w>
	</merge>
	<merge>
		<r>16</r>
		<c>0</c>
		<w>8</w>
	</merge>
	<merge>
		<r>17</r>
		<c>0</c>
		<w>8</w>
	</merge>
	<merge>
		<r>18</r>
		<c>0</c>
		<w>8</w>
	</merge>
	<merge>
		<r>19</r>
		<c>0</c>
		<w>8</w>
	</merge>
	<merge>
		<r>20</r>
		<c>0</c>
		<w>10</w>
	</merge>
	<merge>
		<r>21</r>
		<c>0</c>
		<w>10</w>
	</merge>
	<merge>
		<r>22</r>
		<c>0</c>
		<w>8</w>
	</merge>
	<merge>
		<r>23</r>
		<c>0</c>
		<w>8</w>
	</merge>
	<merge>
		<r>24</r>
		<c>0</c>
		<w>10</w>
	</merge>
	<merge>
		<r>26</r>
		<c>1</c>
		<w>9</w>
	</merge>
	<merge>
		<r>30</r>
		<c>1</c>
		<w>9</w>
	</merge>
	<merge>
		<r>31</r>
		<c>0</c>
		<w>10</w>
	</merge>
	<merge>
		<r>32</r>
		<c>3</c>
		<w>2</w>
	</merge>
	<merge>
		<r>32</r>
		<c>9</c>
		<w>1</w>
	</merge>
	<merge>
		<r>33</r>
		<c>3</c>
		<w>2</w>
	</merge>
	<merge>
		<r>33</r>
		<c>9</c>
		<w>1</w>
	</merge>
	<merge>
		<r>35</r>
		<c>3</c>
		<w>1</w>
	</merge>
	<merge>
		<r>36</r>
		<c>3</c>
		<w>1</w>
	</merge>
	<namedItem xsi:type="NamedItemCells">
		<name>Страница</name>
		<area>
			<type>Rows</type>
			<beginRow>0</beginRow>
			<endRow>36</endRow>
			<beginColumn>-1</beginColumn>
			<endColumn>-1</endColumn>
		</area>
	</namedItem>
	<line width="1" gap="false">
		<v8ui:style xsi:type="v8ui:SpreadsheetDocumentCellLineType">Solid</v8ui:style>
	</line>
	<font faceName="Arial" height="8.3" bold="false" italic="false" underline="false" strikeout="false" kind="Absolute"/>
	<font faceName="Arial" height="9.8" bold="false" italic="false" underline="false" strikeout="false" kind="Absolute"/>
	<font faceName="Arial" height="14.3" bold="true" italic="false" underline="false" strikeout="false" kind="Absolute"/>
	<font faceName="Arial" height="11" bold="false" italic="false" underline="false" strikeout="false" kind="Absolute"/>
	<font faceName="Arial" height="12" bold="true" italic="false" underline="false" strikeout="false" kind="Absolute"/>
	<font faceName="Arial" height="12" bold="false" italic="false" underline="false" strikeout="false" kind="Absolute"/>
	<font faceName="Arial" height="12" bold="false" italic="false" underline="false" strikeout="false" kind="Absolute"/>
	<font faceName="Arial" height="9" bold="true" italic="false" underline="false" strikeout="false" kind="Absolute"/>
	<format>
		<width>88</width>
	</format>
	<format>
		<width>56</width>
	</format>
	<format>
		<width>59</width>
	</format>
	<format>
		<width>141</width>
	</format>
	<format>
		<width>12</width>
	</format>
	<format>
		<width>133</width>
	</format>
	<format>
		<width>24</width>
	</format>
	<format>
		<width>25</width>
	</format>
	<format>
		<width>132</width>
	</format>
	<format/>
	<format>
		<font>0</font>
		<horizontalAlignment>Right</horizontalAlignment>
		<verticalAlignment>Center</verticalAlignment>
	</format>
	<format>
		<height>16</height>
	</format>
	<format>
		<font>1</font>
	</format>
	<format>
		<height>66</height>
	</format>
	<format>
		<font>1</font>
		<border>0</border>
		<horizontalAlignment>Center</horizontalAlignment>
		<verticalAlignment>Center</verticalAlignment>
	</format>
	<format>
		<height>64</height>
	</format>
	<format>
		<font>1</font>
		<horizontalAlignment>Right</horizontalAlignment>
		<verticalAlignment>Center</verticalAlignment>
	</format>
	<format>
		<height>0</height>
	</format>
	<format>
		<font>2</font>
		<bottomBorder>0</bottomBorder>
		<horizontalAlignment>Center</horizontalAlignment>
		<verticalAlignment>Center</verticalAlignment>
		<textPlacement>Wrap</textPlacement>
		<fillType>Parameter</fillType>
	</format>
	<format>
		<font>1</font>
		<border>0</border>
		<horizontalAlignment>Center</horizontalAlignment>
		<verticalAlignment>Center</verticalAlignment>
		<fillType>Parameter</fillType>
	</format>
	<format>
		<horizontalAlignment>Center</horizontalAlignment>
		<verticalAlignment>Top</verticalAlignment>
	</format>
	<format>
		<height>27</height>
	</format>
	<format>
		<font>2</font>
		<horizontalAlignment>Center</horizontalAlignment>
		<verticalAlignment>Center</verticalAlignment>
	</format>
	<format>
		<font>3</font>
		<bottomBorder>0</bottomBorder>
		<horizontalAlignment>Center</horizontalAlignment>
		<verticalAlignment>Center</verticalAlignment>
		<textPlacement>Wrap</textPlacement>
		<fillType>Parameter</fillType>
	</format>
	<format>
		<font>4</font>
		<bottomBorder>0</bottomBorder>
		<horizontalAlignment>Center</horizontalAlignment>
		<verticalAlignment>Center</verticalAlignment>
		<fillType>Text</fillType>
	</format>
	<format>
		<horizontalAlignment>Center</horizontalAlignment>
		<verticalAlignment>Top</verticalAlignment>
		<fillType>Text</fillType>
	</format>
	<format>
		<font>3</font>
		<bottomBorder>0</bottomBorder>
		<horizontalAlignment>Center</horizontalAlignment>
		<verticalAlignment>Bottom</verticalAlignment>
		<textPlacement>Wrap</textPlacement>
		<fillType>Parameter</fillType>
	</format>
	<format>
		<font>1</font>
		<bottomBorder>0</bottomBorder>
		<horizontalAlignment>Center</horizontalAlignment>
		<verticalAlignment>Bottom</verticalAlignment>
		<fillType>Text</fillType>
	</format>
	<format>
		<bottomBorder>0</bottomBorder>
	</format>
	<format>
		<font>3</font>
		<bottomBorder>0</bottomBorder>
		<horizontalAlignment>Center</horizontalAlignment>
		<textPlacement>Wrap</textPlacement>
		<fillType>Parameter</fillType>
	</format>
	<format>
		<font>5</font>
		<bottomBorder>0</bottomBorder>
		<horizontalAlignment>Center</horizontalAlignment>
		<textPlacement>Wrap</textPlacement>
		<fillType>Text</fillType>
	</format>
	<format>
		<font>1</font>
		<bottomBorder>0</bottomBorder>
		<horizontalAlignment>Center</horizontalAlignment>
		<fillType>Text</fillType>
	</format>
	<format>
		<font>6</font>
		<bottomBorder>0</bottomBorder>
	</format>
	<format>
		<font>3</font>
		<bottomBorder>0</bottomBorder>
		<horizontalAlignment>Right</horizontalAlignment>
		<fillType>Parameter</fillType>
	</format>
	<format>
		<font>6</font>
	</format>
	<format>
		<horizontalAlignment>Left</horizontalAlignment>
		<verticalAlignment>Top</verticalAlignment>
	</format>
	<format>
		<height>72</height>
	</format>
	<format>
		<font>1</font>
		<bottomBorder>0</bottomBorder>
	</format>
	<format>
		<font>3</font>
		<bottomBorder>0</bottomBorder>
		<horizontalAlignment>Left</horizontalAlignment>
		<textPlacement>Wrap</textPlacement>
		<fillType>Parameter</fillType>
	</format>
	<format>
		<height>69</height>
	</format>
	<format>
		<height>105</height>
	</format>
	<format>
		<font>7</font>
	</format>
	<format>
		<font>1</font>
		<bottomBorder>0</bottomBorder>
		<horizontalAlignment>Center</horizontalAlignment>
		<textPlacement>Wrap</textPlacement>
		<fillType>Parameter</fillType>
	</format>
	<format>
		<font>0</font>
		<horizontalAlignment>Center</horizontalAlignment>
		<verticalAlignment>Top</verticalAlignment>
	</format>
	<format>
		<font>0</font>
	</format>
	<format>
		<font>7</font>
		<horizontalAlignment>Left</horizontalAlignment>
		<verticalAlignment>Center</verticalAlignment>
	</format>
	<format>
		<width>72</width>
	</format>
</document>