﻿<?xml version="1.0" encoding="UTF-8"?>
<document xmlns="http://v8.1c.ru/8.2/data/spreadsheet" xmlns:style="http://v8.1c.ru/8.1/data/ui/style" xmlns:v8="http://v8.1c.ru/8.1/data/core" xmlns:v8ui="http://v8.1c.ru/8.1/data/ui" xmlns:xs="http://www.w3.org/2001/XMLSchema" xmlns:xsi="http://www.w3.org/2001/XMLSchema-instance">
	<languageSettings>
		<currentLanguage>ru</currentLanguage>
		<defaultLanguage>ru</defaultLanguage>
		<languageInfo>
			<id>ru</id>
			<code>Русский</code>
			<description>Русский</description>
		</languageInfo>
	</languageSettings>
	<columns>
		<size>5</size>
		<columnsItem>
			<index>0</index>
			<column>
				<formatIndex>1</formatIndex>
			</column>
		</columnsItem>
		<columnsItem>
			<index>1</index>
			<column>
				<formatIndex>2</formatIndex>
			</column>
		</columnsItem>
		<columnsItem>
			<index>2</index>
			<column>
				<formatIndex>3</formatIndex>
			</column>
		</columnsItem>
		<columnsItem>
			<index>3</index>
			<column>
				<formatIndex>4</formatIndex>
			</column>
		</columnsItem>
		<columnsItem>
			<index>4</index>
			<column>
				<formatIndex>5</formatIndex>
			</column>
		</columnsItem>
	</columns>
	<rowsItem>
		<index>0</index>
		<row>
			<c>
				<i>1</i>
				<c>
					<f>2</f>
				</c>
			</c>
		</row>
	</rowsItem>
	<rowsItem>
		<index>1</index>
		<row>
			<c>
				<c>
					<f>6</f>
				</c>
			</c>
			<c>
				<c>
					<f>7</f>
					<tl>
						<v8:item>
							<v8:lang>ru</v8:lang>
							<v8:content>ТРУДОВОЙ ДОГОВОР № [НомерДоговора]</v8:content>
						</v8:item>
					</tl>
				</c>
			</c>
		</row>
	</rowsItem>
	<rowsItem>
		<index>2</index>
		<row>
			<c>
				<i>1</i>
				<c>
					<f>2</f>
				</c>
			</c>
		</row>
	</rowsItem>
	<rowsItem>
		<index>3</index>
		<row>
			<c>
				<c>
					<f>8</f>
				</c>
			</c>
			<c>
				<c>
					<f>9</f>
					<tl>
						<v8:item>
							<v8:lang>ru</v8:lang>
							<v8:content>[Город]</v8:content>
						</v8:item>
					</tl>
				</c>
			</c>
			<c>
				<i>4</i>
				<c>
					<f>10</f>
					<tl>
						<v8:item>
							<v8:lang>ru</v8:lang>
							<v8:content>[ДатаДоговора]</v8:content>
						</v8:item>
					</tl>
				</c>
			</c>
		</row>
	</rowsItem>
	<rowsItem>
		<index>4</index>
		<row>
			<formatIndex>11</formatIndex>
			<c>
				<c>
					<f>12</f>
				</c>
			</c>
			<c>
				<c>
					<f>13</f>
				</c>
			</c>
		</row>
	</rowsItem>
	<rowsItem>
		<index>5</index>
		<row>
			<formatIndex>14</formatIndex>
			<c>
				<c>
					<f>12</f>
				</c>
			</c>
			<c>
				<c>
					<f>15</f>
					<tl>
						<v8:item>
							<v8:lang>ru</v8:lang>
							<v8:content>[Фирма], ИНН [ИННФирмы], именуемое в дальнейшем Работодатель, в лице [ДолжностьРуководителя] [ФИОРуководителя], действующего на основании Устава, с одной стороны, и [ГражданинСтраны] [ФИОРаботника], [Документ] серия [СерияДокумента] номер [НомерДокумента], выдан [КемВыданДокумент], именуемый далее Работник, с другой стороны, заключили настоящий трудовой договор о нижеследующем:</v8:content>
						</v8:item>
					</tl>
				</c>
			</c>
		</row>
	</rowsItem>
	<rowsItem>
		<index>6</index>
		<row>
			<c>
				<c>
					<f>16</f>
				</c>
			</c>
			<c>
				<c>
					<f>17</f>
					<tl>
						<v8:item>
							<v8:lang>ru</v8:lang>
							<v8:content>1. По настоящему трудовому договору Работник принимается на должность [ДолжностьРаботника].</v8:content>
						</v8:item>
					</tl>
				</c>
			</c>
		</row>
	</rowsItem>
	<rowsItem>
		<index>7</index>
		<row>
			<c>
				<c>
					<f>16</f>
				</c>
			</c>
			<c>
				<c>
					<f>17</f>
					<tl>
						<v8:item>
							<v8:lang>ru</v8:lang>
							<v8:content>2. Работник приступает к выполнению трудовых обязанностей [ДатаНачалаРаботы]</v8:content>
						</v8:item>
					</tl>
				</c>
			</c>
		</row>
	</rowsItem>
	<rowsItem>
		<index>8</index>
		<row>
			<c>
				<c>
					<f>16</f>
				</c>
			</c>
			<c>
				<c>
					<f>17</f>
					<tl>
						<v8:item>
							<v8:lang>ru</v8:lang>
							<v8:content>3. Работнику устанавливается испытательный срок продолжительностью [ИспытательныйСрок].</v8:content>
						</v8:item>
					</tl>
				</c>
			</c>
		</row>
	</rowsItem>
	<rowsItem>
		<index>9</index>
		<row>
			<c>
				<c>
					<f>16</f>
				</c>
			</c>
			<c>
				<c>
					<f>17</f>
					<tl>
						<v8:item>
							<v8:lang>ru</v8:lang>
							<v8:content>[НомПункта]. Настоящий трудовой договор заключен на время [ПричинаДоговора], за которым в соответствии с трудовым законодательством и трудовым договором сохраняется место работы.</v8:content>
						</v8:item>
					</tl>
				</c>
			</c>
		</row>
	</rowsItem>
	<rowsItem>
		<index>10</index>
		<row>
			<c>
				<c>
					<f>16</f>
				</c>
			</c>
			<c>
				<c>
					<f>17</f>
					<tl>
						<v8:item>
							<v8:lang>ru</v8:lang>
							<v8:content>[НомПункта]. Непосредственным местом работы Работника является [МестоРаботы] по адресу: [АдресМестаРаботы].</v8:content>
						</v8:item>
					</tl>
				</c>
			</c>
		</row>
	</rowsItem>
	<rowsItem>
		<index>11</index>
		<row>
			<c>
				<c>
					<f>16</f>
				</c>
			</c>
			<c>
				<c>
					<f>17</f>
					<tl>
						<v8:item>
							<v8:lang>ru</v8:lang>
							<v8:content>[НомПункта]. За выполнение обязанностей, предусмотренных условиями настоящего трудового договора, Работнику выплачивается [ВидВознаграждения].</v8:content>
						</v8:item>
					</tl>
				</c>
			</c>
		</row>
	</rowsItem>
	<rowsItem>
		<index>12</index>
		<row>
			<c>
				<c>
					<f>16</f>
				</c>
			</c>
			<c>
				<c>
					<f>17</f>
					<tl>
						<v8:item>
							<v8:lang>ru</v8:lang>
							<v8:content>[НомПункта]. Должностной оклад Работника может быть изменен в большую сторону с согласия Работника без внесения изменений в настоящий трудовой договор.</v8:content>
						</v8:item>
					</tl>
				</c>
			</c>
		</row>
	</rowsItem>
	<rowsItem>
		<index>13</index>
		<row>
			<c>
				<c>
					<f>16</f>
				</c>
			</c>
			<c>
				<c>
					<f>17</f>
					<tl>
						<v8:item>
							<v8:lang>ru</v8:lang>
							<v8:content>[НомПункта]. Работнику выплачиваются доплаты, надбавки, премии, другие поощрительные выплаты в соответствии с системой оплаты труда, действующей в организации.</v8:content>
						</v8:item>
					</tl>
				</c>
			</c>
		</row>
	</rowsItem>
	<rowsItem>
		<index>14</index>
		<row>
			<c>
				<c>
					<f>16</f>
				</c>
			</c>
			<c>
				<c>
					<f>17</f>
					<tl>
						<v8:item>
							<v8:lang>ru</v8:lang>
							<v8:content>[НомПункта]. Работодатель обеспечивает обязательное социальное страхование Работника в соответствии с Трудовым Кодексом РФ и иными федеральными законами.</v8:content>
						</v8:item>
					</tl>
				</c>
			</c>
		</row>
	</rowsItem>
	<rowsItem>
		<index>15</index>
		<row>
			<c>
				<c>
					<f>18</f>
				</c>
			</c>
			<c>
				<c>
					<f>19</f>
				</c>
			</c>
		</row>
	</rowsItem>
	<rowsItem>
		<index>16</index>
		<row>
			<c>
				<c>
					<f>18</f>
				</c>
			</c>
			<c>
				<c>
					<f>19</f>
				</c>
			</c>
		</row>
	</rowsItem>
	<rowsItem>
		<index>17</index>
		<row>
			<c>
				<c>
					<f>20</f>
				</c>
			</c>
			<c>
				<c>
					<f>21</f>
					<tl>
						<v8:item>
							<v8:lang>ru</v8:lang>
							<v8:content>Работодатель:</v8:content>
						</v8:item>
					</tl>
				</c>
			</c>
			<c>
				<c>
					<f>22</f>
					<tl>
						<v8:item>
							<v8:lang>ru</v8:lang>
							<v8:content>[Фирма]</v8:content>
						</v8:item>
					</tl>
				</c>
			</c>
		</row>
	</rowsItem>
	<rowsItem>
		<index>18</index>
		<row>
			<c>
				<i>1</i>
				<c>
					<f>2</f>
				</c>
			</c>
		</row>
	</rowsItem>
	<rowsItem>
		<index>19</index>
		<row>
			<c>
				<i>1</i>
				<c>
					<f>2</f>
				</c>
			</c>
		</row>
	</rowsItem>
	<rowsItem>
		<index>20</index>
		<row>
			<c>
				<i>1</i>
				<c>
					<f>2</f>
				</c>
			</c>
			<c>
				<c>
					<f>23</f>
					<tl>
						<v8:item>
							<v8:lang>ru</v8:lang>
							<v8:content>[ДолжностьРуководителяДва]</v8:content>
						</v8:item>
					</tl>
				</c>
			</c>
			<c>
				<c>
					<f>24</f>
				</c>
			</c>
			<c>
				<c>
					<f>25</f>
					<tl>
						<v8:item>
							<v8:lang>ru</v8:lang>
							<v8:content>/[Руководитель]/</v8:content>
						</v8:item>
					</tl>
				</c>
			</c>
		</row>
	</rowsItem>
	<rowsItem>
		<index>21</index>
		<row>
			<c>
				<i>1</i>
				<c>
					<f>2</f>
				</c>
			</c>
			<c>
				<c>
					<f>0</f>
				</c>
			</c>
			<c>
				<c>
					<f>26</f>
				</c>
			</c>
		</row>
	</rowsItem>
	<rowsItem>
		<index>22</index>
		<row>
			<c>
				<i>1</i>
				<c>
					<f>2</f>
				</c>
			</c>
			<c>
				<c>
					<f>0</f>
				</c>
			</c>
			<c>
				<c>
					<f>26</f>
				</c>
			</c>
		</row>
	</rowsItem>
	<rowsItem>
		<index>23</index>
		<row>
			<c>
				<c>
					<f>27</f>
				</c>
			</c>
			<c>
				<c>
					<f>27</f>
					<tl>
						<v8:item>
							<v8:lang>ru</v8:lang>
							<v8:content>Работник:</v8:content>
						</v8:item>
					</tl>
				</c>
			</c>
			<c>
				<c>
					<f>0</f>
				</c>
			</c>
			<c>
				<c>
					<f>26</f>
				</c>
			</c>
			<c>
				<c>
					<f>25</f>
					<tl>
						<v8:item>
							<v8:lang>ru</v8:lang>
							<v8:content>/[Работник]/</v8:content>
						</v8:item>
					</tl>
				</c>
			</c>
		</row>
	</rowsItem>
	<rowsItem>
		<index>24</index>
		<row>
			<formatIndex>28</formatIndex>
			<c>
				<i>1</i>
				<c>
					<f>2</f>
				</c>
			</c>
		</row>
	</rowsItem>
	<rowsItem>
		<index>25</index>
		<row>
			<formatIndex>28</formatIndex>
			<c>
				<i>1</i>
				<c>
					<f>2</f>
				</c>
			</c>
		</row>
	</rowsItem>
	<rowsItem>
		<index>26</index>
		<row>
			<formatIndex>28</formatIndex>
			<c>
				<i>1</i>
				<c>
					<f>29</f>
					<tl>
						<v8:item>
							<v8:lang>ru</v8:lang>
							<v8:content>Экземпляр трудового договора получил:</v8:content>
						</v8:item>
					</tl>
				</c>
			</c>
			<c>
				<i>3</i>
				<c>
					<f>26</f>
				</c>
			</c>
			<c>
				<c>
					<f>25</f>
					<tl>
						<v8:item>
							<v8:lang>ru</v8:lang>
							<v8:content>/[Работник]/</v8:content>
						</v8:item>
					</tl>
				</c>
			</c>
		</row>
	</rowsItem>
	<templateMode>true</templateMode>
	<defaultFormatIndex>30</defaultFormatIndex>
	<height>28</height>
	<vgRows>28</vgRows>
	<merge>
		<r>1</r>
		<c>1</c>
		<w>3</w>
	</merge>
	<merge>
		<r>5</r>
		<c>1</c>
		<w>3</w>
	</merge>
	<merge>
		<r>6</r>
		<c>1</c>
		<w>3</w>
	</merge>
	<merge>
		<r>7</r>
		<c>1</c>
		<w>3</w>
	</merge>
	<merge>
		<r>8</r>
		<c>1</c>
		<w>3</w>
	</merge>
	<merge>
		<r>9</r>
		<c>1</c>
		<w>3</w>
	</merge>
	<merge>
		<r>10</r>
		<c>1</c>
		<w>3</w>
	</merge>
	<merge>
		<r>11</r>
		<c>1</c>
		<w>3</w>
	</merge>
	<merge>
		<r>12</r>
		<c>1</c>
		<w>3</w>
	</merge>
	<merge>
		<r>13</r>
		<c>1</c>
		<w>3</w>
	</merge>
	<merge>
		<r>14</r>
		<c>1</c>
		<w>3</w>
	</merge>
	<merge>
		<r>16</r>
		<c>1</c>
		<w>3</w>
	</merge>
	<merge>
		<r>17</r>
		<c>2</c>
		<w>2</w>
	</merge>
	<merge>
		<r>26</r>
		<c>1</c>
		<w>1</w>
	</merge>
	<merge>
		<r>-1</r>
		<c>2</c>
		<w>1</w>
	</merge>
	<verticalUnmerge>
		<r>20</r>
		<c>2</c>
		<w>1</w>
	</verticalUnmerge>
	<verticalUnmerge>
		<r>23</r>
		<c>2</c>
		<w>1</w>
	</verticalUnmerge>
	<verticalUnmerge>
		<r>26</r>
		<c>2</c>
		<w>1</w>
	</verticalUnmerge>
	<namedItem xsi:type="NamedItemCells">
		<name>ОбластьДоговора1</name>
		<area>
			<type>Rows</type>
			<beginRow>0</beginRow>
			<endRow>7</endRow>
			<beginColumn>-1</beginColumn>
			<endColumn>-1</endColumn>
		</area>
	</namedItem>
	<namedItem xsi:type="NamedItemCells">
		<name>ОбластьДоговора3</name>
		<area>
			<type>Rows</type>
			<beginRow>10</beginRow>
			<endRow>10</endRow>
			<beginColumn>-1</beginColumn>
			<endColumn>-1</endColumn>
		</area>
	</namedItem>
	<namedItem xsi:type="NamedItemCells">
		<name>ОбластьДоговора4</name>
		<area>
			<type>Rows</type>
			<beginRow>11</beginRow>
			<endRow>11</endRow>
			<beginColumn>-1</beginColumn>
			<endColumn>-1</endColumn>
		</area>
	</namedItem>
	<namedItem xsi:type="NamedItemCells">
		<name>ОбластьДоговора5</name>
		<area>
			<type>Rows</type>
			<beginRow>12</beginRow>
			<endRow>12</endRow>
			<beginColumn>-1</beginColumn>
			<endColumn>-1</endColumn>
		</area>
	</namedItem>
	<namedItem xsi:type="NamedItemCells">
		<name>ОбластьДоговора6</name>
		<area>
			<type>Rows</type>
			<beginRow>13</beginRow>
			<endRow>13</endRow>
			<beginColumn>-1</beginColumn>
			<endColumn>-1</endColumn>
		</area>
	</namedItem>
	<namedItem xsi:type="NamedItemCells">
		<name>ОбластьДоговора7</name>
		<area>
			<type>Rows</type>
			<beginRow>14</beginRow>
			<endRow>14</endRow>
			<beginColumn>-1</beginColumn>
			<endColumn>-1</endColumn>
		</area>
	</namedItem>
	<namedItem xsi:type="NamedItemCells">
		<name>ОбластьДоговораИС</name>
		<area>
			<type>Rows</type>
			<beginRow>8</beginRow>
			<endRow>8</endRow>
			<beginColumn>-1</beginColumn>
			<endColumn>-1</endColumn>
		</area>
	</namedItem>
	<namedItem xsi:type="NamedItemCells">
		<name>ОбластьДоговораПричина</name>
		<area>
			<type>Rows</type>
			<beginRow>9</beginRow>
			<endRow>9</endRow>
			<beginColumn>-1</beginColumn>
			<endColumn>-1</endColumn>
		</area>
	</namedItem>
	<namedItem xsi:type="NamedItemCells">
		<name>ОбластьПодвал</name>
		<area>
			<type>Rows</type>
			<beginRow>15</beginRow>
			<endRow>24</endRow>
			<beginColumn>-1</beginColumn>
			<endColumn>-1</endColumn>
		</area>
	</namedItem>
	<namedItem xsi:type="NamedItemCells">
		<name>ОбластьПодвалЭкземпляр</name>
		<area>
			<type>Rows</type>
			<beginRow>25</beginRow>
			<endRow>27</endRow>
			<beginColumn>-1</beginColumn>
			<endColumn>-1</endColumn>
		</area>
	</namedItem>
	<line width="1" gap="false">
		<v8ui:style xsi:type="v8ui:SpreadsheetDocumentCellLineType">Solid</v8ui:style>
	</line>
	<font faceName="Arial" height="12" bold="true" italic="false" underline="false" strikeout="false" kind="Absolute"/>
	<font faceName="Arial" height="10" bold="true" italic="false" underline="false" strikeout="false" kind="Absolute"/>
	<font faceName="Arial" height="10" bold="false" italic="false" underline="false" strikeout="false" kind="Absolute"/>
	<font faceName="Arial" height="10" bold="false" italic="false" underline="false" strikeout="false" kind="Absolute"/>
	<font faceName="Arial" height="10" bold="true" italic="false" underline="false" strikeout="false" kind="Absolute"/>
	<format>
		<width>80</width>
	</format>
	<format>
		<width>131</width>
	</format>
	<format>
		<width>194</width>
	</format>
	<format>
		<width>250</width>
	</format>
	<format>
		<width>160</width>
	</format>
	<format>
		<font>0</font>
		<horizontalAlignment>Center</horizontalAlignment>
	</format>
	<format>
		<font>0</font>
		<width>131</width>
		<horizontalAlignment>Center</horizontalAlignment>
		<fillType>Template</fillType>
	</format>
	<format>
		<font>1</font>
	</format>
	<format>
		<font>1</font>
		<width>131</width>
		<fillType>Template</fillType>
	</format>
	<format>
		<font>1</font>
		<horizontalAlignment>Right</horizontalAlignment>
		<fillType>Template</fillType>
	</format>
	<format>
		<height>48</height>
	</format>
	<format>
		<font>2</font>
		<horizontalAlignment>Justify</horizontalAlignment>
		<verticalAlignment>Top</verticalAlignment>
		<textPlacement>Wrap</textPlacement>
	</format>
	<format>
		<font>2</font>
		<height>48</height>
		<width>131</width>
		<horizontalAlignment>Justify</horizontalAlignment>
		<verticalAlignment>Top</verticalAlignment>
		<textPlacement>Wrap</textPlacement>
	</format>
	<format>
		<height>0</height>
	</format>
	<format>
		<font>2</font>
		<height>0</height>
		<width>131</width>
		<horizontalAlignment>Justify</horizontalAlignment>
		<verticalAlignment>Top</verticalAlignment>
		<textPlacement>Wrap</textPlacement>
		<fillType>Template</fillType>
	</format>
	<format>
		<font>3</font>
		<horizontalAlignment>Justify</horizontalAlignment>
		<verticalAlignment>Top</verticalAlignment>
		<textPlacement>Wrap</textPlacement>
	</format>
	<format>
		<font>3</font>
		<width>131</width>
		<horizontalAlignment>Justify</horizontalAlignment>
		<verticalAlignment>Top</verticalAlignment>
		<textPlacement>Wrap</textPlacement>
		<fillType>Template</fillType>
	</format>
	<format>
		<font>3</font>
		<horizontalAlignment>Left</horizontalAlignment>
	</format>
	<format>
		<font>3</font>
		<width>131</width>
		<horizontalAlignment>Left</horizontalAlignment>
	</format>
	<format>
		<font>1</font>
		<horizontalAlignment>Left</horizontalAlignment>
	</format>
	<format>
		<font>1</font>
		<width>131</width>
		<horizontalAlignment>Left</horizontalAlignment>
	</format>
	<format>
		<font>2</font>
		<horizontalAlignment>Left</horizontalAlignment>
		<fillType>Template</fillType>
	</format>
	<format>
		<font>2</font>
		<textPlacement>Wrap</textPlacement>
		<fillType>Template</fillType>
	</format>
	<format>
		<font>2</font>
		<bottomBorder>0</bottomBorder>
		<textPlacement>Cut</textPlacement>
		<fillType>Template</fillType>
	</format>
	<format>
		<font>2</font>
		<fillType>Template</fillType>
	</format>
	<format>
		<bottomBorder>0</bottomBorder>
	</format>
	<format>
		<font>1</font>
		<width>131</width>
	</format>
	<format>
		<width>0</width>
	</format>
	<format>
		<font>4</font>
		<width>131</width>
	</format>
	<format>
		<width>72</width>
	</format>
</document>