﻿<?xml version="1.0" encoding="UTF-8"?>
<document xmlns="http://v8.1c.ru/8.2/data/spreadsheet" xmlns:style="http://v8.1c.ru/8.1/data/ui/style" xmlns:v8="http://v8.1c.ru/8.1/data/core" xmlns:v8ui="http://v8.1c.ru/8.1/data/ui" xmlns:xs="http://www.w3.org/2001/XMLSchema" xmlns:xsi="http://www.w3.org/2001/XMLSchema-instance">
	<languageSettings>
		<currentLanguage>ru</currentLanguage>
		<defaultLanguage>ru</defaultLanguage>
		<languageInfo>
			<id>ru</id>
			<code>Русский</code>
			<description>Русский</description>
		</languageInfo>
	</languageSettings>
	<columns>
		<size>7</size>
		<columnsItem>
			<index>0</index>
			<column>
				<formatIndex>1</formatIndex>
			</column>
		</columnsItem>
		<columnsItem>
			<index>1</index>
			<column>
				<formatIndex>2</formatIndex>
			</column>
		</columnsItem>
		<columnsItem>
			<index>2</index>
			<column>
				<formatIndex>3</formatIndex>
			</column>
		</columnsItem>
		<columnsItem>
			<index>3</index>
			<column>
				<formatIndex>4</formatIndex>
			</column>
		</columnsItem>
		<columnsItem>
			<index>4</index>
			<column>
				<formatIndex>5</formatIndex>
			</column>
		</columnsItem>
		<columnsItem>
			<index>5</index>
			<column>
				<formatIndex>6</formatIndex>
			</column>
		</columnsItem>
	</columns>
	<rowsItem>
		<index>1</index>
		<row>
			<c>
				<c>
					<f>7</f>
				</c>
			</c>
			<c>
				<c>
					<f>8</f>
					<tl>
						<v8:item>
							<v8:lang>ru</v8:lang>
							<v8:content>ТРУДОВОЙ ДОГОВОР № [НомерДоговора]</v8:content>
						</v8:item>
					</tl>
				</c>
			</c>
		</row>
	</rowsItem>
	<rowsItem>
		<index>3</index>
		<row>
			<c>
				<c>
					<f>9</f>
				</c>
			</c>
			<c>
				<c>
					<f>10</f>
					<tl>
						<v8:item>
							<v8:lang>ru</v8:lang>
							<v8:content>[Город]</v8:content>
						</v8:item>
					</tl>
				</c>
			</c>
			<c>
				<i>5</i>
				<c>
					<f>11</f>
					<tl>
						<v8:item>
							<v8:lang>ru</v8:lang>
							<v8:content>[ДатаДоговора]</v8:content>
						</v8:item>
					</tl>
				</c>
			</c>
		</row>
	</rowsItem>
	<rowsItem>
		<index>4</index>
		<row>
			<formatIndex>12</formatIndex>
			<c>
				<c>
					<f>13</f>
				</c>
			</c>
			<c>
				<c>
					<f>13</f>
				</c>
			</c>
		</row>
	</rowsItem>
	<rowsItem>
		<index>5</index>
		<row>
			<formatIndex>14</formatIndex>
			<c>
				<c>
					<f>13</f>
				</c>
			</c>
			<c>
				<c>
					<f>15</f>
					<tl>
						<v8:item>
							<v8:lang>ru</v8:lang>
							<v8:content>[Фирма], ИНН [ИННФирмы], именуемое в дальнейшем Работодатель, в лице [ДолжностьРуководителя] [ФИОРуководителя], действующего на основании Устава, с одной стороны, и [ГражданинСтраны] [ФИОРаботника], [Документ] серия [СерияДокумента] номер [НомерДокумента], выдан [КемВыданДокумент], именуемый далее Работник, с другой стороны, заключили настоящий трудовой договор о нижеследующем:</v8:content>
						</v8:item>
					</tl>
				</c>
			</c>
		</row>
	</rowsItem>
	<rowsItem>
		<index>6</index>
		<row>
			<c>
				<c>
					<f>16</f>
				</c>
			</c>
			<c>
				<c>
					<f>16</f>
				</c>
			</c>
		</row>
	</rowsItem>
	<rowsItem>
		<index>7</index>
		<row>
			<c>
				<c>
					<f>16</f>
				</c>
			</c>
			<c>
				<c>
					<f>16</f>
					<tl>
						<v8:item>
							<v8:lang>ru</v8:lang>
							<v8:content>1. Предмет договора</v8:content>
						</v8:item>
					</tl>
				</c>
			</c>
		</row>
	</rowsItem>
	<rowsItem>
		<index>8</index>
		<row>
			<formatIndex>17</formatIndex>
			<c>
				<c>
					<f>18</f>
				</c>
			</c>
			<c>
				<c>
					<f>18</f>
				</c>
			</c>
		</row>
	</rowsItem>
	<rowsItem>
		<index>9</index>
		<row>
			<c>
				<c>
					<f>18</f>
				</c>
			</c>
			<c>
				<c>
					<f>19</f>
					<tl>
						<v8:item>
							<v8:lang>ru</v8:lang>
							<v8:content>1.1. По настоящему трудовому договору Работник принимается на должность [ДолжностьРаботника].</v8:content>
						</v8:item>
					</tl>
				</c>
			</c>
		</row>
	</rowsItem>
	<rowsItem>
		<index>10</index>
		<row>
			<c>
				<c>
					<f>20</f>
				</c>
			</c>
			<c>
				<c>
					<f>21</f>
					<tl>
						<v8:item>
							<v8:lang>ru</v8:lang>
							<v8:content>1.2. Работник приступает к выполнению трудовых обязанностей [ДатаНачалаРаботы] Непосредственным местом работы Работника является [МестоРаботы] по адресу: [АдресМестаРаботы].</v8:content>
						</v8:item>
					</tl>
				</c>
			</c>
		</row>
	</rowsItem>
	<rowsItem>
		<index>11</index>
		<row>
			<c>
				<c>
					<f>20</f>
				</c>
			</c>
			<c>
				<c>
					<f>21</f>
					<tl>
						<v8:item>
							<v8:lang>ru</v8:lang>
							<v8:content>1.3. Настоящий трудовой договор заключен на время [ПричинаДоговора], за которым в соответствии с трудовым законодательством и трудовым договором сохраняется место работы.</v8:content>
						</v8:item>
					</tl>
				</c>
			</c>
		</row>
	</rowsItem>
	<rowsItem>
		<index>12</index>
		<row>
			<c>
				<c>
					<f>22</f>
				</c>
			</c>
			<c>
				<c>
					<f>23</f>
					<tl>
						<v8:item>
							<v8:lang>ru</v8:lang>
							<v8:content>1.4. Работнику устанавливается испытательный срок продолжительностью [ИспытательныйСрок].</v8:content>
						</v8:item>
					</tl>
				</c>
			</c>
		</row>
	</rowsItem>
	<rowsItem>
		<index>13</index>
		<row>
			<c>
				<c>
					<f>22</f>
				</c>
			</c>
			<c>
				<c>
					<f>22</f>
				</c>
			</c>
		</row>
	</rowsItem>
	<rowsItem>
		<index>14</index>
		<row>
			<c>
				<c>
					<f>24</f>
				</c>
			</c>
			<c>
				<c>
					<f>24</f>
					<tl>
						<v8:item>
							<v8:lang>ru</v8:lang>
							<v8:content>2.Обязанности сторон</v8:content>
						</v8:item>
					</tl>
				</c>
			</c>
		</row>
	</rowsItem>
	<rowsItem>
		<index>15</index>
		<row>
			<formatIndex>17</formatIndex>
			<c>
				<c>
					<f>25</f>
				</c>
			</c>
			<c>
				<c>
					<f>25</f>
				</c>
			</c>
		</row>
	</rowsItem>
	<rowsItem>
		<index>16</index>
		<row>
			<c>
				<c>
					<f>25</f>
				</c>
			</c>
			<c>
				<c>
					<f>25</f>
					<tl>
						<v8:item>
							<v8:lang>ru</v8:lang>
							<v8:content>2.1. Работник обязуется:</v8:content>
						</v8:item>
					</tl>
				</c>
			</c>
		</row>
	</rowsItem>
	<rowsItem>
		<index>17</index>
		<row>
			<c>
				<c>
					<f>26</f>
				</c>
			</c>
			<c>
				<c>
					<f>26</f>
					<tl>
						<v8:item>
							<v8:lang>ru</v8:lang>
							<v8:content>-</v8:content>
						</v8:item>
					</tl>
				</c>
			</c>
			<c>
				<c>
					<f>25</f>
					<tl>
						<v8:item>
							<v8:lang>ru</v8:lang>
							<v8:content>при исполнении настоящего трудового договора действовать в интересах Работодателя;</v8:content>
						</v8:item>
					</tl>
				</c>
			</c>
		</row>
	</rowsItem>
	<rowsItem>
		<index>18</index>
		<row>
			<c>
				<c>
					<f>26</f>
				</c>
			</c>
			<c>
				<c>
					<f>26</f>
					<tl>
						<v8:item>
							<v8:lang>ru</v8:lang>
							<v8:content>-</v8:content>
						</v8:item>
					</tl>
				</c>
			</c>
			<c>
				<c>
					<f>25</f>
					<tl>
						<v8:item>
							<v8:lang>ru</v8:lang>
							<v8:content>добросовестно выполнять обязанности в соответствии с должностной инструкцией;</v8:content>
						</v8:item>
					</tl>
				</c>
			</c>
		</row>
	</rowsItem>
	<rowsItem>
		<index>19</index>
		<row>
			<c>
				<c>
					<f>26</f>
				</c>
			</c>
			<c>
				<c>
					<f>26</f>
					<tl>
						<v8:item>
							<v8:lang>ru</v8:lang>
							<v8:content>-</v8:content>
						</v8:item>
					</tl>
				</c>
			</c>
			<c>
				<c>
					<f>25</f>
					<tl>
						<v8:item>
							<v8:lang>ru</v8:lang>
							<v8:content>соблюдать трудовую дисциплину;</v8:content>
						</v8:item>
					</tl>
				</c>
			</c>
		</row>
	</rowsItem>
	<rowsItem>
		<index>20</index>
		<row>
			<c>
				<c>
					<f>26</f>
				</c>
			</c>
			<c>
				<c>
					<f>26</f>
					<tl>
						<v8:item>
							<v8:lang>ru</v8:lang>
							<v8:content>-</v8:content>
						</v8:item>
					</tl>
				</c>
			</c>
			<c>
				<c>
					<f>25</f>
					<tl>
						<v8:item>
							<v8:lang>ru</v8:lang>
							<v8:content>подчиняться правилам внутреннего трудового распорядка Работодателя;</v8:content>
						</v8:item>
					</tl>
				</c>
			</c>
		</row>
	</rowsItem>
	<rowsItem>
		<index>21</index>
		<row>
			<c>
				<c>
					<f>26</f>
				</c>
			</c>
			<c>
				<c>
					<f>26</f>
					<tl>
						<v8:item>
							<v8:lang>ru</v8:lang>
							<v8:content>-</v8:content>
						</v8:item>
					</tl>
				</c>
			</c>
			<c>
				<c>
					<f>25</f>
					<tl>
						<v8:item>
							<v8:lang>ru</v8:lang>
							<v8:content>соблюдать нормы и правила по охране труда, технике безопасности и пожарной безопасности;</v8:content>
						</v8:item>
					</tl>
				</c>
			</c>
		</row>
	</rowsItem>
	<rowsItem>
		<index>22</index>
		<row>
			<c>
				<c>
					<f>26</f>
				</c>
			</c>
			<c>
				<c>
					<f>26</f>
					<tl>
						<v8:item>
							<v8:lang>ru</v8:lang>
							<v8:content>-</v8:content>
						</v8:item>
					</tl>
				</c>
			</c>
			<c>
				<c>
					<f>25</f>
					<tl>
						<v8:item>
							<v8:lang>ru</v8:lang>
							<v8:content>бережно относиться к имуществу Работодателя и других работников;</v8:content>
						</v8:item>
					</tl>
				</c>
			</c>
		</row>
	</rowsItem>
	<rowsItem>
		<index>23</index>
		<row>
			<c>
				<c>
					<f>26</f>
				</c>
			</c>
			<c>
				<c>
					<f>26</f>
					<tl>
						<v8:item>
							<v8:lang>ru</v8:lang>
							<v8:content>-</v8:content>
						</v8:item>
					</tl>
				</c>
			</c>
			<c>
				<c>
					<f>25</f>
					<tl>
						<v8:item>
							<v8:lang>ru</v8:lang>
							<v8:content>сохранять информацию, составляющую служебную и коммерческую тайну Работодателя;</v8:content>
						</v8:item>
					</tl>
				</c>
			</c>
		</row>
	</rowsItem>
	<rowsItem>
		<index>24</index>
		<row>
			<c>
				<c>
					<f>26</f>
				</c>
			</c>
			<c>
				<c>
					<f>26</f>
					<tl>
						<v8:item>
							<v8:lang>ru</v8:lang>
							<v8:content>-</v8:content>
						</v8:item>
					</tl>
				</c>
			</c>
			<c>
				<c>
					<f>27</f>
					<tl>
						<v8:item>
							<v8:lang>ru</v8:lang>
							<v8:content>незамедлительно сообщать Работодателю через непосредственного руководителя о возникновении ситуации, представляющей угрозу жизни и здоровью людей либо сохранности имущества Работодателя.</v8:content>
						</v8:item>
					</tl>
				</c>
			</c>
		</row>
	</rowsItem>
	<rowsItem>
		<index>25</index>
		<row>
			<c>
				<c>
					<f>25</f>
				</c>
			</c>
			<c>
				<c>
					<f>25</f>
					<tl>
						<v8:item>
							<v8:lang>ru</v8:lang>
							<v8:content>2.2. Работодатель обязуется:</v8:content>
						</v8:item>
					</tl>
				</c>
			</c>
		</row>
	</rowsItem>
	<rowsItem>
		<index>26</index>
		<row>
			<c>
				<c>
					<f>26</f>
				</c>
			</c>
			<c>
				<c>
					<f>26</f>
					<tl>
						<v8:item>
							<v8:lang>ru</v8:lang>
							<v8:content>-</v8:content>
						</v8:item>
					</tl>
				</c>
			</c>
			<c>
				<c>
					<f>27</f>
					<tl>
						<v8:item>
							<v8:lang>ru</v8:lang>
							<v8:content>обеспечить Работника оборудованием, инструментами, технической документацией и иными средствами, необходимыми для исполнения им трудовых обязанностей;</v8:content>
						</v8:item>
					</tl>
				</c>
			</c>
		</row>
	</rowsItem>
	<rowsItem>
		<index>27</index>
		<row>
			<c>
				<c>
					<f>26</f>
				</c>
			</c>
			<c>
				<c>
					<f>26</f>
					<tl>
						<v8:item>
							<v8:lang>ru</v8:lang>
							<v8:content>-</v8:content>
						</v8:item>
					</tl>
				</c>
			</c>
			<c>
				<c>
					<f>27</f>
					<tl>
						<v8:item>
							<v8:lang>ru</v8:lang>
							<v8:content>обеспечивать условия для безопасного и эффективного труда Работника, оборудовать его рабочее место в соответствии с правилами охраны труда и техники безопасности;</v8:content>
						</v8:item>
					</tl>
				</c>
			</c>
		</row>
	</rowsItem>
	<rowsItem>
		<index>28</index>
		<row>
			<c>
				<c>
					<f>26</f>
				</c>
			</c>
			<c>
				<c>
					<f>26</f>
					<tl>
						<v8:item>
							<v8:lang>ru</v8:lang>
							<v8:content>-</v8:content>
						</v8:item>
					</tl>
				</c>
			</c>
			<c>
				<c>
					<f>25</f>
					<tl>
						<v8:item>
							<v8:lang>ru</v8:lang>
							<v8:content>своевременно выплачивать заработную плату и другие причитающиеся Работнику выплаты;</v8:content>
						</v8:item>
					</tl>
				</c>
			</c>
		</row>
	</rowsItem>
	<rowsItem>
		<index>29</index>
		<row>
			<c>
				<c>
					<f>26</f>
				</c>
			</c>
			<c>
				<c>
					<f>26</f>
					<tl>
						<v8:item>
							<v8:lang>ru</v8:lang>
							<v8:content>-</v8:content>
						</v8:item>
					</tl>
				</c>
			</c>
			<c>
				<c>
					<f>27</f>
					<tl>
						<v8:item>
							<v8:lang>ru</v8:lang>
							<v8:content>обеспечивать обязательное социальное страхование Работника в соответствии с Трудовым Кодексом РФ и иными федеральными законами.</v8:content>
						</v8:item>
					</tl>
				</c>
			</c>
		</row>
	</rowsItem>
	<rowsItem>
		<index>30</index>
		<row>
			<c>
				<c>
					<f>28</f>
				</c>
			</c>
			<c>
				<c>
					<f>28</f>
				</c>
			</c>
			<c>
				<c>
					<f>28</f>
				</c>
			</c>
		</row>
	</rowsItem>
	<rowsItem>
		<index>31</index>
		<row>
			<c>
				<c>
					<f>29</f>
				</c>
			</c>
			<c>
				<c>
					<f>29</f>
					<tl>
						<v8:item>
							<v8:lang>ru</v8:lang>
							<v8:content>3. Оплата труда</v8:content>
						</v8:item>
					</tl>
				</c>
			</c>
		</row>
	</rowsItem>
	<rowsItem>
		<index>32</index>
		<row>
			<formatIndex>17</formatIndex>
			<c>
				<c>
					<f>27</f>
				</c>
			</c>
			<c>
				<c>
					<f>27</f>
				</c>
			</c>
		</row>
	</rowsItem>
	<rowsItem>
		<index>33</index>
		<row>
			<c>
				<c>
					<f>27</f>
				</c>
			</c>
			<c>
				<c>
					<f>30</f>
					<tl>
						<v8:item>
							<v8:lang>ru</v8:lang>
							<v8:content>3.1. За выполнение обязанностей, предусмотренных условиями настоящего трудового договора, Работнику выплачивается [ВидВознаграждения].</v8:content>
						</v8:item>
					</tl>
				</c>
			</c>
		</row>
	</rowsItem>
	<rowsItem>
		<index>34</index>
		<row>
			<c>
				<c>
					<f>27</f>
				</c>
			</c>
			<c>
				<c>
					<f>27</f>
					<tl>
						<v8:item>
							<v8:lang>ru</v8:lang>
							<v8:content>3.2. Работнику выплачиваются доплаты, надбавки, премии, другие поощрительные выплаты в соответствии с системой оплаты труда, действующей в организации.</v8:content>
						</v8:item>
					</tl>
				</c>
			</c>
		</row>
	</rowsItem>
	<rowsItem>
		<index>35</index>
		<row>
			<c>
				<c>
					<f>31</f>
				</c>
			</c>
			<c>
				<c>
					<f>2</f>
				</c>
			</c>
			<c>
				<c>
					<f>32</f>
				</c>
			</c>
			<c>
				<c>
					<f>4</f>
				</c>
			</c>
			<c>
				<c>
					<f>5</f>
				</c>
			</c>
			<c>
				<c>
					<f>6</f>
				</c>
			</c>
		</row>
	</rowsItem>
	<rowsItem>
		<index>36</index>
		<row>
			<c>
				<c>
					<f>31</f>
				</c>
			</c>
			<c>
				<c>
					<f>31</f>
					<tl>
						<v8:item>
							<v8:lang>ru</v8:lang>
							<v8:content>4. Условия работы</v8:content>
						</v8:item>
					</tl>
				</c>
			</c>
			<c>
				<c>
					<f>32</f>
				</c>
			</c>
			<c>
				<c>
					<f>4</f>
				</c>
			</c>
			<c>
				<c>
					<f>5</f>
				</c>
			</c>
			<c>
				<c>
					<f>6</f>
				</c>
			</c>
			<c>
				<c>
					<f>33</f>
				</c>
			</c>
		</row>
	</rowsItem>
	<rowsItem>
		<index>37</index>
		<row>
			<formatIndex>17</formatIndex>
			<c>
				<c>
					<f>31</f>
				</c>
			</c>
			<c>
				<c>
					<f>31</f>
				</c>
			</c>
			<c>
				<i>6</i>
				<c>
					<f>33</f>
				</c>
			</c>
		</row>
	</rowsItem>
	<rowsItem>
		<index>38</index>
		<row>
			<c>
				<c>
					<f>29</f>
				</c>
			</c>
			<c>
				<c>
					<f>34</f>
					<tl>
						<v8:item>
							<v8:lang>ru</v8:lang>
							<v8:content>4.[НомПункта]. Режим рабочего времени Работника: [ЧасовВДне] - часовой рабочий день, [ДнейВНеделе] - дневная рабочая неделя.</v8:content>
						</v8:item>
					</tl>
				</c>
			</c>
		</row>
	</rowsItem>
	<rowsItem>
		<index>39</index>
		<row>
			<c>
				<c>
					<f>29</f>
				</c>
			</c>
			<c>
				<c>
					<f>34</f>
					<tl>
						<v8:item>
							<v8:lang>ru</v8:lang>
							<v8:content>4.[НомПункта].  Работнику устанавливается ежегодный оплачиваемый отпуск продолжительностью [ОсновнойОтпуск] календарных дней[ДополнительныйОтпуск].</v8:content>
						</v8:item>
					</tl>
				</c>
			</c>
		</row>
	</rowsItem>
	<rowsItem>
		<index>40</index>
		<row>
			<c>
				<c>
					<f>28</f>
				</c>
			</c>
			<c>
				<c>
					<f>35</f>
					<tl/>
				</c>
			</c>
			<c>
				<c>
					<f>32</f>
				</c>
			</c>
			<c>
				<c>
					<f>4</f>
				</c>
			</c>
			<c>
				<c>
					<f>5</f>
				</c>
			</c>
			<c>
				<c>
					<f>6</f>
				</c>
			</c>
		</row>
	</rowsItem>
	<rowsItem>
		<index>41</index>
		<row>
			<c>
				<c>
					<f>25</f>
				</c>
			</c>
			<c>
				<c>
					<f>36</f>
				</c>
			</c>
			<c>
				<c>
					<f>32</f>
				</c>
			</c>
			<c>
				<c>
					<f>4</f>
				</c>
			</c>
			<c>
				<c>
					<f>5</f>
				</c>
			</c>
			<c>
				<c>
					<f>6</f>
				</c>
			</c>
		</row>
	</rowsItem>
	<rowsItem>
		<index>42</index>
		<row>
			<c>
				<c>
					<f>37</f>
				</c>
			</c>
			<c>
				<c>
					<f>37</f>
					<tl>
						<v8:item>
							<v8:lang>ru</v8:lang>
							<v8:content>Работодатель:</v8:content>
						</v8:item>
					</tl>
				</c>
			</c>
			<c>
				<i>3</i>
				<c>
					<f>38</f>
					<tl>
						<v8:item>
							<v8:lang>ru</v8:lang>
							<v8:content>[Фирма]</v8:content>
						</v8:item>
					</tl>
				</c>
			</c>
			<c>
				<c>
					<f>5</f>
				</c>
			</c>
			<c>
				<c>
					<f>6</f>
				</c>
			</c>
		</row>
	</rowsItem>
	<rowsItem>
		<index>45</index>
		<row>
			<c>
				<i>3</i>
				<c>
					<f>39</f>
					<tl>
						<v8:item>
							<v8:lang>ru</v8:lang>
							<v8:content>[ДолжностьРуководителяДва]</v8:content>
						</v8:item>
					</tl>
				</c>
			</c>
			<c>
				<c>
					<f>40</f>
				</c>
			</c>
			<c>
				<c>
					<f>39</f>
					<tl>
						<v8:item>
							<v8:lang>ru</v8:lang>
							<v8:content>/[Руководитель]/</v8:content>
						</v8:item>
					</tl>
				</c>
			</c>
		</row>
	</rowsItem>
	<rowsItem>
		<index>46</index>
		<row>
			<c>
				<i>3</i>
				<c>
					<f>0</f>
				</c>
			</c>
			<c>
				<c>
					<f>41</f>
				</c>
			</c>
		</row>
	</rowsItem>
	<rowsItem>
		<index>47</index>
		<row>
			<c>
				<i>3</i>
				<c>
					<f>0</f>
				</c>
			</c>
			<c>
				<c>
					<f>41</f>
				</c>
			</c>
		</row>
	</rowsItem>
	<rowsItem>
		<index>48</index>
		<row>
			<c>
				<c>
					<f>42</f>
				</c>
			</c>
			<c>
				<c>
					<f>42</f>
					<tl>
						<v8:item>
							<v8:lang>ru</v8:lang>
							<v8:content>Работник:</v8:content>
						</v8:item>
					</tl>
				</c>
			</c>
			<c>
				<c>
					<f>32</f>
				</c>
			</c>
			<c>
				<c>
					<f>0</f>
				</c>
			</c>
			<c>
				<c>
					<f>41</f>
				</c>
			</c>
			<c>
				<c>
					<f>39</f>
					<tl>
						<v8:item>
							<v8:lang>ru</v8:lang>
							<v8:content>/[Работник]/</v8:content>
						</v8:item>
					</tl>
				</c>
			</c>
		</row>
	</rowsItem>
	<rowsItem>
		<index>49</index>
		<row>
			<formatIndex>43</formatIndex>
			<empty>true</empty>
		</row>
	</rowsItem>
	<rowsItem>
		<index>50</index>
		<row>
			<formatIndex>43</formatIndex>
			<empty>true</empty>
		</row>
	</rowsItem>
	<rowsItem>
		<index>51</index>
		<row>
			<formatIndex>43</formatIndex>
			<c>
				<i>1</i>
				<c>
					<f>44</f>
					<tl>
						<v8:item>
							<v8:lang>ru</v8:lang>
							<v8:content>Экземпляр трудового договора получил:</v8:content>
						</v8:item>
					</tl>
				</c>
			</c>
			<c>
				<c>
					<f>44</f>
				</c>
			</c>
			<c>
				<c>
					<f>0</f>
				</c>
			</c>
			<c>
				<c>
					<f>41</f>
				</c>
			</c>
			<c>
				<c>
					<f>45</f>
					<tl>
						<v8:item>
							<v8:lang>ru</v8:lang>
							<v8:content>/[Работник]/</v8:content>
						</v8:item>
					</tl>
				</c>
			</c>
		</row>
	</rowsItem>
	<templateMode>true</templateMode>
	<defaultFormatIndex>46</defaultFormatIndex>
	<height>53</height>
	<vgRows>53</vgRows>
	<merge>
		<r>1</r>
		<c>1</c>
		<w>4</w>
	</merge>
	<merge>
		<r>5</r>
		<c>1</c>
		<w>4</w>
	</merge>
	<merge>
		<r>7</r>
		<c>1</c>
		<w>4</w>
	</merge>
	<merge>
		<r>9</r>
		<c>1</c>
		<w>4</w>
	</merge>
	<merge>
		<r>10</r>
		<c>1</c>
		<w>4</w>
	</merge>
	<merge>
		<r>11</r>
		<c>1</c>
		<w>4</w>
	</merge>
	<merge>
		<r>12</r>
		<c>1</c>
		<w>4</w>
	</merge>
	<merge>
		<r>13</r>
		<c>1</c>
		<w>4</w>
	</merge>
	<merge>
		<r>14</r>
		<c>1</c>
		<w>4</w>
	</merge>
	<merge>
		<r>16</r>
		<c>1</c>
		<w>4</w>
	</merge>
	<merge>
		<r>17</r>
		<c>2</c>
		<w>3</w>
	</merge>
	<merge>
		<r>18</r>
		<c>2</c>
		<w>3</w>
	</merge>
	<merge>
		<r>19</r>
		<c>2</c>
		<w>3</w>
	</merge>
	<merge>
		<r>20</r>
		<c>2</c>
		<w>3</w>
	</merge>
	<merge>
		<r>21</r>
		<c>2</c>
		<w>3</w>
	</merge>
	<merge>
		<r>22</r>
		<c>2</c>
		<w>3</w>
	</merge>
	<merge>
		<r>23</r>
		<c>2</c>
		<w>3</w>
	</merge>
	<merge>
		<r>24</r>
		<c>2</c>
		<w>3</w>
	</merge>
	<merge>
		<r>25</r>
		<c>1</c>
		<w>4</w>
	</merge>
	<merge>
		<r>26</r>
		<c>2</c>
		<w>3</w>
	</merge>
	<merge>
		<r>27</r>
		<c>2</c>
		<w>3</w>
	</merge>
	<merge>
		<r>28</r>
		<c>2</c>
		<w>3</w>
	</merge>
	<merge>
		<r>29</r>
		<c>2</c>
		<w>3</w>
	</merge>
	<merge>
		<r>31</r>
		<c>1</c>
		<w>4</w>
	</merge>
	<merge>
		<r>33</r>
		<c>1</c>
		<w>4</w>
	</merge>
	<merge>
		<r>34</r>
		<c>1</c>
		<w>4</w>
	</merge>
	<merge>
		<r>35</r>
		<c>1</c>
		<w>1</w>
	</merge>
	<merge>
		<r>35</r>
		<c>3</c>
		<w>1</w>
	</merge>
	<merge>
		<r>36</r>
		<c>1</c>
		<w>4</w>
	</merge>
	<merge>
		<r>36</r>
		<c>1</c>
		<w>4</w>
	</merge>
	<merge>
		<r>36</r>
		<c>1</c>
		<w>4</w>
	</merge>
	<merge>
		<r>37</r>
		<c>1</c>
		<w>4</w>
	</merge>
	<merge>
		<r>37</r>
		<c>1</c>
		<w>4</w>
	</merge>
	<merge>
		<r>37</r>
		<c>1</c>
		<w>4</w>
	</merge>
	<merge>
		<r>38</r>
		<c>1</c>
		<w>4</w>
	</merge>
	<merge>
		<r>38</r>
		<c>1</c>
		<w>4</w>
	</merge>
	<merge>
		<r>38</r>
		<c>1</c>
		<w>4</w>
	</merge>
	<merge>
		<r>39</r>
		<c>1</c>
		<w>4</w>
	</merge>
	<merge>
		<r>39</r>
		<c>1</c>
		<w>4</w>
	</merge>
	<merge>
		<r>39</r>
		<c>1</c>
		<w>4</w>
	</merge>
	<merge>
		<r>40</r>
		<c>1</c>
		<w>4</w>
	</merge>
	<merge>
		<r>41</r>
		<c>1</c>
		<w>4</w>
	</merge>
	<merge>
		<r>42</r>
		<c>3</c>
		<w>2</w>
	</merge>
	<merge>
		<r>48</r>
		<c>1</c>
		<w>1</w>
	</merge>
	<merge>
		<r>-1</r>
		<c>1</c>
		<w>1</w>
	</merge>
	<merge>
		<r>-1</r>
		<c>3</c>
		<w>1</w>
	</merge>
	<verticalUnmerge>
		<r>17</r>
		<c>1</c>
		<w>1</w>
	</verticalUnmerge>
	<verticalUnmerge>
		<r>18</r>
		<c>1</c>
		<w>1</w>
	</verticalUnmerge>
	<verticalUnmerge>
		<r>19</r>
		<c>1</c>
		<w>1</w>
	</verticalUnmerge>
	<verticalUnmerge>
		<r>20</r>
		<c>1</c>
		<w>1</w>
	</verticalUnmerge>
	<verticalUnmerge>
		<r>21</r>
		<c>1</c>
		<w>1</w>
	</verticalUnmerge>
	<verticalUnmerge>
		<r>22</r>
		<c>1</c>
		<w>1</w>
	</verticalUnmerge>
	<verticalUnmerge>
		<r>23</r>
		<c>1</c>
		<w>1</w>
	</verticalUnmerge>
	<verticalUnmerge>
		<r>24</r>
		<c>1</c>
		<w>1</w>
	</verticalUnmerge>
	<verticalUnmerge>
		<r>26</r>
		<c>1</c>
		<w>1</w>
	</verticalUnmerge>
	<verticalUnmerge>
		<r>27</r>
		<c>1</c>
		<w>1</w>
	</verticalUnmerge>
	<verticalUnmerge>
		<r>28</r>
		<c>1</c>
		<w>1</w>
	</verticalUnmerge>
	<verticalUnmerge>
		<r>29</r>
		<c>1</c>
		<w>1</w>
	</verticalUnmerge>
	<verticalUnmerge>
		<r>30</r>
		<c>1</c>
		<w>1</w>
	</verticalUnmerge>
	<verticalUnmerge>
		<r>36</r>
		<c>1</c>
		<w>1</w>
	</verticalUnmerge>
	<verticalUnmerge>
		<r>36</r>
		<c>3</c>
		<w>1</w>
	</verticalUnmerge>
	<verticalUnmerge>
		<r>45</r>
		<c>3</c>
		<w>1</w>
	</verticalUnmerge>
	<verticalUnmerge>
		<r>48</r>
		<c>1</c>
		<w>1</w>
	</verticalUnmerge>
	<verticalUnmerge>
		<r>48</r>
		<c>3</c>
		<w>1</w>
	</verticalUnmerge>
	<verticalUnmerge>
		<r>51</r>
		<c>1</c>
		<w>1</w>
	</verticalUnmerge>
	<verticalUnmerge>
		<r>51</r>
		<c>3</c>
		<w>1</w>
	</verticalUnmerge>
	<namedItem xsi:type="NamedItemCells">
		<name>ОбластьДоговора1</name>
		<area>
			<type>Rows</type>
			<beginRow>0</beginRow>
			<endRow>11</endRow>
			<beginColumn>-1</beginColumn>
			<endColumn>-1</endColumn>
		</area>
	</namedItem>
	<namedItem xsi:type="NamedItemCells">
		<name>ОбластьДоговора2</name>
		<area>
			<type>Rows</type>
			<beginRow>13</beginRow>
			<endRow>34</endRow>
			<beginColumn>-1</beginColumn>
			<endColumn>-1</endColumn>
		</area>
	</namedItem>
	<namedItem xsi:type="NamedItemCells">
		<name>ОбластьДоговораИС</name>
		<area>
			<type>Rows</type>
			<beginRow>12</beginRow>
			<endRow>12</endRow>
			<beginColumn>-1</beginColumn>
			<endColumn>-1</endColumn>
		</area>
	</namedItem>
	<namedItem xsi:type="NamedItemCells">
		<name>ОбластьПодвал</name>
		<area>
			<type>Rows</type>
			<beginRow>40</beginRow>
			<endRow>49</endRow>
			<beginColumn>-1</beginColumn>
			<endColumn>-1</endColumn>
		</area>
	</namedItem>
	<namedItem xsi:type="NamedItemCells">
		<name>ОбластьПодвалЭкземпляр</name>
		<area>
			<type>Rows</type>
			<beginRow>50</beginRow>
			<endRow>52</endRow>
			<beginColumn>-1</beginColumn>
			<endColumn>-1</endColumn>
		</area>
	</namedItem>
	<namedItem xsi:type="NamedItemCells">
		<name>ОбластьУсловиеОтпуск</name>
		<area>
			<type>Rows</type>
			<beginRow>39</beginRow>
			<endRow>39</endRow>
			<beginColumn>-1</beginColumn>
			<endColumn>-1</endColumn>
		</area>
	</namedItem>
	<namedItem xsi:type="NamedItemCells">
		<name>ОбластьУсловиеРежим</name>
		<area>
			<type>Rows</type>
			<beginRow>38</beginRow>
			<endRow>38</endRow>
			<beginColumn>-1</beginColumn>
			<endColumn>-1</endColumn>
		</area>
	</namedItem>
	<namedItem xsi:type="NamedItemCells">
		<name>ОбластьУсловияШапка</name>
		<area>
			<type>Rows</type>
			<beginRow>35</beginRow>
			<endRow>37</endRow>
			<beginColumn>-1</beginColumn>
			<endColumn>-1</endColumn>
		</area>
	</namedItem>
	<line width="1" gap="false">
		<v8ui:style xsi:type="v8ui:SpreadsheetDocumentCellLineType">Solid</v8ui:style>
	</line>
	<font faceName="Arial" height="12" bold="true" italic="false" underline="false" strikeout="false" kind="Absolute"/>
	<font faceName="Arial" height="10" bold="true" italic="false" underline="false" strikeout="false" kind="Absolute"/>
	<font faceName="Arial" height="10" bold="false" italic="false" underline="false" strikeout="false" kind="Absolute"/>
	<font faceName="Arial" height="10" bold="false" italic="false" underline="false" strikeout="false" kind="Absolute"/>
	<font faceName="Arial" height="10" bold="true" italic="false" underline="false" strikeout="false" kind="Absolute"/>
	<format>
		<width>80</width>
	</format>
	<format>
		<width>56</width>
	</format>
	<format>
		<height>0</height>
		<width>66</width>
	</format>
	<format>
		<width>194</width>
	</format>
	<format>
		<width>250</width>
	</format>
	<format>
		<width>160</width>
	</format>
	<format>
		<font>0</font>
		<horizontalAlignment>Center</horizontalAlignment>
	</format>
	<format>
		<font>0</font>
		<horizontalAlignment>Center</horizontalAlignment>
		<fillType>Template</fillType>
	</format>
	<format>
		<font>1</font>
	</format>
	<format>
		<font>1</font>
		<fillType>Template</fillType>
	</format>
	<format>
		<font>1</font>
		<horizontalAlignment>Right</horizontalAlignment>
		<fillType>Template</fillType>
	</format>
	<format>
		<height>48</height>
	</format>
	<format>
		<font>2</font>
		<horizontalAlignment>Justify</horizontalAlignment>
		<verticalAlignment>Top</verticalAlignment>
		<textPlacement>Wrap</textPlacement>
	</format>
	<format>
		<height>0</height>
	</format>
	<format>
		<font>2</font>
		<horizontalAlignment>Justify</horizontalAlignment>
		<verticalAlignment>Top</verticalAlignment>
		<textPlacement>Wrap</textPlacement>
		<fillType>Template</fillType>
	</format>
	<format>
		<font>1</font>
		<horizontalAlignment>Center</horizontalAlignment>
		<textPlacement>Auto</textPlacement>
	</format>
	<format>
		<height>28</height>
	</format>
	<format>
		<font>3</font>
		<horizontalAlignment>Left</horizontalAlignment>
		<textPlacement>Wrap</textPlacement>
	</format>
	<format>
		<font>3</font>
		<horizontalAlignment>Left</horizontalAlignment>
		<textPlacement>Wrap</textPlacement>
		<fillType>Template</fillType>
	</format>
	<format>
		<font>3</font>
		<horizontalAlignment>Justify</horizontalAlignment>
		<verticalAlignment>Top</verticalAlignment>
		<textPlacement>Wrap</textPlacement>
	</format>
	<format>
		<font>3</font>
		<horizontalAlignment>Justify</horizontalAlignment>
		<verticalAlignment>Top</verticalAlignment>
		<textPlacement>Wrap</textPlacement>
		<fillType>Template</fillType>
	</format>
	<format>
		<font>3</font>
	</format>
	<format>
		<font>3</font>
		<horizontalAlignment>Justify</horizontalAlignment>
		<textPlacement>Wrap</textPlacement>
		<fillType>Template</fillType>
	</format>
	<format>
		<font>4</font>
		<horizontalAlignment>Center</horizontalAlignment>
	</format>
	<format>
		<font>3</font>
		<horizontalAlignment>Left</horizontalAlignment>
	</format>
	<format>
		<font>3</font>
		<horizontalAlignment>Right</horizontalAlignment>
		<verticalAlignment>Top</verticalAlignment>
	</format>
	<format>
		<font>3</font>
		<horizontalAlignment>Justify</horizontalAlignment>
		<verticalAlignment>Top</verticalAlignment>
	</format>
	<format>
		<font>3</font>
		<horizontalAlignment>Right</horizontalAlignment>
	</format>
	<format>
		<font>1</font>
		<horizontalAlignment>Center</horizontalAlignment>
	</format>
	<format>
		<font>3</font>
		<horizontalAlignment>Justify</horizontalAlignment>
		<verticalAlignment>Top</verticalAlignment>
		<fillType>Template</fillType>
	</format>
	<format>
		<font>1</font>
		<width>80</width>
		<horizontalAlignment>Center</horizontalAlignment>
	</format>
	<format>
		<width>66</width>
	</format>
	<format>
		<font>1</font>
		<width>160</width>
		<horizontalAlignment>Center</horizontalAlignment>
	</format>
	<format>
		<font>2</font>
		<horizontalAlignment>Justify</horizontalAlignment>
		<fillType>Template</fillType>
	</format>
	<format>
		<font>3</font>
		<width>56</width>
		<horizontalAlignment>Right</horizontalAlignment>
	</format>
	<format>
		<font>3</font>
		<width>56</width>
		<horizontalAlignment>Left</horizontalAlignment>
	</format>
	<format>
		<font>1</font>
		<horizontalAlignment>Left</horizontalAlignment>
		<verticalAlignment>Top</verticalAlignment>
	</format>
	<format>
		<font>2</font>
		<width>194</width>
		<horizontalAlignment>Left</horizontalAlignment>
		<verticalAlignment>Top</verticalAlignment>
		<textPlacement>Wrap</textPlacement>
		<fillType>Template</fillType>
	</format>
	<format>
		<font>2</font>
		<verticalAlignment>Top</verticalAlignment>
		<textPlacement>Wrap</textPlacement>
		<fillType>Template</fillType>
	</format>
	<format>
		<font>2</font>
		<bottomBorder>0</bottomBorder>
		<textPlacement>Cut</textPlacement>
		<fillType>Template</fillType>
	</format>
	<format>
		<bottomBorder>0</bottomBorder>
	</format>
	<format>
		<font>1</font>
		<width>56</width>
		<verticalAlignment>Top</verticalAlignment>
	</format>
	<format>
		<width>0</width>
	</format>
	<format>
		<font>4</font>
	</format>
	<format>
		<font>2</font>
		<fillType>Template</fillType>
	</format>
	<format>
		<width>72</width>
	</format>
</document>