﻿<?xml version="1.0" encoding="UTF-8"?>
<document xmlns="http://v8.1c.ru/8.2/data/spreadsheet" xmlns:style="http://v8.1c.ru/8.1/data/ui/style" xmlns:v8="http://v8.1c.ru/8.1/data/core" xmlns:v8ui="http://v8.1c.ru/8.1/data/ui" xmlns:xs="http://www.w3.org/2001/XMLSchema" xmlns:xsi="http://www.w3.org/2001/XMLSchema-instance">
	<languageSettings>
		<currentLanguage>ru</currentLanguage>
		<defaultLanguage>ru</defaultLanguage>
		<languageInfo>
			<id>ru</id>
			<code>Русский</code>
			<description>Русский</description>
		</languageInfo>
	</languageSettings>
	<columns>
		<size>4</size>
		<columnsItem>
			<index>0</index>
			<column>
				<formatIndex>1</formatIndex>
			</column>
		</columnsItem>
		<columnsItem>
			<index>1</index>
			<column>
				<formatIndex>2</formatIndex>
			</column>
		</columnsItem>
		<columnsItem>
			<index>2</index>
			<column>
				<formatIndex>3</formatIndex>
			</column>
		</columnsItem>
		<columnsItem>
			<index>3</index>
			<column>
				<formatIndex>4</formatIndex>
			</column>
		</columnsItem>
	</columns>
	<rowsItem>
		<index>0</index>
		<row>
			<c>
				<i>1</i>
				<c>
					<f>5</f>
					<tl>
						<v8:item>
							<v8:lang>ru</v8:lang>
							<v8:content>Список сотрудников</v8:content>
						</v8:item>
					</tl>
				</c>
			</c>
		</row>
	</rowsItem>
	<rowsItem>
		<index>1</index>
		<row>
			<c>
				<i>1</i>
				<c>
					<f>6</f>
					<tl>
						<v8:item>
							<v8:lang>ru</v8:lang>
							<v8:content>№</v8:content>
						</v8:item>
					</tl>
				</c>
			</c>
			<c>
				<c>
					<f>6</f>
					<tl>
						<v8:item>
							<v8:lang>ru</v8:lang>
							<v8:content>Страховой номер</v8:content>
						</v8:item>
					</tl>
				</c>
			</c>
			<c>
				<c>
					<f>7</f>
					<tl>
						<v8:item>
							<v8:lang>ru</v8:lang>
							<v8:content>ФИО</v8:content>
						</v8:item>
					</tl>
				</c>
			</c>
		</row>
	</rowsItem>
	<rowsItem>
		<index>2</index>
		<row>
			<c>
				<i>1</i>
				<c>
					<f>8</f>
					<parameter>НомерСтроки</parameter>
				</c>
			</c>
			<c>
				<c>
					<f>8</f>
					<parameter>СССотрудника</parameter>
				</c>
			</c>
			<c>
				<c>
					<f>9</f>
					<parameter>ФИОСотрудника</parameter>
				</c>
			</c>
		</row>
	</rowsItem>
	<templateMode>true</templateMode>
	<defaultFormatIndex>10</defaultFormatIndex>
	<height>3</height>
	<vgRows>3</vgRows>
	<namedItem xsi:type="NamedItemCells">
		<name>Сотрудник</name>
		<area>
			<type>Rows</type>
			<beginRow>2</beginRow>
			<endRow>2</endRow>
			<beginColumn>-1</beginColumn>
			<endColumn>-1</endColumn>
		</area>
	</namedItem>
	<namedItem xsi:type="NamedItemCells">
		<name>Шапка</name>
		<area>
			<type>Rows</type>
			<beginRow>0</beginRow>
			<endRow>1</endRow>
			<beginColumn>-1</beginColumn>
			<endColumn>-1</endColumn>
		</area>
	</namedItem>
	<line width="1" gap="false">
		<v8ui:style xsi:type="v8ui:SpreadsheetDocumentCellLineType">Solid</v8ui:style>
	</line>
	<font faceName="Arial" height="12" bold="true" italic="false" underline="false" strikeout="false" kind="Absolute"/>
	<font faceName="Arial" height="10" bold="false" italic="false" underline="false" strikeout="false" kind="Absolute"/>
	<format>
		<width>32</width>
	</format>
	<format>
		<width>47</width>
	</format>
	<format>
		<width>136</width>
	</format>
	<format>
		<width>351</width>
	</format>
	<format>
		<font>0</font>
	</format>
	<format>
		<font>1</font>
		<leftBorder>0</leftBorder>
		<topBorder>0</topBorder>
		<bottomBorder>0</bottomBorder>
		<horizontalAlignment>Center</horizontalAlignment>
		<verticalAlignment>Center</verticalAlignment>
	</format>
	<format>
		<font>1</font>
		<border>0</border>
		<horizontalAlignment>Center</horizontalAlignment>
		<verticalAlignment>Center</verticalAlignment>
	</format>
	<format>
		<font>1</font>
		<leftBorder>0</leftBorder>
		<topBorder>0</topBorder>
		<bottomBorder>0</bottomBorder>
		<fillType>Parameter</fillType>
	</format>
	<format>
		<font>1</font>
		<border>0</border>
		<fillType>Parameter</fillType>
	</format>
	<format>
		<width>72</width>
	</format>
</document>