﻿<?xml version="1.0" encoding="UTF-8"?>
<document xmlns="http://v8.1c.ru/8.2/data/spreadsheet" xmlns:style="http://v8.1c.ru/8.1/data/ui/style" xmlns:v8="http://v8.1c.ru/8.1/data/core" xmlns:v8ui="http://v8.1c.ru/8.1/data/ui" xmlns:xs="http://www.w3.org/2001/XMLSchema" xmlns:xsi="http://www.w3.org/2001/XMLSchema-instance">
	<languageSettings>
		<currentLanguage>ru</currentLanguage>
		<defaultLanguage>ru</defaultLanguage>
		<languageInfo>
			<id>ru</id>
			<code>Русский</code>
			<description>Русский</description>
		</languageInfo>
	</languageSettings>
	<columns>
		<size>38</size>
		<columnsItem>
			<index>0</index>
			<column>
				<formatIndex>1</formatIndex>
			</column>
		</columnsItem>
		<columnsItem>
			<index>1</index>
			<column>
				<formatIndex>2</formatIndex>
			</column>
		</columnsItem>
		<columnsItem>
			<index>2</index>
			<column>
				<formatIndex>2</formatIndex>
			</column>
		</columnsItem>
		<columnsItem>
			<index>3</index>
			<column>
				<formatIndex>2</formatIndex>
			</column>
		</columnsItem>
		<columnsItem>
			<index>4</index>
			<column>
				<formatIndex>2</formatIndex>
			</column>
		</columnsItem>
		<columnsItem>
			<index>5</index>
			<column>
				<formatIndex>2</formatIndex>
			</column>
		</columnsItem>
		<columnsItem>
			<index>6</index>
			<column>
				<formatIndex>2</formatIndex>
			</column>
		</columnsItem>
		<columnsItem>
			<index>7</index>
			<column>
				<formatIndex>2</formatIndex>
			</column>
		</columnsItem>
		<columnsItem>
			<index>8</index>
			<column>
				<formatIndex>2</formatIndex>
			</column>
		</columnsItem>
		<columnsItem>
			<index>9</index>
			<column>
				<formatIndex>2</formatIndex>
			</column>
		</columnsItem>
		<columnsItem>
			<index>10</index>
			<column>
				<formatIndex>2</formatIndex>
			</column>
		</columnsItem>
		<columnsItem>
			<index>11</index>
			<column>
				<formatIndex>2</formatIndex>
			</column>
		</columnsItem>
		<columnsItem>
			<index>12</index>
			<column>
				<formatIndex>2</formatIndex>
			</column>
		</columnsItem>
		<columnsItem>
			<index>13</index>
			<column>
				<formatIndex>2</formatIndex>
			</column>
		</columnsItem>
		<columnsItem>
			<index>14</index>
			<column>
				<formatIndex>2</formatIndex>
			</column>
		</columnsItem>
		<columnsItem>
			<index>15</index>
			<column>
				<formatIndex>2</formatIndex>
			</column>
		</columnsItem>
		<columnsItem>
			<index>16</index>
			<column>
				<formatIndex>2</formatIndex>
			</column>
		</columnsItem>
		<columnsItem>
			<index>17</index>
			<column>
				<formatIndex>2</formatIndex>
			</column>
		</columnsItem>
		<columnsItem>
			<index>18</index>
			<column>
				<formatIndex>2</formatIndex>
			</column>
		</columnsItem>
		<columnsItem>
			<index>19</index>
			<column>
				<formatIndex>2</formatIndex>
			</column>
		</columnsItem>
		<columnsItem>
			<index>20</index>
			<column>
				<formatIndex>2</formatIndex>
			</column>
		</columnsItem>
		<columnsItem>
			<index>21</index>
			<column>
				<formatIndex>2</formatIndex>
			</column>
		</columnsItem>
		<columnsItem>
			<index>22</index>
			<column>
				<formatIndex>2</formatIndex>
			</column>
		</columnsItem>
		<columnsItem>
			<index>23</index>
			<column>
				<formatIndex>2</formatIndex>
			</column>
		</columnsItem>
		<columnsItem>
			<index>24</index>
			<column>
				<formatIndex>2</formatIndex>
			</column>
		</columnsItem>
		<columnsItem>
			<index>25</index>
			<column>
				<formatIndex>2</formatIndex>
			</column>
		</columnsItem>
		<columnsItem>
			<index>26</index>
			<column>
				<formatIndex>2</formatIndex>
			</column>
		</columnsItem>
		<columnsItem>
			<index>27</index>
			<column>
				<formatIndex>2</formatIndex>
			</column>
		</columnsItem>
		<columnsItem>
			<index>28</index>
			<column>
				<formatIndex>2</formatIndex>
			</column>
		</columnsItem>
		<columnsItem>
			<index>29</index>
			<column>
				<formatIndex>2</formatIndex>
			</column>
		</columnsItem>
		<columnsItem>
			<index>30</index>
			<column>
				<formatIndex>2</formatIndex>
			</column>
		</columnsItem>
		<columnsItem>
			<index>31</index>
			<column>
				<formatIndex>2</formatIndex>
			</column>
		</columnsItem>
		<columnsItem>
			<index>32</index>
			<column>
				<formatIndex>2</formatIndex>
			</column>
		</columnsItem>
		<columnsItem>
			<index>33</index>
			<column>
				<formatIndex>2</formatIndex>
			</column>
		</columnsItem>
		<columnsItem>
			<index>34</index>
			<column>
				<formatIndex>2</formatIndex>
			</column>
		</columnsItem>
		<columnsItem>
			<index>35</index>
			<column>
				<formatIndex>2</formatIndex>
			</column>
		</columnsItem>
		<columnsItem>
			<index>36</index>
			<column>
				<formatIndex>2</formatIndex>
			</column>
		</columnsItem>
		<columnsItem>
			<index>37</index>
			<column>
				<formatIndex>1</formatIndex>
			</column>
		</columnsItem>
	</columns>
	<rowsItem>
		<index>0</index>
		<row>
			<formatIndex>3</formatIndex>
			<empty>true</empty>
		</row>
	</rowsItem>
	<rowsItem>
		<index>1</index>
		<row>
			<formatIndex>4</formatIndex>
			<c>
				<i>6</i>
				<c>
					<f>5</f>
					<tl>
						<v8:item>
							<v8:lang>ru</v8:lang>
							<v8:content>Регистрационный номер в ПФР</v8:content>
						</v8:item>
					</tl>
				</c>
			</c>
			<c>
				<c>
					<f>6</f>
				</c>
			</c>
			<c>
				<c>
					<f>7</f>
				</c>
			</c>
			<c>
				<c>
					<f>7</f>
				</c>
			</c>
			<c>
				<c>
					<f>7</f>
				</c>
			</c>
			<c>
				<c>
					<f>7</f>
				</c>
			</c>
			<c>
				<c>
					<f>7</f>
				</c>
			</c>
			<c>
				<c>
					<f>7</f>
				</c>
			</c>
			<c>
				<c>
					<f>7</f>
				</c>
			</c>
			<c>
				<c>
					<f>7</f>
				</c>
			</c>
			<c>
				<c>
					<f>8</f>
					<parameter>РегНомер1</parameter>
				</c>
			</c>
			<c>
				<c>
					<f>8</f>
					<parameter>РегНомер2</parameter>
				</c>
			</c>
			<c>
				<c>
					<f>8</f>
					<parameter>РегНомер3</parameter>
				</c>
			</c>
			<c>
				<c>
					<f>9</f>
					<tl>
						<v8:item>
							<v8:lang>ru</v8:lang>
							<v8:content>-</v8:content>
						</v8:item>
					</tl>
				</c>
			</c>
			<c>
				<c>
					<f>8</f>
					<parameter>РегНомер5</parameter>
				</c>
			</c>
			<c>
				<c>
					<f>8</f>
					<parameter>РегНомер6</parameter>
				</c>
			</c>
			<c>
				<c>
					<f>8</f>
					<parameter>РегНомер7</parameter>
				</c>
			</c>
			<c>
				<c>
					<f>9</f>
					<tl>
						<v8:item>
							<v8:lang>ru</v8:lang>
							<v8:content>-</v8:content>
						</v8:item>
					</tl>
				</c>
			</c>
			<c>
				<c>
					<f>8</f>
					<parameter>РегНомер9</parameter>
				</c>
			</c>
			<c>
				<c>
					<f>8</f>
					<parameter>РегНомер10</parameter>
				</c>
			</c>
			<c>
				<c>
					<f>8</f>
					<parameter>РегНомер11</parameter>
				</c>
			</c>
			<c>
				<c>
					<f>8</f>
					<parameter>РегНомер12</parameter>
				</c>
			</c>
			<c>
				<c>
					<f>8</f>
					<parameter>РегНомер13</parameter>
				</c>
			</c>
			<c>
				<c>
					<f>8</f>
					<parameter>РегНомер14</parameter>
				</c>
			</c>
			<c>
				<i>33</i>
				<c>
					<f>10</f>
					<tl>
						<v8:item>
							<v8:lang>ru</v8:lang>
							<v8:content>Стр.</v8:content>
						</v8:item>
					</tl>
				</c>
			</c>
			<c>
				<c>
					<f>11</f>
					<parameter>НомерСтраницы1</parameter>
				</c>
			</c>
			<c>
				<c>
					<f>11</f>
					<parameter>НомерСтраницы2</parameter>
				</c>
			</c>
			<c>
				<c>
					<f>11</f>
					<parameter>НомерСтраницы3</parameter>
				</c>
			</c>
		</row>
	</rowsItem>
	<rowsItem>
		<index>2</index>
		<row>
			<formatIndex>12</formatIndex>
			<empty>true</empty>
		</row>
	</rowsItem>
	<rowsItem>
		<index>3</index>
		<row>
			<formatIndex>12</formatIndex>
			<c>
				<i>1</i>
				<c>
					<f>13</f>
					<tl>
						<v8:item>
							<v8:lang>ru</v8:lang>
							<v8:content>Раздел 4. Основания для применения пониженного тарифа</v8:content>
						</v8:item>
					</tl>
				</c>
			</c>
		</row>
	</rowsItem>
	<rowsItem>
		<index>4</index>
		<row>
			<formatIndex>12</formatIndex>
			<empty>true</empty>
		</row>
	</rowsItem>
	<rowsItem>
		<index>5</index>
		<row>
			<formatIndex>12</formatIndex>
			<c>
				<i>1</i>
				<c>
					<f>14</f>
					<tl>
						<v8:item>
							<v8:lang>ru</v8:lang>
							<v8:content>4.2. Расчет соответствия условий на право применения пониженного тарифа для уплаты страховых взносов, установленного пунктом 2 части 2 статьи 57 и пунктом 4 части 1 статьи 58 Федерального закона от 24 июля 2009 г. №212-ФЗ*</v8:content>
						</v8:item>
					</tl>
				</c>
			</c>
		</row>
	</rowsItem>
	<rowsItem>
		<index>6</index>
		<row>
			<formatIndex>12</formatIndex>
			<empty>true</empty>
		</row>
	</rowsItem>
	<rowsItem>
		<index>7</index>
		<row>
			<formatIndex>12</formatIndex>
			<c>
				<i>1</i>
				<c>
					<f>15</f>
					<tl>
						<v8:item>
							<v8:lang>ru</v8:lang>
							<v8:content>Наименование показателя</v8:content>
						</v8:item>
					</tl>
				</c>
			</c>
			<c>
				<i>18</i>
				<c>
					<f>15</f>
					<tl>
						<v8:item>
							<v8:lang>ru</v8:lang>
							<v8:content>Код
строки</v8:content>
						</v8:item>
					</tl>
				</c>
			</c>
			<c>
				<i>21</i>
				<c>
					<f>16</f>
					<tl>
						<v8:item>
							<v8:lang>ru</v8:lang>
							<v8:content>Всего с начала
расчетного
периода</v8:content>
						</v8:item>
					</tl>
				</c>
			</c>
			<c>
				<i>25</i>
				<c>
					<f>16</f>
					<tl>
						<v8:item>
							<v8:lang>ru</v8:lang>
							<v8:content>В том числе за последние три месяца
отчетного периода</v8:content>
						</v8:item>
					</tl>
				</c>
			</c>
		</row>
	</rowsItem>
	<rowsItem>
		<index>8</index>
		<row>
			<formatIndex>12</formatIndex>
			<c>
				<i>25</i>
				<c>
					<f>16</f>
					<tl>
						<v8:item>
							<v8:lang>ru</v8:lang>
							<v8:content>1 месяц</v8:content>
						</v8:item>
					</tl>
				</c>
			</c>
			<c>
				<i>29</i>
				<c>
					<f>16</f>
					<tl>
						<v8:item>
							<v8:lang>ru</v8:lang>
							<v8:content>2 месяц</v8:content>
						</v8:item>
					</tl>
				</c>
			</c>
			<c>
				<i>33</i>
				<c>
					<f>16</f>
					<tl>
						<v8:item>
							<v8:lang>ru</v8:lang>
							<v8:content>3 месяц</v8:content>
						</v8:item>
					</tl>
				</c>
			</c>
		</row>
	</rowsItem>
	<rowsItem>
		<index>9</index>
		<row>
			<formatIndex>12</formatIndex>
			<c>
				<i>1</i>
				<c>
					<f>17</f>
					<tl>
						<v8:item>
							<v8:lang>ru</v8:lang>
							<v8:content>1</v8:content>
						</v8:item>
					</tl>
				</c>
			</c>
			<c>
				<i>18</i>
				<c>
					<f>17</f>
					<tl>
						<v8:item>
							<v8:lang>ru</v8:lang>
							<v8:content>2</v8:content>
						</v8:item>
					</tl>
				</c>
			</c>
			<c>
				<i>21</i>
				<c>
					<f>18</f>
					<tl>
						<v8:item>
							<v8:lang>ru</v8:lang>
							<v8:content>3</v8:content>
						</v8:item>
					</tl>
				</c>
			</c>
			<c>
				<i>25</i>
				<c>
					<f>18</f>
					<tl>
						<v8:item>
							<v8:lang>ru</v8:lang>
							<v8:content>4</v8:content>
						</v8:item>
					</tl>
				</c>
			</c>
			<c>
				<i>29</i>
				<c>
					<f>18</f>
					<tl>
						<v8:item>
							<v8:lang>ru</v8:lang>
							<v8:content>5</v8:content>
						</v8:item>
					</tl>
				</c>
			</c>
			<c>
				<i>33</i>
				<c>
					<f>18</f>
					<tl>
						<v8:item>
							<v8:lang>ru</v8:lang>
							<v8:content>6</v8:content>
						</v8:item>
					</tl>
				</c>
			</c>
		</row>
	</rowsItem>
	<rowsItem>
		<index>10</index>
		<row>
			<formatIndex>19</formatIndex>
			<c>
				<i>1</i>
				<c>
					<f>20</f>
					<tl>
						<v8:item>
							<v8:lang>ru</v8:lang>
							<v8:content>I. Для общественных организаций инвалидов (в том числе созданных как союзы общественных организаций инвалидов)</v8:content>
						</v8:item>
					</tl>
				</c>
			</c>
		</row>
	</rowsItem>
	<rowsItem>
		<index>11</index>
		<row>
			<formatIndex>21</formatIndex>
			<c>
				<i>1</i>
				<c>
					<f>22</f>
					<tl>
						<v8:item>
							<v8:lang>ru</v8:lang>
							<v8:content>Численность членов организации, всего 
(чел.)</v8:content>
						</v8:item>
					</tl>
				</c>
			</c>
			<c>
				<i>18</i>
				<c>
					<f>23</f>
					<tl>
						<v8:item>
							<v8:lang>ru</v8:lang>
							<v8:content>421</v8:content>
						</v8:item>
					</tl>
				</c>
			</c>
			<c>
				<i>21</i>
				<c>
					<f>24</f>
					<parameter>СуммаВсего421</parameter>
				</c>
			</c>
			<c>
				<i>25</i>
				<c>
					<f>25</f>
					<parameter>Сумма1421</parameter>
				</c>
			</c>
			<c>
				<c>
					<f>26</f>
				</c>
			</c>
			<c>
				<c>
					<f>26</f>
				</c>
			</c>
			<c>
				<c>
					<f>26</f>
				</c>
			</c>
			<c>
				<c>
					<f>25</f>
					<parameter>Сумма2421</parameter>
				</c>
			</c>
			<c>
				<c>
					<f>26</f>
				</c>
			</c>
			<c>
				<c>
					<f>26</f>
				</c>
			</c>
			<c>
				<c>
					<f>26</f>
				</c>
			</c>
			<c>
				<c>
					<f>25</f>
					<parameter>Сумма3421</parameter>
				</c>
			</c>
			<c>
				<c>
					<f>26</f>
				</c>
			</c>
			<c>
				<c>
					<f>26</f>
				</c>
			</c>
			<c>
				<c>
					<f>26</f>
				</c>
			</c>
		</row>
	</rowsItem>
	<rowsItem>
		<index>12</index>
		<row>
			<formatIndex>21</formatIndex>
			<c>
				<i>1</i>
				<c>
					<f>27</f>
				</c>
			</c>
			<c>
				<c>
					<f>28</f>
					<tl>
						<v8:item>
							<v8:lang>ru</v8:lang>
							<v8:content>из них:
численность инвалидов и их законных представителей (чел.)</v8:content>
						</v8:item>
					</tl>
				</c>
			</c>
			<c>
				<i>18</i>
				<c>
					<f>23</f>
					<tl>
						<v8:item>
							<v8:lang>ru</v8:lang>
							<v8:content>422</v8:content>
						</v8:item>
					</tl>
				</c>
			</c>
			<c>
				<i>21</i>
				<c>
					<f>25</f>
					<parameter>СуммаВсего422</parameter>
				</c>
			</c>
			<c>
				<c>
					<f>26</f>
				</c>
			</c>
			<c>
				<c>
					<f>26</f>
				</c>
			</c>
			<c>
				<c>
					<f>26</f>
				</c>
			</c>
			<c>
				<c>
					<f>25</f>
					<parameter>Сумма1422</parameter>
				</c>
			</c>
			<c>
				<c>
					<f>26</f>
				</c>
			</c>
			<c>
				<c>
					<f>26</f>
				</c>
			</c>
			<c>
				<c>
					<f>26</f>
				</c>
			</c>
			<c>
				<c>
					<f>25</f>
					<parameter>Сумма2422</parameter>
				</c>
			</c>
			<c>
				<c>
					<f>26</f>
				</c>
			</c>
			<c>
				<c>
					<f>26</f>
				</c>
			</c>
			<c>
				<c>
					<f>26</f>
				</c>
			</c>
			<c>
				<c>
					<f>25</f>
					<parameter>Сумма3422</parameter>
				</c>
			</c>
			<c>
				<c>
					<f>26</f>
				</c>
			</c>
			<c>
				<c>
					<f>26</f>
				</c>
			</c>
			<c>
				<c>
					<f>26</f>
				</c>
			</c>
		</row>
	</rowsItem>
	<rowsItem>
		<index>13</index>
		<row>
			<formatIndex>21</formatIndex>
			<c>
				<i>1</i>
				<c>
					<f>22</f>
					<tl>
						<v8:item>
							<v8:lang>ru</v8:lang>
							<v8:content>Удельный вес, %
(с.422 / с.421) х 100</v8:content>
						</v8:item>
					</tl>
				</c>
			</c>
			<c>
				<i>18</i>
				<c>
					<f>23</f>
					<tl>
						<v8:item>
							<v8:lang>ru</v8:lang>
							<v8:content>423</v8:content>
						</v8:item>
					</tl>
				</c>
			</c>
			<c>
				<i>21</i>
				<c>
					<f>29</f>
					<parameter>СуммаВсего423</parameter>
				</c>
			</c>
			<c>
				<c>
					<f>26</f>
				</c>
			</c>
			<c>
				<c>
					<f>26</f>
				</c>
			</c>
			<c>
				<c>
					<f>26</f>
				</c>
			</c>
			<c>
				<c>
					<f>29</f>
					<parameter>Сумма1423</parameter>
				</c>
			</c>
			<c>
				<c>
					<f>26</f>
				</c>
			</c>
			<c>
				<c>
					<f>26</f>
				</c>
			</c>
			<c>
				<c>
					<f>26</f>
				</c>
			</c>
			<c>
				<c>
					<f>29</f>
					<parameter>Сумма2423</parameter>
				</c>
			</c>
			<c>
				<c>
					<f>26</f>
				</c>
			</c>
			<c>
				<c>
					<f>26</f>
				</c>
			</c>
			<c>
				<c>
					<f>26</f>
				</c>
			</c>
			<c>
				<c>
					<f>29</f>
					<parameter>Сумма3423</parameter>
				</c>
			</c>
			<c>
				<c>
					<f>26</f>
				</c>
			</c>
			<c>
				<c>
					<f>26</f>
				</c>
			</c>
			<c>
				<c>
					<f>26</f>
				</c>
			</c>
		</row>
	</rowsItem>
	<rowsItem>
		<index>14</index>
		<row>
			<formatIndex>19</formatIndex>
			<c>
				<i>1</i>
				<c>
					<f>20</f>
					<tl>
						<v8:item>
							<v8:lang>ru</v8:lang>
							<v8:content>II. Для организаций, уставный капитал которых полностью состоит из вкладов общественных организаций инвалидов</v8:content>
						</v8:item>
					</tl>
				</c>
			</c>
		</row>
	</rowsItem>
	<rowsItem>
		<index>15</index>
		<row>
			<formatIndex>21</formatIndex>
			<c>
				<i>1</i>
				<c>
					<f>22</f>
					<tl>
						<v8:item>
							<v8:lang>ru</v8:lang>
							<v8:content>Среднесписочная численность,
всего (чел.)</v8:content>
						</v8:item>
					</tl>
				</c>
			</c>
			<c>
				<i>18</i>
				<c>
					<f>23</f>
					<tl>
						<v8:item>
							<v8:lang>ru</v8:lang>
							<v8:content>424</v8:content>
						</v8:item>
					</tl>
				</c>
			</c>
			<c>
				<i>21</i>
				<c>
					<f>25</f>
					<parameter>СуммаВсего424</parameter>
				</c>
			</c>
			<c>
				<c>
					<f>26</f>
				</c>
			</c>
			<c>
				<c>
					<f>26</f>
				</c>
			</c>
			<c>
				<c>
					<f>26</f>
				</c>
			</c>
			<c>
				<c>
					<f>25</f>
					<parameter>Сумма1424</parameter>
				</c>
			</c>
			<c>
				<c>
					<f>26</f>
				</c>
			</c>
			<c>
				<c>
					<f>26</f>
				</c>
			</c>
			<c>
				<c>
					<f>26</f>
				</c>
			</c>
			<c>
				<c>
					<f>25</f>
					<parameter>Сумма2424</parameter>
				</c>
			</c>
			<c>
				<c>
					<f>26</f>
				</c>
			</c>
			<c>
				<c>
					<f>26</f>
				</c>
			</c>
			<c>
				<c>
					<f>26</f>
				</c>
			</c>
			<c>
				<c>
					<f>25</f>
					<parameter>Сумма3424</parameter>
				</c>
			</c>
			<c>
				<c>
					<f>26</f>
				</c>
			</c>
			<c>
				<c>
					<f>26</f>
				</c>
			</c>
			<c>
				<c>
					<f>26</f>
				</c>
			</c>
		</row>
	</rowsItem>
	<rowsItem>
		<index>16</index>
		<row>
			<formatIndex>21</formatIndex>
			<c>
				<i>1</i>
				<c>
					<f>30</f>
				</c>
			</c>
			<c>
				<c>
					<f>31</f>
					<tl>
						<v8:item>
							<v8:lang>ru</v8:lang>
							<v8:content>из них:
среднесписочная численность инвалидов (чел.)</v8:content>
						</v8:item>
					</tl>
				</c>
			</c>
			<c>
				<i>18</i>
				<c>
					<f>23</f>
					<tl>
						<v8:item>
							<v8:lang>ru</v8:lang>
							<v8:content>425</v8:content>
						</v8:item>
					</tl>
				</c>
			</c>
			<c>
				<i>21</i>
				<c>
					<f>25</f>
					<parameter>СуммаВсего425</parameter>
				</c>
			</c>
			<c>
				<c>
					<f>26</f>
				</c>
			</c>
			<c>
				<c>
					<f>26</f>
				</c>
			</c>
			<c>
				<c>
					<f>26</f>
				</c>
			</c>
			<c>
				<c>
					<f>25</f>
					<parameter>Сумма1425</parameter>
				</c>
			</c>
			<c>
				<c>
					<f>26</f>
				</c>
			</c>
			<c>
				<c>
					<f>26</f>
				</c>
			</c>
			<c>
				<c>
					<f>26</f>
				</c>
			</c>
			<c>
				<c>
					<f>25</f>
					<parameter>Сумма2425</parameter>
				</c>
			</c>
			<c>
				<c>
					<f>26</f>
				</c>
			</c>
			<c>
				<c>
					<f>26</f>
				</c>
			</c>
			<c>
				<c>
					<f>26</f>
				</c>
			</c>
			<c>
				<c>
					<f>25</f>
					<parameter>Сумма3425</parameter>
				</c>
			</c>
			<c>
				<c>
					<f>26</f>
				</c>
			</c>
			<c>
				<c>
					<f>26</f>
				</c>
			</c>
			<c>
				<c>
					<f>26</f>
				</c>
			</c>
		</row>
	</rowsItem>
	<rowsItem>
		<index>17</index>
		<row>
			<formatIndex>21</formatIndex>
			<c>
				<i>1</i>
				<c>
					<f>22</f>
					<tl>
						<v8:item>
							<v8:lang>ru</v8:lang>
							<v8:content>Удельный вес, %
(с.425 / с.424) х 100</v8:content>
						</v8:item>
					</tl>
				</c>
			</c>
			<c>
				<i>18</i>
				<c>
					<f>23</f>
					<tl>
						<v8:item>
							<v8:lang>ru</v8:lang>
							<v8:content>426</v8:content>
						</v8:item>
					</tl>
				</c>
			</c>
			<c>
				<i>21</i>
				<c>
					<f>29</f>
					<parameter>СуммаВсего426</parameter>
				</c>
			</c>
			<c>
				<c>
					<f>26</f>
				</c>
			</c>
			<c>
				<c>
					<f>26</f>
				</c>
			</c>
			<c>
				<c>
					<f>26</f>
				</c>
			</c>
			<c>
				<c>
					<f>29</f>
					<parameter>Сумма1426</parameter>
				</c>
			</c>
			<c>
				<c>
					<f>26</f>
				</c>
			</c>
			<c>
				<c>
					<f>26</f>
				</c>
			</c>
			<c>
				<c>
					<f>26</f>
				</c>
			</c>
			<c>
				<c>
					<f>29</f>
					<parameter>Сумма2426</parameter>
				</c>
			</c>
			<c>
				<c>
					<f>26</f>
				</c>
			</c>
			<c>
				<c>
					<f>26</f>
				</c>
			</c>
			<c>
				<c>
					<f>26</f>
				</c>
			</c>
			<c>
				<c>
					<f>29</f>
					<parameter>Сумма3426</parameter>
				</c>
			</c>
			<c>
				<c>
					<f>26</f>
				</c>
			</c>
			<c>
				<c>
					<f>26</f>
				</c>
			</c>
			<c>
				<c>
					<f>26</f>
				</c>
			</c>
		</row>
	</rowsItem>
	<rowsItem>
		<index>18</index>
		<row>
			<formatIndex>21</formatIndex>
			<c>
				<i>1</i>
				<c>
					<f>22</f>
					<tl>
						<v8:item>
							<v8:lang>ru</v8:lang>
							<v8:content>Фонд оплаты труда,
всего (руб.)</v8:content>
						</v8:item>
					</tl>
				</c>
			</c>
			<c>
				<i>18</i>
				<c>
					<f>23</f>
					<tl>
						<v8:item>
							<v8:lang>ru</v8:lang>
							<v8:content>427</v8:content>
						</v8:item>
					</tl>
				</c>
			</c>
			<c>
				<i>21</i>
				<c>
					<f>25</f>
					<parameter>СуммаВсего427</parameter>
				</c>
			</c>
			<c>
				<c>
					<f>26</f>
				</c>
			</c>
			<c>
				<c>
					<f>26</f>
				</c>
			</c>
			<c>
				<c>
					<f>26</f>
				</c>
			</c>
			<c>
				<c>
					<f>25</f>
					<parameter>Сумма1427</parameter>
				</c>
			</c>
			<c>
				<c>
					<f>26</f>
				</c>
			</c>
			<c>
				<c>
					<f>26</f>
				</c>
			</c>
			<c>
				<c>
					<f>26</f>
				</c>
			</c>
			<c>
				<c>
					<f>25</f>
					<parameter>Сумма2427</parameter>
				</c>
			</c>
			<c>
				<c>
					<f>26</f>
				</c>
			</c>
			<c>
				<c>
					<f>26</f>
				</c>
			</c>
			<c>
				<c>
					<f>26</f>
				</c>
			</c>
			<c>
				<c>
					<f>25</f>
					<parameter>Сумма3427</parameter>
				</c>
			</c>
			<c>
				<c>
					<f>26</f>
				</c>
			</c>
			<c>
				<c>
					<f>26</f>
				</c>
			</c>
			<c>
				<c>
					<f>26</f>
				</c>
			</c>
		</row>
	</rowsItem>
	<rowsItem>
		<index>19</index>
		<row>
			<formatIndex>21</formatIndex>
			<c>
				<i>1</i>
				<c>
					<f>30</f>
				</c>
			</c>
			<c>
				<c>
					<f>31</f>
					<tl>
						<v8:item>
							<v8:lang>ru</v8:lang>
							<v8:content>из них:
заработная плата инвалидов ( руб.)</v8:content>
						</v8:item>
					</tl>
				</c>
			</c>
			<c>
				<i>18</i>
				<c>
					<f>23</f>
					<tl>
						<v8:item>
							<v8:lang>ru</v8:lang>
							<v8:content>428</v8:content>
						</v8:item>
					</tl>
				</c>
			</c>
			<c>
				<i>21</i>
				<c>
					<f>25</f>
					<parameter>СуммаВсего428</parameter>
				</c>
			</c>
			<c>
				<c>
					<f>26</f>
				</c>
			</c>
			<c>
				<c>
					<f>26</f>
				</c>
			</c>
			<c>
				<c>
					<f>26</f>
				</c>
			</c>
			<c>
				<c>
					<f>25</f>
					<parameter>Сумма1428</parameter>
				</c>
			</c>
			<c>
				<c>
					<f>26</f>
				</c>
			</c>
			<c>
				<c>
					<f>26</f>
				</c>
			</c>
			<c>
				<c>
					<f>26</f>
				</c>
			</c>
			<c>
				<c>
					<f>25</f>
					<parameter>Сумма2428</parameter>
				</c>
			</c>
			<c>
				<c>
					<f>26</f>
				</c>
			</c>
			<c>
				<c>
					<f>26</f>
				</c>
			</c>
			<c>
				<c>
					<f>26</f>
				</c>
			</c>
			<c>
				<c>
					<f>25</f>
					<parameter>Сумма3428</parameter>
				</c>
			</c>
			<c>
				<c>
					<f>26</f>
				</c>
			</c>
			<c>
				<c>
					<f>26</f>
				</c>
			</c>
			<c>
				<c>
					<f>26</f>
				</c>
			</c>
		</row>
	</rowsItem>
	<rowsItem>
		<index>20</index>
		<row>
			<formatIndex>21</formatIndex>
			<c>
				<i>1</i>
				<c>
					<f>22</f>
					<tl>
						<v8:item>
							<v8:lang>ru</v8:lang>
							<v8:content>Удельный вес заработной платы
инвалидов, % (с.428 / с.427) х 100</v8:content>
						</v8:item>
					</tl>
				</c>
			</c>
			<c>
				<i>18</i>
				<c>
					<f>23</f>
					<tl>
						<v8:item>
							<v8:lang>ru</v8:lang>
							<v8:content>429</v8:content>
						</v8:item>
					</tl>
				</c>
			</c>
			<c>
				<i>21</i>
				<c>
					<f>29</f>
					<parameter>СуммаВсего429</parameter>
				</c>
			</c>
			<c>
				<c>
					<f>26</f>
				</c>
			</c>
			<c>
				<c>
					<f>26</f>
				</c>
			</c>
			<c>
				<c>
					<f>26</f>
				</c>
			</c>
			<c>
				<c>
					<f>29</f>
					<parameter>Сумма1429</parameter>
				</c>
			</c>
			<c>
				<c>
					<f>26</f>
				</c>
			</c>
			<c>
				<c>
					<f>26</f>
				</c>
			</c>
			<c>
				<c>
					<f>26</f>
				</c>
			</c>
			<c>
				<c>
					<f>29</f>
					<parameter>Сумма2429</parameter>
				</c>
			</c>
			<c>
				<c>
					<f>26</f>
				</c>
			</c>
			<c>
				<c>
					<f>26</f>
				</c>
			</c>
			<c>
				<c>
					<f>26</f>
				</c>
			</c>
			<c>
				<c>
					<f>29</f>
					<parameter>Сумма3429</parameter>
				</c>
			</c>
			<c>
				<c>
					<f>26</f>
				</c>
			</c>
			<c>
				<c>
					<f>26</f>
				</c>
			</c>
			<c>
				<c>
					<f>26</f>
				</c>
			</c>
		</row>
	</rowsItem>
	<rowsItem>
		<index>23</index>
		<row>
			<c>
				<i>1</i>
				<c>
					<f>32</f>
					<tl>
						<v8:item>
							<v8:lang>ru</v8:lang>
							<v8:content>4.3. Расчет соответствия условий на право применения пониженного тарифа для уплаты страховых взносов,
установленного пунктом 4 части 2 статьи 57 Федерального закона от 24 июля 2009 г. № 212-ФЗ</v8:content>
						</v8:item>
					</tl>
				</c>
			</c>
			<c>
				<c>
					<f>33</f>
				</c>
			</c>
			<c>
				<c>
					<f>33</f>
				</c>
			</c>
			<c>
				<c>
					<f>33</f>
				</c>
			</c>
			<c>
				<c>
					<f>33</f>
				</c>
			</c>
			<c>
				<c>
					<f>33</f>
				</c>
			</c>
			<c>
				<c>
					<f>33</f>
				</c>
			</c>
			<c>
				<c>
					<f>33</f>
				</c>
			</c>
			<c>
				<c>
					<f>33</f>
				</c>
			</c>
			<c>
				<c>
					<f>33</f>
				</c>
			</c>
			<c>
				<c>
					<f>33</f>
				</c>
			</c>
			<c>
				<c>
					<f>33</f>
				</c>
			</c>
			<c>
				<c>
					<f>33</f>
				</c>
			</c>
			<c>
				<c>
					<f>33</f>
				</c>
			</c>
			<c>
				<c>
					<f>33</f>
				</c>
			</c>
			<c>
				<c>
					<f>33</f>
				</c>
			</c>
			<c>
				<c>
					<f>33</f>
				</c>
			</c>
			<c>
				<c>
					<f>33</f>
				</c>
			</c>
			<c>
				<c>
					<f>33</f>
				</c>
			</c>
			<c>
				<c>
					<f>33</f>
				</c>
			</c>
			<c>
				<c>
					<f>33</f>
				</c>
			</c>
			<c>
				<c>
					<f>33</f>
				</c>
			</c>
			<c>
				<c>
					<f>33</f>
				</c>
			</c>
			<c>
				<c>
					<f>33</f>
				</c>
			</c>
			<c>
				<c>
					<f>33</f>
				</c>
			</c>
			<c>
				<c>
					<f>33</f>
				</c>
			</c>
			<c>
				<c>
					<f>33</f>
				</c>
			</c>
			<c>
				<c>
					<f>33</f>
				</c>
			</c>
			<c>
				<c>
					<f>33</f>
				</c>
			</c>
			<c>
				<c>
					<f>33</f>
				</c>
			</c>
			<c>
				<c>
					<f>33</f>
				</c>
			</c>
			<c>
				<c>
					<f>33</f>
				</c>
			</c>
			<c>
				<c>
					<f>33</f>
				</c>
			</c>
			<c>
				<c>
					<f>33</f>
				</c>
			</c>
			<c>
				<c>
					<f>33</f>
				</c>
			</c>
			<c>
				<c>
					<f>33</f>
				</c>
			</c>
		</row>
	</rowsItem>
	<rowsItem>
		<index>25</index>
		<row>
			<c>
				<i>1</i>
				<c>
					<f>34</f>
					<tl>
						<v8:item>
							<v8:lang>ru</v8:lang>
							<v8:content>Наименование показателя</v8:content>
						</v8:item>
					</tl>
				</c>
			</c>
			<c>
				<c>
					<f>33</f>
				</c>
			</c>
			<c>
				<c>
					<f>33</f>
				</c>
			</c>
			<c>
				<c>
					<f>33</f>
				</c>
			</c>
			<c>
				<c>
					<f>33</f>
				</c>
			</c>
			<c>
				<c>
					<f>33</f>
				</c>
			</c>
			<c>
				<c>
					<f>33</f>
				</c>
			</c>
			<c>
				<c>
					<f>33</f>
				</c>
			</c>
			<c>
				<c>
					<f>33</f>
				</c>
			</c>
			<c>
				<c>
					<f>33</f>
				</c>
			</c>
			<c>
				<c>
					<f>33</f>
				</c>
			</c>
			<c>
				<c>
					<f>33</f>
				</c>
			</c>
			<c>
				<c>
					<f>33</f>
				</c>
			</c>
			<c>
				<c>
					<f>33</f>
				</c>
			</c>
			<c>
				<c>
					<f>33</f>
				</c>
			</c>
			<c>
				<c>
					<f>33</f>
				</c>
			</c>
			<c>
				<c>
					<f>33</f>
				</c>
			</c>
			<c>
				<c>
					<f>34</f>
					<tl>
						<v8:item>
							<v8:lang>ru</v8:lang>
							<v8:content>Код
строки</v8:content>
						</v8:item>
					</tl>
				</c>
			</c>
			<c>
				<c>
					<f>33</f>
				</c>
			</c>
			<c>
				<c>
					<f>33</f>
				</c>
			</c>
			<c>
				<c>
					<f>35</f>
					<tl>
						<v8:item>
							<v8:lang>ru</v8:lang>
							<v8:content>По итогам 9-ти месяцев года, предшествующего текущему расчетному периоду * / по итогам текущего отчетного (расчетного) периода **</v8:content>
						</v8:item>
					</tl>
				</c>
			</c>
		</row>
	</rowsItem>
	<rowsItem>
		<index>26</index>
		<row>
			<c>
				<i>1</i>
				<c>
					<f>33</f>
				</c>
			</c>
			<c>
				<c>
					<f>33</f>
				</c>
			</c>
			<c>
				<c>
					<f>33</f>
				</c>
			</c>
			<c>
				<c>
					<f>33</f>
				</c>
			</c>
			<c>
				<c>
					<f>33</f>
				</c>
			</c>
			<c>
				<c>
					<f>33</f>
				</c>
			</c>
			<c>
				<c>
					<f>33</f>
				</c>
			</c>
			<c>
				<c>
					<f>33</f>
				</c>
			</c>
			<c>
				<c>
					<f>33</f>
				</c>
			</c>
			<c>
				<c>
					<f>33</f>
				</c>
			</c>
			<c>
				<c>
					<f>33</f>
				</c>
			</c>
			<c>
				<c>
					<f>33</f>
				</c>
			</c>
			<c>
				<c>
					<f>33</f>
				</c>
			</c>
			<c>
				<c>
					<f>33</f>
				</c>
			</c>
			<c>
				<c>
					<f>33</f>
				</c>
			</c>
			<c>
				<c>
					<f>33</f>
				</c>
			</c>
			<c>
				<c>
					<f>33</f>
				</c>
			</c>
			<c>
				<c>
					<f>33</f>
				</c>
			</c>
			<c>
				<c>
					<f>33</f>
				</c>
			</c>
			<c>
				<c>
					<f>33</f>
				</c>
			</c>
		</row>
	</rowsItem>
	<rowsItem>
		<index>27</index>
		<row>
			<c>
				<i>1</i>
				<c>
					<f>36</f>
					<tl>
						<v8:item>
							<v8:lang>ru</v8:lang>
							<v8:content>1</v8:content>
						</v8:item>
					</tl>
				</c>
			</c>
			<c>
				<c>
					<f>33</f>
				</c>
			</c>
			<c>
				<c>
					<f>33</f>
				</c>
			</c>
			<c>
				<c>
					<f>33</f>
				</c>
			</c>
			<c>
				<c>
					<f>33</f>
				</c>
			</c>
			<c>
				<c>
					<f>33</f>
				</c>
			</c>
			<c>
				<c>
					<f>33</f>
				</c>
			</c>
			<c>
				<c>
					<f>33</f>
				</c>
			</c>
			<c>
				<c>
					<f>33</f>
				</c>
			</c>
			<c>
				<c>
					<f>33</f>
				</c>
			</c>
			<c>
				<c>
					<f>33</f>
				</c>
			</c>
			<c>
				<c>
					<f>33</f>
				</c>
			</c>
			<c>
				<c>
					<f>33</f>
				</c>
			</c>
			<c>
				<c>
					<f>33</f>
				</c>
			</c>
			<c>
				<c>
					<f>33</f>
				</c>
			</c>
			<c>
				<c>
					<f>33</f>
				</c>
			</c>
			<c>
				<c>
					<f>33</f>
				</c>
			</c>
			<c>
				<c>
					<f>36</f>
					<tl>
						<v8:item>
							<v8:lang>ru</v8:lang>
							<v8:content>2</v8:content>
						</v8:item>
					</tl>
				</c>
			</c>
			<c>
				<c>
					<f>33</f>
				</c>
			</c>
			<c>
				<c>
					<f>33</f>
				</c>
			</c>
			<c>
				<c>
					<f>37</f>
					<tl>
						<v8:item>
							<v8:lang>ru</v8:lang>
							<v8:content>3</v8:content>
						</v8:item>
					</tl>
				</c>
			</c>
		</row>
	</rowsItem>
	<rowsItem>
		<index>28</index>
		<row>
			<c>
				<i>1</i>
				<c>
					<f>38</f>
					<tl>
						<v8:item>
							<v8:lang>ru</v8:lang>
							<v8:content>Сумма доходов, определяемая в соответствии со ст. 248 Налогового кодекса Российской Федерации, всего</v8:content>
						</v8:item>
					</tl>
				</c>
			</c>
			<c>
				<c>
					<f>2</f>
				</c>
			</c>
			<c>
				<c>
					<f>2</f>
				</c>
			</c>
			<c>
				<c>
					<f>2</f>
				</c>
			</c>
			<c>
				<c>
					<f>2</f>
				</c>
			</c>
			<c>
				<c>
					<f>2</f>
				</c>
			</c>
			<c>
				<c>
					<f>2</f>
				</c>
			</c>
			<c>
				<c>
					<f>2</f>
				</c>
			</c>
			<c>
				<c>
					<f>2</f>
				</c>
			</c>
			<c>
				<c>
					<f>2</f>
				</c>
			</c>
			<c>
				<c>
					<f>2</f>
				</c>
			</c>
			<c>
				<c>
					<f>2</f>
				</c>
			</c>
			<c>
				<c>
					<f>2</f>
				</c>
			</c>
			<c>
				<c>
					<f>2</f>
				</c>
			</c>
			<c>
				<c>
					<f>2</f>
				</c>
			</c>
			<c>
				<c>
					<f>2</f>
				</c>
			</c>
			<c>
				<c>
					<f>2</f>
				</c>
			</c>
			<c>
				<c>
					<f>39</f>
					<tl>
						<v8:item>
							<v8:lang>ru</v8:lang>
							<v8:content>430</v8:content>
						</v8:item>
					</tl>
				</c>
			</c>
			<c>
				<c>
					<f>2</f>
				</c>
			</c>
			<c>
				<c>
					<f>2</f>
				</c>
			</c>
			<c>
				<c>
					<f>25</f>
					<parameter>Значение430</parameter>
				</c>
			</c>
		</row>
	</rowsItem>
	<rowsItem>
		<index>29</index>
		<row>
			<c>
				<i>1</i>
				<c>
					<f>40</f>
					<tl>
						<v8:item>
							<v8:lang>ru</v8:lang>
							<v8:content>    из них:
сумма доходов, определяемая в целях применения
п. 2 ч. 2.1 или п. 2 ч. 2.2 ст. 57 Федерального закона
от 24 июля 2009 г. № 212-ФЗ</v8:content>
						</v8:item>
					</tl>
				</c>
			</c>
			<c>
				<c>
					<f>2</f>
				</c>
			</c>
			<c>
				<c>
					<f>2</f>
				</c>
			</c>
			<c>
				<c>
					<f>2</f>
				</c>
			</c>
			<c>
				<c>
					<f>2</f>
				</c>
			</c>
			<c>
				<c>
					<f>2</f>
				</c>
			</c>
			<c>
				<c>
					<f>2</f>
				</c>
			</c>
			<c>
				<c>
					<f>2</f>
				</c>
			</c>
			<c>
				<c>
					<f>2</f>
				</c>
			</c>
			<c>
				<c>
					<f>2</f>
				</c>
			</c>
			<c>
				<c>
					<f>2</f>
				</c>
			</c>
			<c>
				<c>
					<f>2</f>
				</c>
			</c>
			<c>
				<c>
					<f>2</f>
				</c>
			</c>
			<c>
				<c>
					<f>2</f>
				</c>
			</c>
			<c>
				<c>
					<f>2</f>
				</c>
			</c>
			<c>
				<c>
					<f>2</f>
				</c>
			</c>
			<c>
				<c>
					<f>2</f>
				</c>
			</c>
			<c>
				<c>
					<f>39</f>
					<tl>
						<v8:item>
							<v8:lang>ru</v8:lang>
							<v8:content>431</v8:content>
						</v8:item>
					</tl>
				</c>
			</c>
			<c>
				<c>
					<f>2</f>
				</c>
			</c>
			<c>
				<c>
					<f>2</f>
				</c>
			</c>
			<c>
				<c>
					<f>25</f>
					<parameter>Значение431</parameter>
				</c>
			</c>
			<c>
				<c>
					<f>2</f>
				</c>
			</c>
			<c>
				<c>
					<f>2</f>
				</c>
			</c>
			<c>
				<c>
					<f>2</f>
				</c>
			</c>
			<c>
				<c>
					<f>2</f>
				</c>
			</c>
			<c>
				<c>
					<f>2</f>
				</c>
			</c>
			<c>
				<c>
					<f>2</f>
				</c>
			</c>
			<c>
				<c>
					<f>2</f>
				</c>
			</c>
			<c>
				<c>
					<f>2</f>
				</c>
			</c>
			<c>
				<c>
					<f>2</f>
				</c>
			</c>
			<c>
				<c>
					<f>2</f>
				</c>
			</c>
			<c>
				<c>
					<f>2</f>
				</c>
			</c>
			<c>
				<c>
					<f>2</f>
				</c>
			</c>
			<c>
				<c>
					<f>2</f>
				</c>
			</c>
			<c>
				<c>
					<f>2</f>
				</c>
			</c>
			<c>
				<c>
					<f>2</f>
				</c>
			</c>
		</row>
	</rowsItem>
	<rowsItem>
		<index>30</index>
		<row>
			<c>
				<i>1</i>
				<c>
					<f>38</f>
					<tl>
						<v8:item>
							<v8:lang>ru</v8:lang>
							<v8:content>доля доходов, определяемая в целях применения п. 2 ч. 2.1 или п. 2 ч. 2.2 ст. 57 Федерального закона от 24 июля 2009 г. № 212-ФЗ
(стр. 431 / стр. 430) х 100 (%)</v8:content>
						</v8:item>
					</tl>
				</c>
			</c>
			<c>
				<c>
					<f>2</f>
				</c>
			</c>
			<c>
				<c>
					<f>2</f>
				</c>
			</c>
			<c>
				<c>
					<f>2</f>
				</c>
			</c>
			<c>
				<c>
					<f>2</f>
				</c>
			</c>
			<c>
				<c>
					<f>2</f>
				</c>
			</c>
			<c>
				<c>
					<f>2</f>
				</c>
			</c>
			<c>
				<c>
					<f>2</f>
				</c>
			</c>
			<c>
				<c>
					<f>2</f>
				</c>
			</c>
			<c>
				<c>
					<f>2</f>
				</c>
			</c>
			<c>
				<c>
					<f>2</f>
				</c>
			</c>
			<c>
				<c>
					<f>2</f>
				</c>
			</c>
			<c>
				<c>
					<f>2</f>
				</c>
			</c>
			<c>
				<c>
					<f>2</f>
				</c>
			</c>
			<c>
				<c>
					<f>2</f>
				</c>
			</c>
			<c>
				<c>
					<f>2</f>
				</c>
			</c>
			<c>
				<c>
					<f>2</f>
				</c>
			</c>
			<c>
				<c>
					<f>39</f>
					<tl>
						<v8:item>
							<v8:lang>ru</v8:lang>
							<v8:content>432</v8:content>
						</v8:item>
					</tl>
				</c>
			</c>
			<c>
				<c>
					<f>2</f>
				</c>
			</c>
			<c>
				<c>
					<f>2</f>
				</c>
			</c>
			<c>
				<c>
					<f>29</f>
					<parameter>Значение432</parameter>
				</c>
			</c>
			<c>
				<c>
					<f>2</f>
				</c>
			</c>
			<c>
				<c>
					<f>2</f>
				</c>
			</c>
			<c>
				<c>
					<f>2</f>
				</c>
			</c>
			<c>
				<c>
					<f>2</f>
				</c>
			</c>
			<c>
				<c>
					<f>2</f>
				</c>
			</c>
			<c>
				<c>
					<f>2</f>
				</c>
			</c>
			<c>
				<c>
					<f>2</f>
				</c>
			</c>
			<c>
				<c>
					<f>2</f>
				</c>
			</c>
			<c>
				<c>
					<f>2</f>
				</c>
			</c>
			<c>
				<c>
					<f>2</f>
				</c>
			</c>
			<c>
				<c>
					<f>2</f>
				</c>
			</c>
			<c>
				<c>
					<f>2</f>
				</c>
			</c>
			<c>
				<c>
					<f>2</f>
				</c>
			</c>
			<c>
				<c>
					<f>2</f>
				</c>
			</c>
			<c>
				<c>
					<f>2</f>
				</c>
			</c>
			<c>
				<c>
					<f>41</f>
					<tl/>
				</c>
			</c>
		</row>
	</rowsItem>
	<rowsItem>
		<index>31</index>
		<row>
			<c>
				<i>1</i>
				<c>
					<f>38</f>
					<tl>
						<v8:item>
							<v8:lang>ru</v8:lang>
							<v8:content>Средняя численность работников */среднесписочная численность работников ** (чел.)</v8:content>
						</v8:item>
					</tl>
				</c>
			</c>
			<c>
				<c>
					<f>2</f>
				</c>
			</c>
			<c>
				<c>
					<f>2</f>
				</c>
			</c>
			<c>
				<c>
					<f>2</f>
				</c>
			</c>
			<c>
				<c>
					<f>2</f>
				</c>
			</c>
			<c>
				<c>
					<f>2</f>
				</c>
			</c>
			<c>
				<c>
					<f>2</f>
				</c>
			</c>
			<c>
				<c>
					<f>2</f>
				</c>
			</c>
			<c>
				<c>
					<f>2</f>
				</c>
			</c>
			<c>
				<c>
					<f>2</f>
				</c>
			</c>
			<c>
				<c>
					<f>2</f>
				</c>
			</c>
			<c>
				<c>
					<f>2</f>
				</c>
			</c>
			<c>
				<c>
					<f>2</f>
				</c>
			</c>
			<c>
				<c>
					<f>2</f>
				</c>
			</c>
			<c>
				<c>
					<f>2</f>
				</c>
			</c>
			<c>
				<c>
					<f>2</f>
				</c>
			</c>
			<c>
				<c>
					<f>2</f>
				</c>
			</c>
			<c>
				<c>
					<f>39</f>
					<tl>
						<v8:item>
							<v8:lang>ru</v8:lang>
							<v8:content>433</v8:content>
						</v8:item>
					</tl>
				</c>
			</c>
			<c>
				<c>
					<f>2</f>
				</c>
			</c>
			<c>
				<c>
					<f>2</f>
				</c>
			</c>
			<c>
				<c>
					<f>25</f>
					<parameter>Значение433</parameter>
				</c>
			</c>
			<c>
				<c>
					<f>2</f>
				</c>
			</c>
			<c>
				<c>
					<f>2</f>
				</c>
			</c>
			<c>
				<c>
					<f>2</f>
				</c>
			</c>
			<c>
				<c>
					<f>2</f>
				</c>
			</c>
			<c>
				<c>
					<f>2</f>
				</c>
			</c>
			<c>
				<c>
					<f>2</f>
				</c>
			</c>
			<c>
				<c>
					<f>2</f>
				</c>
			</c>
			<c>
				<c>
					<f>2</f>
				</c>
			</c>
			<c>
				<c>
					<f>2</f>
				</c>
			</c>
			<c>
				<c>
					<f>2</f>
				</c>
			</c>
			<c>
				<c>
					<f>2</f>
				</c>
			</c>
			<c>
				<c>
					<f>2</f>
				</c>
			</c>
			<c>
				<c>
					<f>2</f>
				</c>
			</c>
			<c>
				<c>
					<f>2</f>
				</c>
			</c>
			<c>
				<c>
					<f>2</f>
				</c>
			</c>
		</row>
	</rowsItem>
	<rowsItem>
		<index>32</index>
		<row>
			<c>
				<i>1</i>
				<c>
					<f>40</f>
					<tl/>
				</c>
			</c>
			<c>
				<c>
					<f>2</f>
				</c>
			</c>
			<c>
				<c>
					<f>2</f>
				</c>
			</c>
			<c>
				<c>
					<f>2</f>
				</c>
			</c>
			<c>
				<c>
					<f>2</f>
				</c>
			</c>
			<c>
				<c>
					<f>2</f>
				</c>
			</c>
			<c>
				<c>
					<f>2</f>
				</c>
			</c>
			<c>
				<c>
					<f>2</f>
				</c>
			</c>
			<c>
				<c>
					<f>2</f>
				</c>
			</c>
			<c>
				<c>
					<f>2</f>
				</c>
			</c>
			<c>
				<c>
					<f>2</f>
				</c>
			</c>
			<c>
				<c>
					<f>2</f>
				</c>
			</c>
			<c>
				<c>
					<f>2</f>
				</c>
			</c>
			<c>
				<c>
					<f>2</f>
				</c>
			</c>
			<c>
				<c>
					<f>2</f>
				</c>
			</c>
			<c>
				<c>
					<f>2</f>
				</c>
			</c>
			<c>
				<c>
					<f>2</f>
				</c>
			</c>
			<c>
				<c>
					<f>39</f>
					<tl/>
				</c>
			</c>
			<c>
				<c>
					<f>2</f>
				</c>
			</c>
			<c>
				<c>
					<f>2</f>
				</c>
			</c>
			<c>
				<c>
					<f>42</f>
					<tl>
						<v8:item>
							<v8:lang>ru</v8:lang>
							<v8:content>Дата записи в реестре аккредитованных организаций</v8:content>
						</v8:item>
					</tl>
				</c>
			</c>
			<c>
				<c>
					<f>2</f>
				</c>
			</c>
			<c>
				<c>
					<f>2</f>
				</c>
			</c>
			<c>
				<c>
					<f>2</f>
				</c>
			</c>
			<c>
				<c>
					<f>2</f>
				</c>
			</c>
			<c>
				<c>
					<f>2</f>
				</c>
			</c>
			<c>
				<c>
					<f>2</f>
				</c>
			</c>
			<c>
				<c>
					<f>2</f>
				</c>
			</c>
			<c>
				<c>
					<f>42</f>
					<tl>
						<v8:item>
							<v8:lang>ru</v8:lang>
							<v8:content>№ записи в реестре аккредитованных организаций</v8:content>
						</v8:item>
					</tl>
				</c>
			</c>
			<c>
				<c>
					<f>2</f>
				</c>
			</c>
			<c>
				<c>
					<f>2</f>
				</c>
			</c>
			<c>
				<c>
					<f>2</f>
				</c>
			</c>
			<c>
				<c>
					<f>2</f>
				</c>
			</c>
			<c>
				<c>
					<f>2</f>
				</c>
			</c>
			<c>
				<c>
					<f>2</f>
				</c>
			</c>
			<c>
				<c>
					<f>2</f>
				</c>
			</c>
		</row>
	</rowsItem>
	<rowsItem>
		<index>33</index>
		<row>
			<c>
				<i>1</i>
				<c>
					<f>38</f>
					<tl>
						<v8:item>
							<v8:lang>ru</v8:lang>
							<v8:content>Сведения о выписке из реестра аккредитованных организаций, осуществляющих деятельность в области информационных технологий ***</v8:content>
						</v8:item>
					</tl>
				</c>
			</c>
			<c>
				<c>
					<f>2</f>
				</c>
			</c>
			<c>
				<c>
					<f>2</f>
				</c>
			</c>
			<c>
				<c>
					<f>2</f>
				</c>
			</c>
			<c>
				<c>
					<f>2</f>
				</c>
			</c>
			<c>
				<c>
					<f>2</f>
				</c>
			</c>
			<c>
				<c>
					<f>2</f>
				</c>
			</c>
			<c>
				<c>
					<f>2</f>
				</c>
			</c>
			<c>
				<c>
					<f>2</f>
				</c>
			</c>
			<c>
				<c>
					<f>2</f>
				</c>
			</c>
			<c>
				<c>
					<f>2</f>
				</c>
			</c>
			<c>
				<c>
					<f>2</f>
				</c>
			</c>
			<c>
				<c>
					<f>2</f>
				</c>
			</c>
			<c>
				<c>
					<f>2</f>
				</c>
			</c>
			<c>
				<c>
					<f>2</f>
				</c>
			</c>
			<c>
				<c>
					<f>2</f>
				</c>
			</c>
			<c>
				<c>
					<f>2</f>
				</c>
			</c>
			<c>
				<c>
					<f>39</f>
					<tl>
						<v8:item>
							<v8:lang>ru</v8:lang>
							<v8:content>434</v8:content>
						</v8:item>
					</tl>
				</c>
			</c>
			<c>
				<c>
					<f>2</f>
				</c>
			</c>
			<c>
				<c>
					<f>2</f>
				</c>
			</c>
			<c>
				<c>
					<f>43</f>
					<parameter>ДатаЗаписиВРеестре</parameter>
				</c>
			</c>
			<c>
				<i>29</i>
				<c>
					<f>44</f>
					<parameter>НомерЗаписиВРеестре</parameter>
				</c>
			</c>
			<c>
				<c>
					<f>2</f>
				</c>
			</c>
			<c>
				<c>
					<f>2</f>
				</c>
			</c>
			<c>
				<c>
					<f>2</f>
				</c>
			</c>
			<c>
				<c>
					<f>2</f>
				</c>
			</c>
			<c>
				<c>
					<f>2</f>
				</c>
			</c>
			<c>
				<c>
					<f>2</f>
				</c>
			</c>
			<c>
				<c>
					<f>2</f>
				</c>
			</c>
		</row>
	</rowsItem>
	<rowsItem>
		<index>36</index>
		<row>
			<c>
				<i>1</i>
				<c>
					<f>45</f>
					<tl>
						<v8:item>
							<v8:lang>ru</v8:lang>
							<v8:content>*</v8:content>
						</v8:item>
					</tl>
				</c>
			</c>
			<c>
				<c>
					<f>46</f>
					<tl>
						<v8:item>
							<v8:lang>ru</v8:lang>
							<v8:content>Представляется за расчетный период 2010 года организациями, соответствующими требованиям части 2.1 статьи 57 Федерального закона от 24 июля 2009 г. № 212-ФЗ.</v8:content>
						</v8:item>
					</tl>
				</c>
			</c>
		</row>
	</rowsItem>
	<rowsItem>
		<index>37</index>
		<row>
			<c>
				<i>1</i>
				<c>
					<f>45</f>
					<tl>
						<v8:item>
							<v8:lang>ru</v8:lang>
							<v8:content>**</v8:content>
						</v8:item>
					</tl>
				</c>
			</c>
			<c>
				<c>
					<f>46</f>
					<tl>
						<v8:item>
							<v8:lang>ru</v8:lang>
							<v8:content>Представляется за расчетный период 2010 года организациями, соответствующими требованиям части 2.2 статьи 57 Федерального закона 24 июля 2009 г. № 212-ФЗ.</v8:content>
						</v8:item>
					</tl>
				</c>
			</c>
		</row>
	</rowsItem>
	<rowsItem>
		<index>38</index>
		<row>
			<c>
				<i>1</i>
				<c>
					<f>45</f>
					<tl>
						<v8:item>
							<v8:lang>ru</v8:lang>
							<v8:content>***</v8:content>
						</v8:item>
					</tl>
				</c>
			</c>
			<c>
				<c>
					<f>46</f>
					<tl>
						<v8:item>
							<v8:lang>ru</v8:lang>
							<v8:content>В соответствии с пунктом 9 Положения о государственной аккредитации организаций, осуществляющих деятельность в области информационных технологий, утвержденного Постановлением Правительства Российской Федерации от 6 ноября 2007 г. № 758 (Собрание законодательства Российской Федерации, 2007, № 46, ст. 5597).</v8:content>
						</v8:item>
					</tl>
				</c>
			</c>
		</row>
	</rowsItem>
	<rowsItem>
		<index>46</index>
		<row>
			<formatIndex>47</formatIndex>
			<empty>true</empty>
		</row>
	</rowsItem>
	<rowsItem>
		<index>47</index>
		<row>
			<formatIndex>12</formatIndex>
			<c>
				<i>1</i>
				<c>
					<f>48</f>
					<tl>
						<v8:item>
							<v8:lang>ru</v8:lang>
							<v8:content>Достоверность и полноту сведений, указанных на данной странице, подтверждаю </v8:content>
						</v8:item>
					</tl>
				</c>
			</c>
		</row>
	</rowsItem>
	<rowsItem>
		<index>48</index>
		<row>
			<formatIndex>3</formatIndex>
			<empty>true</empty>
		</row>
	</rowsItem>
	<rowsItem>
		<index>49</index>
		<row>
			<formatIndex>12</formatIndex>
			<c>
				<i>8</i>
				<c>
					<f>49</f>
				</c>
			</c>
			<c>
				<i>21</i>
				<c>
					<f>50</f>
					<parameter>ДатаЗаполнения</parameter>
				</c>
			</c>
			<c>
				<c>
					<f>33</f>
				</c>
			</c>
			<c>
				<c>
					<f>33</f>
				</c>
			</c>
			<c>
				<c>
					<f>33</f>
				</c>
			</c>
			<c>
				<c>
					<f>33</f>
				</c>
			</c>
			<c>
				<c>
					<f>33</f>
				</c>
			</c>
			<c>
				<c>
					<f>33</f>
				</c>
			</c>
			<c>
				<c>
					<f>33</f>
				</c>
			</c>
			<c>
				<c>
					<f>33</f>
				</c>
			</c>
		</row>
	</rowsItem>
	<rowsItem>
		<index>50</index>
		<row>
			<formatIndex>12</formatIndex>
			<c>
				<i>8</i>
				<c>
					<f>51</f>
					<tl>
						<v8:item>
							<v8:lang>ru</v8:lang>
							<v8:content>(подпись)</v8:content>
						</v8:item>
					</tl>
				</c>
			</c>
			<c>
				<i>21</i>
				<c>
					<f>51</f>
					<tl>
						<v8:item>
							<v8:lang>ru</v8:lang>
							<v8:content>(дата)</v8:content>
						</v8:item>
					</tl>
				</c>
			</c>
			<c>
				<i>30</i>
				<c>
					<f>51</f>
				</c>
			</c>
			<c>
				<c>
					<f>51</f>
				</c>
			</c>
		</row>
	</rowsItem>
	<rowsItem>
		<index>51</index>
		<row>
			<formatIndex>12</formatIndex>
			<c>
				<i>1</i>
				<c>
					<f>49</f>
				</c>
			</c>
			<c>
				<c>
					<f>49</f>
				</c>
			</c>
			<c>
				<c>
					<f>49</f>
				</c>
			</c>
			<c>
				<c>
					<f>49</f>
				</c>
			</c>
			<c>
				<c>
					<f>49</f>
				</c>
			</c>
			<c>
				<c>
					<f>49</f>
				</c>
			</c>
			<c>
				<c>
					<f>49</f>
				</c>
			</c>
		</row>
	</rowsItem>
	<rowsItem>
		<index>52</index>
		<row>
			<formatIndex>21</formatIndex>
			<c>
				<i>1</i>
				<c>
					<f>52</f>
					<tl>
						<v8:item>
							<v8:lang>ru</v8:lang>
							<v8:content>* Представляется общественными организациями инвалидов  и организациями, уставный капитал которых полностью состоит из вкладов общественных организаций инвалидов</v8:content>
						</v8:item>
					</tl>
				</c>
			</c>
		</row>
	</rowsItem>
	<leftHeader>
		<f>21</f>
	</leftHeader>
	<centerHeader>
		<f>41</f>
	</centerHeader>
	<rightHeader>
		<f>41</f>
	</rightHeader>
	<leftFooter>
		<f>21</f>
	</leftFooter>
	<centerFooter>
		<f>41</f>
	</centerFooter>
	<rightFooter>
		<f>41</f>
	</rightFooter>
	<templateMode>true</templateMode>
	<defaultFormatIndex>41</defaultFormatIndex>
	<height>53</height>
	<vgRows>53</vgRows>
	<merge>
		<r>3</r>
		<c>1</c>
		<w>35</w>
	</merge>
	<merge>
		<r>5</r>
		<c>1</c>
		<w>35</w>
	</merge>
	<merge>
		<r>7</r>
		<c>1</c>
		<h>1</h>
		<w>16</w>
	</merge>
	<merge>
		<r>7</r>
		<c>18</c>
		<h>1</h>
		<w>2</w>
	</merge>
	<merge>
		<r>7</r>
		<c>21</c>
		<h>1</h>
		<w>3</w>
	</merge>
	<merge>
		<r>7</r>
		<c>25</c>
		<w>11</w>
	</merge>
	<merge>
		<r>8</r>
		<c>25</c>
		<w>3</w>
	</merge>
	<merge>
		<r>8</r>
		<c>29</c>
		<w>3</w>
	</merge>
	<merge>
		<r>8</r>
		<c>33</c>
		<w>3</w>
	</merge>
	<merge>
		<r>9</r>
		<c>1</c>
		<w>16</w>
	</merge>
	<merge>
		<r>9</r>
		<c>18</c>
		<w>2</w>
	</merge>
	<merge>
		<r>9</r>
		<c>21</c>
		<w>3</w>
	</merge>
	<merge>
		<r>9</r>
		<c>25</c>
		<w>3</w>
	</merge>
	<merge>
		<r>9</r>
		<c>29</c>
		<w>3</w>
	</merge>
	<merge>
		<r>9</r>
		<c>33</c>
		<w>3</w>
	</merge>
	<merge>
		<r>10</r>
		<c>1</c>
		<w>35</w>
	</merge>
	<merge>
		<r>11</r>
		<c>1</c>
		<w>16</w>
	</merge>
	<merge>
		<r>11</r>
		<c>18</c>
		<w>2</w>
	</merge>
	<merge>
		<r>11</r>
		<c>21</c>
		<w>3</w>
	</merge>
	<merge>
		<r>11</r>
		<c>25</c>
		<w>3</w>
	</merge>
	<merge>
		<r>11</r>
		<c>29</c>
		<w>3</w>
	</merge>
	<merge>
		<r>11</r>
		<c>33</c>
		<w>3</w>
	</merge>
	<merge>
		<r>12</r>
		<c>2</c>
		<w>15</w>
	</merge>
	<merge>
		<r>12</r>
		<c>18</c>
		<w>2</w>
	</merge>
	<merge>
		<r>12</r>
		<c>21</c>
		<w>3</w>
	</merge>
	<merge>
		<r>12</r>
		<c>25</c>
		<w>3</w>
	</merge>
	<merge>
		<r>12</r>
		<c>29</c>
		<w>3</w>
	</merge>
	<merge>
		<r>12</r>
		<c>33</c>
		<w>3</w>
	</merge>
	<merge>
		<r>13</r>
		<c>1</c>
		<w>16</w>
	</merge>
	<merge>
		<r>13</r>
		<c>18</c>
		<w>2</w>
	</merge>
	<merge>
		<r>13</r>
		<c>21</c>
		<w>3</w>
	</merge>
	<merge>
		<r>13</r>
		<c>25</c>
		<w>3</w>
	</merge>
	<merge>
		<r>13</r>
		<c>29</c>
		<w>3</w>
	</merge>
	<merge>
		<r>13</r>
		<c>33</c>
		<w>3</w>
	</merge>
	<merge>
		<r>14</r>
		<c>1</c>
		<w>35</w>
	</merge>
	<merge>
		<r>15</r>
		<c>1</c>
		<w>16</w>
	</merge>
	<merge>
		<r>15</r>
		<c>18</c>
		<w>2</w>
	</merge>
	<merge>
		<r>15</r>
		<c>21</c>
		<w>3</w>
	</merge>
	<merge>
		<r>15</r>
		<c>25</c>
		<w>3</w>
	</merge>
	<merge>
		<r>15</r>
		<c>29</c>
		<w>3</w>
	</merge>
	<merge>
		<r>15</r>
		<c>33</c>
		<w>3</w>
	</merge>
	<merge>
		<r>16</r>
		<c>2</c>
		<w>15</w>
	</merge>
	<merge>
		<r>16</r>
		<c>18</c>
		<w>2</w>
	</merge>
	<merge>
		<r>16</r>
		<c>21</c>
		<w>3</w>
	</merge>
	<merge>
		<r>16</r>
		<c>25</c>
		<w>3</w>
	</merge>
	<merge>
		<r>16</r>
		<c>29</c>
		<w>3</w>
	</merge>
	<merge>
		<r>16</r>
		<c>33</c>
		<w>3</w>
	</merge>
	<merge>
		<r>17</r>
		<c>1</c>
		<w>16</w>
	</merge>
	<merge>
		<r>17</r>
		<c>18</c>
		<w>2</w>
	</merge>
	<merge>
		<r>17</r>
		<c>21</c>
		<w>3</w>
	</merge>
	<merge>
		<r>17</r>
		<c>25</c>
		<w>3</w>
	</merge>
	<merge>
		<r>17</r>
		<c>29</c>
		<w>3</w>
	</merge>
	<merge>
		<r>17</r>
		<c>33</c>
		<w>3</w>
	</merge>
	<merge>
		<r>18</r>
		<c>1</c>
		<w>16</w>
	</merge>
	<merge>
		<r>18</r>
		<c>18</c>
		<w>2</w>
	</merge>
	<merge>
		<r>18</r>
		<c>21</c>
		<w>3</w>
	</merge>
	<merge>
		<r>18</r>
		<c>25</c>
		<w>3</w>
	</merge>
	<merge>
		<r>18</r>
		<c>29</c>
		<w>3</w>
	</merge>
	<merge>
		<r>18</r>
		<c>33</c>
		<w>3</w>
	</merge>
	<merge>
		<r>19</r>
		<c>2</c>
		<w>15</w>
	</merge>
	<merge>
		<r>19</r>
		<c>18</c>
		<w>2</w>
	</merge>
	<merge>
		<r>19</r>
		<c>21</c>
		<w>3</w>
	</merge>
	<merge>
		<r>19</r>
		<c>25</c>
		<w>3</w>
	</merge>
	<merge>
		<r>19</r>
		<c>29</c>
		<w>3</w>
	</merge>
	<merge>
		<r>19</r>
		<c>33</c>
		<w>3</w>
	</merge>
	<merge>
		<r>20</r>
		<c>1</c>
		<w>16</w>
	</merge>
	<merge>
		<r>20</r>
		<c>18</c>
		<w>2</w>
	</merge>
	<merge>
		<r>20</r>
		<c>21</c>
		<w>3</w>
	</merge>
	<merge>
		<r>20</r>
		<c>25</c>
		<w>3</w>
	</merge>
	<merge>
		<r>20</r>
		<c>29</c>
		<w>3</w>
	</merge>
	<merge>
		<r>20</r>
		<c>33</c>
		<w>3</w>
	</merge>
	<merge>
		<r>23</r>
		<c>1</c>
		<w>35</w>
	</merge>
	<merge>
		<r>25</r>
		<c>1</c>
		<h>1</h>
		<w>16</w>
	</merge>
	<merge>
		<r>25</r>
		<c>18</c>
		<h>1</h>
		<w>2</w>
	</merge>
	<merge>
		<r>25</r>
		<c>21</c>
		<h>1</h>
		<w>15</w>
	</merge>
	<merge>
		<r>27</r>
		<c>1</c>
		<w>16</w>
	</merge>
	<merge>
		<r>27</r>
		<c>18</c>
		<w>2</w>
	</merge>
	<merge>
		<r>27</r>
		<c>21</c>
		<w>15</w>
	</merge>
	<merge>
		<r>28</r>
		<c>1</c>
		<w>16</w>
	</merge>
	<merge>
		<r>28</r>
		<c>18</c>
		<w>2</w>
	</merge>
	<merge>
		<r>28</r>
		<c>21</c>
		<w>15</w>
	</merge>
	<merge>
		<r>29</r>
		<c>1</c>
		<w>16</w>
	</merge>
	<merge>
		<r>29</r>
		<c>18</c>
		<w>2</w>
	</merge>
	<merge>
		<r>29</r>
		<c>21</c>
		<w>15</w>
	</merge>
	<merge>
		<r>30</r>
		<c>1</c>
		<w>16</w>
	</merge>
	<merge>
		<r>30</r>
		<c>18</c>
		<w>2</w>
	</merge>
	<merge>
		<r>30</r>
		<c>21</c>
		<w>15</w>
	</merge>
	<merge>
		<r>31</r>
		<c>1</c>
		<w>16</w>
	</merge>
	<merge>
		<r>31</r>
		<c>18</c>
		<w>2</w>
	</merge>
	<merge>
		<r>31</r>
		<c>21</c>
		<w>15</w>
	</merge>
	<merge>
		<r>32</r>
		<c>1</c>
		<w>16</w>
	</merge>
	<merge>
		<r>32</r>
		<c>18</c>
		<w>2</w>
	</merge>
	<merge>
		<r>32</r>
		<c>21</c>
		<w>7</w>
	</merge>
	<merge>
		<r>32</r>
		<c>29</c>
		<w>7</w>
	</merge>
	<merge>
		<r>33</r>
		<c>1</c>
		<w>16</w>
	</merge>
	<merge>
		<r>33</r>
		<c>18</c>
		<w>2</w>
	</merge>
	<merge>
		<r>33</r>
		<c>21</c>
		<w>7</w>
	</merge>
	<merge>
		<r>33</r>
		<c>29</c>
		<w>7</w>
	</merge>
	<merge>
		<r>36</r>
		<c>2</c>
		<w>34</w>
	</merge>
	<merge>
		<r>37</r>
		<c>2</c>
		<w>34</w>
	</merge>
	<merge>
		<r>38</r>
		<c>2</c>
		<w>34</w>
	</merge>
	<merge>
		<r>47</r>
		<c>1</c>
		<w>35</w>
	</merge>
	<merge>
		<r>49</r>
		<c>8</c>
		<w>10</w>
	</merge>
	<merge>
		<r>49</r>
		<c>21</c>
		<w>8</w>
	</merge>
	<merge>
		<r>50</r>
		<c>8</c>
		<w>10</w>
	</merge>
	<merge>
		<r>50</r>
		<c>21</c>
		<w>8</w>
	</merge>
	<merge>
		<r>52</r>
		<c>1</c>
		<w>35</w>
	</merge>
	<namedItem xsi:type="NamedItemCells">
		<name>Основная1</name>
		<area>
			<type>Rows</type>
			<beginRow>0</beginRow>
			<endRow>45</endRow>
			<beginColumn>-1</beginColumn>
			<endColumn>-1</endColumn>
		</area>
	</namedItem>
	<namedItem xsi:type="NamedItemCells">
		<name>Подвал1</name>
		<area>
			<type>Rows</type>
			<beginRow>47</beginRow>
			<endRow>52</endRow>
			<beginColumn>-1</beginColumn>
			<endColumn>-1</endColumn>
		</area>
	</namedItem>
	<namedItem xsi:type="NamedItemCells">
		<name>Строка1</name>
		<area>
			<type>Rows</type>
			<beginRow>46</beginRow>
			<endRow>46</endRow>
			<beginColumn>-1</beginColumn>
			<endColumn>-1</endColumn>
		</area>
	</namedItem>
	<line width="1" gap="false">
		<v8ui:style xsi:type="v8ui:SpreadsheetDocumentCellLineType">ThickDashed</v8ui:style>
	</line>
	<line width="1" gap="false">
		<v8ui:style xsi:type="v8ui:SpreadsheetDocumentCellLineType">Solid</v8ui:style>
	</line>
	<line width="0" gap="false">
		<v8ui:style xsi:type="v8ui:SpreadsheetDocumentCellLineType">None</v8ui:style>
	</line>
	<font faceName="Arial" height="9.8" bold="false" italic="false" underline="false" strikeout="false" kind="Absolute"/>
	<font faceName="Arial" height="9" bold="true" italic="false" underline="false" strikeout="false" kind="Absolute"/>
	<font faceName="Arial" height="9.8" bold="true" italic="false" underline="false" strikeout="false" kind="Absolute"/>
	<font faceName="Arial" height="10" bold="true" italic="false" underline="false" strikeout="false" kind="Absolute"/>
	<font faceName="Arial" height="8" bold="false" italic="false" underline="false" strikeout="false" kind="Absolute"/>
	<font faceName="Arial" height="7" bold="false" italic="false" underline="false" strikeout="false" kind="Absolute"/>
	<font faceName="Arial" height="9" bold="true" italic="false" underline="false" strikeout="false" kind="Absolute"/>
	<font faceName="Arial" height="9" bold="false" italic="false" underline="false" strikeout="false" kind="Absolute"/>
	<font faceName="Arial" height="8" bold="true" italic="false" underline="false" strikeout="false" kind="Absolute"/>
	<font faceName="Arial" height="8.3" bold="false" italic="false" underline="false" strikeout="false" kind="Absolute"/>
	<format>
		<width>8</width>
	</format>
	<format>
		<width>24</width>
	</format>
	<format>
		<height>28</height>
	</format>
	<format>
		<height>60</height>
	</format>
	<format>
		<font>0</font>
		<height>60</height>
		<width>22</width>
		<verticalAlignment>Center</verticalAlignment>
	</format>
	<format>
		<font>0</font>
		<height>60</height>
		<width>24</width>
		<verticalAlignment>Center</verticalAlignment>
	</format>
	<format>
		<height>60</height>
		<width>24</width>
	</format>
	<format>
		<font>1</font>
		<border>0</border>
		<height>60</height>
		<width>24</width>
		<horizontalAlignment>Center</horizontalAlignment>
		<verticalAlignment>Center</verticalAlignment>
		<fillType>Parameter</fillType>
	</format>
	<format>
		<font>2</font>
		<height>60</height>
		<width>24</width>
		<horizontalAlignment>Center</horizontalAlignment>
		<verticalAlignment>Center</verticalAlignment>
	</format>
	<format>
		<horizontalAlignment>Right</horizontalAlignment>
		<verticalAlignment>Center</verticalAlignment>
	</format>
	<format>
		<font>1</font>
		<border>0</border>
		<horizontalAlignment>Center</horizontalAlignment>
		<verticalAlignment>Center</verticalAlignment>
		<fillType>Parameter</fillType>
	</format>
	<format>
		<height>0</height>
	</format>
	<format>
		<font>3</font>
		<horizontalAlignment>Center</horizontalAlignment>
		<verticalAlignment>Center</verticalAlignment>
	</format>
	<format>
		<font>3</font>
		<horizontalAlignment>Center</horizontalAlignment>
		<verticalAlignment>Center</verticalAlignment>
		<textPlacement>Wrap</textPlacement>
	</format>
	<format>
		<font>4</font>
		<border>1</border>
		<horizontalAlignment>Center</horizontalAlignment>
		<verticalAlignment>Center</verticalAlignment>
		<protection>true</protection>
		<bySelectedColumns>true</bySelectedColumns>
	</format>
	<format>
		<font>4</font>
		<border>1</border>
		<horizontalAlignment>Center</horizontalAlignment>
		<verticalAlignment>Center</verticalAlignment>
		<textPlacement>Wrap</textPlacement>
	</format>
	<format>
		<font>5</font>
		<border>1</border>
		<horizontalAlignment>Center</horizontalAlignment>
		<verticalAlignment>Center</verticalAlignment>
		<protection>true</protection>
	</format>
	<format>
		<font>5</font>
		<border>1</border>
		<horizontalAlignment>Center</horizontalAlignment>
		<verticalAlignment>Center</verticalAlignment>
	</format>
	<format>
		<height>80</height>
	</format>
	<format>
		<font>6</font>
		<border>1</border>
		<horizontalAlignment>Center</horizontalAlignment>
		<verticalAlignment>Center</verticalAlignment>
	</format>
	<format/>
	<format>
		<font>4</font>
		<border>1</border>
		<verticalAlignment>Center</verticalAlignment>
	</format>
	<format>
		<font>4</font>
		<border>1</border>
		<horizontalAlignment>Center</horizontalAlignment>
		<verticalAlignment>Center</verticalAlignment>
	</format>
	<format>
		<font>7</font>
		<border>1</border>
		<horizontalAlignment>Right</horizontalAlignment>
		<verticalAlignment>Center</verticalAlignment>
		<fillType>Parameter</fillType>
		<format>
			<v8:item>
				<v8:lang>ru</v8:lang>
				<v8:content>ЧДЦ=0; ЧН=-</v8:content>
			</v8:item>
		</format>
	</format>
	<format>
		<font>7</font>
		<border>1</border>
		<width>22</width>
		<horizontalAlignment>Right</horizontalAlignment>
		<verticalAlignment>Center</verticalAlignment>
		<fillType>Parameter</fillType>
		<format>
			<v8:item>
				<v8:lang>ru</v8:lang>
				<v8:content>ЧДЦ=0; ЧН=-</v8:content>
			</v8:item>
		</format>
	</format>
	<format>
		<width>22</width>
	</format>
	<format>
		<font>4</font>
		<leftBorder>1</leftBorder>
		<topBorder>1</topBorder>
		<rightBorder>2</rightBorder>
		<bottomBorder>1</bottomBorder>
	</format>
	<format>
		<font>4</font>
		<leftBorder>2</leftBorder>
		<topBorder>1</topBorder>
		<rightBorder>1</rightBorder>
		<bottomBorder>1</bottomBorder>
		<verticalAlignment>Center</verticalAlignment>
	</format>
	<format>
		<font>7</font>
		<border>1</border>
		<width>22</width>
		<horizontalAlignment>Right</horizontalAlignment>
		<verticalAlignment>Center</verticalAlignment>
		<fillType>Parameter</fillType>
		<format>
			<v8:item>
				<v8:lang>ru</v8:lang>
				<v8:content>ЧДЦ=5; ЧН=-</v8:content>
			</v8:item>
		</format>
	</format>
	<format>
		<font>4</font>
		<leftBorder>1</leftBorder>
		<topBorder>1</topBorder>
		<bottomBorder>1</bottomBorder>
	</format>
	<format>
		<font>4</font>
		<topBorder>1</topBorder>
		<rightBorder>1</rightBorder>
		<bottomBorder>1</bottomBorder>
		<verticalAlignment>Center</verticalAlignment>
	</format>
	<format>
		<font>3</font>
		<height>0</height>
		<width>24</width>
		<horizontalAlignment>Center</horizontalAlignment>
		<verticalAlignment>Center</verticalAlignment>
		<textPlacement>Wrap</textPlacement>
	</format>
	<format>
		<height>0</height>
		<width>24</width>
	</format>
	<format>
		<font>4</font>
		<border>1</border>
		<height>0</height>
		<width>24</width>
		<horizontalAlignment>Center</horizontalAlignment>
		<verticalAlignment>Center</verticalAlignment>
		<protection>true</protection>
		<bySelectedColumns>true</bySelectedColumns>
	</format>
	<format>
		<font>4</font>
		<border>1</border>
		<height>0</height>
		<width>24</width>
		<horizontalAlignment>Center</horizontalAlignment>
		<verticalAlignment>Center</verticalAlignment>
		<textPlacement>Wrap</textPlacement>
	</format>
	<format>
		<font>5</font>
		<border>1</border>
		<height>0</height>
		<width>24</width>
		<horizontalAlignment>Center</horizontalAlignment>
		<verticalAlignment>Center</verticalAlignment>
		<protection>true</protection>
	</format>
	<format>
		<font>5</font>
		<border>1</border>
		<height>0</height>
		<width>24</width>
		<horizontalAlignment>Center</horizontalAlignment>
		<verticalAlignment>Center</verticalAlignment>
	</format>
	<format>
		<font>4</font>
		<border>1</border>
		<width>24</width>
		<verticalAlignment>Center</verticalAlignment>
		<textPlacement>Wrap</textPlacement>
	</format>
	<format>
		<font>4</font>
		<border>1</border>
		<width>24</width>
		<horizontalAlignment>Center</horizontalAlignment>
		<verticalAlignment>Center</verticalAlignment>
	</format>
	<format>
		<font>4</font>
		<border>1</border>
		<width>24</width>
		<verticalAlignment>Center</verticalAlignment>
	</format>
	<format/>
	<format>
		<font>7</font>
		<border>1</border>
		<width>22</width>
		<horizontalAlignment>Center</horizontalAlignment>
		<verticalAlignment>Center</verticalAlignment>
		<textPlacement>Wrap</textPlacement>
		<fillType>Text</fillType>
		<format>
			<v8:item>
				<v8:lang>ru</v8:lang>
				<v8:content>ЧДЦ=5; ЧН=-</v8:content>
			</v8:item>
		</format>
	</format>
	<format>
		<font>7</font>
		<border>1</border>
		<width>22</width>
		<horizontalAlignment>Center</horizontalAlignment>
		<verticalAlignment>Center</verticalAlignment>
		<fillType>Parameter</fillType>
		<format>
			<v8:item>
				<v8:lang>ru</v8:lang>
				<v8:content>ЧДЦ=5; ЧН=-; ДФ=dd.MM.yyyy</v8:content>
			</v8:item>
		</format>
	</format>
	<format>
		<font>7</font>
		<border>1</border>
		<width>22</width>
		<horizontalAlignment>Center</horizontalAlignment>
		<verticalAlignment>Center</verticalAlignment>
		<fillType>Parameter</fillType>
		<format>
			<v8:item>
				<v8:lang>ru</v8:lang>
				<v8:content>ЧДЦ=5; ЧН=-</v8:content>
			</v8:item>
		</format>
	</format>
	<format>
		<verticalAlignment>Top</verticalAlignment>
	</format>
	<format>
		<textPlacement>Wrap</textPlacement>
	</format>
	<format>
		<height>6</height>
	</format>
	<format>
		<font>8</font>
		<horizontalAlignment>Center</horizontalAlignment>
		<verticalAlignment>Center</verticalAlignment>
	</format>
	<format>
		<bottomBorder>1</bottomBorder>
	</format>
	<format>
		<font>6</font>
		<bottomBorder>1</bottomBorder>
		<height>0</height>
		<width>24</width>
		<horizontalAlignment>Center</horizontalAlignment>
		<fillType>Parameter</fillType>
	</format>
	<format>
		<font>9</font>
		<horizontalAlignment>Center</horizontalAlignment>
	</format>
	<format>
		<font>9</font>
		<textPlacement>Wrap</textPlacement>
	</format>
</document>