﻿<?xml version="1.0" encoding="UTF-8"?>
<document xmlns="http://v8.1c.ru/8.2/data/spreadsheet" xmlns:style="http://v8.1c.ru/8.1/data/ui/style" xmlns:v8="http://v8.1c.ru/8.1/data/core" xmlns:v8ui="http://v8.1c.ru/8.1/data/ui" xmlns:xs="http://www.w3.org/2001/XMLSchema" xmlns:xsi="http://www.w3.org/2001/XMLSchema-instance">
	<languageSettings>
		<currentLanguage>ru</currentLanguage>
		<defaultLanguage>ru</defaultLanguage>
		<languageInfo>
			<id>ru</id>
			<code>Русский</code>
			<description>Русский</description>
		</languageInfo>
	</languageSettings>
	<columns>
		<size>14</size>
		<columnsItem>
			<index>0</index>
			<column>
				<formatIndex>1</formatIndex>
			</column>
		</columnsItem>
		<columnsItem>
			<index>4</index>
			<column>
				<formatIndex>2</formatIndex>
			</column>
		</columnsItem>
	</columns>
	<columns>
		<id>27119209-1a86-4cdb-9383-3e808ad84c8b</id>
		<size>3</size>
		<columnsItem>
			<index>0</index>
			<column>
				<formatIndex>1</formatIndex>
			</column>
		</columnsItem>
		<columnsItem>
			<index>1</index>
			<column>
				<formatIndex>3</formatIndex>
			</column>
		</columnsItem>
		<columnsItem>
			<index>2</index>
			<column>
				<formatIndex>4</formatIndex>
			</column>
		</columnsItem>
	</columns>
	<columns>
		<id>f65cabfa-a9e9-441d-a165-b93728672ddf</id>
		<size>14</size>
		<columnsItem>
			<index>0</index>
			<column>
				<formatIndex>1</formatIndex>
			</column>
		</columnsItem>
		<columnsItem>
			<index>1</index>
			<column>
				<formatIndex>5</formatIndex>
			</column>
		</columnsItem>
		<columnsItem>
			<index>2</index>
			<column>
				<formatIndex>6</formatIndex>
			</column>
		</columnsItem>
		<columnsItem>
			<index>3</index>
			<column>
				<formatIndex>2</formatIndex>
			</column>
		</columnsItem>
		<columnsItem>
			<index>4</index>
			<column>
				<formatIndex>7</formatIndex>
			</column>
		</columnsItem>
		<columnsItem>
			<index>5</index>
			<column>
				<formatIndex>7</formatIndex>
			</column>
		</columnsItem>
		<columnsItem>
			<index>6</index>
			<column>
				<formatIndex>7</formatIndex>
			</column>
		</columnsItem>
		<columnsItem>
			<index>7</index>
			<column>
				<formatIndex>7</formatIndex>
			</column>
		</columnsItem>
		<columnsItem>
			<index>8</index>
			<column>
				<formatIndex>7</formatIndex>
			</column>
		</columnsItem>
		<columnsItem>
			<index>9</index>
			<column>
				<formatIndex>7</formatIndex>
			</column>
		</columnsItem>
		<columnsItem>
			<index>10</index>
			<column>
				<formatIndex>7</formatIndex>
			</column>
		</columnsItem>
		<columnsItem>
			<index>11</index>
			<column>
				<formatIndex>6</formatIndex>
			</column>
		</columnsItem>
		<columnsItem>
			<index>12</index>
			<column>
				<formatIndex>6</formatIndex>
			</column>
		</columnsItem>
		<columnsItem>
			<index>13</index>
			<column>
				<formatIndex>6</formatIndex>
			</column>
		</columnsItem>
	</columns>
	<columns>
		<id>4e656727-88c4-4401-8469-a08ff34c6b78</id>
		<size>16</size>
		<columnsItem>
			<index>0</index>
			<column>
				<formatIndex>1</formatIndex>
			</column>
		</columnsItem>
		<columnsItem>
			<index>1</index>
			<column>
				<formatIndex>5</formatIndex>
			</column>
		</columnsItem>
		<columnsItem>
			<index>2</index>
			<column>
				<formatIndex>6</formatIndex>
			</column>
		</columnsItem>
		<columnsItem>
			<index>3</index>
			<column>
				<formatIndex>2</formatIndex>
			</column>
		</columnsItem>
		<columnsItem>
			<index>4</index>
			<column>
				<formatIndex>8</formatIndex>
			</column>
		</columnsItem>
		<columnsItem>
			<index>5</index>
			<column>
				<formatIndex>7</formatIndex>
			</column>
		</columnsItem>
		<columnsItem>
			<index>6</index>
			<column>
				<formatIndex>7</formatIndex>
			</column>
		</columnsItem>
		<columnsItem>
			<index>7</index>
			<column>
				<formatIndex>7</formatIndex>
			</column>
		</columnsItem>
		<columnsItem>
			<index>8</index>
			<column>
				<formatIndex>7</formatIndex>
			</column>
		</columnsItem>
		<columnsItem>
			<index>9</index>
			<column>
				<formatIndex>7</formatIndex>
			</column>
		</columnsItem>
		<columnsItem>
			<index>10</index>
			<column>
				<formatIndex>7</formatIndex>
			</column>
		</columnsItem>
		<columnsItem>
			<index>11</index>
			<column>
				<formatIndex>7</formatIndex>
			</column>
		</columnsItem>
		<columnsItem>
			<index>12</index>
			<column>
				<formatIndex>7</formatIndex>
			</column>
		</columnsItem>
		<columnsItem>
			<index>13</index>
			<column>
				<formatIndex>6</formatIndex>
			</column>
		</columnsItem>
		<columnsItem>
			<index>14</index>
			<column>
				<formatIndex>6</formatIndex>
			</column>
		</columnsItem>
		<columnsItem>
			<index>15</index>
			<column>
				<formatIndex>6</formatIndex>
			</column>
		</columnsItem>
	</columns>
	<rowsItem>
		<index>1</index>
		<row>
			<c>
				<i>1</i>
				<c>
					<f>9</f>
					<parameter>Фирма</parameter>
				</c>
			</c>
		</row>
	</rowsItem>
	<rowsItem>
		<index>2</index>
		<row>
			<c>
				<i>1</i>
				<c>
					<f>10</f>
					<tl>
						<v8:item>
							<v8:lang>ru</v8:lang>
							<v8:content>Отпуск по уходу за ребенком за [Период]</v8:content>
						</v8:item>
					</tl>
				</c>
			</c>
			<c>
				<i>7</i>
				<c>
					<f>0</f>
					<tl/>
				</c>
			</c>
		</row>
	</rowsItem>
	<rowsItem>
		<index>4</index>
		<row>
			<columnsID>27119209-1a86-4cdb-9383-3e808ad84c8b</columnsID>
			<formatIndex>11</formatIndex>
			<c>
				<i>1</i>
				<c>
					<f>12</f>
					<tl>
						<v8:item>
							<v8:lang>ru</v8:lang>
							<v8:content>Документ</v8:content>
						</v8:item>
					</tl>
				</c>
			</c>
			<c>
				<c>
					<f>13</f>
					<parameter>Документ</parameter>
				</c>
			</c>
		</row>
	</rowsItem>
	<rowsItem>
		<index>5</index>
		<row>
			<columnsID>27119209-1a86-4cdb-9383-3e808ad84c8b</columnsID>
			<formatIndex>11</formatIndex>
			<c>
				<i>1</i>
				<c>
					<f>14</f>
					<tl>
						<v8:item>
							<v8:lang>ru</v8:lang>
							<v8:content>Начисление</v8:content>
						</v8:item>
					</tl>
				</c>
			</c>
			<c>
				<c>
					<f>13</f>
					<parameter>Начисление</parameter>
				</c>
			</c>
		</row>
	</rowsItem>
	<rowsItem>
		<index>6</index>
		<row>
			<columnsID>27119209-1a86-4cdb-9383-3e808ad84c8b</columnsID>
			<formatIndex>11</formatIndex>
			<c>
				<i>1</i>
				<c>
					<f>12</f>
					<tl>
						<v8:item>
							<v8:lang>ru</v8:lang>
							<v8:content>Источник доходов</v8:content>
						</v8:item>
					</tl>
				</c>
			</c>
			<c>
				<c>
					<f>13</f>
					<parameter>ИсточникДоходов</parameter>
				</c>
			</c>
		</row>
	</rowsItem>
	<rowsItem>
		<index>7</index>
		<row>
			<columnsID>27119209-1a86-4cdb-9383-3e808ad84c8b</columnsID>
			<formatIndex>11</formatIndex>
			<c>
				<i>1</i>
				<c>
					<f>12</f>
					<tl>
						<v8:item>
							<v8:lang>ru</v8:lang>
							<v8:content>Статья затрат</v8:content>
						</v8:item>
					</tl>
				</c>
			</c>
			<c>
				<c>
					<f>13</f>
					<parameter>СтатьяЗатрат</parameter>
				</c>
			</c>
		</row>
	</rowsItem>
	<rowsItem>
		<index>8</index>
		<row>
			<columnsID>27119209-1a86-4cdb-9383-3e808ad84c8b</columnsID>
			<formatIndex>11</formatIndex>
			<c>
				<i>1</i>
				<c>
					<f>12</f>
					<tl>
						<v8:item>
							<v8:lang>ru</v8:lang>
							<v8:content>Подразделение</v8:content>
						</v8:item>
					</tl>
				</c>
			</c>
			<c>
				<c>
					<f>13</f>
					<parameter>Подразделение</parameter>
				</c>
			</c>
		</row>
	</rowsItem>
	<rowsItem>
		<index>9</index>
		<row>
			<columnsID>f65cabfa-a9e9-441d-a165-b93728672ddf</columnsID>
			<empty>true</empty>
		</row>
	</rowsItem>
	<rowsItem>
		<index>10</index>
		<row>
			<columnsID>f65cabfa-a9e9-441d-a165-b93728672ddf</columnsID>
			<c>
				<i>1</i>
				<c>
					<f>15</f>
					<tl>
						<v8:item>
							<v8:lang>ru</v8:lang>
							<v8:content>№ п/п</v8:content>
						</v8:item>
					</tl>
				</c>
			</c>
			<c>
				<c>
					<f>15</f>
					<tl>
						<v8:item>
							<v8:lang>ru</v8:lang>
							<v8:content>Сотрудник</v8:content>
						</v8:item>
					</tl>
				</c>
			</c>
			<c>
				<c>
					<f>15</f>
					<tl>
						<v8:item>
							<v8:lang>ru</v8:lang>
							<v8:content>Нач. дата</v8:content>
						</v8:item>
					</tl>
				</c>
			</c>
			<c>
				<c>
					<f>15</f>
					<tl>
						<v8:item>
							<v8:lang>ru</v8:lang>
							<v8:content>Дни</v8:content>
						</v8:item>
					</tl>
				</c>
			</c>
			<c>
				<c>
					<f>15</f>
					<tl>
						<v8:item>
							<v8:lang>ru</v8:lang>
							<v8:content>Средний</v8:content>
						</v8:item>
					</tl>
				</c>
			</c>
			<c>
				<c>
					<f>15</f>
					<tl>
						<v8:item>
							<v8:lang>ru</v8:lang>
							<v8:content>Сумма</v8:content>
						</v8:item>
					</tl>
				</c>
			</c>
			<c>
				<c>
					<f>15</f>
					<tl>
						<v8:item>
							<v8:lang>ru</v8:lang>
							<v8:content>Средний РК</v8:content>
						</v8:item>
					</tl>
				</c>
			</c>
			<c>
				<c>
					<f>15</f>
					<tl>
						<v8:item>
							<v8:lang>ru</v8:lang>
							<v8:content>Сумма РК</v8:content>
						</v8:item>
					</tl>
				</c>
			</c>
			<c>
				<c>
					<f>15</f>
					<tl>
						<v8:item>
							<v8:lang>ru</v8:lang>
							<v8:content>Средний СЕВ</v8:content>
						</v8:item>
					</tl>
				</c>
			</c>
			<c>
				<c>
					<f>15</f>
					<tl>
						<v8:item>
							<v8:lang>ru</v8:lang>
							<v8:content>Сумма СЕВ</v8:content>
						</v8:item>
					</tl>
				</c>
			</c>
			<c>
				<c>
					<f>16</f>
					<tl>
						<v8:item>
							<v8:lang>ru</v8:lang>
							<v8:content>Источник доходов</v8:content>
						</v8:item>
					</tl>
				</c>
			</c>
			<c>
				<c>
					<f>16</f>
					<tl>
						<v8:item>
							<v8:lang>ru</v8:lang>
							<v8:content>Статья затрат</v8:content>
						</v8:item>
					</tl>
				</c>
			</c>
			<c>
				<c>
					<f>15</f>
					<tl>
						<v8:item>
							<v8:lang>ru</v8:lang>
							<v8:content>Подразделение</v8:content>
						</v8:item>
					</tl>
				</c>
			</c>
		</row>
	</rowsItem>
	<rowsItem>
		<index>11</index>
		<row>
			<columnsID>f65cabfa-a9e9-441d-a165-b93728672ddf</columnsID>
			<c>
				<i>2</i>
				<c>
					<f>15</f>
					<tl>
						<v8:item>
							<v8:lang>ru</v8:lang>
							<v8:content>Таб. номер</v8:content>
						</v8:item>
					</tl>
				</c>
			</c>
			<c>
				<c>
					<f>15</f>
					<tl>
						<v8:item>
							<v8:lang>ru</v8:lang>
							<v8:content>Кон. дата</v8:content>
						</v8:item>
					</tl>
				</c>
			</c>
		</row>
	</rowsItem>
	<rowsItem>
		<index>12</index>
		<row>
			<columnsID>f65cabfa-a9e9-441d-a165-b93728672ddf</columnsID>
			<c>
				<i>1</i>
				<c>
					<f>17</f>
					<parameter>НомерСтроки</parameter>
				</c>
			</c>
			<c>
				<c>
					<f>18</f>
					<parameter>Сотрудник</parameter>
				</c>
			</c>
			<c>
				<c>
					<f>19</f>
					<parameter>НачДата</parameter>
				</c>
			</c>
			<c>
				<c>
					<f>17</f>
					<parameter>Дни</parameter>
				</c>
			</c>
			<c>
				<c>
					<f>20</f>
					<parameter>Средний</parameter>
				</c>
			</c>
			<c>
				<c>
					<f>21</f>
					<parameter>Сумма</parameter>
				</c>
			</c>
			<c>
				<c>
					<f>21</f>
					<parameter>СреднийРК</parameter>
				</c>
			</c>
			<c>
				<c>
					<f>21</f>
					<parameter>СуммаРК</parameter>
				</c>
			</c>
			<c>
				<c>
					<f>21</f>
					<parameter>СреднийСЕВ</parameter>
				</c>
			</c>
			<c>
				<c>
					<f>21</f>
					<parameter>СуммаСЕВ</parameter>
				</c>
			</c>
			<c>
				<c>
					<f>18</f>
					<parameter>ИсточникДоходов</parameter>
				</c>
			</c>
			<c>
				<c>
					<f>18</f>
					<parameter>СтатьяЗатрат</parameter>
				</c>
			</c>
			<c>
				<c>
					<f>18</f>
					<parameter>Подразделение</parameter>
				</c>
			</c>
		</row>
	</rowsItem>
	<rowsItem>
		<index>13</index>
		<row>
			<columnsID>f65cabfa-a9e9-441d-a165-b93728672ddf</columnsID>
			<c>
				<i>2</i>
				<c>
					<f>22</f>
					<parameter>ТабНомер</parameter>
				</c>
			</c>
			<c>
				<c>
					<f>19</f>
					<parameter>КонДата</parameter>
				</c>
			</c>
			<c>
				<i>5</i>
				<c>
					<f>7</f>
				</c>
			</c>
		</row>
	</rowsItem>
	<rowsItem>
		<index>15</index>
		<row>
			<columnsID>4e656727-88c4-4401-8469-a08ff34c6b78</columnsID>
			<c>
				<i>8</i>
				<c>
					<f>7</f>
				</c>
			</c>
			<c>
				<i>11</i>
				<c>
					<f>7</f>
				</c>
			</c>
		</row>
	</rowsItem>
	<rowsItem>
		<index>16</index>
		<row>
			<columnsID>4e656727-88c4-4401-8469-a08ff34c6b78</columnsID>
			<c>
				<i>1</i>
				<c>
					<f>15</f>
					<tl>
						<v8:item>
							<v8:lang>ru</v8:lang>
							<v8:content>№ п/п</v8:content>
						</v8:item>
					</tl>
				</c>
			</c>
			<c>
				<c>
					<f>15</f>
					<tl>
						<v8:item>
							<v8:lang>ru</v8:lang>
							<v8:content>Сотрудник</v8:content>
						</v8:item>
					</tl>
				</c>
			</c>
			<c>
				<c>
					<f>15</f>
					<tl>
						<v8:item>
							<v8:lang>ru</v8:lang>
							<v8:content>Нач. дата</v8:content>
						</v8:item>
					</tl>
				</c>
			</c>
			<c>
				<c>
					<f>23</f>
					<tl>
						<v8:item>
							<v8:lang>ru</v8:lang>
							<v8:content>Сумма</v8:content>
						</v8:item>
					</tl>
				</c>
			</c>
			<c>
				<c>
					<f>24</f>
					<tl>
						<v8:item>
							<v8:lang>ru</v8:lang>
							<v8:content>Сумма старая</v8:content>
						</v8:item>
					</tl>
				</c>
			</c>
			<c>
				<c>
					<f>16</f>
					<tl>
						<v8:item>
							<v8:lang>ru</v8:lang>
							<v8:content>Сумма доплаты</v8:content>
						</v8:item>
					</tl>
				</c>
			</c>
			<c>
				<c>
					<f>23</f>
					<tl>
						<v8:item>
							<v8:lang>ru</v8:lang>
							<v8:content>Сумма РК</v8:content>
						</v8:item>
					</tl>
				</c>
			</c>
			<c>
				<c>
					<f>24</f>
					<tl>
						<v8:item>
							<v8:lang>ru</v8:lang>
							<v8:content>Сумма старая РК </v8:content>
						</v8:item>
					</tl>
				</c>
			</c>
			<c>
				<c>
					<f>16</f>
					<tl>
						<v8:item>
							<v8:lang>ru</v8:lang>
							<v8:content>Сумма доплаты РК</v8:content>
						</v8:item>
					</tl>
				</c>
			</c>
			<c>
				<c>
					<f>23</f>
					<tl>
						<v8:item>
							<v8:lang>ru</v8:lang>
							<v8:content>Сумма СЕВ</v8:content>
						</v8:item>
					</tl>
				</c>
			</c>
			<c>
				<c>
					<f>24</f>
					<tl>
						<v8:item>
							<v8:lang>ru</v8:lang>
							<v8:content>Сумма старая СЕВ</v8:content>
						</v8:item>
					</tl>
				</c>
			</c>
			<c>
				<c>
					<f>16</f>
					<tl>
						<v8:item>
							<v8:lang>ru</v8:lang>
							<v8:content>Сумма доплаты СЕВ</v8:content>
						</v8:item>
					</tl>
				</c>
			</c>
			<c>
				<c>
					<f>16</f>
					<tl>
						<v8:item>
							<v8:lang>ru</v8:lang>
							<v8:content>Источник доходов</v8:content>
						</v8:item>
					</tl>
				</c>
			</c>
			<c>
				<c>
					<f>16</f>
					<tl>
						<v8:item>
							<v8:lang>ru</v8:lang>
							<v8:content>Статья затрат</v8:content>
						</v8:item>
					</tl>
				</c>
			</c>
			<c>
				<c>
					<f>15</f>
					<tl>
						<v8:item>
							<v8:lang>ru</v8:lang>
							<v8:content>Подразделение</v8:content>
						</v8:item>
					</tl>
				</c>
			</c>
		</row>
	</rowsItem>
	<rowsItem>
		<index>17</index>
		<row>
			<columnsID>4e656727-88c4-4401-8469-a08ff34c6b78</columnsID>
			<c>
				<i>2</i>
				<c>
					<f>15</f>
					<tl>
						<v8:item>
							<v8:lang>ru</v8:lang>
							<v8:content>Таб. номер</v8:content>
						</v8:item>
					</tl>
				</c>
			</c>
			<c>
				<c>
					<f>15</f>
					<tl>
						<v8:item>
							<v8:lang>ru</v8:lang>
							<v8:content>Кон. дата</v8:content>
						</v8:item>
					</tl>
				</c>
			</c>
			<c>
				<c>
					<f>7</f>
				</c>
			</c>
			<c>
				<c>
					<f>7</f>
				</c>
			</c>
			<c>
				<i>7</i>
				<c>
					<f>7</f>
				</c>
			</c>
			<c>
				<c>
					<f>7</f>
				</c>
			</c>
			<c>
				<i>10</i>
				<c>
					<f>7</f>
				</c>
			</c>
			<c>
				<c>
					<f>7</f>
				</c>
			</c>
		</row>
	</rowsItem>
	<rowsItem>
		<index>18</index>
		<row>
			<columnsID>4e656727-88c4-4401-8469-a08ff34c6b78</columnsID>
			<c>
				<i>1</i>
				<c>
					<f>17</f>
					<parameter>НомерСтроки</parameter>
				</c>
			</c>
			<c>
				<c>
					<f>18</f>
					<parameter>Сотрудник</parameter>
				</c>
			</c>
			<c>
				<c>
					<f>19</f>
					<parameter>НачДата</parameter>
				</c>
			</c>
			<c>
				<c>
					<f>20</f>
					<parameter>Сумма</parameter>
				</c>
			</c>
			<c>
				<c>
					<f>20</f>
					<parameter>СуммаСтарая</parameter>
				</c>
			</c>
			<c>
				<c>
					<f>21</f>
					<parameter>СуммаДоплаты</parameter>
				</c>
			</c>
			<c>
				<c>
					<f>20</f>
					<parameter>СуммаРК</parameter>
				</c>
			</c>
			<c>
				<c>
					<f>20</f>
					<parameter>СуммаСтараяРК</parameter>
				</c>
			</c>
			<c>
				<c>
					<f>21</f>
					<parameter>СуммаДоплатыРК</parameter>
				</c>
			</c>
			<c>
				<c>
					<f>20</f>
					<parameter>СуммаСЕВ</parameter>
				</c>
			</c>
			<c>
				<c>
					<f>20</f>
					<parameter>СуммаСтараяСЕВ</parameter>
				</c>
			</c>
			<c>
				<c>
					<f>21</f>
					<parameter>СуммаДоплатыСЕВ</parameter>
				</c>
			</c>
			<c>
				<c>
					<f>18</f>
					<parameter>ИсточникДоходов</parameter>
				</c>
			</c>
			<c>
				<c>
					<f>18</f>
					<parameter>СтатьяЗатрат</parameter>
				</c>
			</c>
			<c>
				<c>
					<f>18</f>
					<parameter>Подразделение</parameter>
				</c>
			</c>
		</row>
	</rowsItem>
	<rowsItem>
		<index>19</index>
		<row>
			<columnsID>4e656727-88c4-4401-8469-a08ff34c6b78</columnsID>
			<c>
				<i>2</i>
				<c>
					<f>22</f>
					<parameter>ТабНомер</parameter>
				</c>
			</c>
			<c>
				<c>
					<f>19</f>
					<parameter>КонДата</parameter>
				</c>
			</c>
			<c>
				<c>
					<f>7</f>
				</c>
			</c>
			<c>
				<c>
					<f>7</f>
				</c>
			</c>
			<c>
				<i>7</i>
				<c>
					<f>7</f>
				</c>
			</c>
			<c>
				<c>
					<f>7</f>
				</c>
			</c>
			<c>
				<i>10</i>
				<c>
					<f>7</f>
				</c>
			</c>
			<c>
				<c>
					<f>7</f>
				</c>
			</c>
		</row>
	</rowsItem>
	<rowsItem>
		<index>21</index>
		<row>
			<columnsID>f65cabfa-a9e9-441d-a165-b93728672ddf</columnsID>
			<c>
				<i>1</i>
				<c>
					<f>25</f>
				</c>
			</c>
			<c>
				<c>
					<f>26</f>
					<tl>
						<v8:item>
							<v8:lang>ru</v8:lang>
							<v8:content>Итого</v8:content>
						</v8:item>
					</tl>
				</c>
			</c>
			<c>
				<c>
					<f>27</f>
					<tl/>
				</c>
			</c>
			<c>
				<c>
					<f>28</f>
				</c>
			</c>
			<c>
				<c>
					<f>7</f>
				</c>
			</c>
			<c>
				<c>
					<f>29</f>
					<parameter>Сумма</parameter>
				</c>
			</c>
			<c>
				<c>
					<f>30</f>
				</c>
			</c>
			<c>
				<c>
					<f>29</f>
					<parameter>СуммаРК</parameter>
				</c>
			</c>
			<c>
				<c>
					<f>30</f>
					<tl/>
				</c>
			</c>
			<c>
				<c>
					<f>29</f>
					<parameter>СуммаСЕВ</parameter>
				</c>
			</c>
			<c>
				<c>
					<f>31</f>
				</c>
			</c>
			<c>
				<c>
					<f>31</f>
				</c>
			</c>
			<c>
				<c>
					<f>31</f>
				</c>
			</c>
		</row>
	</rowsItem>
	<rowsItem>
		<index>23</index>
		<row>
			<columnsID>4e656727-88c4-4401-8469-a08ff34c6b78</columnsID>
			<c>
				<i>1</i>
				<c>
					<f>32</f>
				</c>
			</c>
			<c>
				<c>
					<f>26</f>
					<tl>
						<v8:item>
							<v8:lang>ru</v8:lang>
							<v8:content>Итого</v8:content>
						</v8:item>
					</tl>
				</c>
			</c>
			<c>
				<c>
					<f>27</f>
					<tl/>
				</c>
			</c>
			<c>
				<c>
					<f>28</f>
				</c>
			</c>
			<c>
				<c>
					<f>7</f>
				</c>
			</c>
			<c>
				<c>
					<f>33</f>
					<parameter>Сумма</parameter>
				</c>
			</c>
			<c>
				<c>
					<f>34</f>
				</c>
			</c>
			<c>
				<c>
					<f>34</f>
				</c>
			</c>
			<c>
				<c>
					<f>33</f>
					<parameter>СуммаРК</parameter>
				</c>
			</c>
			<c>
				<c>
					<f>34</f>
				</c>
			</c>
			<c>
				<c>
					<f>34</f>
				</c>
			</c>
			<c>
				<c>
					<f>33</f>
					<parameter>СуммаСЕВ</parameter>
				</c>
			</c>
			<c>
				<c>
					<f>35</f>
				</c>
			</c>
			<c>
				<c>
					<f>35</f>
				</c>
			</c>
			<c>
				<c>
					<f>35</f>
				</c>
			</c>
		</row>
	</rowsItem>
	<templateMode>true</templateMode>
	<defaultFormatIndex>36</defaultFormatIndex>
	<height>24</height>
	<vgRows>24</vgRows>
	<merge>
		<r>10</r>
		<c>1</c>
		<h>1</h>
	</merge>
	<merge>
		<r>10</r>
		<c>4</c>
		<h>1</h>
	</merge>
	<merge>
		<r>10</r>
		<c>5</c>
		<h>1</h>
	</merge>
	<merge>
		<r>10</r>
		<c>6</c>
		<h>1</h>
	</merge>
	<merge>
		<r>10</r>
		<c>7</c>
		<h>1</h>
	</merge>
	<merge>
		<r>10</r>
		<c>8</c>
		<h>1</h>
	</merge>
	<merge>
		<r>10</r>
		<c>9</c>
		<h>1</h>
	</merge>
	<merge>
		<r>10</r>
		<c>10</c>
		<h>1</h>
	</merge>
	<merge>
		<r>10</r>
		<c>11</c>
		<h>1</h>
	</merge>
	<merge>
		<r>10</r>
		<c>12</c>
		<h>1</h>
	</merge>
	<merge>
		<r>10</r>
		<c>13</c>
		<h>1</h>
	</merge>
	<merge>
		<r>12</r>
		<c>1</c>
		<h>1</h>
	</merge>
	<merge>
		<r>12</r>
		<c>4</c>
		<h>1</h>
	</merge>
	<merge>
		<r>12</r>
		<c>5</c>
		<h>1</h>
	</merge>
	<merge>
		<r>12</r>
		<c>6</c>
		<h>1</h>
	</merge>
	<merge>
		<r>12</r>
		<c>7</c>
		<h>1</h>
	</merge>
	<merge>
		<r>12</r>
		<c>8</c>
		<h>1</h>
	</merge>
	<merge>
		<r>12</r>
		<c>9</c>
		<h>1</h>
	</merge>
	<merge>
		<r>12</r>
		<c>10</c>
		<h>1</h>
	</merge>
	<merge>
		<r>12</r>
		<c>11</c>
		<h>1</h>
	</merge>
	<merge>
		<r>12</r>
		<c>12</c>
		<h>1</h>
	</merge>
	<merge>
		<r>12</r>
		<c>13</c>
		<h>1</h>
	</merge>
	<merge>
		<r>16</r>
		<c>1</c>
		<h>1</h>
	</merge>
	<merge>
		<r>16</r>
		<c>4</c>
		<h>1</h>
	</merge>
	<merge>
		<r>16</r>
		<c>5</c>
		<h>1</h>
	</merge>
	<merge>
		<r>16</r>
		<c>6</c>
		<h>1</h>
	</merge>
	<merge>
		<r>16</r>
		<c>7</c>
		<h>1</h>
	</merge>
	<merge>
		<r>16</r>
		<c>8</c>
		<h>1</h>
	</merge>
	<merge>
		<r>16</r>
		<c>9</c>
		<h>1</h>
	</merge>
	<merge>
		<r>16</r>
		<c>10</c>
		<h>1</h>
	</merge>
	<merge>
		<r>16</r>
		<c>11</c>
		<h>1</h>
	</merge>
	<merge>
		<r>16</r>
		<c>12</c>
		<h>1</h>
	</merge>
	<merge>
		<r>16</r>
		<c>13</c>
		<h>1</h>
	</merge>
	<merge>
		<r>16</r>
		<c>14</c>
		<h>1</h>
	</merge>
	<merge>
		<r>16</r>
		<c>15</c>
		<h>1</h>
	</merge>
	<merge>
		<r>18</r>
		<c>1</c>
		<h>1</h>
	</merge>
	<merge>
		<r>18</r>
		<c>4</c>
		<h>1</h>
	</merge>
	<merge>
		<r>18</r>
		<c>5</c>
		<h>1</h>
	</merge>
	<merge>
		<r>18</r>
		<c>6</c>
		<h>1</h>
	</merge>
	<merge>
		<r>18</r>
		<c>7</c>
		<h>1</h>
	</merge>
	<merge>
		<r>18</r>
		<c>8</c>
		<h>1</h>
	</merge>
	<merge>
		<r>18</r>
		<c>9</c>
		<h>1</h>
	</merge>
	<merge>
		<r>18</r>
		<c>10</c>
		<h>1</h>
	</merge>
	<merge>
		<r>18</r>
		<c>11</c>
		<h>1</h>
	</merge>
	<merge>
		<r>18</r>
		<c>12</c>
		<h>1</h>
	</merge>
	<merge>
		<r>18</r>
		<c>13</c>
		<h>1</h>
	</merge>
	<merge>
		<r>18</r>
		<c>14</c>
		<h>1</h>
	</merge>
	<merge>
		<r>18</r>
		<c>15</c>
		<h>1</h>
	</merge>
	<merge>
		<r>21</r>
		<c>3</c>
		<w>2</w>
	</merge>
	<merge>
		<r>23</r>
		<c>3</c>
		<w>2</w>
	</merge>
	<namedItem xsi:type="NamedItemCells">
		<name>Верт_Источник</name>
		<area>
			<type>Columns</type>
			<beginRow>-1</beginRow>
			<endRow>-1</endRow>
			<beginColumn>11</beginColumn>
			<endColumn>11</endColumn>
			<columnsID>f65cabfa-a9e9-441d-a165-b93728672ddf</columnsID>
		</area>
	</namedItem>
	<namedItem xsi:type="NamedItemCells">
		<name>Верт_ИсточникИндексация</name>
		<area>
			<type>Columns</type>
			<beginRow>-1</beginRow>
			<endRow>-1</endRow>
			<beginColumn>13</beginColumn>
			<endColumn>13</endColumn>
			<columnsID>4e656727-88c4-4401-8469-a08ff34c6b78</columnsID>
		</area>
	</namedItem>
	<namedItem xsi:type="NamedItemCells">
		<name>Верт_Начало</name>
		<area>
			<type>Columns</type>
			<beginRow>-1</beginRow>
			<endRow>-1</endRow>
			<beginColumn>0</beginColumn>
			<endColumn>6</endColumn>
			<columnsID>f65cabfa-a9e9-441d-a165-b93728672ddf</columnsID>
		</area>
	</namedItem>
	<namedItem xsi:type="NamedItemCells">
		<name>Верт_НачалоИндексация</name>
		<area>
			<type>Columns</type>
			<beginRow>-1</beginRow>
			<endRow>-1</endRow>
			<beginColumn>0</beginColumn>
			<endColumn>6</endColumn>
			<columnsID>4e656727-88c4-4401-8469-a08ff34c6b78</columnsID>
		</area>
	</namedItem>
	<namedItem xsi:type="NamedItemCells">
		<name>Верт_Подразделение</name>
		<area>
			<type>Columns</type>
			<beginRow>-1</beginRow>
			<endRow>-1</endRow>
			<beginColumn>13</beginColumn>
			<endColumn>13</endColumn>
			<columnsID>f65cabfa-a9e9-441d-a165-b93728672ddf</columnsID>
		</area>
	</namedItem>
	<namedItem xsi:type="NamedItemCells">
		<name>Верт_ПодразделениеИндексация</name>
		<area>
			<type>Columns</type>
			<beginRow>-1</beginRow>
			<endRow>-1</endRow>
			<beginColumn>15</beginColumn>
			<endColumn>15</endColumn>
			<columnsID>4e656727-88c4-4401-8469-a08ff34c6b78</columnsID>
		</area>
	</namedItem>
	<namedItem xsi:type="NamedItemCells">
		<name>Верт_РК</name>
		<area>
			<type>Columns</type>
			<beginRow>-1</beginRow>
			<endRow>-1</endRow>
			<beginColumn>7</beginColumn>
			<endColumn>8</endColumn>
			<columnsID>f65cabfa-a9e9-441d-a165-b93728672ddf</columnsID>
		</area>
	</namedItem>
	<namedItem xsi:type="NamedItemCells">
		<name>Верт_РКИндексация</name>
		<area>
			<type>Columns</type>
			<beginRow>-1</beginRow>
			<endRow>-1</endRow>
			<beginColumn>7</beginColumn>
			<endColumn>9</endColumn>
			<columnsID>4e656727-88c4-4401-8469-a08ff34c6b78</columnsID>
		</area>
	</namedItem>
	<namedItem xsi:type="NamedItemCells">
		<name>Верт_СЕВ</name>
		<area>
			<type>Columns</type>
			<beginRow>-1</beginRow>
			<endRow>-1</endRow>
			<beginColumn>9</beginColumn>
			<endColumn>10</endColumn>
			<columnsID>f65cabfa-a9e9-441d-a165-b93728672ddf</columnsID>
		</area>
	</namedItem>
	<namedItem xsi:type="NamedItemCells">
		<name>Верт_СЕВИндексация</name>
		<area>
			<type>Columns</type>
			<beginRow>-1</beginRow>
			<endRow>-1</endRow>
			<beginColumn>10</beginColumn>
			<endColumn>12</endColumn>
			<columnsID>4e656727-88c4-4401-8469-a08ff34c6b78</columnsID>
		</area>
	</namedItem>
	<namedItem xsi:type="NamedItemCells">
		<name>Верт_Статья</name>
		<area>
			<type>Columns</type>
			<beginRow>-1</beginRow>
			<endRow>-1</endRow>
			<beginColumn>12</beginColumn>
			<endColumn>12</endColumn>
			<columnsID>f65cabfa-a9e9-441d-a165-b93728672ddf</columnsID>
		</area>
	</namedItem>
	<namedItem xsi:type="NamedItemCells">
		<name>Верт_СтатьяИндексация</name>
		<area>
			<type>Columns</type>
			<beginRow>-1</beginRow>
			<endRow>-1</endRow>
			<beginColumn>14</beginColumn>
			<endColumn>14</endColumn>
			<columnsID>4e656727-88c4-4401-8469-a08ff34c6b78</columnsID>
		</area>
	</namedItem>
	<namedItem xsi:type="NamedItemCells">
		<name>Источник</name>
		<area>
			<type>Rows</type>
			<beginRow>6</beginRow>
			<endRow>6</endRow>
			<beginColumn>-1</beginColumn>
			<endColumn>-1</endColumn>
		</area>
	</namedItem>
	<namedItem xsi:type="NamedItemCells">
		<name>Итог</name>
		<area>
			<type>Rows</type>
			<beginRow>21</beginRow>
			<endRow>21</endRow>
			<beginColumn>-1</beginColumn>
			<endColumn>-1</endColumn>
		</area>
	</namedItem>
	<namedItem xsi:type="NamedItemCells">
		<name>ИтогИндексация</name>
		<area>
			<type>Rows</type>
			<beginRow>23</beginRow>
			<endRow>23</endRow>
			<beginColumn>-1</beginColumn>
			<endColumn>-1</endColumn>
		</area>
	</namedItem>
	<namedItem xsi:type="NamedItemCells">
		<name>Подразделение</name>
		<area>
			<type>Rows</type>
			<beginRow>8</beginRow>
			<endRow>8</endRow>
			<beginColumn>-1</beginColumn>
			<endColumn>-1</endColumn>
		</area>
	</namedItem>
	<namedItem xsi:type="NamedItemCells">
		<name>Статья</name>
		<area>
			<type>Rows</type>
			<beginRow>7</beginRow>
			<endRow>7</endRow>
			<beginColumn>-1</beginColumn>
			<endColumn>-1</endColumn>
		</area>
	</namedItem>
	<namedItem xsi:type="NamedItemCells">
		<name>СтрокаТаб</name>
		<area>
			<type>Rows</type>
			<beginRow>12</beginRow>
			<endRow>13</endRow>
			<beginColumn>-1</beginColumn>
			<endColumn>-1</endColumn>
		</area>
	</namedItem>
	<namedItem xsi:type="NamedItemCells">
		<name>СтрокаТабИндексация</name>
		<area>
			<type>Rows</type>
			<beginRow>18</beginRow>
			<endRow>19</endRow>
			<beginColumn>-1</beginColumn>
			<endColumn>-1</endColumn>
		</area>
	</namedItem>
	<namedItem xsi:type="NamedItemCells">
		<name>Шапка</name>
		<area>
			<type>Rows</type>
			<beginRow>0</beginRow>
			<endRow>5</endRow>
			<beginColumn>-1</beginColumn>
			<endColumn>-1</endColumn>
		</area>
	</namedItem>
	<namedItem xsi:type="NamedItemCells">
		<name>ШапкаТаб</name>
		<area>
			<type>Rows</type>
			<beginRow>9</beginRow>
			<endRow>11</endRow>
			<beginColumn>-1</beginColumn>
			<endColumn>-1</endColumn>
		</area>
	</namedItem>
	<namedItem xsi:type="NamedItemCells">
		<name>ШапкаТабИндексация</name>
		<area>
			<type>Rows</type>
			<beginRow>15</beginRow>
			<endRow>17</endRow>
			<beginColumn>-1</beginColumn>
			<endColumn>-1</endColumn>
		</area>
	</namedItem>
	<line width="1" gap="false">
		<v8ui:style xsi:type="v8ui:SpreadsheetDocumentCellLineType">Solid</v8ui:style>
	</line>
	<font faceName="Arial" height="9" bold="false" italic="false" underline="false" strikeout="false" kind="Absolute"/>
	<font faceName="Arial" height="12" bold="true" italic="false" underline="false" strikeout="false" kind="Absolute"/>
	<font faceName="Arial" height="9" bold="true" italic="false" underline="false" strikeout="false" kind="Absolute"/>
	<font faceName="Arial" height="8" bold="false" italic="false" underline="false" strikeout="false" kind="Absolute"/>
	<format>
		<width>24</width>
	</format>
	<format>
		<width>80</width>
	</format>
	<format>
		<width>123</width>
	</format>
	<format>
		<width>306</width>
	</format>
	<format>
		<width>56</width>
	</format>
	<format>
		<width>160</width>
	</format>
	<format>
		<width>96</width>
	</format>
	<format>
		<width>103</width>
	</format>
	<format>
		<font>0</font>
		<fillType>Parameter</fillType>
	</format>
	<format>
		<font>1</font>
		<width>169</width>
		<fillType>Template</fillType>
		<protection>false</protection>
	</format>
	<format>
		<height>60</height>
	</format>
	<format>
		<font>0</font>
		<width>122</width>
	</format>
	<format>
		<font>2</font>
		<width>83</width>
		<fillType>Parameter</fillType>
	</format>
	<format>
		<font>0</font>
		<width>160</width>
	</format>
	<format>
		<font>2</font>
		<border>0</border>
		<horizontalAlignment>Center</horizontalAlignment>
		<verticalAlignment>Center</verticalAlignment>
	</format>
	<format>
		<font>2</font>
		<border>0</border>
		<horizontalAlignment>Center</horizontalAlignment>
		<verticalAlignment>Center</verticalAlignment>
		<textPlacement>Wrap</textPlacement>
	</format>
	<format>
		<font>3</font>
		<border>0</border>
		<horizontalAlignment>Center</horizontalAlignment>
		<verticalAlignment>Center</verticalAlignment>
		<fillType>Parameter</fillType>
	</format>
	<format>
		<font>3</font>
		<border>0</border>
		<horizontalAlignment>Left</horizontalAlignment>
		<verticalAlignment>Center</verticalAlignment>
		<textPlacement>Wrap</textPlacement>
		<fillType>Parameter</fillType>
		<indent>1</indent>
	</format>
	<format>
		<font>3</font>
		<border>0</border>
		<horizontalAlignment>Center</horizontalAlignment>
		<verticalAlignment>Center</verticalAlignment>
		<fillType>Parameter</fillType>
		<format>
			<v8:item>
				<v8:lang>ru</v8:lang>
				<v8:content>ДФ=dd.MM.yyyy</v8:content>
			</v8:item>
		</format>
	</format>
	<format>
		<font>3</font>
		<border>0</border>
		<width>96</width>
		<horizontalAlignment>Right</horizontalAlignment>
		<verticalAlignment>Center</verticalAlignment>
		<fillType>Parameter</fillType>
		<format>
			<v8:item>
				<v8:lang>ru</v8:lang>
				<v8:content>ЧДЦ=2</v8:content>
			</v8:item>
		</format>
	</format>
	<format>
		<font>3</font>
		<border>0</border>
		<horizontalAlignment>Right</horizontalAlignment>
		<verticalAlignment>Center</verticalAlignment>
		<fillType>Parameter</fillType>
		<format>
			<v8:item>
				<v8:lang>ru</v8:lang>
				<v8:content>ЧДЦ=2</v8:content>
			</v8:item>
		</format>
	</format>
	<format>
		<font>3</font>
		<border>0</border>
		<horizontalAlignment>Left</horizontalAlignment>
		<verticalAlignment>Center</verticalAlignment>
		<fillType>Parameter</fillType>
		<indent>1</indent>
	</format>
	<format>
		<font>2</font>
		<border>0</border>
		<width>96</width>
		<horizontalAlignment>Center</horizontalAlignment>
		<verticalAlignment>Center</verticalAlignment>
	</format>
	<format>
		<font>2</font>
		<border>0</border>
		<width>96</width>
		<horizontalAlignment>Center</horizontalAlignment>
		<verticalAlignment>Center</verticalAlignment>
		<textPlacement>Wrap</textPlacement>
	</format>
	<format>
		<font>2</font>
		<border>0</border>
		<horizontalAlignment>Right</horizontalAlignment>
		<verticalAlignment>Center</verticalAlignment>
	</format>
	<format>
		<font>2</font>
		<border>0</border>
		<width>56</width>
		<horizontalAlignment>Right</horizontalAlignment>
		<verticalAlignment>Center</verticalAlignment>
		<fillType>Text</fillType>
	</format>
	<format>
		<font>2</font>
		<border>0</border>
		<width>80</width>
		<horizontalAlignment>Center</horizontalAlignment>
		<verticalAlignment>Center</verticalAlignment>
		<fillType>Text</fillType>
	</format>
	<format>
		<width>64</width>
	</format>
	<format>
		<font>2</font>
		<border>0</border>
		<horizontalAlignment>Right</horizontalAlignment>
		<verticalAlignment>Center</verticalAlignment>
		<fillType>Parameter</fillType>
		<format>
			<v8:item>
				<v8:lang>ru</v8:lang>
				<v8:content>ЧДЦ=2</v8:content>
			</v8:item>
		</format>
	</format>
	<format>
		<font>2</font>
		<border>0</border>
		<horizontalAlignment>Center</horizontalAlignment>
		<verticalAlignment>Center</verticalAlignment>
		<fillType>Text</fillType>
	</format>
	<format>
		<border>0</border>
	</format>
	<format>
		<font>2</font>
		<border>0</border>
		<width>56</width>
		<horizontalAlignment>Right</horizontalAlignment>
		<verticalAlignment>Center</verticalAlignment>
	</format>
	<format>
		<font>2</font>
		<border>0</border>
		<width>96</width>
		<horizontalAlignment>Right</horizontalAlignment>
		<verticalAlignment>Center</verticalAlignment>
		<fillType>Parameter</fillType>
		<format>
			<v8:item>
				<v8:lang>ru</v8:lang>
				<v8:content>ЧДЦ=2</v8:content>
			</v8:item>
		</format>
	</format>
	<format>
		<font>2</font>
		<border>0</border>
		<width>96</width>
		<horizontalAlignment>Center</horizontalAlignment>
		<verticalAlignment>Center</verticalAlignment>
		<fillType>Text</fillType>
	</format>
	<format>
		<border>0</border>
		<width>160</width>
	</format>
	<format>
		<width>72</width>
	</format>
</document>