﻿<?xml version="1.0" encoding="UTF-8"?>
<document xmlns="http://v8.1c.ru/8.2/data/spreadsheet" xmlns:style="http://v8.1c.ru/8.1/data/ui/style" xmlns:v8="http://v8.1c.ru/8.1/data/core" xmlns:v8ui="http://v8.1c.ru/8.1/data/ui" xmlns:xs="http://www.w3.org/2001/XMLSchema" xmlns:xsi="http://www.w3.org/2001/XMLSchema-instance">
	<languageSettings>
		<currentLanguage>ru</currentLanguage>
		<defaultLanguage/>
		<languageInfo>
			<id>#</id>
			<code>Язык по умолчанию</code>
			<description>Язык по умолчанию</description>
		</languageInfo>
		<languageInfo>
			<id>ru</id>
			<code>Русский</code>
			<description>Русский</description>
		</languageInfo>
	</languageSettings>
	<columns>
		<size>10</size>
		<columnsItem>
			<index>0</index>
			<column>
				<formatIndex>1</formatIndex>
			</column>
		</columnsItem>
		<columnsItem>
			<index>1</index>
			<column>
				<formatIndex>2</formatIndex>
			</column>
		</columnsItem>
		<columnsItem>
			<index>2</index>
			<column>
				<formatIndex>3</formatIndex>
			</column>
		</columnsItem>
		<columnsItem>
			<index>3</index>
			<column>
				<formatIndex>4</formatIndex>
			</column>
		</columnsItem>
		<columnsItem>
			<index>4</index>
			<column>
				<formatIndex>5</formatIndex>
			</column>
		</columnsItem>
		<columnsItem>
			<index>5</index>
			<column>
				<formatIndex>6</formatIndex>
			</column>
		</columnsItem>
		<columnsItem>
			<index>6</index>
			<column>
				<formatIndex>7</formatIndex>
			</column>
		</columnsItem>
		<columnsItem>
			<index>7</index>
			<column>
				<formatIndex>8</formatIndex>
			</column>
		</columnsItem>
		<columnsItem>
			<index>8</index>
			<column>
				<formatIndex>9</formatIndex>
			</column>
		</columnsItem>
		<columnsItem>
			<index>9</index>
			<column>
				<formatIndex>10</formatIndex>
			</column>
		</columnsItem>
	</columns>
	<columns>
		<id>d10462de-c987-11d7-959c-0040f4634aec</id>
		<size>3</size>
		<columnsItem>
			<index>0</index>
			<column>
				<formatIndex>11</formatIndex>
			</column>
		</columnsItem>
		<columnsItem>
			<index>1</index>
			<column>
				<formatIndex>12</formatIndex>
			</column>
		</columnsItem>
		<columnsItem>
			<index>2</index>
			<column>
				<formatIndex>12</formatIndex>
			</column>
		</columnsItem>
	</columns>
	<rowsItem>
		<index>1</index>
		<row>
			<formatIndex>13</formatIndex>
			<c>
				<i>2</i>
				<c>
					<f>14</f>
					<tl>
						<v8:item>
							<v8:lang/>
							<v8:content>Начисление суммой</v8:content>
						</v8:item>
						<v8:item>
							<v8:lang>ru</v8:lang>
							<v8:content>Постоянные удержания</v8:content>
						</v8:item>
					</tl>
				</c>
			</c>
		</row>
	</rowsItem>
	<rowsItem>
		<index>4</index>
		<row>
			<columnsID>d10462de-c987-11d7-959c-0040f4634aec</columnsID>
			<formatIndex>14</formatIndex>
			<c>
				<i>1</i>
				<c>
					<f>14</f>
					<tl>
						<v8:item>
							<v8:lang/>
							<v8:content>Номер</v8:content>
						</v8:item>
					</tl>
				</c>
			</c>
			<c>
				<c>
					<f>15</f>
					<parameter>Номер</parameter>
				</c>
			</c>
		</row>
	</rowsItem>
	<rowsItem>
		<index>5</index>
		<row>
			<columnsID>d10462de-c987-11d7-959c-0040f4634aec</columnsID>
			<formatIndex>14</formatIndex>
			<c>
				<i>1</i>
				<c>
					<f>14</f>
					<tl>
						<v8:item>
							<v8:lang/>
							<v8:content>Дата</v8:content>
						</v8:item>
					</tl>
				</c>
			</c>
			<c>
				<c>
					<f>15</f>
					<parameter>Дата</parameter>
				</c>
			</c>
		</row>
	</rowsItem>
	<rowsItem>
		<index>6</index>
		<row>
			<columnsID>d10462de-c987-11d7-959c-0040f4634aec</columnsID>
			<formatIndex>14</formatIndex>
			<c>
				<i>1</i>
				<c>
					<f>14</f>
					<tl>
						<v8:item>
							<v8:lang/>
							<v8:content>Вид документа</v8:content>
						</v8:item>
						<v8:item>
							<v8:lang>ru</v8:lang>
							<v8:content>За период</v8:content>
						</v8:item>
					</tl>
				</c>
			</c>
			<c>
				<c>
					<f>15</f>
					<parameter>Период</parameter>
				</c>
			</c>
		</row>
	</rowsItem>
	<rowsItem>
		<index>10</index>
		<row>
			<formatIndex>14</formatIndex>
			<c>
				<i>1</i>
				<c>
					<f>16</f>
				</c>
			</c>
			<c>
				<c>
					<f>17</f>
					<tl>
						<v8:item>
							<v8:lang>ru</v8:lang>
							<v8:content>Сотрудник</v8:content>
						</v8:item>
					</tl>
				</c>
			</c>
			<c>
				<c>
					<f>18</f>
					<tl>
						<v8:item>
							<v8:lang>ru</v8:lang>
							<v8:content>Должность</v8:content>
						</v8:item>
					</tl>
				</c>
			</c>
			<c>
				<c>
					<f>19</f>
					<tl>
						<v8:item>
							<v8:lang>ru</v8:lang>
							<v8:content>Удержание</v8:content>
						</v8:item>
					</tl>
				</c>
			</c>
			<c>
				<c>
					<f>20</f>
					<tl>
						<v8:item>
							<v8:lang>ru</v8:lang>
							<v8:content>База</v8:content>
						</v8:item>
					</tl>
				</c>
			</c>
			<c>
				<c>
					<f>20</f>
					<tl>
						<v8:item>
							<v8:lang>ru</v8:lang>
							<v8:content>Параметр</v8:content>
						</v8:item>
					</tl>
				</c>
			</c>
			<c>
				<c>
					<f>21</f>
					<tl>
						<v8:item>
							<v8:lang/>
							<v8:content>Сумма</v8:content>
						</v8:item>
					</tl>
				</c>
			</c>
			<c>
				<c>
					<f>22</f>
					<tl>
						<v8:item>
							<v8:lang>ru</v8:lang>
							<v8:content>Подразделение</v8:content>
						</v8:item>
					</tl>
				</c>
			</c>
			<c>
				<c>
					<f>23</f>
					<tl>
						<v8:item>
							<v8:lang/>
							<v8:content>Подразделение</v8:content>
						</v8:item>
						<v8:item>
							<v8:lang>ru</v8:lang>
							<v8:content>Примечание</v8:content>
						</v8:item>
					</tl>
				</c>
			</c>
		</row>
	</rowsItem>
	<rowsItem>
		<index>11</index>
		<row>
			<formatIndex>14</formatIndex>
			<c>
				<i>1</i>
				<c>
					<f>16</f>
					<tl>
						<v8:item>
							<v8:lang>ru</v8:lang>
							<v8:content>№</v8:content>
						</v8:item>
					</tl>
				</c>
			</c>
			<c>
				<c>
					<f>24</f>
					<tl>
						<v8:item>
							<v8:lang/>
							<v8:content>Сотрудник</v8:content>
						</v8:item>
						<v8:item>
							<v8:lang>ru</v8:lang>
							<v8:content>Таб. номер</v8:content>
						</v8:item>
					</tl>
				</c>
			</c>
			<c>
				<i>4</i>
				<c>
					<f>17</f>
					<tl>
						<v8:item>
							<v8:lang>ru</v8:lang>
							<v8:content>Статья удержаний</v8:content>
						</v8:item>
					</tl>
				</c>
			</c>
			<c>
				<i>6</i>
				<c>
					<f>17</f>
					<tl>
						<v8:item>
							<v8:lang>ru</v8:lang>
							<v8:content>Способ расчета</v8:content>
						</v8:item>
					</tl>
				</c>
			</c>
			<c>
				<i>8</i>
				<c>
					<f>17</f>
					<tl>
						<v8:item>
							<v8:lang>ru</v8:lang>
							<v8:content>Источник доходов</v8:content>
						</v8:item>
					</tl>
				</c>
			</c>
		</row>
	</rowsItem>
	<rowsItem>
		<index>12</index>
		<row>
			<formatIndex>25</formatIndex>
			<c>
				<i>1</i>
				<c>
					<f>26</f>
					<parameter>НомерСтроки</parameter>
				</c>
			</c>
			<c>
				<c>
					<f>27</f>
					<parameter>Сотрудник</parameter>
				</c>
			</c>
			<c>
				<c>
					<f>28</f>
					<parameter>Должность</parameter>
				</c>
			</c>
			<c>
				<c>
					<f>29</f>
					<parameter>Удержание</parameter>
				</c>
			</c>
			<c>
				<c>
					<f>30</f>
					<parameter>База</parameter>
				</c>
			</c>
			<c>
				<c>
					<f>31</f>
					<parameter>Параметр</parameter>
				</c>
			</c>
			<c>
				<c>
					<f>32</f>
					<parameter>Сумма</parameter>
				</c>
			</c>
			<c>
				<c>
					<f>33</f>
					<parameter>Подразделение</parameter>
				</c>
			</c>
			<c>
				<c>
					<f>27</f>
					<parameter>Примечание</parameter>
				</c>
			</c>
		</row>
	</rowsItem>
	<rowsItem>
		<index>13</index>
		<row>
			<formatIndex>25</formatIndex>
			<c>
				<i>2</i>
				<c>
					<f>27</f>
					<parameter>ТабНомер</parameter>
				</c>
			</c>
			<c>
				<i>4</i>
				<c>
					<f>29</f>
					<parameter>СтатьяУдержаний</parameter>
				</c>
			</c>
			<c>
				<i>6</i>
				<c>
					<f>31</f>
					<parameter>СпособРасчета</parameter>
				</c>
			</c>
			<c>
				<i>8</i>
				<c>
					<f>33</f>
					<parameter>ИсточникДоходов</parameter>
				</c>
			</c>
		</row>
	</rowsItem>
	<rowsItem>
		<index>14</index>
		<row>
			<c>
				<i>3</i>
				<c>
					<f>3</f>
				</c>
			</c>
		</row>
	</rowsItem>
	<rowsItem>
		<index>15</index>
		<row>
			<c>
				<i>3</i>
				<c>
					<f>3</f>
				</c>
			</c>
		</row>
	</rowsItem>
	<rowsItem>
		<index>16</index>
		<row>
			<c>
				<i>3</i>
				<c>
					<f>3</f>
				</c>
			</c>
		</row>
	</rowsItem>
	<rowsItem>
		<index>17</index>
		<row>
			<formatIndex>14</formatIndex>
			<c>
				<i>1</i>
				<c>
					<f>34</f>
					<tl>
						<v8:item>
							<v8:lang>ru</v8:lang>
							<v8:content>ИТОГО:</v8:content>
						</v8:item>
					</tl>
				</c>
			</c>
			<c>
				<c>
					<f>35</f>
				</c>
			</c>
			<c>
				<c>
					<f>36</f>
				</c>
			</c>
			<c>
				<c>
					<f>37</f>
				</c>
			</c>
			<c>
				<c>
					<f>38</f>
					<parameter>База</parameter>
				</c>
			</c>
			<c>
				<c>
					<f>39</f>
				</c>
			</c>
			<c>
				<c>
					<f>40</f>
					<parameter>Сумма</parameter>
				</c>
			</c>
			<c>
				<c>
					<f>41</f>
				</c>
			</c>
			<c>
				<c>
					<f>42</f>
				</c>
			</c>
		</row>
	</rowsItem>
	<templateMode>true</templateMode>
	<defaultFormatIndex>43</defaultFormatIndex>
	<height>18</height>
	<vgRows>18</vgRows>
	<merge>
		<r>10</r>
		<c>3</c>
		<h>1</h>
	</merge>
	<merge>
		<r>10</r>
		<c>5</c>
		<h>1</h>
	</merge>
	<merge>
		<r>10</r>
		<c>7</c>
		<h>1</h>
	</merge>
	<merge>
		<r>10</r>
		<c>9</c>
		<h>1</h>
	</merge>
	<merge>
		<r>12</r>
		<c>1</c>
		<h>1</h>
	</merge>
	<merge>
		<r>12</r>
		<c>3</c>
		<h>1</h>
	</merge>
	<merge>
		<r>12</r>
		<c>5</c>
		<h>1</h>
	</merge>
	<merge>
		<r>12</r>
		<c>7</c>
		<h>1</h>
	</merge>
	<merge>
		<r>12</r>
		<c>9</c>
		<h>1</h>
	</merge>
	<namedItem xsi:type="NamedItemCells">
		<name>Заголовок</name>
		<area>
			<type>Rows</type>
			<beginRow>1</beginRow>
			<endRow>1</endRow>
			<beginColumn>-1</beginColumn>
			<endColumn>-1</endColumn>
		</area>
	</namedItem>
	<namedItem xsi:type="NamedItemCells">
		<name>Итог</name>
		<area>
			<type>Rows</type>
			<beginRow>17</beginRow>
			<endRow>17</endRow>
			<beginColumn>-1</beginColumn>
			<endColumn>-1</endColumn>
		</area>
	</namedItem>
	<namedItem xsi:type="NamedItemCells">
		<name>Подвал</name>
		<area>
			<type>Rows</type>
			<beginRow>15</beginRow>
			<endRow>15</endRow>
			<beginColumn>-1</beginColumn>
			<endColumn>-1</endColumn>
		</area>
	</namedItem>
	<namedItem xsi:type="NamedItemCells">
		<name>ТаблицаДокумента</name>
		<area>
			<type>Rows</type>
			<beginRow>12</beginRow>
			<endRow>13</endRow>
			<beginColumn>-1</beginColumn>
			<endColumn>-1</endColumn>
		</area>
	</namedItem>
	<namedItem xsi:type="NamedItemCells">
		<name>ТаблицаДокументаШапка</name>
		<area>
			<type>Rows</type>
			<beginRow>9</beginRow>
			<endRow>11</endRow>
			<beginColumn>-1</beginColumn>
			<endColumn>-1</endColumn>
		</area>
	</namedItem>
	<namedItem xsi:type="NamedItemCells">
		<name>Шапка</name>
		<area>
			<type>Rows</type>
			<beginRow>3</beginRow>
			<endRow>6</endRow>
			<beginColumn>-1</beginColumn>
			<endColumn>-1</endColumn>
		</area>
	</namedItem>
	<line width="1" gap="false">
		<v8ui:style xsi:type="v8ui:SpreadsheetDocumentCellLineType">Solid</v8ui:style>
	</line>
	<line width="1" gap="false">
		<v8ui:style xsi:type="v8ui:SpreadsheetDocumentCellLineType">None</v8ui:style>
	</line>
	<font faceName="Arial" height="16.5" bold="true" italic="false" underline="false" strikeout="false" kind="Absolute"/>
	<font faceName="Arial" height="8.3" bold="true" italic="false" underline="false" strikeout="false" kind="Absolute"/>
	<font faceName="Arial" height="8" bold="true" italic="false" underline="false" strikeout="false" kind="Absolute"/>
	<format>
		<width>31</width>
	</format>
	<format>
		<width>40</width>
	</format>
	<format>
		<width>108</width>
		<protection>false</protection>
	</format>
	<format>
		<width>133</width>
	</format>
	<format>
		<width>133</width>
		<protection>false</protection>
	</format>
	<format>
		<width>87</width>
	</format>
	<format>
		<width>105</width>
		<protection>false</protection>
	</format>
	<format>
		<width>106</width>
	</format>
	<format>
		<width>151</width>
	</format>
	<format>
		<width>156</width>
	</format>
	<format>
		<width>43</width>
	</format>
	<format>
		<width>124</width>
		<protection>false</protection>
	</format>
	<format>
		<font>0</font>
		<protection>false</protection>
	</format>
	<format>
		<protection>false</protection>
	</format>
	<format>
		<fillType>Parameter</fillType>
		<protection>false</protection>
	</format>
	<format>
		<leftBorder>0</leftBorder>
		<topBorder>0</topBorder>
		<rightBorder>0</rightBorder>
	</format>
	<format>
		<font>1</font>
		<border>0</border>
		<horizontalAlignment>Center</horizontalAlignment>
		<verticalAlignment>Center</verticalAlignment>
	</format>
	<format>
		<font>1</font>
		<border>0</border>
		<width>108</width>
		<horizontalAlignment>Center</horizontalAlignment>
		<verticalAlignment>Center</verticalAlignment>
	</format>
	<format>
		<font>1</font>
		<border>0</border>
		<width>133</width>
		<horizontalAlignment>Center</horizontalAlignment>
		<verticalAlignment>Center</verticalAlignment>
		<protection>false</protection>
	</format>
	<format>
		<font>1</font>
		<border>0</border>
		<width>70</width>
		<horizontalAlignment>Center</horizontalAlignment>
		<verticalAlignment>Center</verticalAlignment>
		<protection>false</protection>
	</format>
	<format>
		<font>1</font>
		<border>0</border>
		<width>106</width>
		<horizontalAlignment>Center</horizontalAlignment>
		<verticalAlignment>Center</verticalAlignment>
		<protection>false</protection>
	</format>
	<format>
		<font>1</font>
		<border>0</border>
		<width>159</width>
		<horizontalAlignment>Center</horizontalAlignment>
		<verticalAlignment>Center</verticalAlignment>
		<protection>false</protection>
	</format>
	<format>
		<font>1</font>
		<border>0</border>
		<width>156</width>
		<horizontalAlignment>Center</horizontalAlignment>
		<verticalAlignment>Center</verticalAlignment>
		<protection>false</protection>
	</format>
	<format>
		<font>1</font>
		<border>0</border>
		<horizontalAlignment>Center</horizontalAlignment>
		<verticalAlignment>Center</verticalAlignment>
		<protection>false</protection>
	</format>
	<format>
		<verticalAlignment>Center</verticalAlignment>
		<protection>false</protection>
	</format>
	<format>
		<border>0</border>
		<verticalAlignment>Center</verticalAlignment>
		<fillType>Parameter</fillType>
	</format>
	<format>
		<border>0</border>
		<verticalAlignment>Center</verticalAlignment>
		<fillType>Parameter</fillType>
		<protection>false</protection>
	</format>
	<format>
		<border>0</border>
		<width>108</width>
		<horizontalAlignment>Left</horizontalAlignment>
		<verticalAlignment>Center</verticalAlignment>
		<fillType>Parameter</fillType>
		<protection>false</protection>
	</format>
	<format>
		<border>0</border>
		<width>109</width>
		<horizontalAlignment>Center</horizontalAlignment>
		<verticalAlignment>Center</verticalAlignment>
		<fillType>Parameter</fillType>
		<protection>false</protection>
		<markNegatives>true</markNegatives>
		<format>
			<v8:item>
				<v8:lang>ru</v8:lang>
				<v8:content>ЧЦ=15; ЧДЦ=2</v8:content>
			</v8:item>
		</format>
	</format>
	<format>
		<border>0</border>
		<width>109</width>
		<horizontalAlignment>Right</horizontalAlignment>
		<verticalAlignment>Center</verticalAlignment>
		<fillType>Parameter</fillType>
		<protection>false</protection>
		<markNegatives>true</markNegatives>
		<format>
			<v8:item>
				<v8:lang>ru</v8:lang>
				<v8:content>ЧЦ=15; ЧДЦ=2</v8:content>
			</v8:item>
		</format>
	</format>
	<format>
		<border>0</border>
		<width>109</width>
		<horizontalAlignment>Center</horizontalAlignment>
		<verticalAlignment>Center</verticalAlignment>
		<fillType>Parameter</fillType>
		<protection>false</protection>
		<markNegatives>true</markNegatives>
	</format>
	<format>
		<border>0</border>
		<horizontalAlignment>Right</horizontalAlignment>
		<verticalAlignment>Center</verticalAlignment>
		<fillType>Parameter</fillType>
		<protection>false</protection>
		<markNegatives>true</markNegatives>
		<format>
			<v8:item>
				<v8:lang>ru</v8:lang>
				<v8:content>ЧЦ=15; ЧДЦ=2</v8:content>
			</v8:item>
		</format>
	</format>
	<format>
		<border>0</border>
		<horizontalAlignment>Center</horizontalAlignment>
		<verticalAlignment>Center</verticalAlignment>
		<textPlacement>Wrap</textPlacement>
		<fillType>Parameter</fillType>
	</format>
	<format>
		<font>2</font>
		<leftBorder>0</leftBorder>
		<topBorder>0</topBorder>
		<bottomBorder>0</bottomBorder>
		<fillType>Text</fillType>
	</format>
	<format>
		<font>2</font>
		<topBorder>0</topBorder>
		<rightBorder>0</rightBorder>
		<bottomBorder>0</bottomBorder>
		<fillType>Text</fillType>
	</format>
	<format>
		<font>2</font>
		<topBorder>0</topBorder>
		<rightBorder>0</rightBorder>
		<bottomBorder>0</bottomBorder>
		<width>108</width>
		<fillType>Text</fillType>
		<protection>false</protection>
	</format>
	<format>
		<font>2</font>
		<border>0</border>
		<width>109</width>
		<horizontalAlignment>Right</horizontalAlignment>
		<protection>false</protection>
		<markNegatives>true</markNegatives>
		<format>
			<v8:item>
				<v8:lang>ru</v8:lang>
				<v8:content>ЧЦ=15; ЧДЦ=2</v8:content>
			</v8:item>
		</format>
	</format>
	<format>
		<font>2</font>
		<border>0</border>
		<width>109</width>
		<horizontalAlignment>Right</horizontalAlignment>
		<fillType>Parameter</fillType>
		<protection>false</protection>
		<markNegatives>true</markNegatives>
		<format>
			<v8:item>
				<v8:lang>ru</v8:lang>
				<v8:content>ЧЦ=15; ЧДЦ=2</v8:content>
			</v8:item>
		</format>
	</format>
	<format>
		<font>2</font>
		<border>0</border>
		<fillType>Text</fillType>
	</format>
	<format>
		<font>2</font>
		<border>0</border>
		<width>159</width>
		<horizontalAlignment>Right</horizontalAlignment>
		<fillType>Parameter</fillType>
		<protection>false</protection>
		<markNegatives>true</markNegatives>
		<format>
			<v8:item>
				<v8:lang>ru</v8:lang>
				<v8:content>ЧЦ=15; ЧДЦ=2</v8:content>
			</v8:item>
		</format>
	</format>
	<format>
		<font>2</font>
		<leftBorder>0</leftBorder>
		<topBorder>0</topBorder>
		<rightBorder>1</rightBorder>
		<bottomBorder>1</bottomBorder>
		<width>109</width>
		<horizontalAlignment>Center</horizontalAlignment>
		<fillType>Text</fillType>
		<protection>false</protection>
		<markNegatives>true</markNegatives>
	</format>
	<format>
		<font>2</font>
		<border>1</border>
	</format>
	<format>
		<width>72</width>
		<protection>false</protection>
	</format>
</document>