﻿<?xml version="1.0" encoding="UTF-8"?>
<document xmlns="http://v8.1c.ru/8.2/data/spreadsheet" xmlns:style="http://v8.1c.ru/8.1/data/ui/style" xmlns:v8="http://v8.1c.ru/8.1/data/core" xmlns:v8ui="http://v8.1c.ru/8.1/data/ui" xmlns:xs="http://www.w3.org/2001/XMLSchema" xmlns:xsi="http://www.w3.org/2001/XMLSchema-instance">
	<languageSettings>
		<currentLanguage>ru</currentLanguage>
		<defaultLanguage>ru</defaultLanguage>
		<languageInfo>
			<id>ru</id>
			<code>Русский</code>
			<description>Русский</description>
		</languageInfo>
	</languageSettings>
	<columns>
		<size>56</size>
		<columnsItem>
			<index>0</index>
			<column>
				<formatIndex>1</formatIndex>
			</column>
		</columnsItem>
		<columnsItem>
			<index>1</index>
			<column>
				<formatIndex>2</formatIndex>
			</column>
		</columnsItem>
		<columnsItem>
			<index>2</index>
			<column>
				<formatIndex>2</formatIndex>
			</column>
		</columnsItem>
		<columnsItem>
			<index>3</index>
			<column>
				<formatIndex>2</formatIndex>
			</column>
		</columnsItem>
		<columnsItem>
			<index>4</index>
			<column>
				<formatIndex>2</formatIndex>
			</column>
		</columnsItem>
		<columnsItem>
			<index>5</index>
			<column>
				<formatIndex>2</formatIndex>
			</column>
		</columnsItem>
		<columnsItem>
			<index>6</index>
			<column>
				<formatIndex>2</formatIndex>
			</column>
		</columnsItem>
		<columnsItem>
			<index>7</index>
			<column>
				<formatIndex>2</formatIndex>
			</column>
		</columnsItem>
		<columnsItem>
			<index>8</index>
			<column>
				<formatIndex>2</formatIndex>
			</column>
		</columnsItem>
		<columnsItem>
			<index>9</index>
			<column>
				<formatIndex>2</formatIndex>
			</column>
		</columnsItem>
		<columnsItem>
			<index>10</index>
			<column>
				<formatIndex>2</formatIndex>
			</column>
		</columnsItem>
		<columnsItem>
			<index>11</index>
			<column>
				<formatIndex>2</formatIndex>
			</column>
		</columnsItem>
		<columnsItem>
			<index>12</index>
			<column>
				<formatIndex>2</formatIndex>
			</column>
		</columnsItem>
		<columnsItem>
			<index>13</index>
			<column>
				<formatIndex>2</formatIndex>
			</column>
		</columnsItem>
		<columnsItem>
			<index>14</index>
			<column>
				<formatIndex>2</formatIndex>
			</column>
		</columnsItem>
		<columnsItem>
			<index>15</index>
			<column>
				<formatIndex>2</formatIndex>
			</column>
		</columnsItem>
		<columnsItem>
			<index>16</index>
			<column>
				<formatIndex>2</formatIndex>
			</column>
		</columnsItem>
		<columnsItem>
			<index>17</index>
			<column>
				<formatIndex>2</formatIndex>
			</column>
		</columnsItem>
		<columnsItem>
			<index>18</index>
			<column>
				<formatIndex>2</formatIndex>
			</column>
		</columnsItem>
		<columnsItem>
			<index>19</index>
			<column>
				<formatIndex>2</formatIndex>
			</column>
		</columnsItem>
		<columnsItem>
			<index>20</index>
			<column>
				<formatIndex>2</formatIndex>
			</column>
		</columnsItem>
		<columnsItem>
			<index>21</index>
			<column>
				<formatIndex>2</formatIndex>
			</column>
		</columnsItem>
		<columnsItem>
			<index>22</index>
			<column>
				<formatIndex>2</formatIndex>
			</column>
		</columnsItem>
		<columnsItem>
			<index>23</index>
			<column>
				<formatIndex>2</formatIndex>
			</column>
		</columnsItem>
		<columnsItem>
			<index>24</index>
			<column>
				<formatIndex>2</formatIndex>
			</column>
		</columnsItem>
		<columnsItem>
			<index>25</index>
			<column>
				<formatIndex>2</formatIndex>
			</column>
		</columnsItem>
		<columnsItem>
			<index>26</index>
			<column>
				<formatIndex>2</formatIndex>
			</column>
		</columnsItem>
		<columnsItem>
			<index>27</index>
			<column>
				<formatIndex>2</formatIndex>
			</column>
		</columnsItem>
		<columnsItem>
			<index>28</index>
			<column>
				<formatIndex>2</formatIndex>
			</column>
		</columnsItem>
		<columnsItem>
			<index>29</index>
			<column>
				<formatIndex>2</formatIndex>
			</column>
		</columnsItem>
		<columnsItem>
			<index>30</index>
			<column>
				<formatIndex>1</formatIndex>
			</column>
		</columnsItem>
		<columnsItem>
			<index>31</index>
			<column>
				<formatIndex>1</formatIndex>
			</column>
		</columnsItem>
		<columnsItem>
			<index>32</index>
			<column>
				<formatIndex>2</formatIndex>
			</column>
		</columnsItem>
		<columnsItem>
			<index>33</index>
			<column>
				<formatIndex>2</formatIndex>
			</column>
		</columnsItem>
		<columnsItem>
			<index>34</index>
			<column>
				<formatIndex>2</formatIndex>
			</column>
		</columnsItem>
		<columnsItem>
			<index>35</index>
			<column>
				<formatIndex>2</formatIndex>
			</column>
		</columnsItem>
		<columnsItem>
			<index>36</index>
			<column>
				<formatIndex>2</formatIndex>
			</column>
		</columnsItem>
		<columnsItem>
			<index>37</index>
			<column>
				<formatIndex>2</formatIndex>
			</column>
		</columnsItem>
		<columnsItem>
			<index>38</index>
			<column>
				<formatIndex>2</formatIndex>
			</column>
		</columnsItem>
		<columnsItem>
			<index>39</index>
			<column>
				<formatIndex>2</formatIndex>
			</column>
		</columnsItem>
		<columnsItem>
			<index>40</index>
			<column>
				<formatIndex>2</formatIndex>
			</column>
		</columnsItem>
		<columnsItem>
			<index>41</index>
			<column>
				<formatIndex>2</formatIndex>
			</column>
		</columnsItem>
		<columnsItem>
			<index>42</index>
			<column>
				<formatIndex>2</formatIndex>
			</column>
		</columnsItem>
		<columnsItem>
			<index>43</index>
			<column>
				<formatIndex>2</formatIndex>
			</column>
		</columnsItem>
		<columnsItem>
			<index>44</index>
			<column>
				<formatIndex>2</formatIndex>
			</column>
		</columnsItem>
		<columnsItem>
			<index>45</index>
			<column>
				<formatIndex>2</formatIndex>
			</column>
		</columnsItem>
		<columnsItem>
			<index>46</index>
			<column>
				<formatIndex>1</formatIndex>
			</column>
		</columnsItem>
		<columnsItem>
			<index>47</index>
			<column>
				<formatIndex>1</formatIndex>
			</column>
		</columnsItem>
		<columnsItem>
			<index>48</index>
			<column>
				<formatIndex>2</formatIndex>
			</column>
		</columnsItem>
		<columnsItem>
			<index>49</index>
			<column>
				<formatIndex>2</formatIndex>
			</column>
		</columnsItem>
		<columnsItem>
			<index>50</index>
			<column>
				<formatIndex>2</formatIndex>
			</column>
		</columnsItem>
		<columnsItem>
			<index>51</index>
			<column>
				<formatIndex>2</formatIndex>
			</column>
		</columnsItem>
		<columnsItem>
			<index>52</index>
			<column>
				<formatIndex>2</formatIndex>
			</column>
		</columnsItem>
		<columnsItem>
			<index>53</index>
			<column>
				<formatIndex>2</formatIndex>
			</column>
		</columnsItem>
		<columnsItem>
			<index>54</index>
			<column>
				<formatIndex>2</formatIndex>
			</column>
		</columnsItem>
		<columnsItem>
			<index>55</index>
			<column>
				<formatIndex>1</formatIndex>
			</column>
		</columnsItem>
	</columns>
	<rowsItem>
		<index>0</index>
		<row>
			<formatIndex>3</formatIndex>
			<empty>true</empty>
		</row>
	</rowsItem>
	<rowsItem>
		<index>1</index>
		<row>
			<formatIndex>4</formatIndex>
			<c>
				<i>1</i>
				<c>
					<f>5</f>
					<tl>
						<v8:item>
							<v8:lang>ru</v8:lang>
							<v8:content>Форма СПВ-1</v8:content>
						</v8:item>
					</tl>
				</c>
			</c>
			<c>
				<i>19</i>
				<c>
					<f>6</f>
					<tl>
						<v8:item>
							<v8:lang>ru</v8:lang>
							<v8:content>Код по ОКУД</v8:content>
						</v8:item>
					</tl>
				</c>
			</c>
			<c>
				<c>
					<f>7</f>
				</c>
			</c>
			<c>
				<i>45</i>
				<c>
					<f>6</f>
					<tl>
						<v8:item>
							<v8:lang>ru</v8:lang>
							<v8:content>Код по ОКПО</v8:content>
						</v8:item>
					</tl>
				</c>
			</c>
			<c>
				<c>
					<f>8</f>
					<parameter>ОКПО</parameter>
				</c>
			</c>
			<c>
				<i>55</i>
				<c>
					<f>9</f>
				</c>
			</c>
		</row>
	</rowsItem>
	<rowsItem>
		<index>2</index>
		<row>
			<formatIndex>9</formatIndex>
			<c>
				<i>52</i>
				<c>
					<f>9</f>
				</c>
			</c>
		</row>
	</rowsItem>
	<rowsItem>
		<index>3</index>
		<row>
			<formatIndex>9</formatIndex>
			<c>
				<i>1</i>
				<c>
					<f>10</f>
					<tl>
						<v8:item>
							<v8:lang>ru</v8:lang>
							<v8:content>Сведения о начисленных, уплаченных страховых взносах на обязательное пенсионное страхование и страховом стаже застрахованного лица для установления трудовой пенсии</v8:content>
						</v8:item>
					</tl>
				</c>
			</c>
		</row>
	</rowsItem>
	<rowsItem>
		<index>4</index>
		<row>
			<formatIndex>11</formatIndex>
			<empty>true</empty>
		</row>
	</rowsItem>
	<rowsItem>
		<index>5</index>
		<row>
			<formatIndex>12</formatIndex>
			<c>
				<i>1</i>
				<c>
					<f>13</f>
					<tl>
						<v8:item>
							<v8:lang>ru</v8:lang>
							<v8:content>Реквизиты страхователя:</v8:content>
						</v8:item>
					</tl>
				</c>
			</c>
		</row>
	</rowsItem>
	<rowsItem>
		<index>6</index>
		<row>
			<formatIndex>3</formatIndex>
			<c>
				<i>41</i>
				<c>
					<f>14</f>
				</c>
			</c>
			<c>
				<c>
					<f>15</f>
				</c>
			</c>
			<c>
				<c>
					<f>15</f>
				</c>
			</c>
			<c>
				<c>
					<f>15</f>
				</c>
			</c>
			<c>
				<c>
					<f>15</f>
				</c>
			</c>
			<c>
				<c>
					<f>15</f>
				</c>
			</c>
			<c>
				<i>48</i>
				<c>
					<f>15</f>
				</c>
			</c>
			<c>
				<c>
					<f>15</f>
				</c>
			</c>
			<c>
				<c>
					<f>15</f>
				</c>
			</c>
			<c>
				<c>
					<f>15</f>
				</c>
			</c>
			<c>
				<c>
					<f>15</f>
				</c>
			</c>
			<c>
				<c>
					<f>15</f>
				</c>
			</c>
			<c>
				<c>
					<f>16</f>
				</c>
			</c>
		</row>
	</rowsItem>
	<rowsItem>
		<index>7</index>
		<row>
			<formatIndex>17</formatIndex>
			<c>
				<i>1</i>
				<c>
					<f>9</f>
					<tl>
						<v8:item>
							<v8:lang>ru</v8:lang>
							<v8:content>Регистрационный номер в ПФР</v8:content>
						</v8:item>
					</tl>
				</c>
			</c>
			<c>
				<i>15</i>
				<c>
					<f>18</f>
					<parameter>РегНомПФР</parameter>
				</c>
			</c>
			<c>
				<i>41</i>
				<c>
					<f>19</f>
				</c>
			</c>
			<c>
				<c>
					<f>20</f>
					<tl>
						<v8:item>
							<v8:lang>ru</v8:lang>
							<v8:content>Тип сведений</v8:content>
						</v8:item>
					</tl>
				</c>
			</c>
			<c>
				<i>54</i>
				<c>
					<f>21</f>
				</c>
			</c>
		</row>
	</rowsItem>
	<rowsItem>
		<index>8</index>
		<row>
			<formatIndex>22</formatIndex>
			<c>
				<i>12</i>
				<c>
					<f>23</f>
					<parameter>НаименованиеОрганизации</parameter>
				</c>
			</c>
			<c>
				<i>41</i>
				<c>
					<f>19</f>
				</c>
			</c>
			<c>
				<i>54</i>
				<c>
					<f>21</f>
				</c>
			</c>
		</row>
	</rowsItem>
	<rowsItem>
		<index>9</index>
		<row>
			<formatIndex>17</formatIndex>
			<c>
				<i>1</i>
				<c>
					<f>9</f>
					<tl>
						<v8:item>
							<v8:lang>ru</v8:lang>
							<v8:content>Наименование (краткое)</v8:content>
						</v8:item>
					</tl>
				</c>
			</c>
			<c>
				<i>41</i>
				<c>
					<f>19</f>
				</c>
			</c>
			<c>
				<c>
					<f>24</f>
					<parameter>ФлагИсхд</parameter>
				</c>
			</c>
			<c>
				<i>44</i>
				<c>
					<f>25</f>
					<tl>
						<v8:item>
							<v8:lang>ru</v8:lang>
							<v8:content>   - исходная</v8:content>
						</v8:item>
					</tl>
				</c>
			</c>
			<c>
				<c>
					<f>25</f>
				</c>
			</c>
			<c>
				<c>
					<f>25</f>
				</c>
			</c>
			<c>
				<c>
					<f>25</f>
				</c>
			</c>
			<c>
				<c>
					<f>25</f>
				</c>
			</c>
			<c>
				<c>
					<f>25</f>
				</c>
			</c>
			<c>
				<c>
					<f>25</f>
				</c>
			</c>
			<c>
				<c>
					<f>25</f>
				</c>
			</c>
			<c>
				<c>
					<f>25</f>
				</c>
			</c>
			<c>
				<i>54</i>
				<c>
					<f>21</f>
				</c>
			</c>
		</row>
	</rowsItem>
	<rowsItem>
		<index>10</index>
		<row>
			<formatIndex>22</formatIndex>
			<c>
				<i>41</i>
				<c>
					<f>19</f>
				</c>
			</c>
			<c>
				<i>53</i>
				<c>
					<f>26</f>
				</c>
			</c>
			<c>
				<c>
					<f>21</f>
				</c>
			</c>
		</row>
	</rowsItem>
	<rowsItem>
		<index>11</index>
		<row>
			<formatIndex>17</formatIndex>
			<c>
				<i>1</i>
				<c>
					<f>9</f>
					<tl>
						<v8:item>
							<v8:lang>ru</v8:lang>
							<v8:content>ИНН</v8:content>
						</v8:item>
					</tl>
				</c>
			</c>
			<c>
				<i>4</i>
				<c>
					<f>18</f>
					<parameter>ИНН</parameter>
				</c>
			</c>
			<c>
				<i>21</i>
				<c>
					<f>9</f>
					<tl>
						<v8:item>
							<v8:lang>ru</v8:lang>
							<v8:content>КПП</v8:content>
						</v8:item>
					</tl>
				</c>
			</c>
			<c>
				<i>24</i>
				<c>
					<f>18</f>
					<parameter>КПП</parameter>
				</c>
			</c>
			<c>
				<i>41</i>
				<c>
					<f>19</f>
				</c>
			</c>
			<c>
				<i>54</i>
				<c>
					<f>21</f>
				</c>
			</c>
		</row>
	</rowsItem>
	<rowsItem>
		<index>12</index>
		<row>
			<formatIndex>22</formatIndex>
			<c>
				<i>41</i>
				<c>
					<f>19</f>
				</c>
			</c>
			<c>
				<i>46</i>
				<c>
					<f>26</f>
				</c>
			</c>
			<c>
				<i>48</i>
				<c>
					<f>26</f>
				</c>
			</c>
			<c>
				<c>
					<f>26</f>
				</c>
			</c>
			<c>
				<c>
					<f>26</f>
				</c>
			</c>
			<c>
				<c>
					<f>26</f>
				</c>
			</c>
			<c>
				<c>
					<f>26</f>
				</c>
			</c>
			<c>
				<i>54</i>
				<c>
					<f>21</f>
				</c>
			</c>
		</row>
	</rowsItem>
	<rowsItem>
		<index>13</index>
		<row>
			<formatIndex>17</formatIndex>
			<c>
				<i>1</i>
				<c>
					<f>27</f>
					<tl>
						<v8:item>
							<v8:lang>ru</v8:lang>
							<v8:content>Код категории застрахованного лица</v8:content>
						</v8:item>
					</tl>
				</c>
			</c>
			<c>
				<c>
					<f>27</f>
				</c>
			</c>
			<c>
				<c>
					<f>27</f>
				</c>
			</c>
			<c>
				<c>
					<f>27</f>
				</c>
			</c>
			<c>
				<c>
					<f>27</f>
				</c>
			</c>
			<c>
				<c>
					<f>27</f>
				</c>
			</c>
			<c>
				<c>
					<f>27</f>
				</c>
			</c>
			<c>
				<c>
					<f>27</f>
				</c>
			</c>
			<c>
				<c>
					<f>27</f>
				</c>
			</c>
			<c>
				<c>
					<f>27</f>
				</c>
			</c>
			<c>
				<c>
					<f>27</f>
				</c>
			</c>
			<c>
				<c>
					<f>27</f>
				</c>
			</c>
			<c>
				<c>
					<f>27</f>
				</c>
			</c>
			<c>
				<c>
					<f>27</f>
				</c>
			</c>
			<c>
				<c>
					<f>20</f>
				</c>
			</c>
			<c>
				<c>
					<f>20</f>
				</c>
			</c>
			<c>
				<c>
					<f>18</f>
					<parameter>КатегорияПлательщиков</parameter>
				</c>
			</c>
			<c>
				<i>41</i>
				<c>
					<f>19</f>
				</c>
			</c>
			<c>
				<c>
					<f>24</f>
					<parameter>ФлагКорр</parameter>
				</c>
			</c>
			<c>
				<i>44</i>
				<c>
					<f>26</f>
					<tl>
						<v8:item>
							<v8:lang>ru</v8:lang>
							<v8:content>   - корректирующая</v8:content>
						</v8:item>
					</tl>
				</c>
			</c>
			<c>
				<c>
					<f>26</f>
				</c>
			</c>
			<c>
				<c>
					<f>26</f>
				</c>
			</c>
			<c>
				<c>
					<f>26</f>
				</c>
			</c>
			<c>
				<c>
					<f>26</f>
				</c>
			</c>
			<c>
				<c>
					<f>26</f>
				</c>
			</c>
			<c>
				<c>
					<f>26</f>
				</c>
			</c>
			<c>
				<c>
					<f>26</f>
				</c>
			</c>
			<c>
				<i>53</i>
				<c>
					<f>26</f>
				</c>
			</c>
			<c>
				<c>
					<f>21</f>
				</c>
			</c>
		</row>
	</rowsItem>
	<rowsItem>
		<index>14</index>
		<row>
			<formatIndex>22</formatIndex>
			<c>
				<i>1</i>
				<c>
					<f>27</f>
				</c>
			</c>
			<c>
				<c>
					<f>27</f>
				</c>
			</c>
			<c>
				<c>
					<f>27</f>
				</c>
			</c>
			<c>
				<c>
					<f>27</f>
				</c>
			</c>
			<c>
				<c>
					<f>27</f>
				</c>
			</c>
			<c>
				<c>
					<f>27</f>
				</c>
			</c>
			<c>
				<c>
					<f>27</f>
				</c>
			</c>
			<c>
				<c>
					<f>27</f>
				</c>
			</c>
			<c>
				<c>
					<f>27</f>
				</c>
			</c>
			<c>
				<c>
					<f>27</f>
				</c>
			</c>
			<c>
				<c>
					<f>27</f>
				</c>
			</c>
			<c>
				<c>
					<f>27</f>
				</c>
			</c>
			<c>
				<c>
					<f>27</f>
				</c>
			</c>
			<c>
				<c>
					<f>27</f>
				</c>
			</c>
			<c>
				<i>41</i>
				<c>
					<f>19</f>
				</c>
			</c>
			<c>
				<i>53</i>
				<c>
					<f>26</f>
				</c>
			</c>
			<c>
				<c>
					<f>21</f>
				</c>
			</c>
		</row>
	</rowsItem>
	<rowsItem>
		<index>15</index>
		<row>
			<formatIndex>17</formatIndex>
			<c>
				<i>1</i>
				<c>
					<f>9</f>
					<tl>
						<v8:item>
							<v8:lang>ru</v8:lang>
							<v8:content>Дата составления на</v8:content>
						</v8:item>
					</tl>
				</c>
			</c>
			<c>
				<c>
					<f>9</f>
				</c>
			</c>
			<c>
				<c>
					<f>9</f>
				</c>
			</c>
			<c>
				<c>
					<f>9</f>
				</c>
			</c>
			<c>
				<c>
					<f>9</f>
				</c>
			</c>
			<c>
				<c>
					<f>9</f>
				</c>
			</c>
			<c>
				<c>
					<f>9</f>
				</c>
			</c>
			<c>
				<c>
					<f>9</f>
				</c>
			</c>
			<c>
				<c>
					<f>9</f>
				</c>
			</c>
			<c>
				<c>
					<f>9</f>
				</c>
			</c>
			<c>
				<c>
					<f>9</f>
				</c>
			</c>
			<c>
				<c>
					<f>9</f>
				</c>
			</c>
			<c>
				<c>
					<f>28</f>
					<parameter>ДатаСоставленияНа</parameter>
				</c>
			</c>
			<c>
				<i>41</i>
				<c>
					<f>19</f>
				</c>
			</c>
			<c>
				<i>43</i>
				<c>
					<f>9</f>
				</c>
			</c>
			<c>
				<i>45</i>
				<c>
					<f>26</f>
				</c>
			</c>
			<c>
				<c>
					<f>26</f>
				</c>
			</c>
			<c>
				<i>48</i>
				<c>
					<f>26</f>
				</c>
			</c>
			<c>
				<c>
					<f>26</f>
				</c>
			</c>
			<c>
				<c>
					<f>26</f>
				</c>
			</c>
			<c>
				<c>
					<f>26</f>
				</c>
			</c>
			<c>
				<c>
					<f>26</f>
				</c>
			</c>
			<c>
				<c>
					<f>26</f>
				</c>
			</c>
			<c>
				<c>
					<f>21</f>
				</c>
			</c>
		</row>
	</rowsItem>
	<rowsItem>
		<index>16</index>
		<row>
			<formatIndex>22</formatIndex>
			<c>
				<i>1</i>
				<c>
					<f>27</f>
				</c>
			</c>
			<c>
				<c>
					<f>27</f>
				</c>
			</c>
			<c>
				<c>
					<f>27</f>
				</c>
			</c>
			<c>
				<c>
					<f>27</f>
				</c>
			</c>
			<c>
				<c>
					<f>27</f>
				</c>
			</c>
			<c>
				<c>
					<f>27</f>
				</c>
			</c>
			<c>
				<c>
					<f>27</f>
				</c>
			</c>
			<c>
				<c>
					<f>27</f>
				</c>
			</c>
			<c>
				<c>
					<f>27</f>
				</c>
			</c>
			<c>
				<c>
					<f>27</f>
				</c>
			</c>
			<c>
				<c>
					<f>27</f>
				</c>
			</c>
			<c>
				<c>
					<f>27</f>
				</c>
			</c>
			<c>
				<c>
					<f>27</f>
				</c>
			</c>
			<c>
				<c>
					<f>27</f>
				</c>
			</c>
			<c>
				<i>41</i>
				<c>
					<f>19</f>
				</c>
			</c>
			<c>
				<i>45</i>
				<c>
					<f>26</f>
				</c>
			</c>
			<c>
				<c>
					<f>26</f>
				</c>
			</c>
			<c>
				<i>48</i>
				<c>
					<f>26</f>
				</c>
			</c>
			<c>
				<c>
					<f>26</f>
				</c>
			</c>
			<c>
				<c>
					<f>26</f>
				</c>
			</c>
			<c>
				<c>
					<f>26</f>
				</c>
			</c>
			<c>
				<c>
					<f>26</f>
				</c>
			</c>
			<c>
				<c>
					<f>26</f>
				</c>
			</c>
			<c>
				<c>
					<f>21</f>
				</c>
			</c>
		</row>
	</rowsItem>
	<rowsItem>
		<index>17</index>
		<row>
			<formatIndex>17</formatIndex>
			<c>
				<i>1</i>
				<c>
					<f>9</f>
					<tl>
						<v8:item>
							<v8:lang>ru</v8:lang>
							<v8:content>Дата представления в ПФР</v8:content>
						</v8:item>
					</tl>
				</c>
			</c>
			<c>
				<c>
					<f>9</f>
				</c>
			</c>
			<c>
				<c>
					<f>9</f>
				</c>
			</c>
			<c>
				<c>
					<f>9</f>
				</c>
			</c>
			<c>
				<c>
					<f>9</f>
				</c>
			</c>
			<c>
				<c>
					<f>9</f>
				</c>
			</c>
			<c>
				<c>
					<f>9</f>
				</c>
			</c>
			<c>
				<c>
					<f>9</f>
				</c>
			</c>
			<c>
				<c>
					<f>9</f>
				</c>
			</c>
			<c>
				<c>
					<f>9</f>
				</c>
			</c>
			<c>
				<c>
					<f>9</f>
				</c>
			</c>
			<c>
				<c>
					<f>9</f>
				</c>
			</c>
			<c>
				<c>
					<f>29</f>
				</c>
			</c>
			<c>
				<i>41</i>
				<c>
					<f>19</f>
				</c>
			</c>
			<c>
				<c>
					<f>24</f>
					<parameter>ФлагОтмн</parameter>
				</c>
			</c>
			<c>
				<i>44</i>
				<c>
					<f>26</f>
					<tl>
						<v8:item>
							<v8:lang>ru</v8:lang>
							<v8:content>   - отменяющая</v8:content>
						</v8:item>
					</tl>
				</c>
			</c>
			<c>
				<c>
					<f>26</f>
				</c>
			</c>
			<c>
				<c>
					<f>26</f>
				</c>
			</c>
			<c>
				<c>
					<f>26</f>
				</c>
			</c>
			<c>
				<c>
					<f>26</f>
				</c>
			</c>
			<c>
				<c>
					<f>26</f>
				</c>
			</c>
			<c>
				<c>
					<f>26</f>
				</c>
			</c>
			<c>
				<c>
					<f>26</f>
				</c>
			</c>
			<c>
				<c>
					<f>26</f>
				</c>
			</c>
			<c>
				<c>
					<f>26</f>
				</c>
			</c>
			<c>
				<c>
					<f>21</f>
				</c>
			</c>
		</row>
	</rowsItem>
	<rowsItem>
		<index>18</index>
		<row>
			<formatIndex>3</formatIndex>
			<c>
				<i>1</i>
				<c>
					<f>9</f>
				</c>
			</c>
			<c>
				<c>
					<f>9</f>
				</c>
			</c>
			<c>
				<c>
					<f>9</f>
				</c>
			</c>
			<c>
				<c>
					<f>9</f>
				</c>
			</c>
			<c>
				<c>
					<f>9</f>
				</c>
			</c>
			<c>
				<c>
					<f>9</f>
				</c>
			</c>
			<c>
				<c>
					<f>9</f>
				</c>
			</c>
			<c>
				<c>
					<f>9</f>
				</c>
			</c>
			<c>
				<c>
					<f>9</f>
				</c>
			</c>
			<c>
				<c>
					<f>9</f>
				</c>
			</c>
			<c>
				<c>
					<f>9</f>
				</c>
			</c>
			<c>
				<i>41</i>
				<c>
					<f>30</f>
				</c>
			</c>
			<c>
				<c>
					<f>31</f>
				</c>
			</c>
			<c>
				<c>
					<f>31</f>
				</c>
			</c>
			<c>
				<c>
					<f>32</f>
				</c>
			</c>
			<c>
				<c>
					<f>32</f>
				</c>
			</c>
			<c>
				<c>
					<f>32</f>
				</c>
			</c>
			<c>
				<i>48</i>
				<c>
					<f>32</f>
				</c>
			</c>
			<c>
				<c>
					<f>32</f>
				</c>
			</c>
			<c>
				<c>
					<f>32</f>
				</c>
			</c>
			<c>
				<c>
					<f>32</f>
				</c>
			</c>
			<c>
				<c>
					<f>32</f>
				</c>
			</c>
			<c>
				<c>
					<f>32</f>
				</c>
			</c>
			<c>
				<c>
					<f>33</f>
				</c>
			</c>
		</row>
	</rowsItem>
	<rowsItem>
		<index>19</index>
		<row>
			<formatIndex>4</formatIndex>
			<c>
				<i>1</i>
				<c>
					<f>9</f>
					<tl>
						<v8:item>
							<v8:lang>ru</v8:lang>
							<v8:content>Отчетный период:</v8:content>
						</v8:item>
					</tl>
				</c>
			</c>
		</row>
	</rowsItem>
	<rowsItem>
		<index>20</index>
		<row>
			<formatIndex>22</formatIndex>
			<empty>true</empty>
		</row>
	</rowsItem>
	<rowsItem>
		<index>21</index>
		<row>
			<formatIndex>17</formatIndex>
			<c>
				<i>4</i>
				<c>
					<f>34</f>
					<tl>
						<v8:item>
							<v8:lang>ru</v8:lang>
							<v8:content>I квартал</v8:content>
						</v8:item>
					</tl>
				</c>
			</c>
			<c>
				<c>
					<f>24</f>
					<parameter>ФлагКвартал</parameter>
				</c>
			</c>
			<c>
				<i>13</i>
				<c>
					<f>6</f>
					<tl>
						<v8:item>
							<v8:lang>ru</v8:lang>
							<v8:content>I полугодие</v8:content>
						</v8:item>
					</tl>
				</c>
			</c>
			<c>
				<c>
					<f>24</f>
					<parameter>ФлагПолугодие</parameter>
				</c>
			</c>
			<c>
				<i>21</i>
				<c>
					<f>6</f>
					<tl>
						<v8:item>
							<v8:lang>ru</v8:lang>
							<v8:content>9 месяцев</v8:content>
						</v8:item>
					</tl>
				</c>
			</c>
			<c>
				<c>
					<f>24</f>
					<parameter>Флаг9месяцев</parameter>
				</c>
			</c>
			<c>
				<i>28</i>
				<c>
					<f>6</f>
					<tl>
						<v8:item>
							<v8:lang>ru</v8:lang>
							<v8:content>год</v8:content>
						</v8:item>
					</tl>
				</c>
			</c>
			<c>
				<c>
					<f>24</f>
					<parameter>ФлагГод</parameter>
				</c>
			</c>
		</row>
	</rowsItem>
	<rowsItem>
		<index>22</index>
		<row>
			<formatIndex>22</formatIndex>
			<empty>true</empty>
		</row>
	</rowsItem>
	<rowsItem>
		<index>23</index>
		<row>
			<formatIndex>17</formatIndex>
			<c>
				<i>1</i>
				<c>
					<f>9</f>
					<tl>
						<v8:item>
							<v8:lang>ru</v8:lang>
							<v8:content>Календарного года</v8:content>
						</v8:item>
					</tl>
				</c>
			</c>
			<c>
				<i>10</i>
				<c>
					<f>35</f>
					<parameter>Год</parameter>
				</c>
			</c>
		</row>
	</rowsItem>
	<rowsItem>
		<index>24</index>
		<row>
			<formatIndex>22</formatIndex>
			<empty>true</empty>
		</row>
	</rowsItem>
	<rowsItem>
		<index>25</index>
		<row>
			<formatIndex>17</formatIndex>
			<c>
				<i>1</i>
				<c>
					<f>9</f>
					<tl>
						<v8:item>
							<v8:lang>ru</v8:lang>
							<v8:content>Отчетный период 2010 года:</v8:content>
						</v8:item>
					</tl>
				</c>
			</c>
			<c>
				<i>21</i>
				<c>
					<f>6</f>
					<tl>
						<v8:item>
							<v8:lang>ru</v8:lang>
							<v8:content>I полугодие</v8:content>
						</v8:item>
					</tl>
				</c>
			</c>
			<c>
				<c>
					<f>24</f>
					<parameter>ФлагПолугодие10</parameter>
				</c>
			</c>
			<c>
				<i>28</i>
				<c>
					<f>6</f>
					<tl>
						<v8:item>
							<v8:lang>ru</v8:lang>
							<v8:content>год</v8:content>
						</v8:item>
					</tl>
				</c>
			</c>
			<c>
				<c>
					<f>24</f>
					<parameter>ФлагГод10</parameter>
				</c>
			</c>
		</row>
	</rowsItem>
	<rowsItem>
		<index>26</index>
		<row>
			<formatIndex>11</formatIndex>
			<empty>true</empty>
		</row>
	</rowsItem>
	<rowsItem>
		<index>27</index>
		<row>
			<formatIndex>11</formatIndex>
			<c>
				<i>1</i>
				<c>
					<f>13</f>
					<tl>
						<v8:item>
							<v8:lang>ru</v8:lang>
							<v8:content>Сведения о застрахованном лице:</v8:content>
						</v8:item>
					</tl>
				</c>
			</c>
		</row>
	</rowsItem>
	<rowsItem>
		<index>28</index>
		<row>
			<formatIndex>3</formatIndex>
			<empty>true</empty>
		</row>
	</rowsItem>
	<rowsItem>
		<index>29</index>
		<row>
			<formatIndex>11</formatIndex>
			<c>
				<i>1</i>
				<c>
					<f>36</f>
					<tl>
						<v8:item>
							<v8:lang>ru</v8:lang>
							<v8:content>Страховой номер</v8:content>
						</v8:item>
					</tl>
				</c>
			</c>
			<c>
				<i>8</i>
				<c>
					<f>36</f>
					<tl>
						<v8:item>
							<v8:lang>ru</v8:lang>
							<v8:content>Фамилия,
Имя,
Отчество</v8:content>
						</v8:item>
					</tl>
				</c>
			</c>
			<c>
				<i>23</i>
				<c>
					<f>37</f>
					<tl>
						<v8:item>
							<v8:lang>ru</v8:lang>
							<v8:content>Сумма страховых взносов на страховую часть трудовой пенсии</v8:content>
						</v8:item>
					</tl>
				</c>
			</c>
			<c>
				<i>39</i>
				<c>
					<f>37</f>
					<tl>
						<v8:item>
							<v8:lang>ru</v8:lang>
							<v8:content>Сумма страховых взносов на накопительную часть трудовой пенсии</v8:content>
						</v8:item>
					</tl>
				</c>
			</c>
		</row>
	</rowsItem>
	<rowsItem>
		<index>30</index>
		<row>
			<formatIndex>11</formatIndex>
			<c>
				<i>23</i>
				<c>
					<f>38</f>
					<tl>
						<v8:item>
							<v8:lang>ru</v8:lang>
							<v8:content>Начислено</v8:content>
						</v8:item>
					</tl>
				</c>
			</c>
			<c>
				<i>31</i>
				<c>
					<f>39</f>
					<tl>
						<v8:item>
							<v8:lang>ru</v8:lang>
							<v8:content>Уплачено</v8:content>
						</v8:item>
					</tl>
				</c>
			</c>
			<c>
				<i>39</i>
				<c>
					<f>38</f>
					<tl>
						<v8:item>
							<v8:lang>ru</v8:lang>
							<v8:content>Начислено</v8:content>
						</v8:item>
					</tl>
				</c>
			</c>
			<c>
				<i>47</i>
				<c>
					<f>39</f>
					<tl>
						<v8:item>
							<v8:lang>ru</v8:lang>
							<v8:content>Уплачено</v8:content>
						</v8:item>
					</tl>
				</c>
			</c>
		</row>
	</rowsItem>
	<rowsItem>
		<index>31</index>
		<row>
			<formatIndex>11</formatIndex>
			<c>
				<i>1</i>
				<c>
					<f>40</f>
					<parameter>НомерСС</parameter>
				</c>
			</c>
			<c>
				<i>8</i>
				<c>
					<f>41</f>
					<parameter>ФИО</parameter>
				</c>
			</c>
			<c>
				<i>23</i>
				<c>
					<f>42</f>
					<parameter>СуммаСтрахЧасть</parameter>
				</c>
			</c>
			<c>
				<i>31</i>
				<c>
					<f>43</f>
					<parameter>СуммаСтрахЧастьУплачено</parameter>
				</c>
			</c>
			<c>
				<i>39</i>
				<c>
					<f>42</f>
					<parameter>СуммаНакЧасть</parameter>
				</c>
			</c>
			<c>
				<i>47</i>
				<c>
					<f>43</f>
					<parameter>СуммаНакЧастьУплачено</parameter>
				</c>
			</c>
		</row>
	</rowsItem>
	<rowsItem>
		<index>32</index>
		<row>
			<formatIndex>11</formatIndex>
			<empty>true</empty>
		</row>
	</rowsItem>
	<rowsItem>
		<index>33</index>
		<row>
			<formatIndex>11</formatIndex>
			<c>
				<i>1</i>
				<c>
					<f>13</f>
					<tl>
						<v8:item>
							<v8:lang>ru</v8:lang>
							<v8:content>Стаж работы:</v8:content>
						</v8:item>
					</tl>
				</c>
			</c>
		</row>
	</rowsItem>
	<rowsItem>
		<index>34</index>
		<row>
			<formatIndex>3</formatIndex>
			<empty>true</empty>
		</row>
	</rowsItem>
	<rowsItem>
		<index>35</index>
		<row>
			<formatIndex>11</formatIndex>
			<c>
				<i>1</i>
				<c>
					<f>37</f>
					<tl>
						<v8:item>
							<v8:lang>ru</v8:lang>
							<v8:content>№
п/п</v8:content>
						</v8:item>
					</tl>
				</c>
			</c>
			<c>
				<i>3</i>
				<c>
					<f>37</f>
					<tl>
						<v8:item>
							<v8:lang>ru</v8:lang>
							<v8:content>Начало
периода
с
(дд.мм.гггг)</v8:content>
						</v8:item>
					</tl>
				</c>
			</c>
			<c>
				<i>9</i>
				<c>
					<f>36</f>
					<tl>
						<v8:item>
							<v8:lang>ru</v8:lang>
							<v8:content>Конец
периода
по
(дд.мм.гггг)</v8:content>
						</v8:item>
					</tl>
				</c>
			</c>
			<c>
				<i>15</i>
				<c>
					<f>37</f>
					<tl>
						<v8:item>
							<v8:lang>ru</v8:lang>
							<v8:content>Территори-
альные
условия
(код)</v8:content>
						</v8:item>
					</tl>
				</c>
			</c>
			<c>
				<i>21</i>
				<c>
					<f>37</f>
					<tl>
						<v8:item>
							<v8:lang>ru</v8:lang>
							<v8:content>Особые условия труда
(код)</v8:content>
						</v8:item>
					</tl>
				</c>
			</c>
			<c>
				<i>27</i>
				<c>
					<f>37</f>
					<tl>
						<v8:item>
							<v8:lang>ru</v8:lang>
							<v8:content>Исчисление страхового стажа</v8:content>
						</v8:item>
					</tl>
				</c>
			</c>
			<c>
				<i>41</i>
				<c>
					<f>37</f>
					<tl>
						<v8:item>
							<v8:lang>ru</v8:lang>
							<v8:content>Условия для досрочного назначения трудовой пенсии</v8:content>
						</v8:item>
					</tl>
				</c>
			</c>
		</row>
	</rowsItem>
	<rowsItem>
		<index>36</index>
		<row>
			<formatIndex>11</formatIndex>
			<c>
				<i>27</i>
				<c>
					<f>37</f>
					<tl>
						<v8:item>
							<v8:lang>ru</v8:lang>
							<v8:content>основание
(код)</v8:content>
						</v8:item>
					</tl>
				</c>
			</c>
			<c>
				<i>35</i>
				<c>
					<f>37</f>
					<tl>
						<v8:item>
							<v8:lang>ru</v8:lang>
							<v8:content>дополнитель-
ные сведения</v8:content>
						</v8:item>
					</tl>
				</c>
			</c>
			<c>
				<i>41</i>
				<c>
					<f>37</f>
					<tl>
						<v8:item>
							<v8:lang>ru</v8:lang>
							<v8:content>основание
(код)</v8:content>
						</v8:item>
					</tl>
				</c>
			</c>
			<c>
				<i>49</i>
				<c>
					<f>37</f>
					<tl>
						<v8:item>
							<v8:lang>ru</v8:lang>
							<v8:content>дополнитель-
ные сведения</v8:content>
						</v8:item>
					</tl>
				</c>
			</c>
		</row>
	</rowsItem>
	<rowsItem>
		<index>37</index>
		<row>
			<formatIndex>11</formatIndex>
			<c>
				<i>1</i>
				<c>
					<f>40</f>
					<parameter>НомерПериода</parameter>
				</c>
			</c>
			<c>
				<i>3</i>
				<c>
					<f>44</f>
					<parameter>НачалоПериода</parameter>
				</c>
			</c>
			<c>
				<i>9</i>
				<c>
					<f>44</f>
					<parameter>КонецПериода</parameter>
				</c>
			</c>
			<c>
				<i>15</i>
				<c>
					<f>40</f>
					<parameter>ТерриториальныеУсловия</parameter>
				</c>
			</c>
			<c>
				<i>21</i>
				<c>
					<f>40</f>
					<parameter>ОсобыеУсловияТруда</parameter>
				</c>
			</c>
			<c>
				<i>27</i>
				<c>
					<f>45</f>
					<parameter>ИсчислениеТрудовогоСтажаОснование</parameter>
				</c>
			</c>
			<c>
				<c>
					<f>46</f>
				</c>
			</c>
			<c>
				<c>
					<f>46</f>
				</c>
			</c>
			<c>
				<c>
					<f>46</f>
				</c>
			</c>
			<c>
				<i>32</i>
				<c>
					<f>46</f>
				</c>
			</c>
			<c>
				<c>
					<f>46</f>
				</c>
			</c>
			<c>
				<c>
					<f>46</f>
				</c>
			</c>
			<c>
				<c>
					<f>40</f>
					<parameter>ИсчислениеТрудовогоСтажаДопСведения</parameter>
				</c>
			</c>
			<c>
				<i>41</i>
				<c>
					<f>40</f>
					<parameter>УсловияДосрочнойПенсииОснование</parameter>
				</c>
			</c>
			<c>
				<i>49</i>
				<c>
					<f>40</f>
					<parameter>УсловияДосрочнойПенсииДопСведения</parameter>
				</c>
			</c>
		</row>
	</rowsItem>
	<rowsItem>
		<index>38</index>
		<row>
			<formatIndex>11</formatIndex>
			<c>
				<i>1</i>
				<c>
					<f>36</f>
				</c>
			</c>
			<c>
				<i>3</i>
				<c>
					<f>36</f>
				</c>
			</c>
			<c>
				<i>9</i>
				<c>
					<f>36</f>
				</c>
			</c>
			<c>
				<i>15</i>
				<c>
					<f>36</f>
				</c>
			</c>
			<c>
				<i>21</i>
				<c>
					<f>45</f>
					<parameter>КодПозицииСписка</parameter>
				</c>
			</c>
			<c>
				<c>
					<f>46</f>
				</c>
			</c>
			<c>
				<c>
					<f>46</f>
				</c>
			</c>
			<c>
				<c>
					<f>46</f>
				</c>
			</c>
			<c>
				<c>
					<f>46</f>
				</c>
			</c>
			<c>
				<c>
					<f>46</f>
				</c>
			</c>
			<c>
				<c>
					<f>46</f>
				</c>
			</c>
			<c>
				<c>
					<f>46</f>
				</c>
			</c>
			<c>
				<c>
					<f>46</f>
				</c>
			</c>
			<c>
				<c>
					<f>46</f>
				</c>
			</c>
			<c>
				<i>32</i>
				<c>
					<f>46</f>
				</c>
			</c>
			<c>
				<c>
					<f>46</f>
				</c>
			</c>
			<c>
				<c>
					<f>46</f>
				</c>
			</c>
			<c>
				<c>
					<f>36</f>
				</c>
			</c>
			<c>
				<i>41</i>
				<c>
					<f>36</f>
				</c>
			</c>
			<c>
				<i>49</i>
				<c>
					<f>40</f>
					<parameter>УсловияДосрочнойПенсииДопСведения</parameter>
				</c>
			</c>
		</row>
	</rowsItem>
	<rowsItem>
		<index>39</index>
		<row>
			<formatIndex>11</formatIndex>
			<c>
				<i>1</i>
				<c>
					<f>36</f>
				</c>
			</c>
			<c>
				<i>3</i>
				<c>
					<f>36</f>
				</c>
			</c>
			<c>
				<i>9</i>
				<c>
					<f>36</f>
				</c>
			</c>
			<c>
				<i>15</i>
				<c>
					<f>36</f>
				</c>
			</c>
			<c>
				<i>21</i>
				<c>
					<f>39</f>
				</c>
			</c>
			<c>
				<c>
					<f>46</f>
				</c>
			</c>
			<c>
				<c>
					<f>46</f>
				</c>
			</c>
			<c>
				<c>
					<f>46</f>
				</c>
			</c>
			<c>
				<c>
					<f>46</f>
				</c>
			</c>
			<c>
				<c>
					<f>46</f>
				</c>
			</c>
			<c>
				<c>
					<f>39</f>
				</c>
			</c>
			<c>
				<c>
					<f>46</f>
				</c>
			</c>
			<c>
				<c>
					<f>46</f>
				</c>
			</c>
			<c>
				<c>
					<f>46</f>
				</c>
			</c>
			<c>
				<i>32</i>
				<c>
					<f>46</f>
				</c>
			</c>
			<c>
				<c>
					<f>46</f>
				</c>
			</c>
			<c>
				<c>
					<f>46</f>
				</c>
			</c>
			<c>
				<c>
					<f>36</f>
				</c>
			</c>
			<c>
				<i>41</i>
				<c>
					<f>36</f>
				</c>
			</c>
			<c>
				<i>49</i>
				<c>
					<f>40</f>
					<parameter>УсловияДосрочнойПенсииДопСведения</parameter>
				</c>
			</c>
		</row>
	</rowsItem>
	<rowsItem>
		<index>40</index>
		<row>
			<formatIndex>11</formatIndex>
			<empty>true</empty>
		</row>
	</rowsItem>
	<rowsItem>
		<index>41</index>
		<row>
			<formatIndex>4</formatIndex>
			<c>
				<i>1</i>
				<c>
					<f>13</f>
					<tl>
						<v8:item>
							<v8:lang>ru</v8:lang>
							<v8:content>Наименование должности руководителя</v8:content>
						</v8:item>
					</tl>
				</c>
			</c>
			<c>
				<i>25</i>
				<c>
					<f>13</f>
					<tl>
						<v8:item>
							<v8:lang>ru</v8:lang>
							<v8:content>Подпись</v8:content>
						</v8:item>
					</tl>
				</c>
			</c>
			<c>
				<i>38</i>
				<c>
					<f>13</f>
					<tl>
						<v8:item>
							<v8:lang>ru</v8:lang>
							<v8:content>Расшифровка подписи</v8:content>
						</v8:item>
					</tl>
				</c>
			</c>
		</row>
	</rowsItem>
	<rowsItem>
		<index>42</index>
		<row>
			<formatIndex>9</formatIndex>
			<empty>true</empty>
		</row>
	</rowsItem>
	<rowsItem>
		<index>43</index>
		<row>
			<formatIndex>9</formatIndex>
			<c>
				<i>1</i>
				<c>
					<f>47</f>
					<parameter>ДолжностьРуководителя</parameter>
				</c>
			</c>
			<c>
				<i>6</i>
				<c>
					<f>9</f>
				</c>
			</c>
			<c>
				<i>38</i>
				<c>
					<f>47</f>
					<parameter>Руководитель</parameter>
				</c>
			</c>
		</row>
	</rowsItem>
	<rowsItem>
		<index>44</index>
		<row>
			<formatIndex>9</formatIndex>
			<empty>true</empty>
		</row>
	</rowsItem>
	<rowsItem>
		<index>45</index>
		<row>
			<formatIndex>9</formatIndex>
			<c>
				<i>1</i>
				<c>
					<f>13</f>
					<tl>
						<v8:item>
							<v8:lang>ru</v8:lang>
							<v8:content>Дата</v8:content>
						</v8:item>
					</tl>
				</c>
			</c>
			<c>
				<i>4</i>
				<c>
					<f>48</f>
					<parameter>ДатаЗаполнения</parameter>
				</c>
			</c>
			<c>
				<i>18</i>
				<c>
					<f>13</f>
					<tl>
						<v8:item>
							<v8:lang>ru</v8:lang>
							<v8:content>М.П.</v8:content>
						</v8:item>
					</tl>
				</c>
			</c>
		</row>
	</rowsItem>
	<leftHeader>
		<f>9</f>
	</leftHeader>
	<centerHeader>
		<f>9</f>
	</centerHeader>
	<rightHeader>
		<f>9</f>
	</rightHeader>
	<leftFooter>
		<f>9</f>
	</leftFooter>
	<centerFooter>
		<f>9</f>
	</centerFooter>
	<rightFooter>
		<f>9</f>
	</rightFooter>
	<templateMode>true</templateMode>
	<defaultFormatIndex>49</defaultFormatIndex>
	<height>50</height>
	<vgRows>50</vgRows>
	<merge>
		<r>1</r>
		<c>20</c>
		<w>5</w>
	</merge>
	<merge>
		<r>1</r>
		<c>46</c>
		<w>6</w>
	</merge>
	<merge>
		<r>3</r>
		<c>1</c>
		<w>53</w>
	</merge>
	<merge>
		<r>7</r>
		<c>15</c>
		<w>24</w>
	</merge>
	<merge>
		<r>7</r>
		<c>42</c>
		<w>11</w>
	</merge>
	<merge>
		<r>8</r>
		<c>12</c>
		<h>1</h>
		<w>27</w>
	</merge>
	<merge>
		<r>9</r>
		<c>42</c>
		<w>1</w>
	</merge>
	<merge>
		<r>11</r>
		<c>4</c>
		<w>14</w>
	</merge>
	<merge>
		<r>11</r>
		<c>24</c>
		<w>15</w>
	</merge>
	<merge>
		<r>13</r>
		<c>17</c>
		<w>22</w>
	</merge>
	<merge>
		<r>13</r>
		<c>42</c>
		<w>1</w>
	</merge>
	<merge>
		<r>15</r>
		<c>13</c>
		<w>26</w>
	</merge>
	<merge>
		<r>17</r>
		<c>13</c>
		<w>26</w>
	</merge>
	<merge>
		<r>17</r>
		<c>42</c>
		<w>1</w>
	</merge>
	<merge>
		<r>21</r>
		<c>5</c>
		<w>1</w>
	</merge>
	<merge>
		<r>21</r>
		<c>14</c>
		<w>1</w>
	</merge>
	<merge>
		<r>21</r>
		<c>22</c>
		<w>1</w>
	</merge>
	<merge>
		<r>21</r>
		<c>29</c>
		<w>4</w>
	</merge>
	<merge>
		<r>23</r>
		<c>10</c>
		<w>5</w>
	</merge>
	<merge>
		<r>25</r>
		<c>22</c>
		<w>1</w>
	</merge>
	<merge>
		<r>25</r>
		<c>29</c>
		<w>4</w>
	</merge>
	<merge>
		<r>29</r>
		<c>1</c>
		<h>1</h>
		<w>6</w>
	</merge>
	<merge>
		<r>29</r>
		<c>8</c>
		<h>1</h>
		<w>14</w>
	</merge>
	<merge>
		<r>29</r>
		<c>23</c>
		<w>15</w>
	</merge>
	<merge>
		<r>29</r>
		<c>39</c>
		<w>15</w>
	</merge>
	<merge>
		<r>30</r>
		<c>23</c>
		<w>7</w>
	</merge>
	<merge>
		<r>30</r>
		<c>31</c>
		<w>7</w>
	</merge>
	<merge>
		<r>30</r>
		<c>39</c>
		<w>7</w>
	</merge>
	<merge>
		<r>30</r>
		<c>47</c>
		<w>7</w>
	</merge>
	<merge>
		<r>31</r>
		<c>1</c>
		<w>6</w>
	</merge>
	<merge>
		<r>31</r>
		<c>8</c>
		<w>14</w>
	</merge>
	<merge>
		<r>31</r>
		<c>23</c>
		<w>7</w>
	</merge>
	<merge>
		<r>31</r>
		<c>31</c>
		<w>7</w>
	</merge>
	<merge>
		<r>31</r>
		<c>39</c>
		<w>7</w>
	</merge>
	<merge>
		<r>31</r>
		<c>47</c>
		<w>7</w>
	</merge>
	<merge>
		<r>35</r>
		<c>1</c>
		<h>1</h>
		<w>1</w>
	</merge>
	<merge>
		<r>35</r>
		<c>3</c>
		<h>1</h>
		<w>5</w>
	</merge>
	<merge>
		<r>35</r>
		<c>9</c>
		<h>1</h>
		<w>5</w>
	</merge>
	<merge>
		<r>35</r>
		<c>15</c>
		<h>1</h>
		<w>5</w>
	</merge>
	<merge>
		<r>35</r>
		<c>21</c>
		<h>1</h>
		<w>5</w>
	</merge>
	<merge>
		<r>35</r>
		<c>27</c>
		<w>13</w>
	</merge>
	<merge>
		<r>35</r>
		<c>41</c>
		<w>13</w>
	</merge>
	<merge>
		<r>36</r>
		<c>27</c>
		<w>7</w>
	</merge>
	<merge>
		<r>36</r>
		<c>35</c>
		<w>5</w>
	</merge>
	<merge>
		<r>36</r>
		<c>41</c>
		<w>7</w>
	</merge>
	<merge>
		<r>36</r>
		<c>49</c>
		<w>5</w>
	</merge>
	<merge>
		<r>37</r>
		<c>1</c>
		<w>1</w>
	</merge>
	<merge>
		<r>37</r>
		<c>3</c>
		<w>5</w>
	</merge>
	<merge>
		<r>37</r>
		<c>9</c>
		<w>5</w>
	</merge>
	<merge>
		<r>37</r>
		<c>15</c>
		<w>5</w>
	</merge>
	<merge>
		<r>37</r>
		<c>21</c>
		<w>5</w>
	</merge>
	<merge>
		<r>37</r>
		<c>27</c>
		<w>7</w>
	</merge>
	<merge>
		<r>37</r>
		<c>35</c>
		<w>5</w>
	</merge>
	<merge>
		<r>37</r>
		<c>41</c>
		<w>7</w>
	</merge>
	<merge>
		<r>37</r>
		<c>49</c>
		<w>5</w>
	</merge>
	<merge>
		<r>38</r>
		<c>1</c>
		<w>1</w>
	</merge>
	<merge>
		<r>38</r>
		<c>3</c>
		<w>5</w>
	</merge>
	<merge>
		<r>38</r>
		<c>9</c>
		<w>5</w>
	</merge>
	<merge>
		<r>38</r>
		<c>15</c>
		<w>5</w>
	</merge>
	<merge>
		<r>38</r>
		<c>21</c>
		<w>13</w>
	</merge>
	<merge>
		<r>38</r>
		<c>35</c>
		<w>5</w>
	</merge>
	<merge>
		<r>38</r>
		<c>41</c>
		<w>7</w>
	</merge>
	<merge>
		<r>38</r>
		<c>49</c>
		<w>5</w>
	</merge>
	<merge>
		<r>39</r>
		<c>1</c>
		<w>1</w>
	</merge>
	<merge>
		<r>39</r>
		<c>3</c>
		<w>5</w>
	</merge>
	<merge>
		<r>39</r>
		<c>9</c>
		<w>5</w>
	</merge>
	<merge>
		<r>39</r>
		<c>15</c>
		<w>5</w>
	</merge>
	<merge>
		<r>39</r>
		<c>21</c>
		<w>5</w>
	</merge>
	<merge>
		<r>39</r>
		<c>27</c>
		<w>7</w>
	</merge>
	<merge>
		<r>39</r>
		<c>35</c>
		<w>5</w>
	</merge>
	<merge>
		<r>39</r>
		<c>41</c>
		<w>7</w>
	</merge>
	<merge>
		<r>39</r>
		<c>49</c>
		<w>5</w>
	</merge>
	<merge>
		<r>45</r>
		<c>4</c>
		<w>5</w>
	</merge>
	<merge>
		<r>-1</r>
		<c>30</c>
		<w>1</w>
	</merge>
	<merge>
		<r>-1</r>
		<c>46</c>
		<w>1</w>
	</merge>
	<verticalUnmerge>
		<r>9</r>
		<c>46</c>
		<w>1</w>
	</verticalUnmerge>
	<verticalUnmerge>
		<r>13</r>
		<c>46</c>
		<w>1</w>
	</verticalUnmerge>
	<verticalUnmerge>
		<r>17</r>
		<c>46</c>
		<w>1</w>
	</verticalUnmerge>
	<verticalUnmerge>
		<r>30</r>
		<c>30</c>
		<w>1</w>
	</verticalUnmerge>
	<verticalUnmerge>
		<r>30</r>
		<c>46</c>
		<w>1</w>
	</verticalUnmerge>
	<verticalUnmerge>
		<r>31</r>
		<c>30</c>
		<w>1</w>
	</verticalUnmerge>
	<verticalUnmerge>
		<r>31</r>
		<c>46</c>
		<w>1</w>
	</verticalUnmerge>
	<namedItem xsi:type="NamedItemCells">
		<name>Подвал</name>
		<area>
			<type>Rows</type>
			<beginRow>40</beginRow>
			<endRow>45</endRow>
			<beginColumn>-1</beginColumn>
			<endColumn>-1</endColumn>
		</area>
	</namedItem>
	<namedItem xsi:type="NamedItemCells">
		<name>Строка_1</name>
		<area>
			<type>Rows</type>
			<beginRow>37</beginRow>
			<endRow>37</endRow>
			<beginColumn>-1</beginColumn>
			<endColumn>-1</endColumn>
		</area>
	</namedItem>
	<namedItem xsi:type="NamedItemCells">
		<name>Строка_2</name>
		<area>
			<type>Rows</type>
			<beginRow>38</beginRow>
			<endRow>38</endRow>
			<beginColumn>-1</beginColumn>
			<endColumn>-1</endColumn>
		</area>
	</namedItem>
	<namedItem xsi:type="NamedItemCells">
		<name>Строка_3</name>
		<area>
			<type>Rows</type>
			<beginRow>39</beginRow>
			<endRow>39</endRow>
			<beginColumn>-1</beginColumn>
			<endColumn>-1</endColumn>
		</area>
	</namedItem>
	<namedItem xsi:type="NamedItemCells">
		<name>СуммаНакЧасть</name>
		<area>
			<type>Rectangle</type>
			<beginRow>31</beginRow>
			<endRow>31</endRow>
			<beginColumn>39</beginColumn>
			<endColumn>46</endColumn>
		</area>
	</namedItem>
	<namedItem xsi:type="NamedItemCells">
		<name>СуммаНакЧастьУплачено</name>
		<area>
			<type>Rectangle</type>
			<beginRow>31</beginRow>
			<endRow>31</endRow>
			<beginColumn>47</beginColumn>
			<endColumn>54</endColumn>
		</area>
	</namedItem>
	<namedItem xsi:type="NamedItemCells">
		<name>СуммаСтрахЧасть</name>
		<area>
			<type>Rectangle</type>
			<beginRow>31</beginRow>
			<endRow>31</endRow>
			<beginColumn>23</beginColumn>
			<endColumn>30</endColumn>
		</area>
	</namedItem>
	<namedItem xsi:type="NamedItemCells">
		<name>СуммаСтрахЧастьУплачено</name>
		<area>
			<type>Rectangle</type>
			<beginRow>31</beginRow>
			<endRow>31</endRow>
			<beginColumn>31</beginColumn>
			<endColumn>38</endColumn>
		</area>
	</namedItem>
	<namedItem xsi:type="NamedItemCells">
		<name>Шапка</name>
		<area>
			<type>Rows</type>
			<beginRow>0</beginRow>
			<endRow>36</endRow>
			<beginColumn>-1</beginColumn>
			<endColumn>-1</endColumn>
		</area>
	</namedItem>
	<line width="1" gap="false">
		<v8ui:style xsi:type="v8ui:SpreadsheetDocumentCellLineType">Solid</v8ui:style>
	</line>
	<font faceName="Arial" height="8" bold="false" italic="false" underline="true" strikeout="false" kind="Absolute"/>
	<font faceName="Arial" height="8" bold="true" italic="false" underline="false" strikeout="false" kind="Absolute"/>
	<font faceName="Arial" height="11.3" bold="true" italic="false" underline="false" strikeout="false" kind="Absolute"/>
	<font faceName="Arial" height="9.8" bold="true" italic="false" underline="false" strikeout="false" kind="Absolute"/>
	<font faceName="Arial" height="8.3" bold="false" italic="false" underline="false" strikeout="false" kind="Absolute"/>
	<format>
		<width>8</width>
	</format>
	<format>
		<width>16</width>
	</format>
	<format>
		<height>28</height>
	</format>
	<format>
		<height>60</height>
	</format>
	<format>
		<font>0</font>
	</format>
	<format>
		<horizontalAlignment>Right</horizontalAlignment>
	</format>
	<format>
		<border>0</border>
	</format>
	<format>
		<font>1</font>
		<border>0</border>
		<horizontalAlignment>Center</horizontalAlignment>
		<verticalAlignment>Center</verticalAlignment>
		<fillType>Parameter</fillType>
	</format>
	<format/>
	<format>
		<font>2</font>
		<horizontalAlignment>Center</horizontalAlignment>
		<verticalAlignment>Center</verticalAlignment>
		<textPlacement>Wrap</textPlacement>
	</format>
	<format>
		<height>0</height>
	</format>
	<format>
		<height>48</height>
	</format>
	<format>
		<font>1</font>
	</format>
	<format>
		<leftBorder>0</leftBorder>
		<topBorder>0</topBorder>
	</format>
	<format>
		<topBorder>0</topBorder>
	</format>
	<format>
		<topBorder>0</topBorder>
		<rightBorder>0</rightBorder>
	</format>
	<format>
		<height>72</height>
	</format>
	<format>
		<font>3</font>
		<bottomBorder>0</bottomBorder>
		<horizontalAlignment>Left</horizontalAlignment>
		<fillType>Parameter</fillType>
	</format>
	<format>
		<leftBorder>0</leftBorder>
	</format>
	<format>
		<horizontalAlignment>Center</horizontalAlignment>
		<verticalAlignment>Center</verticalAlignment>
	</format>
	<format>
		<rightBorder>0</rightBorder>
	</format>
	<format>
		<height>16</height>
	</format>
	<format>
		<font>1</font>
		<bottomBorder>0</bottomBorder>
		<textPlacement>Wrap</textPlacement>
		<fillType>Parameter</fillType>
	</format>
	<format>
		<font>2</font>
		<border>0</border>
		<horizontalAlignment>Center</horizontalAlignment>
		<verticalAlignment>Center</verticalAlignment>
		<fillType>Parameter</fillType>
	</format>
	<format>
		<horizontalAlignment>Left</horizontalAlignment>
		<verticalAlignment>Center</verticalAlignment>
	</format>
	<format>
		<verticalAlignment>Center</verticalAlignment>
	</format>
	<format>
		<horizontalAlignment>Left</horizontalAlignment>
		<verticalAlignment>Bottom</verticalAlignment>
	</format>
	<format>
		<font>3</font>
		<bottomBorder>0</bottomBorder>
		<horizontalAlignment>Left</horizontalAlignment>
		<fillType>Parameter</fillType>
		<format>
			<v8:item>
				<v8:lang>ru</v8:lang>
				<v8:content>ДФ=dd.MM.yyyy</v8:content>
			</v8:item>
		</format>
	</format>
	<format>
		<font>3</font>
		<bottomBorder>0</bottomBorder>
		<horizontalAlignment>Left</horizontalAlignment>
		<fillType>Text</fillType>
	</format>
	<format>
		<leftBorder>0</leftBorder>
		<bottomBorder>0</bottomBorder>
	</format>
	<format>
		<bottomBorder>0</bottomBorder>
	</format>
	<format>
		<bottomBorder>0</bottomBorder>
		<verticalAlignment>Center</verticalAlignment>
	</format>
	<format>
		<rightBorder>0</rightBorder>
		<bottomBorder>0</bottomBorder>
	</format>
	<format>
		<horizontalAlignment>Right</horizontalAlignment>
		<verticalAlignment>Bottom</verticalAlignment>
	</format>
	<format>
		<font>3</font>
		<bottomBorder>0</bottomBorder>
		<horizontalAlignment>Center</horizontalAlignment>
		<fillType>Parameter</fillType>
		<format>
			<v8:item>
				<v8:lang>ru</v8:lang>
				<v8:content>ЧГ=</v8:content>
			</v8:item>
		</format>
	</format>
	<format>
		<font>4</font>
		<border>0</border>
		<horizontalAlignment>Center</horizontalAlignment>
		<verticalAlignment>Center</verticalAlignment>
	</format>
	<format>
		<font>4</font>
		<border>0</border>
		<horizontalAlignment>Center</horizontalAlignment>
		<verticalAlignment>Center</verticalAlignment>
		<textPlacement>Wrap</textPlacement>
	</format>
	<format>
		<font>4</font>
		<leftBorder>0</leftBorder>
		<topBorder>0</topBorder>
		<horizontalAlignment>Center</horizontalAlignment>
		<verticalAlignment>Center</verticalAlignment>
	</format>
	<format>
		<font>4</font>
		<border>0</border>
		<height>0</height>
		<width>16</width>
		<horizontalAlignment>Center</horizontalAlignment>
		<verticalAlignment>Center</verticalAlignment>
	</format>
	<format>
		<font>4</font>
		<border>0</border>
		<horizontalAlignment>Center</horizontalAlignment>
		<verticalAlignment>Center</verticalAlignment>
		<fillType>Parameter</fillType>
	</format>
	<format>
		<font>4</font>
		<border>0</border>
		<verticalAlignment>Center</verticalAlignment>
		<textPlacement>Wrap</textPlacement>
		<fillType>Parameter</fillType>
	</format>
	<format>
		<font>4</font>
		<leftBorder>0</leftBorder>
		<topBorder>0</topBorder>
		<bottomBorder>0</bottomBorder>
		<horizontalAlignment>Right</horizontalAlignment>
		<verticalAlignment>Center</verticalAlignment>
		<fillType>Parameter</fillType>
		<format>
			<v8:item>
				<v8:lang>ru</v8:lang>
				<v8:content>ЧДЦ=2; ЧРД=.; ЧГ=</v8:content>
			</v8:item>
		</format>
	</format>
	<format>
		<font>4</font>
		<border>0</border>
		<height>0</height>
		<width>16</width>
		<horizontalAlignment>Right</horizontalAlignment>
		<verticalAlignment>Center</verticalAlignment>
		<fillType>Parameter</fillType>
		<format>
			<v8:item>
				<v8:lang>ru</v8:lang>
				<v8:content>ЧДЦ=2; ЧРД=.; ЧГ=</v8:content>
			</v8:item>
		</format>
	</format>
	<format>
		<font>4</font>
		<border>0</border>
		<horizontalAlignment>Center</horizontalAlignment>
		<verticalAlignment>Center</verticalAlignment>
		<fillType>Parameter</fillType>
		<format>
			<v8:item>
				<v8:lang>ru</v8:lang>
				<v8:content>ДФ=dd.MM.yyyy</v8:content>
			</v8:item>
		</format>
	</format>
	<format>
		<font>4</font>
		<border>0</border>
		<height>0</height>
		<width>16</width>
		<horizontalAlignment>Center</horizontalAlignment>
		<verticalAlignment>Center</verticalAlignment>
		<fillType>Parameter</fillType>
	</format>
	<format>
		<height>0</height>
		<width>16</width>
	</format>
	<format>
		<fillType>Parameter</fillType>
	</format>
	<format>
		<fillType>Parameter</fillType>
		<format>
			<v8:item>
				<v8:lang>ru</v8:lang>
				<v8:content>ДФ='dd MMMM yyyy "г."'</v8:content>
			</v8:item>
		</format>
	</format>
	<format>
		<width>72</width>
	</format>
</document>