﻿<?xml version="1.0" encoding="UTF-8"?>
<document xmlns="http://v8.1c.ru/8.2/data/spreadsheet" xmlns:style="http://v8.1c.ru/8.1/data/ui/style" xmlns:v8="http://v8.1c.ru/8.1/data/core" xmlns:v8ui="http://v8.1c.ru/8.1/data/ui" xmlns:xs="http://www.w3.org/2001/XMLSchema" xmlns:xsi="http://www.w3.org/2001/XMLSchema-instance">
	<languageSettings>
		<currentLanguage>ru</currentLanguage>
		<defaultLanguage>ru</defaultLanguage>
		<languageInfo>
			<id>ru</id>
			<code>Русский</code>
			<description>Русский</description>
		</languageInfo>
	</languageSettings>
	<columns>
		<size>54</size>
		<columnsItem>
			<index>0</index>
			<column>
				<formatIndex>1</formatIndex>
			</column>
		</columnsItem>
		<columnsItem>
			<index>1</index>
			<column>
				<formatIndex>2</formatIndex>
			</column>
		</columnsItem>
		<columnsItem>
			<index>2</index>
			<column>
				<formatIndex>2</formatIndex>
			</column>
		</columnsItem>
		<columnsItem>
			<index>3</index>
			<column>
				<formatIndex>2</formatIndex>
			</column>
		</columnsItem>
		<columnsItem>
			<index>4</index>
			<column>
				<formatIndex>2</formatIndex>
			</column>
		</columnsItem>
		<columnsItem>
			<index>5</index>
			<column>
				<formatIndex>2</formatIndex>
			</column>
		</columnsItem>
		<columnsItem>
			<index>6</index>
			<column>
				<formatIndex>2</formatIndex>
			</column>
		</columnsItem>
		<columnsItem>
			<index>7</index>
			<column>
				<formatIndex>2</formatIndex>
			</column>
		</columnsItem>
		<columnsItem>
			<index>8</index>
			<column>
				<formatIndex>2</formatIndex>
			</column>
		</columnsItem>
		<columnsItem>
			<index>9</index>
			<column>
				<formatIndex>2</formatIndex>
			</column>
		</columnsItem>
		<columnsItem>
			<index>10</index>
			<column>
				<formatIndex>2</formatIndex>
			</column>
		</columnsItem>
		<columnsItem>
			<index>11</index>
			<column>
				<formatIndex>2</formatIndex>
			</column>
		</columnsItem>
		<columnsItem>
			<index>12</index>
			<column>
				<formatIndex>2</formatIndex>
			</column>
		</columnsItem>
		<columnsItem>
			<index>13</index>
			<column>
				<formatIndex>2</formatIndex>
			</column>
		</columnsItem>
		<columnsItem>
			<index>14</index>
			<column>
				<formatIndex>2</formatIndex>
			</column>
		</columnsItem>
		<columnsItem>
			<index>15</index>
			<column>
				<formatIndex>2</formatIndex>
			</column>
		</columnsItem>
		<columnsItem>
			<index>16</index>
			<column>
				<formatIndex>2</formatIndex>
			</column>
		</columnsItem>
		<columnsItem>
			<index>17</index>
			<column>
				<formatIndex>2</formatIndex>
			</column>
		</columnsItem>
		<columnsItem>
			<index>18</index>
			<column>
				<formatIndex>2</formatIndex>
			</column>
		</columnsItem>
		<columnsItem>
			<index>19</index>
			<column>
				<formatIndex>2</formatIndex>
			</column>
		</columnsItem>
		<columnsItem>
			<index>20</index>
			<column>
				<formatIndex>2</formatIndex>
			</column>
		</columnsItem>
		<columnsItem>
			<index>21</index>
			<column>
				<formatIndex>2</formatIndex>
			</column>
		</columnsItem>
		<columnsItem>
			<index>22</index>
			<column>
				<formatIndex>2</formatIndex>
			</column>
		</columnsItem>
		<columnsItem>
			<index>23</index>
			<column>
				<formatIndex>2</formatIndex>
			</column>
		</columnsItem>
		<columnsItem>
			<index>24</index>
			<column>
				<formatIndex>2</formatIndex>
			</column>
		</columnsItem>
		<columnsItem>
			<index>25</index>
			<column>
				<formatIndex>2</formatIndex>
			</column>
		</columnsItem>
		<columnsItem>
			<index>26</index>
			<column>
				<formatIndex>2</formatIndex>
			</column>
		</columnsItem>
		<columnsItem>
			<index>27</index>
			<column>
				<formatIndex>2</formatIndex>
			</column>
		</columnsItem>
		<columnsItem>
			<index>28</index>
			<column>
				<formatIndex>2</formatIndex>
			</column>
		</columnsItem>
		<columnsItem>
			<index>29</index>
			<column>
				<formatIndex>2</formatIndex>
			</column>
		</columnsItem>
		<columnsItem>
			<index>30</index>
			<column>
				<formatIndex>2</formatIndex>
			</column>
		</columnsItem>
		<columnsItem>
			<index>31</index>
			<column>
				<formatIndex>2</formatIndex>
			</column>
		</columnsItem>
		<columnsItem>
			<index>32</index>
			<column>
				<formatIndex>2</formatIndex>
			</column>
		</columnsItem>
		<columnsItem>
			<index>33</index>
			<column>
				<formatIndex>2</formatIndex>
			</column>
		</columnsItem>
		<columnsItem>
			<index>34</index>
			<column>
				<formatIndex>2</formatIndex>
			</column>
		</columnsItem>
		<columnsItem>
			<index>35</index>
			<column>
				<formatIndex>2</formatIndex>
			</column>
		</columnsItem>
		<columnsItem>
			<index>36</index>
			<column>
				<formatIndex>2</formatIndex>
			</column>
		</columnsItem>
		<columnsItem>
			<index>37</index>
			<column>
				<formatIndex>2</formatIndex>
			</column>
		</columnsItem>
		<columnsItem>
			<index>38</index>
			<column>
				<formatIndex>2</formatIndex>
			</column>
		</columnsItem>
		<columnsItem>
			<index>39</index>
			<column>
				<formatIndex>2</formatIndex>
			</column>
		</columnsItem>
		<columnsItem>
			<index>40</index>
			<column>
				<formatIndex>2</formatIndex>
			</column>
		</columnsItem>
		<columnsItem>
			<index>41</index>
			<column>
				<formatIndex>2</formatIndex>
			</column>
		</columnsItem>
		<columnsItem>
			<index>42</index>
			<column>
				<formatIndex>2</formatIndex>
			</column>
		</columnsItem>
		<columnsItem>
			<index>43</index>
			<column>
				<formatIndex>2</formatIndex>
			</column>
		</columnsItem>
		<columnsItem>
			<index>44</index>
			<column>
				<formatIndex>2</formatIndex>
			</column>
		</columnsItem>
		<columnsItem>
			<index>45</index>
			<column>
				<formatIndex>2</formatIndex>
			</column>
		</columnsItem>
		<columnsItem>
			<index>46</index>
			<column>
				<formatIndex>2</formatIndex>
			</column>
		</columnsItem>
		<columnsItem>
			<index>47</index>
			<column>
				<formatIndex>2</formatIndex>
			</column>
		</columnsItem>
		<columnsItem>
			<index>48</index>
			<column>
				<formatIndex>2</formatIndex>
			</column>
		</columnsItem>
		<columnsItem>
			<index>49</index>
			<column>
				<formatIndex>2</formatIndex>
			</column>
		</columnsItem>
		<columnsItem>
			<index>50</index>
			<column>
				<formatIndex>2</formatIndex>
			</column>
		</columnsItem>
		<columnsItem>
			<index>51</index>
			<column>
				<formatIndex>2</formatIndex>
			</column>
		</columnsItem>
		<columnsItem>
			<index>52</index>
			<column>
				<formatIndex>2</formatIndex>
			</column>
		</columnsItem>
		<columnsItem>
			<index>53</index>
			<column>
				<formatIndex>1</formatIndex>
			</column>
		</columnsItem>
	</columns>
	<rowsItem>
		<index>0</index>
		<row>
			<formatIndex>3</formatIndex>
			<empty>true</empty>
		</row>
	</rowsItem>
	<rowsItem>
		<index>1</index>
		<row>
			<formatIndex>4</formatIndex>
			<c>
				<i>1</i>
				<c>
					<f>5</f>
					<tl>
						<v8:item>
							<v8:lang>ru</v8:lang>
							<v8:content>Форма АДВ-6-4</v8:content>
						</v8:item>
					</tl>
				</c>
			</c>
			<c>
				<i>19</i>
				<c>
					<f>6</f>
					<tl>
						<v8:item>
							<v8:lang>ru</v8:lang>
							<v8:content>Код по ОКУД</v8:content>
						</v8:item>
					</tl>
				</c>
			</c>
			<c>
				<c>
					<f>7</f>
				</c>
			</c>
			<c>
				<i>44</i>
				<c>
					<f>6</f>
					<tl>
						<v8:item>
							<v8:lang>ru</v8:lang>
							<v8:content>Код по ОКПО</v8:content>
						</v8:item>
					</tl>
				</c>
			</c>
			<c>
				<c>
					<f>8</f>
					<parameter>ОКПО</parameter>
				</c>
			</c>
			<c>
				<i>53</i>
				<c>
					<f>9</f>
				</c>
			</c>
		</row>
	</rowsItem>
	<rowsItem>
		<index>2</index>
		<row>
			<formatIndex>9</formatIndex>
			<c>
				<i>50</i>
				<c>
					<f>9</f>
				</c>
			</c>
		</row>
	</rowsItem>
	<rowsItem>
		<index>3</index>
		<row>
			<formatIndex>9</formatIndex>
			<c>
				<i>1</i>
				<c>
					<f>10</f>
					<tl>
						<v8:item>
							<v8:lang>ru</v8:lang>
							<v8:content>Опись документов сведений о сумме выплат и иных вознаграждений,
начисляемых плательщиками страховых взносов - страхователями
в пользу физического лица
</v8:content>
						</v8:item>
					</tl>
				</c>
			</c>
		</row>
	</rowsItem>
	<rowsItem>
		<index>4</index>
		<row>
			<formatIndex>11</formatIndex>
			<empty>true</empty>
		</row>
	</rowsItem>
	<rowsItem>
		<index>5</index>
		<row>
			<formatIndex>12</formatIndex>
			<c>
				<i>1</i>
				<c>
					<f>13</f>
					<tl>
						<v8:item>
							<v8:lang>ru</v8:lang>
							<v8:content>Реквизиты плательщика страховых взносов - страхователя:</v8:content>
						</v8:item>
					</tl>
				</c>
			</c>
		</row>
	</rowsItem>
	<rowsItem>
		<index>6</index>
		<row>
			<formatIndex>14</formatIndex>
			<empty>true</empty>
		</row>
	</rowsItem>
	<rowsItem>
		<index>7</index>
		<row>
			<formatIndex>15</formatIndex>
			<c>
				<i>1</i>
				<c>
					<f>9</f>
					<tl>
						<v8:item>
							<v8:lang>ru</v8:lang>
							<v8:content>Регистрационный номер в ПФР</v8:content>
						</v8:item>
					</tl>
				</c>
			</c>
			<c>
				<i>15</i>
				<c>
					<f>16</f>
					<parameter>РегНомПФ</parameter>
				</c>
			</c>
			<c>
				<i>42</i>
				<c>
					<f>17</f>
					<tl>
						<v8:item>
							<v8:lang>ru</v8:lang>
							<v8:content>Тип сведений:</v8:content>
						</v8:item>
					</tl>
				</c>
			</c>
		</row>
	</rowsItem>
	<rowsItem>
		<index>8</index>
		<row>
			<formatIndex>18</formatIndex>
			<c>
				<i>12</i>
				<c>
					<f>19</f>
					<parameter>НаименованиеОрганизации</parameter>
				</c>
			</c>
		</row>
	</rowsItem>
	<rowsItem>
		<index>9</index>
		<row>
			<formatIndex>11</formatIndex>
			<c>
				<i>1</i>
				<c>
					<f>9</f>
					<tl>
						<v8:item>
							<v8:lang>ru</v8:lang>
							<v8:content>Наименование (краткое)</v8:content>
						</v8:item>
					</tl>
				</c>
			</c>
			<c>
				<i>42</i>
				<c>
					<f>20</f>
					<parameter>ФлагИсхд</parameter>
				</c>
			</c>
			<c>
				<i>44</i>
				<c>
					<f>21</f>
					<tl>
						<v8:item>
							<v8:lang>ru</v8:lang>
							<v8:content>   - исходная</v8:content>
						</v8:item>
					</tl>
				</c>
			</c>
			<c>
				<c>
					<f>21</f>
				</c>
			</c>
			<c>
				<c>
					<f>21</f>
				</c>
			</c>
			<c>
				<c>
					<f>21</f>
				</c>
			</c>
			<c>
				<c>
					<f>21</f>
				</c>
			</c>
			<c>
				<c>
					<f>22</f>
				</c>
			</c>
		</row>
	</rowsItem>
	<rowsItem>
		<index>10</index>
		<row>
			<formatIndex>18</formatIndex>
			<empty>true</empty>
		</row>
	</rowsItem>
	<rowsItem>
		<index>11</index>
		<row>
			<formatIndex>11</formatIndex>
			<c>
				<i>1</i>
				<c>
					<f>9</f>
					<tl>
						<v8:item>
							<v8:lang>ru</v8:lang>
							<v8:content>ИНН</v8:content>
						</v8:item>
					</tl>
				</c>
			</c>
			<c>
				<i>4</i>
				<c>
					<f>16</f>
					<parameter>ИНН</parameter>
				</c>
			</c>
			<c>
				<i>21</i>
				<c>
					<f>9</f>
					<tl>
						<v8:item>
							<v8:lang>ru</v8:lang>
							<v8:content>КПП</v8:content>
						</v8:item>
					</tl>
				</c>
			</c>
			<c>
				<i>24</i>
				<c>
					<f>16</f>
					<parameter>КПП</parameter>
				</c>
			</c>
			<c>
				<i>42</i>
				<c>
					<f>20</f>
					<parameter>ФлагКорр</parameter>
				</c>
			</c>
			<c>
				<i>44</i>
				<c>
					<f>23</f>
					<tl>
						<v8:item>
							<v8:lang>ru</v8:lang>
							<v8:content>   - корректирующая</v8:content>
						</v8:item>
					</tl>
				</c>
			</c>
			<c>
				<c>
					<f>23</f>
				</c>
			</c>
		</row>
	</rowsItem>
	<rowsItem>
		<index>12</index>
		<row>
			<formatIndex>18</formatIndex>
			<empty>true</empty>
		</row>
	</rowsItem>
	<rowsItem>
		<index>13</index>
		<row>
			<formatIndex>11</formatIndex>
			<c>
				<i>1</i>
				<c>
					<f>17</f>
					<tl>
						<v8:item>
							<v8:lang>ru</v8:lang>
							<v8:content>Код категории застрахованного лица</v8:content>
						</v8:item>
					</tl>
				</c>
			</c>
			<c>
				<c>
					<f>17</f>
				</c>
			</c>
			<c>
				<c>
					<f>17</f>
				</c>
			</c>
			<c>
				<c>
					<f>17</f>
				</c>
			</c>
			<c>
				<c>
					<f>17</f>
				</c>
			</c>
			<c>
				<c>
					<f>17</f>
				</c>
			</c>
			<c>
				<c>
					<f>17</f>
				</c>
			</c>
			<c>
				<c>
					<f>17</f>
				</c>
			</c>
			<c>
				<c>
					<f>17</f>
				</c>
			</c>
			<c>
				<c>
					<f>17</f>
				</c>
			</c>
			<c>
				<c>
					<f>17</f>
				</c>
			</c>
			<c>
				<c>
					<f>17</f>
				</c>
			</c>
			<c>
				<c>
					<f>17</f>
				</c>
			</c>
			<c>
				<c>
					<f>17</f>
				</c>
			</c>
			<c>
				<c>
					<f>22</f>
				</c>
			</c>
			<c>
				<c>
					<f>22</f>
				</c>
			</c>
			<c>
				<c>
					<f>16</f>
					<parameter>КодКатегории</parameter>
				</c>
			</c>
			<c>
				<i>42</i>
				<c>
					<f>20</f>
					<parameter>ФлагОтмн</parameter>
				</c>
			</c>
			<c>
				<i>44</i>
				<c>
					<f>23</f>
					<tl>
						<v8:item>
							<v8:lang>ru</v8:lang>
							<v8:content>   - отменяющая</v8:content>
						</v8:item>
					</tl>
				</c>
			</c>
			<c>
				<c>
					<f>23</f>
				</c>
			</c>
		</row>
	</rowsItem>
	<rowsItem>
		<index>14</index>
		<row>
			<formatIndex>18</formatIndex>
			<c>
				<i>1</i>
				<c>
					<f>17</f>
				</c>
			</c>
			<c>
				<c>
					<f>17</f>
				</c>
			</c>
			<c>
				<c>
					<f>17</f>
				</c>
			</c>
			<c>
				<c>
					<f>17</f>
				</c>
			</c>
			<c>
				<c>
					<f>17</f>
				</c>
			</c>
			<c>
				<c>
					<f>17</f>
				</c>
			</c>
			<c>
				<c>
					<f>17</f>
				</c>
			</c>
			<c>
				<c>
					<f>17</f>
				</c>
			</c>
			<c>
				<c>
					<f>17</f>
				</c>
			</c>
			<c>
				<c>
					<f>17</f>
				</c>
			</c>
			<c>
				<c>
					<f>17</f>
				</c>
			</c>
			<c>
				<c>
					<f>17</f>
				</c>
			</c>
			<c>
				<c>
					<f>17</f>
				</c>
			</c>
			<c>
				<c>
					<f>17</f>
				</c>
			</c>
		</row>
	</rowsItem>
	<rowsItem>
		<index>15</index>
		<row>
			<formatIndex>15</formatIndex>
			<c>
				<i>1</i>
				<c>
					<f>9</f>
					<tl>
						<v8:item>
							<v8:lang>ru</v8:lang>
							<v8:content>Договор (тип договора), заключенный с застрахованным лицом:</v8:content>
						</v8:item>
					</tl>
				</c>
			</c>
		</row>
	</rowsItem>
	<rowsItem>
		<index>16</index>
		<row>
			<formatIndex>14</formatIndex>
			<empty>true</empty>
		</row>
	</rowsItem>
	<rowsItem>
		<index>17</index>
		<row>
			<formatIndex>15</formatIndex>
			<c>
				<i>1</i>
				<c>
					<f>20</f>
					<parameter>ФлагТД</parameter>
				</c>
			</c>
			<c>
				<i>4</i>
				<c>
					<f>23</f>
					<tl>
						<v8:item>
							<v8:lang>ru</v8:lang>
							<v8:content>- трудовой;</v8:content>
						</v8:item>
					</tl>
				</c>
			</c>
		</row>
	</rowsItem>
	<rowsItem>
		<index>18</index>
		<row>
			<formatIndex>14</formatIndex>
			<empty>true</empty>
		</row>
	</rowsItem>
	<rowsItem>
		<index>19</index>
		<row>
			<formatIndex>15</formatIndex>
			<c>
				<i>1</i>
				<c>
					<f>20</f>
					<parameter>ФлагГПД</parameter>
				</c>
			</c>
			<c>
				<i>4</i>
				<c>
					<f>23</f>
					<tl>
						<v8:item>
							<v8:lang>ru</v8:lang>
							<v8:content>- гражданско-правовой </v8:content>
						</v8:item>
					</tl>
				</c>
			</c>
		</row>
	</rowsItem>
	<rowsItem>
		<index>20</index>
		<row>
			<formatIndex>11</formatIndex>
			<empty>true</empty>
		</row>
	</rowsItem>
	<rowsItem>
		<index>21</index>
		<row>
			<formatIndex>15</formatIndex>
			<c>
				<i>1</i>
				<c>
					<f>9</f>
					<tl>
						<v8:item>
							<v8:lang>ru</v8:lang>
							<v8:content>Отчетный период: год</v8:content>
						</v8:item>
					</tl>
				</c>
			</c>
			<c>
				<i>11</i>
				<c>
					<f>24</f>
					<parameter>Год</parameter>
				</c>
			</c>
		</row>
	</rowsItem>
	<rowsItem>
		<index>22</index>
		<row>
			<formatIndex>11</formatIndex>
			<empty>true</empty>
		</row>
	</rowsItem>
	<rowsItem>
		<index>23</index>
		<row>
			<formatIndex>11</formatIndex>
			<c>
				<i>1</i>
				<c>
					<f>17</f>
					<tl>
						<v8:item>
							<v8:lang>ru</v8:lang>
							<v8:content>Примечания:</v8:content>
						</v8:item>
					</tl>
				</c>
			</c>
		</row>
	</rowsItem>
	<rowsItem>
		<index>24</index>
		<row>
			<formatIndex>4</formatIndex>
			<c>
				<i>1</i>
				<c>
					<f>25</f>
				</c>
			</c>
		</row>
	</rowsItem>
	<rowsItem>
		<index>25</index>
		<row>
			<formatIndex>14</formatIndex>
			<empty>true</empty>
		</row>
	</rowsItem>
	<rowsItem>
		<index>26</index>
		<row>
			<formatIndex>4</formatIndex>
			<c>
				<i>1</i>
				<c>
					<f>26</f>
					<tl>
						<v8:item>
							<v8:lang>ru</v8:lang>
							<v8:content>Наименование входящего документа</v8:content>
						</v8:item>
					</tl>
				</c>
			</c>
			<c>
				<i>36</i>
				<c>
					<f>26</f>
					<tl>
						<v8:item>
							<v8:lang>ru</v8:lang>
							<v8:content>Количество документов в пачке</v8:content>
						</v8:item>
					</tl>
				</c>
			</c>
		</row>
	</rowsItem>
	<rowsItem>
		<index>27</index>
		<row>
			<formatIndex>27</formatIndex>
			<c>
				<i>1</i>
				<c>
					<f>28</f>
					<tl>
						<v8:item>
							<v8:lang>ru</v8:lang>
							<v8:content>Сведения о сумме выплат и иных вознаграждений, начисляемых платель-щиками страховых взносов - страхователями в пользу физических лиц (форма СЗВ-6-3)</v8:content>
						</v8:item>
					</tl>
				</c>
			</c>
			<c>
				<i>36</i>
				<c>
					<f>29</f>
					<parameter>КоличествоДокументовСЗВ</parameter>
				</c>
			</c>
		</row>
	</rowsItem>
	<rowsItem>
		<index>28</index>
		<row>
			<formatIndex>14</formatIndex>
			<c>
				<i>1</i>
				<c>
					<f>7</f>
				</c>
			</c>
			<c>
				<i>36</i>
				<c>
					<f>7</f>
				</c>
			</c>
		</row>
	</rowsItem>
	<rowsItem>
		<index>29</index>
		<row>
			<formatIndex>12</formatIndex>
			<empty>true</empty>
		</row>
	</rowsItem>
	<rowsItem>
		<index>30</index>
		<row>
			<formatIndex>14</formatIndex>
			<c>
				<i>1</i>
				<c>
					<f>7</f>
				</c>
			</c>
			<c>
				<i>36</i>
				<c>
					<f>7</f>
				</c>
			</c>
		</row>
	</rowsItem>
	<rowsItem>
		<index>31</index>
		<row>
			<formatIndex>9</formatIndex>
			<empty>true</empty>
		</row>
	</rowsItem>
	<rowsItem>
		<index>33</index>
		<row>
			<formatIndex>9</formatIndex>
			<c>
				<i>1</i>
				<c>
					<f>9</f>
					<tl>
						<v8:item>
							<v8:lang>ru</v8:lang>
							<v8:content>Заполняется для пачки документов, сопровождаемой электронным представлением:</v8:content>
						</v8:item>
					</tl>
				</c>
			</c>
		</row>
	</rowsItem>
	<rowsItem>
		<index>34</index>
		<row>
			<formatIndex>11</formatIndex>
			<empty>true</empty>
		</row>
	</rowsItem>
	<rowsItem>
		<index>35</index>
		<row>
			<formatIndex>11</formatIndex>
			<c>
				<i>1</i>
				<c>
					<f>9</f>
					<tl>
						<v8:item>
							<v8:lang>ru</v8:lang>
							<v8:content>Номер пачки документов, присвоенной страхователем</v8:content>
						</v8:item>
					</tl>
				</c>
			</c>
			<c>
				<i>27</i>
				<c>
					<f>30</f>
					<parameter>НомерПачки</parameter>
				</c>
			</c>
		</row>
	</rowsItem>
	<rowsItem>
		<index>36</index>
		<row>
			<formatIndex>11</formatIndex>
			<empty>true</empty>
		</row>
	</rowsItem>
	<rowsItem>
		<index>37</index>
		<row>
			<formatIndex>11</formatIndex>
			<c>
				<i>1</i>
				<c>
					<f>9</f>
					<tl>
						<v8:item>
							<v8:lang>ru</v8:lang>
							<v8:content>Номер регистрации пачки в территориальном органе ПФР</v8:content>
						</v8:item>
					</tl>
				</c>
			</c>
			<c>
				<i>27</i>
				<c>
					<f>31</f>
					<tl>
						<v8:item>
							<v8:lang>ru</v8:lang>
							<v8:content>/</v8:content>
						</v8:item>
					</tl>
				</c>
			</c>
		</row>
	</rowsItem>
	<rowsItem>
		<index>38</index>
		<row>
			<formatIndex>11</formatIndex>
			<c>
				<i>27</i>
				<c>
					<f>32</f>
					<tl>
						<v8:item>
							<v8:lang>ru</v8:lang>
							<v8:content>номер / год      </v8:content>
						</v8:item>
					</tl>
				</c>
			</c>
		</row>
	</rowsItem>
	<rowsItem>
		<index>40</index>
		<row>
			<formatIndex>9</formatIndex>
			<c>
				<i>1</i>
				<c>
					<f>7</f>
				</c>
			</c>
			<c>
				<i>17</i>
				<c>
					<f>33</f>
					<tl>
						<v8:item>
							<v8:lang>ru</v8:lang>
							<v8:content>Сведения о сумме выплат и иных вознаграждений</v8:content>
						</v8:item>
					</tl>
				</c>
			</c>
		</row>
	</rowsItem>
	<rowsItem>
		<index>41</index>
		<row>
			<formatIndex>11</formatIndex>
			<c>
				<i>17</i>
				<c>
					<f>34</f>
					<tl>
						<v8:item>
							<v8:lang>ru</v8:lang>
							<v8:content>Сумма выплат и иных вознаграждений, начисленных в пользу физического лица</v8:content>
						</v8:item>
					</tl>
				</c>
			</c>
			<c>
				<i>35</i>
				<c>
					<f>34</f>
					<tl>
						<v8:item>
							<v8:lang>ru</v8:lang>
							<v8:content>из них на которые начислены страховые взносы на обязательное пенсионное страхование</v8:content>
						</v8:item>
					</tl>
				</c>
			</c>
		</row>
	</rowsItem>
	<rowsItem>
		<index>42</index>
		<row>
			<formatIndex>4</formatIndex>
			<c>
				<i>1</i>
				<c>
					<f>35</f>
					<tl>
						<v8:item>
							<v8:lang>ru</v8:lang>
							<v8:content>Всего начислено</v8:content>
						</v8:item>
					</tl>
				</c>
			</c>
			<c>
				<i>17</i>
				<c>
					<f>36</f>
					<parameter>СуммаВыплат</parameter>
				</c>
			</c>
			<c>
				<i>35</i>
				<c>
					<f>36</f>
					<parameter>БазаПФ</parameter>
				</c>
			</c>
		</row>
	</rowsItem>
	<rowsItem>
		<index>43</index>
		<row>
			<formatIndex>9</formatIndex>
			<empty>true</empty>
		</row>
	</rowsItem>
	<rowsItem>
		<index>44</index>
		<row>
			<formatIndex>11</formatIndex>
			<empty>true</empty>
		</row>
	</rowsItem>
	<rowsItem>
		<index>45</index>
		<row>
			<formatIndex>11</formatIndex>
			<empty>true</empty>
		</row>
	</rowsItem>
	<rowsItem>
		<index>46</index>
		<row>
			<formatIndex>4</formatIndex>
			<c>
				<i>1</i>
				<c>
					<f>13</f>
					<tl>
						<v8:item>
							<v8:lang>ru</v8:lang>
							<v8:content>Наименование должности руководителя</v8:content>
						</v8:item>
					</tl>
				</c>
			</c>
			<c>
				<i>25</i>
				<c>
					<f>13</f>
					<tl>
						<v8:item>
							<v8:lang>ru</v8:lang>
							<v8:content>Подпись</v8:content>
						</v8:item>
					</tl>
				</c>
			</c>
			<c>
				<i>37</i>
				<c>
					<f>13</f>
					<tl>
						<v8:item>
							<v8:lang>ru</v8:lang>
							<v8:content>Расшифровка подписи</v8:content>
						</v8:item>
					</tl>
				</c>
			</c>
		</row>
	</rowsItem>
	<rowsItem>
		<index>47</index>
		<row>
			<formatIndex>9</formatIndex>
			<empty>true</empty>
		</row>
	</rowsItem>
	<rowsItem>
		<index>48</index>
		<row>
			<formatIndex>11</formatIndex>
			<c>
				<i>1</i>
				<c>
					<f>37</f>
					<parameter>ДолжностьРуководителя</parameter>
				</c>
			</c>
			<c>
				<i>37</i>
				<c>
					<f>37</f>
					<parameter>Руководитель</parameter>
				</c>
			</c>
		</row>
	</rowsItem>
	<rowsItem>
		<index>49</index>
		<row>
			<formatIndex>9</formatIndex>
			<empty>true</empty>
		</row>
	</rowsItem>
	<rowsItem>
		<index>50</index>
		<row>
			<formatIndex>9</formatIndex>
			<c>
				<i>1</i>
				<c>
					<f>13</f>
					<tl>
						<v8:item>
							<v8:lang>ru</v8:lang>
							<v8:content>Дата</v8:content>
						</v8:item>
					</tl>
				</c>
			</c>
			<c>
				<i>3</i>
				<c>
					<f>38</f>
					<tl/>
				</c>
			</c>
			<c>
				<c>
					<f>39</f>
					<parameter>ДатаЗаполнения</parameter>
				</c>
			</c>
			<c>
				<i>18</i>
				<c>
					<f>13</f>
					<tl>
						<v8:item>
							<v8:lang>ru</v8:lang>
							<v8:content>М.П.</v8:content>
						</v8:item>
					</tl>
				</c>
			</c>
		</row>
	</rowsItem>
	<leftHeader>
		<f>9</f>
	</leftHeader>
	<centerHeader>
		<f>38</f>
	</centerHeader>
	<rightHeader>
		<f>38</f>
	</rightHeader>
	<leftFooter>
		<f>9</f>
	</leftFooter>
	<centerFooter>
		<f>38</f>
	</centerFooter>
	<rightFooter>
		<f>38</f>
	</rightFooter>
	<templateMode>true</templateMode>
	<defaultFormatIndex>40</defaultFormatIndex>
	<height>51</height>
	<vgRows>51</vgRows>
	<merge>
		<r>1</r>
		<c>20</c>
		<w>5</w>
	</merge>
	<merge>
		<r>1</r>
		<c>45</c>
		<w>5</w>
	</merge>
	<merge>
		<r>3</r>
		<c>1</c>
		<w>51</w>
	</merge>
	<merge>
		<r>7</r>
		<c>15</c>
		<w>23</w>
	</merge>
	<merge>
		<r>8</r>
		<c>12</c>
		<h>1</h>
		<w>26</w>
	</merge>
	<merge>
		<r>9</r>
		<c>42</c>
		<w>1</w>
	</merge>
	<merge>
		<r>11</r>
		<c>4</c>
		<w>14</w>
	</merge>
	<merge>
		<r>11</r>
		<c>24</c>
		<w>14</w>
	</merge>
	<merge>
		<r>11</r>
		<c>42</c>
		<w>1</w>
	</merge>
	<merge>
		<r>13</r>
		<c>17</c>
		<w>21</w>
	</merge>
	<merge>
		<r>13</r>
		<c>42</c>
		<w>1</w>
	</merge>
	<merge>
		<r>17</r>
		<c>1</c>
		<w>1</w>
	</merge>
	<merge>
		<r>19</r>
		<c>1</c>
		<w>1</w>
	</merge>
	<merge>
		<r>21</r>
		<c>11</c>
		<w>10</w>
	</merge>
	<merge>
		<r>24</r>
		<c>1</c>
		<w>51</w>
	</merge>
	<merge>
		<r>26</r>
		<c>1</c>
		<w>34</w>
	</merge>
	<merge>
		<r>26</r>
		<c>36</c>
		<w>16</w>
	</merge>
	<merge>
		<r>27</r>
		<c>1</c>
		<w>34</w>
	</merge>
	<merge>
		<r>27</r>
		<c>36</c>
		<w>16</w>
	</merge>
	<merge>
		<r>28</r>
		<c>1</c>
		<h>1</h>
		<w>34</w>
	</merge>
	<merge>
		<r>28</r>
		<c>36</c>
		<h>1</h>
		<w>16</w>
	</merge>
	<merge>
		<r>30</r>
		<c>1</c>
		<h>1</h>
		<w>34</w>
	</merge>
	<merge>
		<r>30</r>
		<c>36</c>
		<h>1</h>
		<w>16</w>
	</merge>
	<merge>
		<r>35</r>
		<c>27</c>
		<w>13</w>
	</merge>
	<merge>
		<r>37</r>
		<c>27</c>
		<w>13</w>
	</merge>
	<merge>
		<r>38</r>
		<c>27</c>
		<w>13</w>
	</merge>
	<merge>
		<r>40</r>
		<c>1</c>
		<h>1</h>
		<w>15</w>
	</merge>
	<merge>
		<r>40</r>
		<c>17</c>
		<w>35</w>
	</merge>
	<merge>
		<r>41</r>
		<c>17</c>
		<w>17</w>
	</merge>
	<merge>
		<r>41</r>
		<c>35</c>
		<w>17</w>
	</merge>
	<merge>
		<r>42</r>
		<c>1</c>
		<w>15</w>
	</merge>
	<merge>
		<r>42</r>
		<c>17</c>
		<w>17</w>
	</merge>
	<merge>
		<r>42</r>
		<c>35</c>
		<w>17</w>
	</merge>
	<merge>
		<r>48</r>
		<c>1</c>
		<w>23</w>
	</merge>
	<merge>
		<r>48</r>
		<c>37</c>
		<w>15</w>
	</merge>
	<merge>
		<r>50</r>
		<c>4</c>
		<w>7</w>
	</merge>
	<namedItem xsi:type="NamedItemCells">
		<name>Подвал</name>
		<area>
			<type>Rows</type>
			<beginRow>45</beginRow>
			<endRow>50</endRow>
			<beginColumn>-1</beginColumn>
			<endColumn>-1</endColumn>
		</area>
	</namedItem>
	<namedItem xsi:type="NamedItemCells">
		<name>Шапка</name>
		<area>
			<type>Rows</type>
			<beginRow>0</beginRow>
			<endRow>44</endRow>
			<beginColumn>-1</beginColumn>
			<endColumn>-1</endColumn>
		</area>
	</namedItem>
	<printSettings>
		<pageOrientation>Portrait</pageOrientation>
		<scale>100</scale>
		<collate>false</collate>
		<copies>1</copies>
		<perPage>1</perPage>
		<topMargin>1000</topMargin>
		<leftMargin>1000</leftMargin>
		<bottomMargin>1000</bottomMargin>
		<rightMargin>1000</rightMargin>
		<headerSize>1000</headerSize>
		<footerSize>1000</footerSize>
		<fitToPage>true</fitToPage>
		<blackAndWhite>false</blackAndWhite>
		<printerName>hp LaserJet 1010</printerName>
		<paper>9</paper>
		<paperSource>7</paperSource>
	</printSettings>
	<line width="1" gap="false">
		<v8ui:style xsi:type="v8ui:SpreadsheetDocumentCellLineType">Solid</v8ui:style>
	</line>
	<font faceName="Arial" height="8" bold="false" italic="false" underline="true" strikeout="false" kind="Absolute"/>
	<font faceName="Arial" height="8" bold="true" italic="false" underline="false" strikeout="false" kind="Absolute"/>
	<font faceName="Arial" height="11.3" bold="true" italic="false" underline="false" strikeout="false" kind="Absolute"/>
	<font faceName="Arial" height="9.8" bold="true" italic="false" underline="false" strikeout="false" kind="Absolute"/>
	<font faceName="Arial" height="9" bold="false" italic="false" underline="false" strikeout="false" kind="Absolute"/>
	<font faceName="Arial" height="9" bold="true" italic="false" underline="false" strikeout="false" kind="Absolute"/>
	<font faceName="Arial" height="8.3" bold="false" italic="false" underline="false" strikeout="false" kind="Absolute"/>
	<font faceName="Arial" height="9" bold="false" italic="false" underline="false" strikeout="false" kind="Absolute"/>
	<format>
		<width>8</width>
	</format>
	<format>
		<width>16</width>
	</format>
	<format>
		<height>40</height>
	</format>
	<format>
		<height>60</height>
	</format>
	<format>
		<font>0</font>
	</format>
	<format>
		<horizontalAlignment>Right</horizontalAlignment>
	</format>
	<format>
		<border>0</border>
	</format>
	<format>
		<font>1</font>
		<border>0</border>
		<horizontalAlignment>Center</horizontalAlignment>
		<verticalAlignment>Center</verticalAlignment>
		<fillType>Parameter</fillType>
	</format>
	<format/>
	<format>
		<font>2</font>
		<horizontalAlignment>Center</horizontalAlignment>
		<verticalAlignment>Center</verticalAlignment>
		<textPlacement>Wrap</textPlacement>
	</format>
	<format>
		<height>0</height>
	</format>
	<format>
		<height>48</height>
	</format>
	<format>
		<font>1</font>
	</format>
	<format>
		<height>28</height>
	</format>
	<format>
		<height>72</height>
	</format>
	<format>
		<font>3</font>
		<bottomBorder>0</bottomBorder>
		<horizontalAlignment>Left</horizontalAlignment>
		<fillType>Parameter</fillType>
	</format>
	<format>
		<horizontalAlignment>Left</horizontalAlignment>
		<verticalAlignment>Bottom</verticalAlignment>
	</format>
	<format>
		<height>16</height>
	</format>
	<format>
		<font>1</font>
		<bottomBorder>0</bottomBorder>
		<textPlacement>Wrap</textPlacement>
		<fillType>Parameter</fillType>
	</format>
	<format>
		<font>2</font>
		<border>0</border>
		<horizontalAlignment>Center</horizontalAlignment>
		<verticalAlignment>Center</verticalAlignment>
		<fillType>Parameter</fillType>
	</format>
	<format>
		<horizontalAlignment>Left</horizontalAlignment>
		<verticalAlignment>Center</verticalAlignment>
	</format>
	<format>
		<horizontalAlignment>Center</horizontalAlignment>
		<verticalAlignment>Center</verticalAlignment>
	</format>
	<format>
		<verticalAlignment>Center</verticalAlignment>
	</format>
	<format>
		<font>3</font>
		<bottomBorder>0</bottomBorder>
		<horizontalAlignment>Left</horizontalAlignment>
		<fillType>Parameter</fillType>
		<format>
			<v8:item>
				<v8:lang>ru</v8:lang>
				<v8:content>ЧГ=</v8:content>
			</v8:item>
		</format>
	</format>
	<format>
		<bottomBorder>0</bottomBorder>
	</format>
	<format>
		<font>1</font>
		<border>0</border>
		<horizontalAlignment>Center</horizontalAlignment>
		<verticalAlignment>Center</verticalAlignment>
	</format>
	<format>
		<height>96</height>
	</format>
	<format>
		<border>0</border>
		<verticalAlignment>Center</verticalAlignment>
		<textPlacement>Wrap</textPlacement>
	</format>
	<format>
		<font>4</font>
		<border>0</border>
		<horizontalAlignment>Center</horizontalAlignment>
		<verticalAlignment>Center</verticalAlignment>
		<fillType>Parameter</fillType>
		<format>
			<v8:item>
				<v8:lang>ru</v8:lang>
				<v8:content>ЧГ=</v8:content>
			</v8:item>
		</format>
	</format>
	<format>
		<font>4</font>
		<bottomBorder>0</bottomBorder>
		<horizontalAlignment>Center</horizontalAlignment>
		<fillType>Parameter</fillType>
		<format>
			<v8:item>
				<v8:lang>ru</v8:lang>
				<v8:content>ЧГ=</v8:content>
			</v8:item>
		</format>
	</format>
	<format>
		<font>5</font>
		<bottomBorder>0</bottomBorder>
		<horizontalAlignment>Center</horizontalAlignment>
		<fillType>Text</fillType>
	</format>
	<format>
		<font>6</font>
		<horizontalAlignment>Center</horizontalAlignment>
		<verticalAlignment>Top</verticalAlignment>
	</format>
	<format>
		<font>5</font>
		<border>0</border>
		<horizontalAlignment>Center</horizontalAlignment>
		<verticalAlignment>Center</verticalAlignment>
		<textPlacement>Wrap</textPlacement>
	</format>
	<format>
		<font>7</font>
		<border>0</border>
		<horizontalAlignment>Center</horizontalAlignment>
		<verticalAlignment>Center</verticalAlignment>
		<textPlacement>Wrap</textPlacement>
	</format>
	<format>
		<border>0</border>
		<horizontalAlignment>Center</horizontalAlignment>
		<verticalAlignment>Center</verticalAlignment>
	</format>
	<format>
		<font>4</font>
		<border>0</border>
		<horizontalAlignment>Right</horizontalAlignment>
		<verticalAlignment>Center</verticalAlignment>
		<fillType>Parameter</fillType>
		<format>
			<v8:item>
				<v8:lang>ru</v8:lang>
				<v8:content>ЧДЦ=2; ЧРД=.; ЧН=-; ЧГ=</v8:content>
			</v8:item>
		</format>
	</format>
	<format>
		<fillType>Parameter</fillType>
	</format>
	<format/>
	<format>
		<font>4</font>
		<fillType>Parameter</fillType>
		<format>
			<v8:item>
				<v8:lang>ru</v8:lang>
				<v8:content>ДФ='dd.MM.yyyy "г."'</v8:content>
			</v8:item>
		</format>
	</format>
	<format>
		<width>72</width>
	</format>
</document>