﻿<?xml version="1.0" encoding="UTF-8"?>
<document xmlns="http://v8.1c.ru/8.2/data/spreadsheet" xmlns:style="http://v8.1c.ru/8.1/data/ui/style" xmlns:v8="http://v8.1c.ru/8.1/data/core" xmlns:v8ui="http://v8.1c.ru/8.1/data/ui" xmlns:xs="http://www.w3.org/2001/XMLSchema" xmlns:xsi="http://www.w3.org/2001/XMLSchema-instance">
	<languageSettings>
		<currentLanguage>ru</currentLanguage>
		<defaultLanguage/>
		<languageInfo>
			<id>#</id>
			<code>Язык по умолчанию</code>
			<description>Язык по умолчанию</description>
		</languageInfo>
		<languageInfo>
			<id>ru</id>
			<code>Русский</code>
			<description>Русский</description>
		</languageInfo>
	</languageSettings>
	<columns>
		<size>7</size>
		<columnsItem>
			<index>0</index>
			<column>
				<formatIndex>1</formatIndex>
			</column>
		</columnsItem>
		<columnsItem>
			<index>1</index>
			<column>
				<formatIndex>2</formatIndex>
			</column>
		</columnsItem>
		<columnsItem>
			<index>2</index>
			<column>
				<formatIndex>2</formatIndex>
			</column>
		</columnsItem>
		<columnsItem>
			<index>3</index>
			<column>
				<formatIndex>2</formatIndex>
			</column>
		</columnsItem>
		<columnsItem>
			<index>4</index>
			<column>
				<formatIndex>2</formatIndex>
			</column>
		</columnsItem>
		<columnsItem>
			<index>5</index>
			<column>
				<formatIndex>2</formatIndex>
			</column>
		</columnsItem>
		<columnsItem>
			<index>6</index>
			<column>
				<formatIndex>3</formatIndex>
			</column>
		</columnsItem>
	</columns>
	<rowsItem>
		<index>1</index>
		<row>
			<c>
				<i>1</i>
				<c>
					<f>4</f>
					<tl>
						<v8:item>
							<v8:lang>ru</v8:lang>
							<v8:content>Отчет</v8:content>
						</v8:item>
					</tl>
				</c>
			</c>
		</row>
	</rowsItem>
	<rowsItem>
		<index>3</index>
		<row>
			<c>
				<i>1</i>
				<c>
					<f>5</f>
					<tl>
						<v8:item>
							<v8:lang>ru</v8:lang>
							<v8:content>Период /
Сотрудник</v8:content>
						</v8:item>
					</tl>
				</c>
			</c>
			<c>
				<c>
					<f>5</f>
					<tl>
						<v8:item>
							<v8:lang>ru</v8:lang>
							<v8:content>ВидДоходаЕСН</v8:content>
						</v8:item>
					</tl>
				</c>
			</c>
			<c>
				<c>
					<f>5</f>
					<tl>
						<v8:item>
							<v8:lang>ru</v8:lang>
							<v8:content>Статья</v8:content>
						</v8:item>
					</tl>
				</c>
			</c>
			<c>
				<c>
					<f>5</f>
					<tl>
						<v8:item>
							<v8:lang>ru</v8:lang>
							<v8:content>Подразделение</v8:content>
						</v8:item>
					</tl>
				</c>
			</c>
			<c>
				<c>
					<f>5</f>
					<tl>
						<v8:item>
							<v8:lang>ru</v8:lang>
							<v8:content>Источник</v8:content>
						</v8:item>
					</tl>
				</c>
			</c>
			<c>
				<c>
					<f>5</f>
					<tl>
						<v8:item>
							<v8:lang>ru</v8:lang>
							<v8:content>СуммаОборотКт</v8:content>
						</v8:item>
					</tl>
				</c>
			</c>
		</row>
	</rowsItem>
	<rowsItem>
		<index>4</index>
		<row>
			<c>
				<i>1</i>
				<c>
					<f>6</f>
					<parameter>Период</parameter>
				</c>
			</c>
			<c>
				<i>6</i>
				<c>
					<f>7</f>
					<parameter>СуммаОборотКт</parameter>
				</c>
			</c>
		</row>
	</rowsItem>
	<rowsItem>
		<index>5</index>
		<row>
			<c>
				<i>1</i>
				<c>
					<f>6</f>
					<parameter>Сотрудник</parameter>
					<detailParameter>Сотрудник</detailParameter>
				</c>
			</c>
			<c>
				<i>6</i>
				<c>
					<f>7</f>
					<parameter>СуммаОборотКт</parameter>
				</c>
			</c>
		</row>
	</rowsItem>
	<rowsItem>
		<index>6</index>
		<row>
			<c>
				<i>2</i>
				<c>
					<f>8</f>
					<parameter>ВидДоходаЕСН</parameter>
					<detailParameter>ВидДоходаЕСН</detailParameter>
				</c>
			</c>
			<c>
				<c>
					<f>8</f>
					<parameter>Статья</parameter>
					<detailParameter>Статья</detailParameter>
				</c>
			</c>
			<c>
				<c>
					<f>8</f>
					<parameter>Подразделение</parameter>
					<detailParameter>Подразделение</detailParameter>
				</c>
			</c>
			<c>
				<c>
					<f>8</f>
					<parameter>Источник</parameter>
					<detailParameter>Источник</detailParameter>
				</c>
			</c>
			<c>
				<c>
					<f>9</f>
					<parameter>СуммаОборотКт</parameter>
				</c>
			</c>
		</row>
	</rowsItem>
	<rowsItem>
		<index>7</index>
		<row>
			<c>
				<i>1</i>
				<c>
					<f>10</f>
				</c>
			</c>
			<c>
				<c>
					<f>10</f>
				</c>
			</c>
			<c>
				<c>
					<f>10</f>
				</c>
			</c>
			<c>
				<c>
					<f>10</f>
				</c>
			</c>
			<c>
				<c>
					<f>10</f>
				</c>
			</c>
			<c>
				<c>
					<f>10</f>
				</c>
			</c>
		</row>
	</rowsItem>
	<templateMode>true</templateMode>
	<height>9</height>
	<vgRows>9</vgRows>
	<namedItem xsi:type="NamedItemCells">
		<name>Детали</name>
		<area>
			<type>Rows</type>
			<beginRow>6</beginRow>
			<endRow>6</endRow>
			<beginColumn>-1</beginColumn>
			<endColumn>-1</endColumn>
		</area>
	</namedItem>
	<namedItem xsi:type="NamedItemCells">
		<name>Заголовок</name>
		<area>
			<type>Rows</type>
			<beginRow>0</beginRow>
			<endRow>2</endRow>
			<beginColumn>-1</beginColumn>
			<endColumn>-1</endColumn>
		</area>
	</namedItem>
	<namedItem xsi:type="NamedItemCells">
		<name>Период</name>
		<area>
			<type>Rows</type>
			<beginRow>4</beginRow>
			<endRow>4</endRow>
			<beginColumn>-1</beginColumn>
			<endColumn>-1</endColumn>
		</area>
	</namedItem>
	<namedItem xsi:type="NamedItemCells">
		<name>Подвал</name>
		<area>
			<type>Rows</type>
			<beginRow>8</beginRow>
			<endRow>8</endRow>
			<beginColumn>-1</beginColumn>
			<endColumn>-1</endColumn>
		</area>
	</namedItem>
	<namedItem xsi:type="NamedItemCells">
		<name>ПодвалТаблицы</name>
		<area>
			<type>Rows</type>
			<beginRow>7</beginRow>
			<endRow>7</endRow>
			<beginColumn>-1</beginColumn>
			<endColumn>-1</endColumn>
		</area>
	</namedItem>
	<namedItem xsi:type="NamedItemCells">
		<name>Сотрудник</name>
		<area>
			<type>Rows</type>
			<beginRow>5</beginRow>
			<endRow>5</endRow>
			<beginColumn>-1</beginColumn>
			<endColumn>-1</endColumn>
		</area>
	</namedItem>
	<namedItem xsi:type="NamedItemCells">
		<name>ШапкаТаблицы</name>
		<area>
			<type>Rows</type>
			<beginRow>3</beginRow>
			<endRow>3</endRow>
			<beginColumn>-1</beginColumn>
			<endColumn>-1</endColumn>
		</area>
	</namedItem>
	<line width="1" gap="false">
		<v8ui:style xsi:type="v8ui:SpreadsheetDocumentCellLineType">Solid</v8ui:style>
	</line>
	<font faceName="Arial" height="12" bold="true" italic="false" underline="false" strikeout="false" kind="Absolute"/>
	<font faceName="Arial" height="8" bold="true" italic="false" underline="false" strikeout="false" kind="Absolute"/>
	<format>
		<width>16</width>
	</format>
	<format>
		<width>256</width>
	</format>
	<format>
		<width>176</width>
	</format>
	<format>
		<font>0</font>
	</format>
	<format>
		<font>1</font>
		<border>0</border>
		<verticalAlignment>Top</verticalAlignment>
		<textPlacement>Cut</textPlacement>
	</format>
	<format>
		<font>1</font>
		<textPlacement>Wrap</textPlacement>
		<fillType>Parameter</fillType>
		<autoIndent>3</autoIndent>
	</format>
	<format>
		<font>1</font>
		<textPlacement>Block</textPlacement>
		<fillType>Parameter</fillType>
		<format>
			<v8:item>
				<v8:lang>ru</v8:lang>
				<v8:content>ЧЦ=21; ЧДЦ=2</v8:content>
			</v8:item>
		</format>
	</format>
	<format>
		<textPlacement>Wrap</textPlacement>
		<fillType>Parameter</fillType>
	</format>
	<format>
		<textPlacement>Block</textPlacement>
		<fillType>Parameter</fillType>
		<format>
			<v8:item>
				<v8:lang>ru</v8:lang>
				<v8:content>ЧЦ=21; ЧДЦ=2</v8:content>
			</v8:item>
		</format>
	</format>
	<format>
		<topBorder>0</topBorder>
	</format>
</document>