﻿<?xml version="1.0" encoding="UTF-8"?>
<document xmlns="http://v8.1c.ru/8.2/data/spreadsheet" xmlns:style="http://v8.1c.ru/8.1/data/ui/style" xmlns:v8="http://v8.1c.ru/8.1/data/core" xmlns:v8ui="http://v8.1c.ru/8.1/data/ui" xmlns:xs="http://www.w3.org/2001/XMLSchema" xmlns:xsi="http://www.w3.org/2001/XMLSchema-instance">
	<languageSettings>
		<currentLanguage>ru</currentLanguage>
		<defaultLanguage>ru</defaultLanguage>
		<languageInfo>
			<id>ru</id>
			<code>Русский</code>
			<description>Русский</description>
		</languageInfo>
	</languageSettings>
	<columns>
		<size>38</size>
		<columnsItem>
			<index>0</index>
			<column>
				<formatIndex>1</formatIndex>
			</column>
		</columnsItem>
		<columnsItem>
			<index>1</index>
			<column>
				<formatIndex>2</formatIndex>
			</column>
		</columnsItem>
		<columnsItem>
			<index>2</index>
			<column>
				<formatIndex>2</formatIndex>
			</column>
		</columnsItem>
		<columnsItem>
			<index>3</index>
			<column>
				<formatIndex>2</formatIndex>
			</column>
		</columnsItem>
		<columnsItem>
			<index>4</index>
			<column>
				<formatIndex>2</formatIndex>
			</column>
		</columnsItem>
		<columnsItem>
			<index>5</index>
			<column>
				<formatIndex>2</formatIndex>
			</column>
		</columnsItem>
		<columnsItem>
			<index>6</index>
			<column>
				<formatIndex>2</formatIndex>
			</column>
		</columnsItem>
		<columnsItem>
			<index>7</index>
			<column>
				<formatIndex>2</formatIndex>
			</column>
		</columnsItem>
		<columnsItem>
			<index>8</index>
			<column>
				<formatIndex>2</formatIndex>
			</column>
		</columnsItem>
		<columnsItem>
			<index>9</index>
			<column>
				<formatIndex>2</formatIndex>
			</column>
		</columnsItem>
		<columnsItem>
			<index>10</index>
			<column>
				<formatIndex>2</formatIndex>
			</column>
		</columnsItem>
		<columnsItem>
			<index>11</index>
			<column>
				<formatIndex>2</formatIndex>
			</column>
		</columnsItem>
		<columnsItem>
			<index>12</index>
			<column>
				<formatIndex>2</formatIndex>
			</column>
		</columnsItem>
		<columnsItem>
			<index>13</index>
			<column>
				<formatIndex>2</formatIndex>
			</column>
		</columnsItem>
		<columnsItem>
			<index>14</index>
			<column>
				<formatIndex>2</formatIndex>
			</column>
		</columnsItem>
		<columnsItem>
			<index>15</index>
			<column>
				<formatIndex>2</formatIndex>
			</column>
		</columnsItem>
		<columnsItem>
			<index>16</index>
			<column>
				<formatIndex>2</formatIndex>
			</column>
		</columnsItem>
		<columnsItem>
			<index>17</index>
			<column>
				<formatIndex>2</formatIndex>
			</column>
		</columnsItem>
		<columnsItem>
			<index>18</index>
			<column>
				<formatIndex>2</formatIndex>
			</column>
		</columnsItem>
		<columnsItem>
			<index>19</index>
			<column>
				<formatIndex>2</formatIndex>
			</column>
		</columnsItem>
		<columnsItem>
			<index>20</index>
			<column>
				<formatIndex>2</formatIndex>
			</column>
		</columnsItem>
		<columnsItem>
			<index>21</index>
			<column>
				<formatIndex>2</formatIndex>
			</column>
		</columnsItem>
		<columnsItem>
			<index>22</index>
			<column>
				<formatIndex>2</formatIndex>
			</column>
		</columnsItem>
		<columnsItem>
			<index>23</index>
			<column>
				<formatIndex>2</formatIndex>
			</column>
		</columnsItem>
		<columnsItem>
			<index>24</index>
			<column>
				<formatIndex>2</formatIndex>
			</column>
		</columnsItem>
		<columnsItem>
			<index>25</index>
			<column>
				<formatIndex>2</formatIndex>
			</column>
		</columnsItem>
		<columnsItem>
			<index>26</index>
			<column>
				<formatIndex>2</formatIndex>
			</column>
		</columnsItem>
		<columnsItem>
			<index>27</index>
			<column>
				<formatIndex>2</formatIndex>
			</column>
		</columnsItem>
		<columnsItem>
			<index>28</index>
			<column>
				<formatIndex>2</formatIndex>
			</column>
		</columnsItem>
		<columnsItem>
			<index>29</index>
			<column>
				<formatIndex>2</formatIndex>
			</column>
		</columnsItem>
		<columnsItem>
			<index>30</index>
			<column>
				<formatIndex>2</formatIndex>
			</column>
		</columnsItem>
		<columnsItem>
			<index>31</index>
			<column>
				<formatIndex>2</formatIndex>
			</column>
		</columnsItem>
		<columnsItem>
			<index>32</index>
			<column>
				<formatIndex>2</formatIndex>
			</column>
		</columnsItem>
		<columnsItem>
			<index>33</index>
			<column>
				<formatIndex>2</formatIndex>
			</column>
		</columnsItem>
		<columnsItem>
			<index>34</index>
			<column>
				<formatIndex>2</formatIndex>
			</column>
		</columnsItem>
		<columnsItem>
			<index>35</index>
			<column>
				<formatIndex>2</formatIndex>
			</column>
		</columnsItem>
		<columnsItem>
			<index>36</index>
			<column>
				<formatIndex>2</formatIndex>
			</column>
		</columnsItem>
		<columnsItem>
			<index>37</index>
			<column>
				<formatIndex>1</formatIndex>
			</column>
		</columnsItem>
	</columns>
	<rowsItem>
		<index>0</index>
		<row>
			<formatIndex>3</formatIndex>
			<empty>true</empty>
		</row>
	</rowsItem>
	<rowsItem>
		<index>1</index>
		<row>
			<formatIndex>4</formatIndex>
			<c>
				<i>6</i>
				<c>
					<f>5</f>
					<tl>
						<v8:item>
							<v8:lang>ru</v8:lang>
							<v8:content>Регистрационный номер в ПФР</v8:content>
						</v8:item>
					</tl>
				</c>
			</c>
			<c>
				<c>
					<f>6</f>
				</c>
			</c>
			<c>
				<c>
					<f>7</f>
				</c>
			</c>
			<c>
				<c>
					<f>7</f>
				</c>
			</c>
			<c>
				<c>
					<f>7</f>
				</c>
			</c>
			<c>
				<c>
					<f>7</f>
				</c>
			</c>
			<c>
				<c>
					<f>7</f>
				</c>
			</c>
			<c>
				<c>
					<f>7</f>
				</c>
			</c>
			<c>
				<c>
					<f>7</f>
				</c>
			</c>
			<c>
				<c>
					<f>7</f>
				</c>
			</c>
			<c>
				<c>
					<f>8</f>
					<parameter>РегНомер1</parameter>
				</c>
			</c>
			<c>
				<c>
					<f>8</f>
					<parameter>РегНомер2</parameter>
				</c>
			</c>
			<c>
				<c>
					<f>8</f>
					<parameter>РегНомер3</parameter>
				</c>
			</c>
			<c>
				<c>
					<f>9</f>
					<tl>
						<v8:item>
							<v8:lang>ru</v8:lang>
							<v8:content>-</v8:content>
						</v8:item>
					</tl>
				</c>
			</c>
			<c>
				<c>
					<f>8</f>
					<parameter>РегНомер5</parameter>
				</c>
			</c>
			<c>
				<c>
					<f>8</f>
					<parameter>РегНомер6</parameter>
				</c>
			</c>
			<c>
				<c>
					<f>8</f>
					<parameter>РегНомер7</parameter>
				</c>
			</c>
			<c>
				<c>
					<f>9</f>
					<tl>
						<v8:item>
							<v8:lang>ru</v8:lang>
							<v8:content>-</v8:content>
						</v8:item>
					</tl>
				</c>
			</c>
			<c>
				<c>
					<f>8</f>
					<parameter>РегНомер9</parameter>
				</c>
			</c>
			<c>
				<c>
					<f>8</f>
					<parameter>РегНомер10</parameter>
				</c>
			</c>
			<c>
				<c>
					<f>8</f>
					<parameter>РегНомер11</parameter>
				</c>
			</c>
			<c>
				<c>
					<f>8</f>
					<parameter>РегНомер12</parameter>
				</c>
			</c>
			<c>
				<c>
					<f>8</f>
					<parameter>РегНомер13</parameter>
				</c>
			</c>
			<c>
				<c>
					<f>8</f>
					<parameter>РегНомер14</parameter>
				</c>
			</c>
			<c>
				<i>33</i>
				<c>
					<f>10</f>
					<tl>
						<v8:item>
							<v8:lang>ru</v8:lang>
							<v8:content>Стр.</v8:content>
						</v8:item>
					</tl>
				</c>
			</c>
			<c>
				<c>
					<f>11</f>
					<parameter>НомерСтраницы1</parameter>
				</c>
			</c>
			<c>
				<c>
					<f>11</f>
					<parameter>НомерСтраницы2</parameter>
				</c>
			</c>
			<c>
				<c>
					<f>11</f>
					<parameter>НомерСтраницы3</parameter>
				</c>
			</c>
		</row>
	</rowsItem>
	<rowsItem>
		<index>2</index>
		<row>
			<formatIndex>12</formatIndex>
			<empty>true</empty>
		</row>
	</rowsItem>
	<rowsItem>
		<index>3</index>
		<row>
			<formatIndex>12</formatIndex>
			<c>
				<i>1</i>
				<c>
					<f>13</f>
					<tl>
						<v8:item>
							<v8:lang>ru</v8:lang>
							<v8:content>Раздел 4. Основания для применения пониженного тарифа</v8:content>
						</v8:item>
					</tl>
				</c>
			</c>
		</row>
	</rowsItem>
	<rowsItem>
		<index>4</index>
		<row>
			<formatIndex>12</formatIndex>
			<empty>true</empty>
		</row>
	</rowsItem>
	<rowsItem>
		<index>5</index>
		<row>
			<formatIndex>12</formatIndex>
			<c>
				<i>1</i>
				<c>
					<f>13</f>
					<tl>
						<v8:item>
							<v8:lang>ru</v8:lang>
							<v8:content>4.1. Сведения, необходимые для применения пониженного тарифа,
установленного пунктом 2 части 2 статьи 57 и пунктом 4 части 1 статьи 58
Федерального закона от 24 июля 2009 г. №212-ФЗ*</v8:content>
						</v8:item>
					</tl>
				</c>
			</c>
		</row>
	</rowsItem>
	<rowsItem>
		<index>6</index>
		<row>
			<formatIndex>12</formatIndex>
			<empty>true</empty>
		</row>
	</rowsItem>
	<rowsItem>
		<index>7</index>
		<row>
			<formatIndex>12</formatIndex>
			<c>
				<i>1</i>
				<c>
					<f>14</f>
					<tl>
						<v8:item>
							<v8:lang>ru</v8:lang>
							<v8:content>№ 
п/п</v8:content>
						</v8:item>
					</tl>
				</c>
			</c>
			<c>
				<i>3</i>
				<c>
					<f>14</f>
					<tl>
						<v8:item>
							<v8:lang>ru</v8:lang>
							<v8:content>Фамилия, имя, отчество</v8:content>
						</v8:item>
					</tl>
				</c>
			</c>
			<c>
				<i>13</i>
				<c>
					<f>14</f>
					<tl>
						<v8:item>
							<v8:lang>ru</v8:lang>
							<v8:content>Справка учреждения
медико-социальной 
экспертизы, ВТЭК</v8:content>
						</v8:item>
					</tl>
				</c>
			</c>
			<c>
				<i>21</i>
				<c>
					<f>14</f>
					<tl>
						<v8:item>
							<v8:lang>ru</v8:lang>
							<v8:content>Суммы выплат и иных вознаграждений по 
каждому физическому лицу - инвалиду (руб.)</v8:content>
						</v8:item>
					</tl>
				</c>
			</c>
		</row>
	</rowsItem>
	<rowsItem>
		<index>8</index>
		<row>
			<formatIndex>12</formatIndex>
			<c>
				<i>13</i>
				<c>
					<f>14</f>
					<tl>
						<v8:item>
							<v8:lang>ru</v8:lang>
							<v8:content>дата 
выдачи</v8:content>
						</v8:item>
					</tl>
				</c>
			</c>
			<c>
				<i>17</i>
				<c>
					<f>14</f>
					<tl>
						<v8:item>
							<v8:lang>ru</v8:lang>
							<v8:content>дата 
окончания 
действия</v8:content>
						</v8:item>
					</tl>
				</c>
			</c>
			<c>
				<i>21</i>
				<c>
					<f>14</f>
					<tl>
						<v8:item>
							<v8:lang>ru</v8:lang>
							<v8:content>Всего с начала расчетного периода</v8:content>
						</v8:item>
					</tl>
				</c>
			</c>
			<c>
				<i>25</i>
				<c>
					<f>14</f>
					<tl>
						<v8:item>
							<v8:lang>ru</v8:lang>
							<v8:content>в том числе за последние три 
месяца отчетного периода</v8:content>
						</v8:item>
					</tl>
				</c>
			</c>
		</row>
	</rowsItem>
	<rowsItem>
		<index>9</index>
		<row>
			<formatIndex>12</formatIndex>
			<c>
				<i>25</i>
				<c>
					<f>14</f>
					<tl>
						<v8:item>
							<v8:lang>ru</v8:lang>
							<v8:content>1 месяц</v8:content>
						</v8:item>
					</tl>
				</c>
			</c>
			<c>
				<i>29</i>
				<c>
					<f>14</f>
					<tl>
						<v8:item>
							<v8:lang>ru</v8:lang>
							<v8:content>2 месяц</v8:content>
						</v8:item>
					</tl>
				</c>
			</c>
			<c>
				<i>33</i>
				<c>
					<f>14</f>
					<tl>
						<v8:item>
							<v8:lang>ru</v8:lang>
							<v8:content>3 месяц</v8:content>
						</v8:item>
					</tl>
				</c>
			</c>
		</row>
	</rowsItem>
	<rowsItem>
		<index>10</index>
		<row>
			<formatIndex>12</formatIndex>
			<c>
				<i>1</i>
				<c>
					<f>15</f>
					<tl>
						<v8:item>
							<v8:lang>ru</v8:lang>
							<v8:content>1</v8:content>
						</v8:item>
					</tl>
				</c>
			</c>
			<c>
				<i>3</i>
				<c>
					<f>15</f>
					<tl>
						<v8:item>
							<v8:lang>ru</v8:lang>
							<v8:content>2</v8:content>
						</v8:item>
					</tl>
				</c>
			</c>
			<c>
				<i>13</i>
				<c>
					<f>15</f>
					<tl>
						<v8:item>
							<v8:lang>ru</v8:lang>
							<v8:content>3</v8:content>
						</v8:item>
					</tl>
				</c>
			</c>
			<c>
				<i>17</i>
				<c>
					<f>15</f>
					<tl>
						<v8:item>
							<v8:lang>ru</v8:lang>
							<v8:content>4</v8:content>
						</v8:item>
					</tl>
				</c>
			</c>
			<c>
				<i>21</i>
				<c>
					<f>15</f>
					<tl>
						<v8:item>
							<v8:lang>ru</v8:lang>
							<v8:content>5</v8:content>
						</v8:item>
					</tl>
				</c>
			</c>
			<c>
				<i>25</i>
				<c>
					<f>15</f>
					<tl>
						<v8:item>
							<v8:lang>ru</v8:lang>
							<v8:content>6</v8:content>
						</v8:item>
					</tl>
				</c>
			</c>
			<c>
				<i>29</i>
				<c>
					<f>15</f>
					<tl>
						<v8:item>
							<v8:lang>ru</v8:lang>
							<v8:content>7</v8:content>
						</v8:item>
					</tl>
				</c>
			</c>
			<c>
				<i>33</i>
				<c>
					<f>15</f>
					<tl>
						<v8:item>
							<v8:lang>ru</v8:lang>
							<v8:content>8</v8:content>
						</v8:item>
					</tl>
				</c>
			</c>
		</row>
	</rowsItem>
	<rowsItem>
		<index>11</index>
		<row>
			<formatIndex>16</formatIndex>
			<c>
				<i>1</i>
				<c>
					<f>17</f>
					<parameter>НомерСтроки</parameter>
				</c>
			</c>
			<c>
				<i>3</i>
				<c>
					<f>18</f>
					<parameter>Сотрудник</parameter>
				</c>
			</c>
			<c>
				<i>13</i>
				<c>
					<f>19</f>
					<parameter>ДатаВыдачиСправки</parameter>
				</c>
			</c>
			<c>
				<i>17</i>
				<c>
					<f>19</f>
					<parameter>ДатаОкончанияСправки</parameter>
				</c>
			</c>
			<c>
				<i>21</i>
				<c>
					<f>20</f>
					<parameter>СуммаВсего</parameter>
				</c>
			</c>
			<c>
				<i>25</i>
				<c>
					<f>20</f>
					<parameter>Сумма1</parameter>
				</c>
			</c>
			<c>
				<i>29</i>
				<c>
					<f>21</f>
					<parameter>Сумма2</parameter>
				</c>
			</c>
			<c>
				<c>
					<f>22</f>
				</c>
			</c>
			<c>
				<c>
					<f>22</f>
				</c>
			</c>
			<c>
				<c>
					<f>22</f>
				</c>
			</c>
			<c>
				<c>
					<f>21</f>
					<parameter>Сумма3</parameter>
				</c>
			</c>
			<c>
				<c>
					<f>22</f>
				</c>
			</c>
			<c>
				<c>
					<f>22</f>
				</c>
			</c>
			<c>
				<c>
					<f>22</f>
				</c>
			</c>
			<c>
				<c>
					<f>23</f>
					<tl/>
				</c>
			</c>
		</row>
	</rowsItem>
	<rowsItem>
		<index>12</index>
		<row>
			<formatIndex>16</formatIndex>
			<c>
				<i>1</i>
				<c>
					<f>24</f>
				</c>
			</c>
			<c>
				<i>3</i>
				<c>
					<f>25</f>
				</c>
			</c>
			<c>
				<i>13</i>
				<c>
					<f>24</f>
				</c>
			</c>
			<c>
				<i>17</i>
				<c>
					<f>24</f>
				</c>
			</c>
			<c>
				<i>21</i>
				<c>
					<f>26</f>
				</c>
			</c>
			<c>
				<i>25</i>
				<c>
					<f>26</f>
				</c>
			</c>
			<c>
				<i>29</i>
				<c>
					<f>26</f>
				</c>
			</c>
			<c>
				<i>33</i>
				<c>
					<f>26</f>
				</c>
			</c>
		</row>
	</rowsItem>
	<rowsItem>
		<index>13</index>
		<row>
			<formatIndex>16</formatIndex>
			<c>
				<i>20</i>
				<c>
					<f>27</f>
					<tl>
						<v8:item>
							<v8:lang>ru</v8:lang>
							<v8:content>Итого выплат</v8:content>
						</v8:item>
					</tl>
				</c>
			</c>
			<c>
				<c>
					<f>28</f>
					<parameter>СуммаВсего</parameter>
				</c>
			</c>
			<c>
				<i>25</i>
				<c>
					<f>28</f>
					<parameter>Сумма1</parameter>
				</c>
			</c>
			<c>
				<i>29</i>
				<c>
					<f>29</f>
					<parameter>Сумма2</parameter>
				</c>
			</c>
			<c>
				<c>
					<f>22</f>
				</c>
			</c>
			<c>
				<c>
					<f>22</f>
				</c>
			</c>
			<c>
				<c>
					<f>22</f>
				</c>
			</c>
			<c>
				<c>
					<f>29</f>
					<parameter>Сумма3</parameter>
				</c>
			</c>
			<c>
				<c>
					<f>22</f>
				</c>
			</c>
			<c>
				<c>
					<f>22</f>
				</c>
			</c>
			<c>
				<c>
					<f>22</f>
				</c>
			</c>
		</row>
	</rowsItem>
	<rowsItem>
		<index>14</index>
		<row>
			<formatIndex>30</formatIndex>
			<empty>true</empty>
		</row>
	</rowsItem>
	<rowsItem>
		<index>15</index>
		<row>
			<formatIndex>12</formatIndex>
			<empty>true</empty>
		</row>
	</rowsItem>
	<rowsItem>
		<index>16</index>
		<row>
			<formatIndex>12</formatIndex>
			<c>
				<i>1</i>
				<c>
					<f>31</f>
					<tl>
						<v8:item>
							<v8:lang>ru</v8:lang>
							<v8:content>Достоверность и полноту сведений, указанных на данной странице, подтверждаю </v8:content>
						</v8:item>
					</tl>
				</c>
			</c>
		</row>
	</rowsItem>
	<rowsItem>
		<index>17</index>
		<row>
			<formatIndex>32</formatIndex>
			<empty>true</empty>
		</row>
	</rowsItem>
	<rowsItem>
		<index>18</index>
		<row>
			<formatIndex>12</formatIndex>
			<c>
				<i>8</i>
				<c>
					<f>33</f>
				</c>
			</c>
			<c>
				<i>21</i>
				<c>
					<f>34</f>
					<parameter>ДатаЗаполнения</parameter>
				</c>
			</c>
			<c>
				<c>
					<f>35</f>
				</c>
			</c>
			<c>
				<c>
					<f>35</f>
				</c>
			</c>
			<c>
				<c>
					<f>35</f>
				</c>
			</c>
			<c>
				<c>
					<f>35</f>
				</c>
			</c>
			<c>
				<c>
					<f>35</f>
				</c>
			</c>
			<c>
				<c>
					<f>35</f>
				</c>
			</c>
			<c>
				<c>
					<f>35</f>
				</c>
			</c>
			<c>
				<c>
					<f>35</f>
				</c>
			</c>
		</row>
	</rowsItem>
	<rowsItem>
		<index>19</index>
		<row>
			<formatIndex>12</formatIndex>
			<c>
				<i>8</i>
				<c>
					<f>36</f>
					<tl>
						<v8:item>
							<v8:lang>ru</v8:lang>
							<v8:content>(подпись)</v8:content>
						</v8:item>
					</tl>
				</c>
			</c>
			<c>
				<i>21</i>
				<c>
					<f>36</f>
					<tl>
						<v8:item>
							<v8:lang>ru</v8:lang>
							<v8:content>(дата)</v8:content>
						</v8:item>
					</tl>
				</c>
			</c>
			<c>
				<i>30</i>
				<c>
					<f>36</f>
				</c>
			</c>
			<c>
				<c>
					<f>36</f>
				</c>
			</c>
		</row>
	</rowsItem>
	<rowsItem>
		<index>20</index>
		<row>
			<formatIndex>12</formatIndex>
			<c>
				<i>1</i>
				<c>
					<f>33</f>
				</c>
			</c>
			<c>
				<c>
					<f>33</f>
				</c>
			</c>
			<c>
				<c>
					<f>33</f>
				</c>
			</c>
			<c>
				<c>
					<f>33</f>
				</c>
			</c>
			<c>
				<c>
					<f>33</f>
				</c>
			</c>
			<c>
				<c>
					<f>33</f>
				</c>
			</c>
			<c>
				<c>
					<f>33</f>
				</c>
			</c>
		</row>
	</rowsItem>
	<rowsItem>
		<index>21</index>
		<row>
			<formatIndex>37</formatIndex>
			<c>
				<i>1</i>
				<c>
					<f>38</f>
					<tl>
						<v8:item>
							<v8:lang>ru</v8:lang>
							<v8:content>* Представляется плательщиками страховых взносов, производящими выплаты инвалидам, облагаемые по пониженному тарифу</v8:content>
						</v8:item>
					</tl>
				</c>
			</c>
		</row>
	</rowsItem>
	<leftHeader>
		<f>37</f>
	</leftHeader>
	<centerHeader>
		<f>23</f>
	</centerHeader>
	<rightHeader>
		<f>23</f>
	</rightHeader>
	<leftFooter>
		<f>37</f>
	</leftFooter>
	<centerFooter>
		<f>23</f>
	</centerFooter>
	<rightFooter>
		<f>23</f>
	</rightFooter>
	<templateMode>true</templateMode>
	<defaultFormatIndex>23</defaultFormatIndex>
	<height>22</height>
	<vgRows>22</vgRows>
	<merge>
		<r>3</r>
		<c>1</c>
		<w>35</w>
	</merge>
	<merge>
		<r>5</r>
		<c>1</c>
		<w>35</w>
	</merge>
	<merge>
		<r>7</r>
		<c>1</c>
		<h>2</h>
		<w>1</w>
	</merge>
	<merge>
		<r>7</r>
		<c>3</c>
		<h>2</h>
		<w>9</w>
	</merge>
	<merge>
		<r>7</r>
		<c>13</c>
		<w>7</w>
	</merge>
	<merge>
		<r>7</r>
		<c>21</c>
		<w>15</w>
	</merge>
	<merge>
		<r>8</r>
		<c>13</c>
		<h>1</h>
		<w>3</w>
	</merge>
	<merge>
		<r>8</r>
		<c>17</c>
		<h>1</h>
		<w>3</w>
	</merge>
	<merge>
		<r>8</r>
		<c>21</c>
		<h>1</h>
		<w>3</w>
	</merge>
	<merge>
		<r>8</r>
		<c>25</c>
		<w>11</w>
	</merge>
	<merge>
		<r>9</r>
		<c>25</c>
		<w>3</w>
	</merge>
	<merge>
		<r>9</r>
		<c>29</c>
		<w>3</w>
	</merge>
	<merge>
		<r>9</r>
		<c>33</c>
		<w>3</w>
	</merge>
	<merge>
		<r>10</r>
		<c>1</c>
		<w>1</w>
	</merge>
	<merge>
		<r>10</r>
		<c>3</c>
		<w>9</w>
	</merge>
	<merge>
		<r>10</r>
		<c>13</c>
		<w>3</w>
	</merge>
	<merge>
		<r>10</r>
		<c>17</c>
		<w>3</w>
	</merge>
	<merge>
		<r>10</r>
		<c>21</c>
		<w>3</w>
	</merge>
	<merge>
		<r>10</r>
		<c>25</c>
		<w>3</w>
	</merge>
	<merge>
		<r>10</r>
		<c>29</c>
		<w>3</w>
	</merge>
	<merge>
		<r>10</r>
		<c>33</c>
		<w>3</w>
	</merge>
	<merge>
		<r>11</r>
		<c>1</c>
		<w>1</w>
	</merge>
	<merge>
		<r>11</r>
		<c>3</c>
		<w>9</w>
	</merge>
	<merge>
		<r>11</r>
		<c>13</c>
		<w>3</w>
	</merge>
	<merge>
		<r>11</r>
		<c>17</c>
		<w>3</w>
	</merge>
	<merge>
		<r>11</r>
		<c>21</c>
		<w>3</w>
	</merge>
	<merge>
		<r>11</r>
		<c>25</c>
		<w>3</w>
	</merge>
	<merge>
		<r>11</r>
		<c>29</c>
		<w>3</w>
	</merge>
	<merge>
		<r>11</r>
		<c>33</c>
		<w>3</w>
	</merge>
	<merge>
		<r>12</r>
		<c>1</c>
		<w>1</w>
	</merge>
	<merge>
		<r>12</r>
		<c>3</c>
		<w>9</w>
	</merge>
	<merge>
		<r>12</r>
		<c>13</c>
		<w>3</w>
	</merge>
	<merge>
		<r>12</r>
		<c>17</c>
		<w>3</w>
	</merge>
	<merge>
		<r>12</r>
		<c>21</c>
		<w>3</w>
	</merge>
	<merge>
		<r>12</r>
		<c>25</c>
		<w>3</w>
	</merge>
	<merge>
		<r>12</r>
		<c>29</c>
		<w>3</w>
	</merge>
	<merge>
		<r>12</r>
		<c>33</c>
		<w>3</w>
	</merge>
	<merge>
		<r>13</r>
		<c>21</c>
		<w>3</w>
	</merge>
	<merge>
		<r>13</r>
		<c>25</c>
		<w>3</w>
	</merge>
	<merge>
		<r>13</r>
		<c>29</c>
		<w>3</w>
	</merge>
	<merge>
		<r>13</r>
		<c>33</c>
		<w>3</w>
	</merge>
	<merge>
		<r>16</r>
		<c>1</c>
		<w>35</w>
	</merge>
	<merge>
		<r>18</r>
		<c>8</c>
		<w>10</w>
	</merge>
	<merge>
		<r>18</r>
		<c>21</c>
		<w>8</w>
	</merge>
	<merge>
		<r>19</r>
		<c>8</c>
		<w>10</w>
	</merge>
	<merge>
		<r>19</r>
		<c>21</c>
		<w>8</w>
	</merge>
	<namedItem xsi:type="NamedItemCells">
		<name>Подвал</name>
		<area>
			<type>Rows</type>
			<beginRow>15</beginRow>
			<endRow>21</endRow>
			<beginColumn>-1</beginColumn>
			<endColumn>-1</endColumn>
		</area>
	</namedItem>
	<namedItem xsi:type="NamedItemCells">
		<name>Строка</name>
		<area>
			<type>Rows</type>
			<beginRow>14</beginRow>
			<endRow>14</endRow>
			<beginColumn>-1</beginColumn>
			<endColumn>-1</endColumn>
		</area>
	</namedItem>
	<namedItem xsi:type="NamedItemCells">
		<name>СтрокаИтого</name>
		<area>
			<type>Rows</type>
			<beginRow>13</beginRow>
			<endRow>13</endRow>
			<beginColumn>-1</beginColumn>
			<endColumn>-1</endColumn>
		</area>
	</namedItem>
	<namedItem xsi:type="NamedItemCells">
		<name>СтрокаПустая</name>
		<area>
			<type>Rows</type>
			<beginRow>12</beginRow>
			<endRow>12</endRow>
			<beginColumn>-1</beginColumn>
			<endColumn>-1</endColumn>
		</area>
	</namedItem>
	<namedItem xsi:type="NamedItemCells">
		<name>СтрокаСотрудник</name>
		<area>
			<type>Rows</type>
			<beginRow>11</beginRow>
			<endRow>11</endRow>
			<beginColumn>-1</beginColumn>
			<endColumn>-1</endColumn>
		</area>
	</namedItem>
	<namedItem xsi:type="NamedItemCells">
		<name>Шапка</name>
		<area>
			<type>Rows</type>
			<beginRow>0</beginRow>
			<endRow>10</endRow>
			<beginColumn>-1</beginColumn>
			<endColumn>-1</endColumn>
		</area>
	</namedItem>
	<line width="1" gap="false">
		<v8ui:style xsi:type="v8ui:SpreadsheetDocumentCellLineType">ThickDashed</v8ui:style>
	</line>
	<line width="1" gap="false">
		<v8ui:style xsi:type="v8ui:SpreadsheetDocumentCellLineType">Solid</v8ui:style>
	</line>
	<font faceName="Arial" height="9.8" bold="false" italic="false" underline="false" strikeout="false" kind="Absolute"/>
	<font faceName="Arial" height="9" bold="true" italic="false" underline="false" strikeout="false" kind="Absolute"/>
	<font faceName="Arial" height="9.8" bold="true" italic="false" underline="false" strikeout="false" kind="Absolute"/>
	<font faceName="Arial" height="10" bold="true" italic="false" underline="false" strikeout="false" kind="Absolute"/>
	<font faceName="Arial" height="8" bold="false" italic="false" underline="false" strikeout="false" kind="Absolute"/>
	<font faceName="Arial" height="7" bold="false" italic="false" underline="false" strikeout="false" kind="Absolute"/>
	<font faceName="Arial" height="9" bold="true" italic="false" underline="false" strikeout="false" kind="Absolute"/>
	<font faceName="Arial" height="9" bold="false" italic="false" underline="false" strikeout="false" kind="Absolute"/>
	<font faceName="Arial" height="8" bold="true" italic="false" underline="false" strikeout="false" kind="Absolute"/>
	<font faceName="Arial" height="8.3" bold="false" italic="false" underline="false" strikeout="false" kind="Absolute"/>
	<format>
		<width>8</width>
	</format>
	<format>
		<width>24</width>
	</format>
	<format>
		<height>28</height>
	</format>
	<format>
		<height>60</height>
	</format>
	<format>
		<font>0</font>
		<height>60</height>
		<width>22</width>
		<verticalAlignment>Center</verticalAlignment>
	</format>
	<format>
		<font>0</font>
		<height>60</height>
		<width>24</width>
		<verticalAlignment>Center</verticalAlignment>
	</format>
	<format>
		<height>60</height>
		<width>24</width>
	</format>
	<format>
		<font>1</font>
		<border>0</border>
		<height>60</height>
		<width>24</width>
		<horizontalAlignment>Center</horizontalAlignment>
		<verticalAlignment>Center</verticalAlignment>
		<fillType>Parameter</fillType>
	</format>
	<format>
		<font>2</font>
		<height>60</height>
		<width>24</width>
		<horizontalAlignment>Center</horizontalAlignment>
		<verticalAlignment>Center</verticalAlignment>
	</format>
	<format>
		<horizontalAlignment>Right</horizontalAlignment>
		<verticalAlignment>Center</verticalAlignment>
	</format>
	<format>
		<font>1</font>
		<border>0</border>
		<horizontalAlignment>Center</horizontalAlignment>
		<verticalAlignment>Center</verticalAlignment>
		<fillType>Parameter</fillType>
	</format>
	<format>
		<height>0</height>
	</format>
	<format>
		<font>3</font>
		<horizontalAlignment>Center</horizontalAlignment>
		<verticalAlignment>Center</verticalAlignment>
	</format>
	<format>
		<font>4</font>
		<border>1</border>
		<horizontalAlignment>Center</horizontalAlignment>
		<verticalAlignment>Center</verticalAlignment>
		<textPlacement>Wrap</textPlacement>
	</format>
	<format>
		<font>5</font>
		<border>1</border>
		<horizontalAlignment>Center</horizontalAlignment>
		<verticalAlignment>Center</verticalAlignment>
	</format>
	<format>
		<height>80</height>
	</format>
	<format>
		<font>4</font>
		<border>1</border>
		<horizontalAlignment>Center</horizontalAlignment>
		<verticalAlignment>Center</verticalAlignment>
		<fillType>Parameter</fillType>
	</format>
	<format>
		<font>4</font>
		<border>1</border>
		<verticalAlignment>Center</verticalAlignment>
		<fillType>Parameter</fillType>
	</format>
	<format>
		<font>4</font>
		<border>1</border>
		<horizontalAlignment>Center</horizontalAlignment>
		<verticalAlignment>Center</verticalAlignment>
		<fillType>Parameter</fillType>
		<format>
			<v8:item>
				<v8:lang>ru</v8:lang>
				<v8:content>ДФ=dd.MM.yyyy; ДП=-</v8:content>
			</v8:item>
		</format>
	</format>
	<format>
		<font>4</font>
		<border>1</border>
		<horizontalAlignment>Right</horizontalAlignment>
		<verticalAlignment>Center</verticalAlignment>
		<fillType>Parameter</fillType>
		<format>
			<v8:item>
				<v8:lang>ru</v8:lang>
				<v8:content>ЧДЦ=0; ЧН=-</v8:content>
			</v8:item>
		</format>
	</format>
	<format>
		<font>4</font>
		<border>1</border>
		<height>80</height>
		<width>22</width>
		<horizontalAlignment>Right</horizontalAlignment>
		<verticalAlignment>Center</verticalAlignment>
		<fillType>Parameter</fillType>
		<format>
			<v8:item>
				<v8:lang>ru</v8:lang>
				<v8:content>ЧДЦ=0; ЧН=-</v8:content>
			</v8:item>
		</format>
	</format>
	<format>
		<height>80</height>
		<width>22</width>
	</format>
	<format/>
	<format>
		<border>1</border>
		<horizontalAlignment>Center</horizontalAlignment>
		<verticalAlignment>Center</verticalAlignment>
	</format>
	<format>
		<border>1</border>
		<verticalAlignment>Center</verticalAlignment>
	</format>
	<format>
		<border>1</border>
		<horizontalAlignment>Right</horizontalAlignment>
		<verticalAlignment>Center</verticalAlignment>
	</format>
	<format>
		<font>6</font>
		<horizontalAlignment>Right</horizontalAlignment>
		<verticalAlignment>Center</verticalAlignment>
	</format>
	<format>
		<font>7</font>
		<border>1</border>
		<horizontalAlignment>Right</horizontalAlignment>
		<verticalAlignment>Center</verticalAlignment>
		<fillType>Parameter</fillType>
		<format>
			<v8:item>
				<v8:lang>ru</v8:lang>
				<v8:content>ЧДЦ=0; ЧН=-</v8:content>
			</v8:item>
		</format>
	</format>
	<format>
		<font>7</font>
		<border>1</border>
		<height>80</height>
		<width>22</width>
		<horizontalAlignment>Right</horizontalAlignment>
		<verticalAlignment>Center</verticalAlignment>
		<fillType>Parameter</fillType>
		<format>
			<v8:item>
				<v8:lang>ru</v8:lang>
				<v8:content>ЧДЦ=0; ЧН=-</v8:content>
			</v8:item>
		</format>
	</format>
	<format>
		<height>6</height>
	</format>
	<format>
		<font>8</font>
		<horizontalAlignment>Center</horizontalAlignment>
		<verticalAlignment>Center</verticalAlignment>
	</format>
	<format>
		<height>27</height>
	</format>
	<format>
		<bottomBorder>1</bottomBorder>
	</format>
	<format>
		<font>6</font>
		<bottomBorder>1</bottomBorder>
		<height>0</height>
		<width>24</width>
		<horizontalAlignment>Center</horizontalAlignment>
		<fillType>Parameter</fillType>
	</format>
	<format>
		<height>0</height>
		<width>24</width>
	</format>
	<format>
		<font>9</font>
		<horizontalAlignment>Center</horizontalAlignment>
	</format>
	<format/>
	<format>
		<font>9</font>
	</format>
</document>