﻿<?xml version="1.0" encoding="UTF-8"?>
<document xmlns="http://v8.1c.ru/8.2/data/spreadsheet" xmlns:style="http://v8.1c.ru/8.1/data/ui/style" xmlns:v8="http://v8.1c.ru/8.1/data/core" xmlns:v8ui="http://v8.1c.ru/8.1/data/ui" xmlns:xs="http://www.w3.org/2001/XMLSchema" xmlns:xsi="http://www.w3.org/2001/XMLSchema-instance">
	<languageSettings>
		<currentLanguage>ru</currentLanguage>
		<defaultLanguage>ru</defaultLanguage>
		<languageInfo>
			<id>ru</id>
			<code>Русский</code>
			<description>Русский</description>
		</languageInfo>
	</languageSettings>
	<columns>
		<size>17</size>
		<columnsItem>
			<index>9</index>
			<column>
				<formatIndex>1</formatIndex>
			</column>
		</columnsItem>
		<columnsItem>
			<index>10</index>
			<column>
				<formatIndex>2</formatIndex>
			</column>
		</columnsItem>
		<columnsItem>
			<index>11</index>
			<column>
				<formatIndex>2</formatIndex>
			</column>
		</columnsItem>
		<columnsItem>
			<index>12</index>
			<column>
				<formatIndex>2</formatIndex>
			</column>
		</columnsItem>
		<columnsItem>
			<index>13</index>
			<column>
				<formatIndex>3</formatIndex>
			</column>
		</columnsItem>
		<columnsItem>
			<index>14</index>
			<column>
				<formatIndex>4</formatIndex>
			</column>
		</columnsItem>
	</columns>
	<rowsItem>
		<index>0</index>
		<row>
			<formatIndex>5</formatIndex>
			<c>
				<c>
					<f>6</f>
					<parameter>Заголовок</parameter>
				</c>
			</c>
		</row>
	</rowsItem>
	<rowsItem>
		<index>1</index>
		<row>
			<formatIndex>7</formatIndex>
			<c>
				<c>
					<f>8</f>
					<parameter>ПодЗаголовок</parameter>
				</c>
			</c>
		</row>
	</rowsItem>
	<rowsItem>
		<index>2</index>
		<row>
			<formatIndex>9</formatIndex>
			<empty>true</empty>
		</row>
	</rowsItem>
	<rowsItem>
		<index>3</index>
		<row>
			<formatIndex>10</formatIndex>
			<c>
				<c>
					<f>11</f>
					<parameter>Город</parameter>
				</c>
			</c>
			<c>
				<i>5</i>
				<c>
					<f>12</f>
				</c>
			</c>
			<c>
				<c>
					<f>12</f>
				</c>
			</c>
			<c>
				<i>10</i>
				<c>
					<f>13</f>
					<parameter>ДатаСоглашения</parameter>
				</c>
			</c>
		</row>
	</rowsItem>
	<rowsItem>
		<index>4</index>
		<row>
			<formatIndex>14</formatIndex>
			<c>
				<c>
					<f>15</f>
					<parameter>ТекстШапки</parameter>
				</c>
			</c>
		</row>
	</rowsItem>
	<rowsItem>
		<index>5</index>
		<row>
			<formatIndex>16</formatIndex>
			<c>
				<c>
					<f>17</f>
					<parameter>НП</parameter>
				</c>
			</c>
			<c>
				<c>
					<f>15</f>
					<parameter>Содержание</parameter>
				</c>
			</c>
		</row>
	</rowsItem>
	<rowsItem>
		<index>7</index>
		<row>
			<formatIndex>16</formatIndex>
			<c>
				<c>
					<f>18</f>
					<tl>
						<v8:item>
							<v8:lang>ru</v8:lang>
							<v8:content>Работодатель:</v8:content>
						</v8:item>
					</tl>
				</c>
			</c>
			<c>
				<i>3</i>
				<c>
					<f>19</f>
					<parameter>Организация</parameter>
				</c>
			</c>
		</row>
	</rowsItem>
	<rowsItem>
		<index>9</index>
		<row>
			<formatIndex>16</formatIndex>
			<c>
				<i>1</i>
				<c>
					<f>18</f>
					<tl>
						<v8:item>
							<v8:lang>ru</v8:lang>
							<v8:content>Директор</v8:content>
						</v8:item>
					</tl>
				</c>
			</c>
			<c>
				<i>3</i>
				<c>
					<f>20</f>
				</c>
			</c>
			<c>
				<i>6</i>
				<c>
					<f>21</f>
					<parameter>Руководитель</parameter>
				</c>
			</c>
		</row>
	</rowsItem>
	<rowsItem>
		<index>11</index>
		<row>
			<formatIndex>16</formatIndex>
			<c>
				<i>1</i>
				<c>
					<f>18</f>
					<tl>
						<v8:item>
							<v8:lang>ru</v8:lang>
							<v8:content>Работник</v8:content>
						</v8:item>
					</tl>
				</c>
			</c>
			<c>
				<i>3</i>
				<c>
					<f>20</f>
				</c>
			</c>
			<c>
				<i>6</i>
				<c>
					<f>21</f>
					<parameter>Сотрудник</parameter>
				</c>
			</c>
		</row>
	</rowsItem>
	<rowsItem>
		<index>13</index>
		<row>
			<formatIndex>16</formatIndex>
			<c>
				<i>1</i>
				<c>
					<f>22</f>
					<tl>
						<v8:item>
							<v8:lang>ru</v8:lang>
							<v8:content>Экземпляр дополнительного соглашения к трудовому договору получил(а)</v8:content>
						</v8:item>
					</tl>
				</c>
			</c>
		</row>
	</rowsItem>
	<rowsItem>
		<index>14</index>
		<row>
			<formatIndex>23</formatIndex>
			<c>
				<i>1</i>
				<c>
					<f>20</f>
				</c>
			</c>
			<c>
				<i>4</i>
				<c>
					<f>21</f>
					<parameter>ФИО</parameter>
				</c>
			</c>
		</row>
	</rowsItem>
	<rowsItem>
		<index>16</index>
		<row>
			<formatIndex>16</formatIndex>
			<c>
				<c>
					<f>17</f>
					<parameter>НП</parameter>
				</c>
			</c>
			<c>
				<c>
					<f>15</f>
					<parameter>ЗаголовокНадУд</parameter>
				</c>
			</c>
		</row>
	</rowsItem>
	<rowsItem>
		<index>17</index>
		<row>
			<formatIndex>24</formatIndex>
			<empty>true</empty>
		</row>
	</rowsItem>
	<rowsItem>
		<index>18</index>
		<row>
			<formatIndex>25</formatIndex>
			<c>
				<i>1</i>
				<c>
					<f>26</f>
					<parameter>ШапкаНадУд</parameter>
				</c>
			</c>
			<c>
				<i>6</i>
				<c>
					<f>27</f>
					<tl>
						<v8:item>
							<v8:lang>ru</v8:lang>
							<v8:content>Сумма</v8:content>
						</v8:item>
					</tl>
				</c>
			</c>
			<c>
				<c>
					<f>28</f>
				</c>
			</c>
			<c>
				<c>
					<f>28</f>
				</c>
			</c>
			<c>
				<c>
					<f>29</f>
					<tl>
						<v8:item>
							<v8:lang>ru</v8:lang>
							<v8:content>Дата начала действия</v8:content>
						</v8:item>
					</tl>
				</c>
			</c>
			<c>
				<i>14</i>
				<c>
					<f>30</f>
					<tl>
						<v8:item>
							<v8:lang>ru</v8:lang>
							<v8:content>Дата окончания действия</v8:content>
						</v8:item>
					</tl>
				</c>
			</c>
		</row>
	</rowsItem>
	<rowsItem>
		<index>19</index>
		<row>
			<formatIndex>16</formatIndex>
			<c>
				<i>1</i>
				<c>
					<f>31</f>
					<parameter>НадбавкаУдержание</parameter>
				</c>
			</c>
			<c>
				<i>6</i>
				<c>
					<f>32</f>
					<parameter>Сумма</parameter>
				</c>
			</c>
			<c>
				<c>
					<f>0</f>
				</c>
			</c>
			<c>
				<c>
					<f>0</f>
				</c>
			</c>
			<c>
				<c>
					<f>33</f>
					<parameter>ДатаНачала</parameter>
				</c>
			</c>
			<c>
				<i>14</i>
				<c>
					<f>34</f>
					<parameter>ДатаОкончания</parameter>
				</c>
			</c>
		</row>
	</rowsItem>
	<leftHeader>
		<f>16</f>
	</leftHeader>
	<leftFooter>
		<f>16</f>
	</leftFooter>
	<templateMode>true</templateMode>
	<defaultFormatIndex>16</defaultFormatIndex>
	<height>21</height>
	<vgRows>21</vgRows>
	<merge>
		<r>0</r>
		<c>0</c>
		<w>16</w>
	</merge>
	<merge>
		<r>1</r>
		<c>0</c>
		<w>16</w>
	</merge>
	<merge>
		<r>3</r>
		<c>0</c>
		<w>4</w>
	</merge>
	<merge>
		<r>3</r>
		<c>10</c>
		<w>6</w>
	</merge>
	<merge>
		<r>4</r>
		<c>0</c>
		<w>16</w>
	</merge>
	<merge>
		<r>5</r>
		<c>1</c>
		<w>15</w>
	</merge>
	<merge>
		<r>7</r>
		<c>0</c>
		<w>2</w>
	</merge>
	<merge>
		<r>7</r>
		<c>3</c>
		<w>10</w>
	</merge>
	<merge>
		<r>9</r>
		<c>1</c>
		<w>1</w>
	</merge>
	<merge>
		<r>9</r>
		<c>3</c>
		<w>2</w>
	</merge>
	<merge>
		<r>9</r>
		<c>6</c>
		<w>10</w>
	</merge>
	<merge>
		<r>11</r>
		<c>1</c>
		<w>1</w>
	</merge>
	<merge>
		<r>11</r>
		<c>3</c>
		<w>2</w>
	</merge>
	<merge>
		<r>11</r>
		<c>6</c>
		<w>10</w>
	</merge>
	<merge>
		<r>13</r>
		<c>1</c>
		<w>11</w>
	</merge>
	<merge>
		<r>14</r>
		<c>1</c>
		<w>2</w>
	</merge>
	<merge>
		<r>14</r>
		<c>4</c>
		<w>12</w>
	</merge>
	<merge>
		<r>16</r>
		<c>1</c>
		<w>15</w>
	</merge>
	<merge>
		<r>18</r>
		<c>1</c>
		<w>4</w>
	</merge>
	<merge>
		<r>18</r>
		<c>6</c>
		<w>2</w>
	</merge>
	<merge>
		<r>18</r>
		<c>9</c>
		<w>4</w>
	</merge>
	<merge>
		<r>18</r>
		<c>14</c>
		<w>2</w>
	</merge>
	<merge>
		<r>19</r>
		<c>1</c>
		<w>4</w>
	</merge>
	<merge>
		<r>19</r>
		<c>6</c>
		<w>2</w>
	</merge>
	<merge>
		<r>19</r>
		<c>9</c>
		<w>4</w>
	</merge>
	<merge>
		<r>19</r>
		<c>14</c>
		<w>2</w>
	</merge>
	<namedItem xsi:type="NamedItemCells">
		<name>Заголовок</name>
		<area>
			<type>Rows</type>
			<beginRow>0</beginRow>
			<endRow>3</endRow>
			<beginColumn>-1</beginColumn>
			<endColumn>-1</endColumn>
		</area>
	</namedItem>
	<namedItem xsi:type="NamedItemCells">
		<name>НадбавкаУдержание</name>
		<area>
			<type>Rows</type>
			<beginRow>19</beginRow>
			<endRow>19</endRow>
			<beginColumn>-1</beginColumn>
			<endColumn>-1</endColumn>
		</area>
	</namedItem>
	<namedItem xsi:type="NamedItemCells">
		<name>Подвал</name>
		<area>
			<type>Rows</type>
			<beginRow>6</beginRow>
			<endRow>14</endRow>
			<beginColumn>-1</beginColumn>
			<endColumn>-1</endColumn>
		</area>
	</namedItem>
	<namedItem xsi:type="NamedItemCells">
		<name>Пункт</name>
		<area>
			<type>Rows</type>
			<beginRow>5</beginRow>
			<endRow>5</endRow>
			<beginColumn>-1</beginColumn>
			<endColumn>-1</endColumn>
		</area>
	</namedItem>
	<namedItem xsi:type="NamedItemCells">
		<name>Строка</name>
		<area>
			<type>Rows</type>
			<beginRow>20</beginRow>
			<endRow>20</endRow>
			<beginColumn>-1</beginColumn>
			<endColumn>-1</endColumn>
		</area>
	</namedItem>
	<namedItem xsi:type="NamedItemCells">
		<name>Шапка</name>
		<area>
			<type>Rows</type>
			<beginRow>4</beginRow>
			<endRow>4</endRow>
			<beginColumn>-1</beginColumn>
			<endColumn>-1</endColumn>
		</area>
	</namedItem>
	<namedItem xsi:type="NamedItemCells">
		<name>ШапкаНадУд</name>
		<area>
			<type>Rows</type>
			<beginRow>16</beginRow>
			<endRow>18</endRow>
			<beginColumn>-1</beginColumn>
			<endColumn>-1</endColumn>
		</area>
	</namedItem>
	<line width="1" gap="false">
		<v8ui:style xsi:type="v8ui:SpreadsheetDocumentCellLineType">Solid</v8ui:style>
	</line>
	<font faceName="Arial" height="12" bold="true" italic="false" underline="false" strikeout="false" kind="Absolute"/>
	<font faceName="Arial" height="11.3" bold="false" italic="false" underline="false" strikeout="false" kind="Absolute"/>
	<font faceName="Arial" height="9.8" bold="false" italic="false" underline="false" strikeout="false" kind="Absolute"/>
	<font faceName="Arial" height="10" bold="true" italic="false" underline="false" strikeout="false" kind="Absolute"/>
	<font faceName="Arial" height="9.8" bold="true" italic="false" underline="false" strikeout="false" kind="Absolute"/>
	<font faceName="Arial" height="9" bold="false" italic="false" underline="false" strikeout="false" kind="Absolute"/>
	<format>
		<width>19</width>
	</format>
	<format>
		<width>18</width>
	</format>
	<format>
		<width>66</width>
	</format>
	<format>
		<width>11</width>
	</format>
	<format>
		<height>105</height>
	</format>
	<format>
		<font>0</font>
		<horizontalAlignment>Center</horizontalAlignment>
		<fillType>Parameter</fillType>
	</format>
	<format>
		<height>180</height>
	</format>
	<format>
		<font>1</font>
		<horizontalAlignment>Center</horizontalAlignment>
		<fillType>Parameter</fillType>
	</format>
	<format>
		<height>66</height>
	</format>
	<format>
		<height>93</height>
	</format>
	<format>
		<font>2</font>
		<verticalAlignment>Top</verticalAlignment>
		<fillType>Parameter</fillType>
	</format>
	<format>
		<verticalAlignment>Top</verticalAlignment>
	</format>
	<format>
		<font>2</font>
		<horizontalAlignment>Right</horizontalAlignment>
		<verticalAlignment>Top</verticalAlignment>
		<fillType>Parameter</fillType>
	</format>
	<format>
		<height>270</height>
	</format>
	<format>
		<font>2</font>
		<horizontalAlignment>Justify</horizontalAlignment>
		<verticalAlignment>Top</verticalAlignment>
		<textPlacement>Wrap</textPlacement>
		<fillType>Parameter</fillType>
	</format>
	<format/>
	<format>
		<font>3</font>
		<horizontalAlignment>Right</horizontalAlignment>
		<verticalAlignment>Top</verticalAlignment>
		<fillType>Parameter</fillType>
	</format>
	<format>
		<font>2</font>
		<horizontalAlignment>Right</horizontalAlignment>
	</format>
	<format>
		<font>2</font>
		<textPlacement>Wrap</textPlacement>
		<fillType>Parameter</fillType>
	</format>
	<format>
		<bottomBorder>0</bottomBorder>
	</format>
	<format>
		<font>2</font>
		<fillType>Parameter</fillType>
	</format>
	<format>
		<font>2</font>
		<fillType>Text</fillType>
	</format>
	<format>
		<height>75</height>
	</format>
	<format>
		<height>30</height>
	</format>
	<format>
		<height>99</height>
	</format>
	<format>
		<font>4</font>
		<leftBorder>0</leftBorder>
		<topBorder>0</topBorder>
		<bottomBorder>0</bottomBorder>
		<horizontalAlignment>Center</horizontalAlignment>
		<verticalAlignment>Center</verticalAlignment>
		<fillType>Parameter</fillType>
	</format>
	<format>
		<font>4</font>
		<border>0</border>
		<height>78</height>
		<horizontalAlignment>Center</horizontalAlignment>
		<verticalAlignment>Center</verticalAlignment>
	</format>
	<format>
		<height>78</height>
	</format>
	<format>
		<font>4</font>
		<topBorder>0</topBorder>
		<rightBorder>0</rightBorder>
		<bottomBorder>0</bottomBorder>
		<horizontalAlignment>Center</horizontalAlignment>
		<verticalAlignment>Center</verticalAlignment>
		<textPlacement>Wrap</textPlacement>
	</format>
	<format>
		<font>4</font>
		<border>0</border>
		<horizontalAlignment>Center</horizontalAlignment>
		<verticalAlignment>Center</verticalAlignment>
		<textPlacement>Wrap</textPlacement>
	</format>
	<format>
		<font>5</font>
		<leftBorder>0</leftBorder>
		<topBorder>0</topBorder>
		<bottomBorder>0</bottomBorder>
		<textPlacement>Wrap</textPlacement>
		<fillType>Parameter</fillType>
	</format>
	<format>
		<font>5</font>
		<border>0</border>
		<horizontalAlignment>Center</horizontalAlignment>
		<verticalAlignment>Center</verticalAlignment>
		<fillType>Parameter</fillType>
	</format>
	<format>
		<font>5</font>
		<topBorder>0</topBorder>
		<rightBorder>0</rightBorder>
		<bottomBorder>0</bottomBorder>
		<horizontalAlignment>Center</horizontalAlignment>
		<textPlacement>Wrap</textPlacement>
		<fillType>Parameter</fillType>
	</format>
	<format>
		<font>5</font>
		<border>0</border>
		<horizontalAlignment>Center</horizontalAlignment>
		<verticalAlignment>Center</verticalAlignment>
		<fillType>Parameter</fillType>
	</format>
</document>