﻿<?xml version="1.0" encoding="UTF-8"?>
<document xmlns="http://v8.1c.ru/8.2/data/spreadsheet" xmlns:style="http://v8.1c.ru/8.1/data/ui/style" xmlns:v8="http://v8.1c.ru/8.1/data/core" xmlns:v8ui="http://v8.1c.ru/8.1/data/ui" xmlns:xs="http://www.w3.org/2001/XMLSchema" xmlns:xsi="http://www.w3.org/2001/XMLSchema-instance">
	<languageSettings>
		<currentLanguage>ru</currentLanguage>
		<defaultLanguage>ru</defaultLanguage>
		<languageInfo>
			<id>ru</id>
			<code>Русский</code>
			<description>Русский</description>
		</languageInfo>
	</languageSettings>
	<columns>
		<size>38</size>
		<columnsItem>
			<index>0</index>
			<column>
				<formatIndex>1</formatIndex>
			</column>
		</columnsItem>
		<columnsItem>
			<index>1</index>
			<column>
				<formatIndex>2</formatIndex>
			</column>
		</columnsItem>
		<columnsItem>
			<index>2</index>
			<column>
				<formatIndex>2</formatIndex>
			</column>
		</columnsItem>
		<columnsItem>
			<index>3</index>
			<column>
				<formatIndex>2</formatIndex>
			</column>
		</columnsItem>
		<columnsItem>
			<index>4</index>
			<column>
				<formatIndex>2</formatIndex>
			</column>
		</columnsItem>
		<columnsItem>
			<index>5</index>
			<column>
				<formatIndex>2</formatIndex>
			</column>
		</columnsItem>
		<columnsItem>
			<index>6</index>
			<column>
				<formatIndex>2</formatIndex>
			</column>
		</columnsItem>
		<columnsItem>
			<index>7</index>
			<column>
				<formatIndex>2</formatIndex>
			</column>
		</columnsItem>
		<columnsItem>
			<index>8</index>
			<column>
				<formatIndex>2</formatIndex>
			</column>
		</columnsItem>
		<columnsItem>
			<index>9</index>
			<column>
				<formatIndex>2</formatIndex>
			</column>
		</columnsItem>
		<columnsItem>
			<index>10</index>
			<column>
				<formatIndex>2</formatIndex>
			</column>
		</columnsItem>
		<columnsItem>
			<index>11</index>
			<column>
				<formatIndex>2</formatIndex>
			</column>
		</columnsItem>
		<columnsItem>
			<index>12</index>
			<column>
				<formatIndex>2</formatIndex>
			</column>
		</columnsItem>
		<columnsItem>
			<index>13</index>
			<column>
				<formatIndex>2</formatIndex>
			</column>
		</columnsItem>
		<columnsItem>
			<index>14</index>
			<column>
				<formatIndex>2</formatIndex>
			</column>
		</columnsItem>
		<columnsItem>
			<index>15</index>
			<column>
				<formatIndex>2</formatIndex>
			</column>
		</columnsItem>
		<columnsItem>
			<index>16</index>
			<column>
				<formatIndex>2</formatIndex>
			</column>
		</columnsItem>
		<columnsItem>
			<index>17</index>
			<column>
				<formatIndex>2</formatIndex>
			</column>
		</columnsItem>
		<columnsItem>
			<index>18</index>
			<column>
				<formatIndex>2</formatIndex>
			</column>
		</columnsItem>
		<columnsItem>
			<index>19</index>
			<column>
				<formatIndex>2</formatIndex>
			</column>
		</columnsItem>
		<columnsItem>
			<index>20</index>
			<column>
				<formatIndex>2</formatIndex>
			</column>
		</columnsItem>
		<columnsItem>
			<index>21</index>
			<column>
				<formatIndex>2</formatIndex>
			</column>
		</columnsItem>
		<columnsItem>
			<index>22</index>
			<column>
				<formatIndex>2</formatIndex>
			</column>
		</columnsItem>
		<columnsItem>
			<index>23</index>
			<column>
				<formatIndex>2</formatIndex>
			</column>
		</columnsItem>
		<columnsItem>
			<index>24</index>
			<column>
				<formatIndex>2</formatIndex>
			</column>
		</columnsItem>
		<columnsItem>
			<index>25</index>
			<column>
				<formatIndex>2</formatIndex>
			</column>
		</columnsItem>
		<columnsItem>
			<index>26</index>
			<column>
				<formatIndex>2</formatIndex>
			</column>
		</columnsItem>
		<columnsItem>
			<index>27</index>
			<column>
				<formatIndex>2</formatIndex>
			</column>
		</columnsItem>
		<columnsItem>
			<index>28</index>
			<column>
				<formatIndex>2</formatIndex>
			</column>
		</columnsItem>
		<columnsItem>
			<index>29</index>
			<column>
				<formatIndex>2</formatIndex>
			</column>
		</columnsItem>
		<columnsItem>
			<index>30</index>
			<column>
				<formatIndex>2</formatIndex>
			</column>
		</columnsItem>
		<columnsItem>
			<index>31</index>
			<column>
				<formatIndex>2</formatIndex>
			</column>
		</columnsItem>
		<columnsItem>
			<index>32</index>
			<column>
				<formatIndex>2</formatIndex>
			</column>
		</columnsItem>
		<columnsItem>
			<index>33</index>
			<column>
				<formatIndex>2</formatIndex>
			</column>
		</columnsItem>
		<columnsItem>
			<index>34</index>
			<column>
				<formatIndex>2</formatIndex>
			</column>
		</columnsItem>
		<columnsItem>
			<index>35</index>
			<column>
				<formatIndex>2</formatIndex>
			</column>
		</columnsItem>
		<columnsItem>
			<index>36</index>
			<column>
				<formatIndex>1</formatIndex>
			</column>
		</columnsItem>
		<columnsItem>
			<index>37</index>
			<column>
				<formatIndex>3</formatIndex>
			</column>
		</columnsItem>
	</columns>
	<rowsItem>
		<index>0</index>
		<row>
			<formatIndex>4</formatIndex>
			<empty>true</empty>
		</row>
	</rowsItem>
	<rowsItem>
		<index>1</index>
		<row>
			<formatIndex>5</formatIndex>
			<c>
				<c>
					<f>6</f>
				</c>
			</c>
			<c>
				<c>
					<f>7</f>
				</c>
			</c>
			<c>
				<c>
					<f>7</f>
				</c>
			</c>
			<c>
				<c>
					<f>7</f>
				</c>
			</c>
			<c>
				<c>
					<f>7</f>
				</c>
			</c>
			<c>
				<c>
					<f>7</f>
				</c>
			</c>
			<c>
				<c>
					<f>7</f>
				</c>
			</c>
			<c>
				<c>
					<f>7</f>
				</c>
			</c>
			<c>
				<c>
					<f>7</f>
				</c>
			</c>
			<c>
				<c>
					<f>7</f>
				</c>
			</c>
			<c>
				<c>
					<f>7</f>
				</c>
			</c>
			<c>
				<c>
					<f>7</f>
				</c>
			</c>
			<c>
				<c>
					<f>7</f>
				</c>
			</c>
			<c>
				<c>
					<f>7</f>
				</c>
			</c>
			<c>
				<c>
					<f>7</f>
				</c>
			</c>
			<c>
				<c>
					<f>7</f>
				</c>
			</c>
			<c>
				<c>
					<f>7</f>
				</c>
			</c>
			<c>
				<c>
					<f>7</f>
				</c>
			</c>
			<c>
				<c>
					<f>7</f>
				</c>
			</c>
			<c>
				<c>
					<f>7</f>
				</c>
			</c>
			<c>
				<c>
					<f>7</f>
				</c>
			</c>
			<c>
				<c>
					<f>7</f>
				</c>
			</c>
			<c>
				<c>
					<f>7</f>
				</c>
			</c>
			<c>
				<c>
					<f>7</f>
				</c>
			</c>
			<c>
				<c>
					<f>7</f>
				</c>
			</c>
			<c>
				<c>
					<f>7</f>
				</c>
			</c>
			<c>
				<c>
					<f>7</f>
				</c>
			</c>
			<c>
				<c>
					<f>7</f>
				</c>
			</c>
			<c>
				<c>
					<f>7</f>
				</c>
			</c>
			<c>
				<c>
					<f>7</f>
				</c>
			</c>
			<c>
				<c>
					<f>7</f>
				</c>
			</c>
			<c>
				<c>
					<f>7</f>
				</c>
			</c>
			<c>
				<c>
					<f>7</f>
				</c>
			</c>
			<c>
				<c>
					<f>7</f>
				</c>
			</c>
			<c>
				<c>
					<f>7</f>
				</c>
			</c>
			<c>
				<c>
					<f>7</f>
				</c>
			</c>
			<c>
				<c>
					<f>8</f>
				</c>
			</c>
			<c>
				<c>
					<f>9</f>
				</c>
			</c>
		</row>
	</rowsItem>
	<rowsItem>
		<index>2</index>
		<row>
			<formatIndex>10</formatIndex>
			<c>
				<c>
					<f>11</f>
				</c>
			</c>
			<c>
				<i>10</i>
				<c>
					<f>12</f>
					<tl>
						<v8:item>
							<v8:lang>ru</v8:lang>
							<v8:content>ИНН </v8:content>
						</v8:item>
					</tl>
				</c>
			</c>
			<c>
				<c>
					<f>13</f>
					<parameter>ИНН1</parameter>
				</c>
			</c>
			<c>
				<c>
					<f>14</f>
					<parameter>ИНН2</parameter>
				</c>
			</c>
			<c>
				<c>
					<f>14</f>
					<parameter>ИНН3</parameter>
				</c>
			</c>
			<c>
				<c>
					<f>14</f>
					<parameter>ИНН4</parameter>
				</c>
			</c>
			<c>
				<c>
					<f>14</f>
					<parameter>ИНН5</parameter>
				</c>
			</c>
			<c>
				<c>
					<f>14</f>
					<parameter>ИНН6</parameter>
				</c>
			</c>
			<c>
				<c>
					<f>14</f>
					<parameter>ИНН7</parameter>
				</c>
			</c>
			<c>
				<c>
					<f>14</f>
					<parameter>ИНН8</parameter>
				</c>
			</c>
			<c>
				<c>
					<f>14</f>
					<parameter>ИНН9</parameter>
				</c>
			</c>
			<c>
				<c>
					<f>14</f>
					<parameter>ИНН10</parameter>
				</c>
			</c>
			<c>
				<c>
					<f>14</f>
					<parameter>ИНН11</parameter>
				</c>
			</c>
			<c>
				<c>
					<f>14</f>
					<parameter>ИНН12</parameter>
				</c>
			</c>
			<c>
				<c>
					<f>15</f>
				</c>
			</c>
			<c>
				<c>
					<f>15</f>
				</c>
			</c>
			<c>
				<i>36</i>
				<c>
					<f>16</f>
				</c>
			</c>
			<c>
				<c>
					<f>17</f>
				</c>
			</c>
		</row>
	</rowsItem>
	<rowsItem>
		<index>3</index>
		<row>
			<formatIndex>18</formatIndex>
			<c>
				<c>
					<f>11</f>
				</c>
			</c>
			<c>
				<i>10</i>
				<c>
					<f>19</f>
				</c>
			</c>
			<c>
				<c>
					<f>15</f>
				</c>
			</c>
			<c>
				<c>
					<f>15</f>
				</c>
			</c>
			<c>
				<c>
					<f>15</f>
				</c>
			</c>
			<c>
				<c>
					<f>15</f>
				</c>
			</c>
			<c>
				<c>
					<f>15</f>
				</c>
			</c>
			<c>
				<c>
					<f>15</f>
				</c>
			</c>
			<c>
				<c>
					<f>15</f>
				</c>
			</c>
			<c>
				<c>
					<f>15</f>
				</c>
			</c>
			<c>
				<c>
					<f>15</f>
				</c>
			</c>
			<c>
				<c>
					<f>15</f>
				</c>
			</c>
			<c>
				<c>
					<f>15</f>
				</c>
			</c>
			<c>
				<c>
					<f>15</f>
				</c>
			</c>
			<c>
				<c>
					<f>15</f>
				</c>
			</c>
			<c>
				<c>
					<f>15</f>
				</c>
			</c>
			<c>
				<i>35</i>
				<c>
					<f>20</f>
				</c>
			</c>
			<c>
				<c>
					<f>21</f>
				</c>
			</c>
			<c>
				<c>
					<f>17</f>
				</c>
			</c>
		</row>
	</rowsItem>
	<rowsItem>
		<index>4</index>
		<row>
			<formatIndex>10</formatIndex>
			<c>
				<c>
					<f>11</f>
				</c>
			</c>
			<c>
				<i>10</i>
				<c>
					<f>12</f>
					<tl>
						<v8:item>
							<v8:lang>ru</v8:lang>
							<v8:content>КПП </v8:content>
						</v8:item>
					</tl>
				</c>
			</c>
			<c>
				<c>
					<f>14</f>
					<parameter>КПП1</parameter>
				</c>
			</c>
			<c>
				<c>
					<f>14</f>
					<parameter>КПП2</parameter>
				</c>
			</c>
			<c>
				<c>
					<f>14</f>
					<parameter>КПП3</parameter>
				</c>
			</c>
			<c>
				<c>
					<f>14</f>
					<parameter>КПП4</parameter>
				</c>
			</c>
			<c>
				<c>
					<f>14</f>
					<parameter>КПП5</parameter>
				</c>
			</c>
			<c>
				<c>
					<f>14</f>
					<parameter>КПП6</parameter>
				</c>
			</c>
			<c>
				<c>
					<f>14</f>
					<parameter>КПП7</parameter>
				</c>
			</c>
			<c>
				<c>
					<f>14</f>
					<parameter>КПП8</parameter>
				</c>
			</c>
			<c>
				<c>
					<f>14</f>
					<parameter>КПП9</parameter>
				</c>
			</c>
			<c>
				<c>
					<f>22</f>
					<tl>
						<v8:item>
							<v8:lang>ru</v8:lang>
							<v8:content>Стр.</v8:content>
						</v8:item>
					</tl>
				</c>
			</c>
			<c>
				<i>22</i>
				<c>
					<f>23</f>
					<parameter>НомерСтраницы1</parameter>
				</c>
			</c>
			<c>
				<c>
					<f>24</f>
					<parameter>НомерСтраницы2</parameter>
				</c>
			</c>
			<c>
				<c>
					<f>24</f>
					<parameter>НомерСтраницы3</parameter>
				</c>
			</c>
			<c>
				<i>36</i>
				<c>
					<f>16</f>
				</c>
			</c>
			<c>
				<c>
					<f>17</f>
				</c>
			</c>
		</row>
	</rowsItem>
	<rowsItem>
		<index>5</index>
		<row>
			<formatIndex>25</formatIndex>
			<c>
				<c>
					<f>11</f>
				</c>
			</c>
			<c>
				<i>35</i>
				<c>
					<f>26</f>
					<tl>
						<v8:item>
							<v8:lang>ru</v8:lang>
							<v8:content>Форма по КНД 1151058</v8:content>
						</v8:item>
					</tl>
				</c>
			</c>
			<c>
				<c>
					<f>27</f>
				</c>
			</c>
			<c>
				<c>
					<f>17</f>
				</c>
			</c>
		</row>
	</rowsItem>
	<rowsItem>
		<index>6</index>
		<row>
			<formatIndex>28</formatIndex>
			<c>
				<c>
					<f>11</f>
				</c>
			</c>
			<c>
				<i>36</i>
				<c>
					<f>27</f>
				</c>
			</c>
			<c>
				<c>
					<f>17</f>
				</c>
			</c>
		</row>
	</rowsItem>
	<rowsItem>
		<index>7</index>
		<row>
			<formatIndex>20</formatIndex>
			<c>
				<c>
					<f>11</f>
				</c>
			</c>
			<c>
				<c>
					<f>29</f>
					<tl>
						<v8:item>
							<v8:lang>ru</v8:lang>
							<v8:content>Сведения о физическом лице</v8:content>
						</v8:item>
					</tl>
				</c>
			</c>
			<c>
				<i>36</i>
				<c>
					<f>27</f>
				</c>
			</c>
			<c>
				<c>
					<f>17</f>
				</c>
			</c>
		</row>
	</rowsItem>
	<rowsItem>
		<index>8</index>
		<row>
			<formatIndex>20</formatIndex>
			<c>
				<c>
					<f>11</f>
				</c>
			</c>
			<c>
				<i>36</i>
				<c>
					<f>27</f>
				</c>
			</c>
			<c>
				<c>
					<f>17</f>
				</c>
			</c>
		</row>
	</rowsItem>
	<rowsItem>
		<index>9</index>
		<row>
			<formatIndex>20</formatIndex>
			<c>
				<c>
					<f>11</f>
				</c>
			</c>
			<c>
				<c>
					<f>30</f>
					<tl>
						<v8:item>
							<v8:lang>ru</v8:lang>
							<v8:content>В случае отсутствия ИНН физического лица сообщаю:</v8:content>
						</v8:item>
					</tl>
				</c>
			</c>
			<c>
				<i>36</i>
				<c>
					<f>27</f>
				</c>
			</c>
			<c>
				<c>
					<f>17</f>
				</c>
			</c>
		</row>
	</rowsItem>
	<rowsItem>
		<index>10</index>
		<row>
			<formatIndex>28</formatIndex>
			<c>
				<c>
					<f>11</f>
				</c>
			</c>
			<c>
				<i>36</i>
				<c>
					<f>27</f>
				</c>
			</c>
			<c>
				<c>
					<f>17</f>
				</c>
			</c>
		</row>
	</rowsItem>
	<rowsItem>
		<index>11</index>
		<row>
			<formatIndex>28</formatIndex>
			<c>
				<c>
					<f>11</f>
				</c>
			</c>
			<c>
				<c>
					<f>15</f>
					<tl>
						<v8:item>
							<v8:lang>ru</v8:lang>
							<v8:content>Фамилия, Имя, Отчество физического лица</v8:content>
						</v8:item>
					</tl>
				</c>
			</c>
			<c>
				<i>13</i>
				<c>
					<f>31</f>
				</c>
			</c>
			<c>
				<i>36</i>
				<c>
					<f>27</f>
				</c>
			</c>
			<c>
				<c>
					<f>17</f>
				</c>
			</c>
		</row>
	</rowsItem>
	<rowsItem>
		<index>12</index>
		<row>
			<formatIndex>28</formatIndex>
			<c>
				<c>
					<f>11</f>
				</c>
			</c>
			<c>
				<i>36</i>
				<c>
					<f>27</f>
				</c>
			</c>
			<c>
				<c>
					<f>17</f>
				</c>
			</c>
		</row>
	</rowsItem>
	<rowsItem>
		<index>13</index>
		<row>
			<formatIndex>20</formatIndex>
			<c>
				<c>
					<f>11</f>
				</c>
			</c>
			<c>
				<c>
					<f>15</f>
					<tl>
						<v8:item>
							<v8:lang>ru</v8:lang>
							<v8:content>Код города и номер контактного телефона: </v8:content>
						</v8:item>
					</tl>
				</c>
			</c>
			<c>
				<i>15</i>
				<c>
					<f>32</f>
				</c>
			</c>
			<c>
				<c>
					<f>33</f>
					<tl>
						<v8:item>
							<v8:lang>ru</v8:lang>
							<v8:content>служебный  </v8:content>
						</v8:item>
					</tl>
				</c>
			</c>
			<c>
				<c>
					<f>34</f>
				</c>
			</c>
			<c>
				<c>
					<f>34</f>
				</c>
			</c>
			<c>
				<c>
					<f>34</f>
				</c>
			</c>
			<c>
				<c>
					<f>34</f>
				</c>
			</c>
			<c>
				<c>
					<f>34</f>
				</c>
			</c>
			<c>
				<c>
					<f>34</f>
				</c>
			</c>
			<c>
				<c>
					<f>34</f>
				</c>
			</c>
			<c>
				<i>25</i>
				<c>
					<f>15</f>
					<tl>
						<v8:item>
							<v8:lang>ru</v8:lang>
							<v8:content>домашний</v8:content>
						</v8:item>
					</tl>
				</c>
			</c>
			<c>
				<i>28</i>
				<c>
					<f>31</f>
				</c>
			</c>
			<c>
				<i>36</i>
				<c>
					<f>27</f>
				</c>
			</c>
			<c>
				<c>
					<f>17</f>
				</c>
			</c>
		</row>
	</rowsItem>
	<rowsItem>
		<index>14</index>
		<row>
			<formatIndex>28</formatIndex>
			<c>
				<c>
					<f>11</f>
				</c>
			</c>
			<c>
				<i>36</i>
				<c>
					<f>27</f>
				</c>
			</c>
			<c>
				<c>
					<f>17</f>
				</c>
			</c>
		</row>
	</rowsItem>
	<rowsItem>
		<index>15</index>
		<row>
			<formatIndex>10</formatIndex>
			<c>
				<c>
					<f>11</f>
				</c>
			</c>
			<c>
				<c>
					<f>15</f>
					<tl>
						<v8:item>
							<v8:lang>ru</v8:lang>
							<v8:content>Дата рождения</v8:content>
						</v8:item>
					</tl>
				</c>
			</c>
			<c>
				<i>6</i>
				<c>
					<f>35</f>
				</c>
			</c>
			<c>
				<c>
					<f>35</f>
				</c>
			</c>
			<c>
				<c>
					<f>15</f>
				</c>
			</c>
			<c>
				<c>
					<f>35</f>
				</c>
			</c>
			<c>
				<c>
					<f>35</f>
				</c>
			</c>
			<c>
				<c>
					<f>15</f>
				</c>
			</c>
			<c>
				<c>
					<f>35</f>
				</c>
			</c>
			<c>
				<c>
					<f>35</f>
				</c>
			</c>
			<c>
				<c>
					<f>35</f>
				</c>
			</c>
			<c>
				<c>
					<f>35</f>
				</c>
			</c>
			<c>
				<i>36</i>
				<c>
					<f>27</f>
				</c>
			</c>
			<c>
				<c>
					<f>17</f>
				</c>
			</c>
		</row>
	</rowsItem>
	<rowsItem>
		<index>16</index>
		<row>
			<formatIndex>20</formatIndex>
			<c>
				<c>
					<f>11</f>
				</c>
			</c>
			<c>
				<i>36</i>
				<c>
					<f>27</f>
				</c>
			</c>
			<c>
				<c>
					<f>17</f>
				</c>
			</c>
		</row>
	</rowsItem>
	<rowsItem>
		<index>17</index>
		<row>
			<formatIndex>20</formatIndex>
			<c>
				<c>
					<f>11</f>
				</c>
			</c>
			<c>
				<c>
					<f>15</f>
					<tl>
						<v8:item>
							<v8:lang>ru</v8:lang>
							<v8:content>Место рождения </v8:content>
						</v8:item>
					</tl>
				</c>
			</c>
			<c>
				<i>6</i>
				<c>
					<f>31</f>
				</c>
			</c>
			<c>
				<i>36</i>
				<c>
					<f>27</f>
				</c>
			</c>
			<c>
				<c>
					<f>17</f>
				</c>
			</c>
		</row>
	</rowsItem>
	<rowsItem>
		<index>18</index>
		<row>
			<formatIndex>28</formatIndex>
			<c>
				<c>
					<f>11</f>
				</c>
			</c>
			<c>
				<i>36</i>
				<c>
					<f>27</f>
				</c>
			</c>
			<c>
				<c>
					<f>17</f>
				</c>
			</c>
		</row>
	</rowsItem>
	<rowsItem>
		<index>19</index>
		<row>
			<formatIndex>10</formatIndex>
			<c>
				<c>
					<f>11</f>
				</c>
			</c>
			<c>
				<c>
					<f>15</f>
					<tl>
						<v8:item>
							<v8:lang>ru</v8:lang>
							<v8:content>Гражданство</v8:content>
						</v8:item>
					</tl>
				</c>
			</c>
			<c>
				<i>6</i>
				<c>
					<f>36</f>
				</c>
			</c>
			<c>
				<i>29</i>
				<c>
					<f>37</f>
					<tl>
						<v8:item>
							<v8:lang>ru</v8:lang>
							<v8:content>Код страны</v8:content>
						</v8:item>
					</tl>
				</c>
			</c>
			<c>
				<i>33</i>
				<c>
					<f>38</f>
				</c>
			</c>
			<c>
				<c>
					<f>39</f>
				</c>
			</c>
			<c>
				<c>
					<f>39</f>
				</c>
			</c>
			<c>
				<c>
					<f>27</f>
				</c>
			</c>
			<c>
				<c>
					<f>17</f>
				</c>
			</c>
		</row>
	</rowsItem>
	<rowsItem>
		<index>20</index>
		<row>
			<formatIndex>20</formatIndex>
			<c>
				<c>
					<f>11</f>
				</c>
			</c>
			<c>
				<i>36</i>
				<c>
					<f>27</f>
				</c>
			</c>
			<c>
				<c>
					<f>17</f>
				</c>
			</c>
		</row>
	</rowsItem>
	<rowsItem>
		<index>21</index>
		<row>
			<formatIndex>10</formatIndex>
			<c>
				<c>
					<f>11</f>
				</c>
			</c>
			<c>
				<c>
					<f>15</f>
					<tl>
						<v8:item>
							<v8:lang>ru</v8:lang>
							<v8:content>Вид документа, удостоверяющего личность </v8:content>
						</v8:item>
					</tl>
				</c>
			</c>
			<c>
				<i>13</i>
				<c>
					<f>34</f>
				</c>
			</c>
			<c>
				<c>
					<f>34</f>
				</c>
			</c>
			<c>
				<c>
					<f>34</f>
				</c>
			</c>
			<c>
				<c>
					<f>34</f>
				</c>
			</c>
			<c>
				<c>
					<f>34</f>
				</c>
			</c>
			<c>
				<c>
					<f>34</f>
				</c>
			</c>
			<c>
				<c>
					<f>34</f>
				</c>
			</c>
			<c>
				<c>
					<f>34</f>
				</c>
			</c>
			<c>
				<c>
					<f>34</f>
				</c>
			</c>
			<c>
				<c>
					<f>34</f>
				</c>
			</c>
			<c>
				<c>
					<f>34</f>
				</c>
			</c>
			<c>
				<c>
					<f>34</f>
				</c>
			</c>
			<c>
				<c>
					<f>34</f>
				</c>
			</c>
			<c>
				<c>
					<f>34</f>
				</c>
			</c>
			<c>
				<c>
					<f>34</f>
				</c>
			</c>
			<c>
				<c>
					<f>34</f>
				</c>
			</c>
			<c>
				<i>31</i>
				<c>
					<f>40</f>
					<tl>
						<v8:item>
							<v8:lang>ru</v8:lang>
							<v8:content>Код</v8:content>
						</v8:item>
					</tl>
				</c>
			</c>
			<c>
				<i>33</i>
				<c>
					<f>38</f>
				</c>
			</c>
			<c>
				<c>
					<f>39</f>
				</c>
			</c>
			<c>
				<i>36</i>
				<c>
					<f>27</f>
				</c>
			</c>
			<c>
				<c>
					<f>17</f>
				</c>
			</c>
		</row>
	</rowsItem>
	<rowsItem>
		<index>22</index>
		<row>
			<formatIndex>28</formatIndex>
			<c>
				<c>
					<f>11</f>
				</c>
			</c>
			<c>
				<i>36</i>
				<c>
					<f>27</f>
				</c>
			</c>
			<c>
				<c>
					<f>17</f>
				</c>
			</c>
		</row>
	</rowsItem>
	<rowsItem>
		<index>23</index>
		<row>
			<formatIndex>20</formatIndex>
			<c>
				<c>
					<f>11</f>
				</c>
			</c>
			<c>
				<c>
					<f>15</f>
					<tl>
						<v8:item>
							<v8:lang>ru</v8:lang>
							<v8:content>Серия и номер документа, удостоверяющего личность </v8:content>
						</v8:item>
					</tl>
				</c>
			</c>
			<c>
				<i>15</i>
				<c>
					<f>41</f>
				</c>
			</c>
			<c>
				<c>
					<f>34</f>
				</c>
			</c>
			<c>
				<i>36</i>
				<c>
					<f>27</f>
				</c>
			</c>
			<c>
				<c>
					<f>17</f>
				</c>
			</c>
		</row>
	</rowsItem>
	<rowsItem>
		<index>24</index>
		<row>
			<formatIndex>20</formatIndex>
			<c>
				<c>
					<f>11</f>
				</c>
			</c>
			<c>
				<i>36</i>
				<c>
					<f>27</f>
				</c>
			</c>
			<c>
				<c>
					<f>17</f>
				</c>
			</c>
		</row>
	</rowsItem>
	<rowsItem>
		<index>25</index>
		<row>
			<formatIndex>28</formatIndex>
			<c>
				<c>
					<f>11</f>
				</c>
			</c>
			<c>
				<c>
					<f>42</f>
					<tl>
						<v8:item>
							<v8:lang>ru</v8:lang>
							<v8:content>Кем выдан </v8:content>
						</v8:item>
					</tl>
				</c>
			</c>
			<c>
				<i>4</i>
				<c>
					<f>41</f>
				</c>
			</c>
			<c>
				<c>
					<f>34</f>
				</c>
			</c>
			<c>
				<i>36</i>
				<c>
					<f>27</f>
				</c>
			</c>
			<c>
				<c>
					<f>17</f>
				</c>
			</c>
		</row>
	</rowsItem>
	<rowsItem>
		<index>26</index>
		<row>
			<formatIndex>20</formatIndex>
			<c>
				<c>
					<f>11</f>
				</c>
			</c>
			<c>
				<i>36</i>
				<c>
					<f>27</f>
				</c>
			</c>
			<c>
				<c>
					<f>17</f>
				</c>
			</c>
		</row>
	</rowsItem>
	<rowsItem>
		<index>27</index>
		<row>
			<formatIndex>10</formatIndex>
			<c>
				<c>
					<f>11</f>
				</c>
			</c>
			<c>
				<c>
					<f>15</f>
					<tl>
						<v8:item>
							<v8:lang>ru</v8:lang>
							<v8:content>Дата выдачи документа </v8:content>
						</v8:item>
					</tl>
				</c>
			</c>
			<c>
				<i>8</i>
				<c>
					<f>43</f>
				</c>
			</c>
			<c>
				<c>
					<f>43</f>
				</c>
			</c>
			<c>
				<c>
					<f>44</f>
				</c>
			</c>
			<c>
				<c>
					<f>43</f>
				</c>
			</c>
			<c>
				<c>
					<f>43</f>
				</c>
			</c>
			<c>
				<c>
					<f>44</f>
				</c>
			</c>
			<c>
				<c>
					<f>43</f>
				</c>
			</c>
			<c>
				<c>
					<f>43</f>
				</c>
			</c>
			<c>
				<c>
					<f>43</f>
				</c>
			</c>
			<c>
				<c>
					<f>43</f>
				</c>
			</c>
			<c>
				<i>36</i>
				<c>
					<f>27</f>
				</c>
			</c>
			<c>
				<c>
					<f>17</f>
				</c>
			</c>
		</row>
	</rowsItem>
	<rowsItem>
		<index>28</index>
		<row>
			<formatIndex>20</formatIndex>
			<c>
				<c>
					<f>11</f>
				</c>
			</c>
			<c>
				<i>36</i>
				<c>
					<f>27</f>
				</c>
			</c>
			<c>
				<c>
					<f>17</f>
				</c>
			</c>
		</row>
	</rowsItem>
	<rowsItem>
		<index>29</index>
		<row>
			<formatIndex>20</formatIndex>
			<c>
				<c>
					<f>11</f>
				</c>
			</c>
			<c>
				<c>
					<f>15</f>
					<tl>
						<v8:item>
							<v8:lang>ru</v8:lang>
							<v8:content>Место жительства в Российской Федерации:</v8:content>
						</v8:item>
					</tl>
				</c>
			</c>
			<c>
				<i>36</i>
				<c>
					<f>27</f>
				</c>
			</c>
			<c>
				<c>
					<f>17</f>
				</c>
			</c>
		</row>
	</rowsItem>
	<rowsItem>
		<index>30</index>
		<row>
			<formatIndex>45</formatIndex>
			<c>
				<c>
					<f>11</f>
				</c>
			</c>
			<c>
				<i>36</i>
				<c>
					<f>27</f>
				</c>
			</c>
			<c>
				<c>
					<f>17</f>
				</c>
			</c>
		</row>
	</rowsItem>
	<rowsItem>
		<index>31</index>
		<row>
			<formatIndex>46</formatIndex>
			<c>
				<c>
					<f>11</f>
				</c>
			</c>
			<c>
				<c>
					<f>15</f>
					<tl>
						<v8:item>
							<v8:lang>ru</v8:lang>
							<v8:content>Почтовый индекс </v8:content>
						</v8:item>
					</tl>
				</c>
			</c>
			<c>
				<i>8</i>
				<c>
					<f>47</f>
				</c>
			</c>
			<c>
				<c>
					<f>39</f>
				</c>
			</c>
			<c>
				<c>
					<f>39</f>
				</c>
			</c>
			<c>
				<c>
					<f>39</f>
				</c>
			</c>
			<c>
				<c>
					<f>39</f>
				</c>
			</c>
			<c>
				<c>
					<f>39</f>
				</c>
			</c>
			<c>
				<i>36</i>
				<c>
					<f>27</f>
				</c>
			</c>
			<c>
				<c>
					<f>17</f>
				</c>
			</c>
		</row>
	</rowsItem>
	<rowsItem>
		<index>32</index>
		<row>
			<formatIndex>28</formatIndex>
			<c>
				<c>
					<f>11</f>
				</c>
			</c>
			<c>
				<i>36</i>
				<c>
					<f>27</f>
				</c>
			</c>
			<c>
				<c>
					<f>17</f>
				</c>
			</c>
		</row>
	</rowsItem>
	<rowsItem>
		<index>33</index>
		<row>
			<formatIndex>10</formatIndex>
			<c>
				<c>
					<f>11</f>
				</c>
			</c>
			<c>
				<c>
					<f>15</f>
					<tl>
						<v8:item>
							<v8:lang>ru</v8:lang>
							<v8:content>Субъект Российской Федерации </v8:content>
						</v8:item>
					</tl>
				</c>
			</c>
			<c>
				<i>10</i>
				<c>
					<f>31</f>
				</c>
			</c>
			<c>
				<i>31</i>
				<c>
					<f>48</f>
					<tl>
						<v8:item>
							<v8:lang>ru</v8:lang>
							<v8:content>Код</v8:content>
						</v8:item>
					</tl>
				</c>
			</c>
			<c>
				<i>33</i>
				<c>
					<f>38</f>
				</c>
			</c>
			<c>
				<c>
					<f>39</f>
				</c>
			</c>
			<c>
				<i>36</i>
				<c>
					<f>49</f>
				</c>
			</c>
			<c>
				<c>
					<f>17</f>
				</c>
			</c>
		</row>
	</rowsItem>
	<rowsItem>
		<index>34</index>
		<row>
			<formatIndex>28</formatIndex>
			<c>
				<c>
					<f>11</f>
				</c>
			</c>
			<c>
				<i>36</i>
				<c>
					<f>27</f>
				</c>
			</c>
			<c>
				<c>
					<f>17</f>
				</c>
			</c>
		</row>
	</rowsItem>
	<rowsItem>
		<index>35</index>
		<row>
			<formatIndex>28</formatIndex>
			<c>
				<c>
					<f>11</f>
				</c>
			</c>
			<c>
				<c>
					<f>15</f>
					<tl>
						<v8:item>
							<v8:lang>ru</v8:lang>
							<v8:content>Район</v8:content>
						</v8:item>
					</tl>
				</c>
			</c>
			<c>
				<i>3</i>
				<c>
					<f>31</f>
				</c>
			</c>
			<c>
				<i>36</i>
				<c>
					<f>27</f>
				</c>
			</c>
			<c>
				<c>
					<f>17</f>
				</c>
			</c>
		</row>
	</rowsItem>
	<rowsItem>
		<index>36</index>
		<row>
			<formatIndex>28</formatIndex>
			<c>
				<c>
					<f>11</f>
				</c>
			</c>
			<c>
				<i>36</i>
				<c>
					<f>27</f>
				</c>
			</c>
			<c>
				<c>
					<f>17</f>
				</c>
			</c>
		</row>
	</rowsItem>
	<rowsItem>
		<index>37</index>
		<row>
			<formatIndex>20</formatIndex>
			<c>
				<c>
					<f>11</f>
				</c>
			</c>
			<c>
				<c>
					<f>15</f>
					<tl>
						<v8:item>
							<v8:lang>ru</v8:lang>
							<v8:content>Город</v8:content>
						</v8:item>
					</tl>
				</c>
			</c>
			<c>
				<i>3</i>
				<c>
					<f>31</f>
				</c>
			</c>
			<c>
				<i>36</i>
				<c>
					<f>27</f>
				</c>
			</c>
			<c>
				<c>
					<f>17</f>
				</c>
			</c>
		</row>
	</rowsItem>
	<rowsItem>
		<index>38</index>
		<row>
			<formatIndex>20</formatIndex>
			<c>
				<c>
					<f>11</f>
				</c>
			</c>
			<c>
				<i>36</i>
				<c>
					<f>27</f>
				</c>
			</c>
			<c>
				<c>
					<f>17</f>
				</c>
			</c>
		</row>
	</rowsItem>
	<rowsItem>
		<index>39</index>
		<row>
			<formatIndex>20</formatIndex>
			<c>
				<c>
					<f>11</f>
				</c>
			</c>
			<c>
				<c>
					<f>15</f>
					<tl>
						<v8:item>
							<v8:lang>ru</v8:lang>
							<v8:content>Населенный пункт (село, поселок и т.д.) </v8:content>
						</v8:item>
					</tl>
				</c>
			</c>
			<c>
				<i>12</i>
				<c>
					<f>31</f>
				</c>
			</c>
			<c>
				<i>36</i>
				<c>
					<f>27</f>
				</c>
			</c>
			<c>
				<c>
					<f>17</f>
				</c>
			</c>
		</row>
	</rowsItem>
	<rowsItem>
		<index>40</index>
		<row>
			<formatIndex>20</formatIndex>
			<c>
				<c>
					<f>11</f>
				</c>
			</c>
			<c>
				<i>36</i>
				<c>
					<f>27</f>
				</c>
			</c>
			<c>
				<c>
					<f>17</f>
				</c>
			</c>
		</row>
	</rowsItem>
	<rowsItem>
		<index>41</index>
		<row>
			<formatIndex>28</formatIndex>
			<c>
				<c>
					<f>11</f>
				</c>
			</c>
			<c>
				<c>
					<f>15</f>
					<tl>
						<v8:item>
							<v8:lang>ru</v8:lang>
							<v8:content>Улица (проспект, переулок и т.д.) </v8:content>
						</v8:item>
					</tl>
				</c>
			</c>
			<c>
				<i>10</i>
				<c>
					<f>31</f>
				</c>
			</c>
			<c>
				<i>36</i>
				<c>
					<f>27</f>
				</c>
			</c>
			<c>
				<c>
					<f>17</f>
				</c>
			</c>
		</row>
	</rowsItem>
	<rowsItem>
		<index>42</index>
		<row>
			<formatIndex>28</formatIndex>
			<c>
				<c>
					<f>11</f>
				</c>
			</c>
			<c>
				<i>36</i>
				<c>
					<f>27</f>
				</c>
			</c>
			<c>
				<c>
					<f>17</f>
				</c>
			</c>
		</row>
	</rowsItem>
	<rowsItem>
		<index>43</index>
		<row>
			<formatIndex>28</formatIndex>
			<c>
				<c>
					<f>11</f>
				</c>
			</c>
			<c>
				<c>
					<f>15</f>
					<tl>
						<v8:item>
							<v8:lang>ru</v8:lang>
							<v8:content>Номер дома (владения) </v8:content>
						</v8:item>
					</tl>
				</c>
			</c>
			<c>
				<i>8</i>
				<c>
					<f>31</f>
				</c>
			</c>
			<c>
				<i>36</i>
				<c>
					<f>27</f>
				</c>
			</c>
			<c>
				<c>
					<f>17</f>
				</c>
			</c>
		</row>
	</rowsItem>
	<rowsItem>
		<index>44</index>
		<row>
			<formatIndex>28</formatIndex>
			<c>
				<c>
					<f>11</f>
				</c>
			</c>
			<c>
				<i>36</i>
				<c>
					<f>27</f>
				</c>
			</c>
			<c>
				<c>
					<f>17</f>
				</c>
			</c>
		</row>
	</rowsItem>
	<rowsItem>
		<index>45</index>
		<row>
			<formatIndex>28</formatIndex>
			<c>
				<c>
					<f>11</f>
				</c>
			</c>
			<c>
				<c>
					<f>15</f>
					<tl>
						<v8:item>
							<v8:lang>ru</v8:lang>
							<v8:content>Номер корпуса (строения) </v8:content>
						</v8:item>
					</tl>
				</c>
			</c>
			<c>
				<i>8</i>
				<c>
					<f>31</f>
				</c>
			</c>
			<c>
				<i>36</i>
				<c>
					<f>27</f>
				</c>
			</c>
			<c>
				<c>
					<f>17</f>
				</c>
			</c>
		</row>
	</rowsItem>
	<rowsItem>
		<index>46</index>
		<row>
			<formatIndex>20</formatIndex>
			<c>
				<c>
					<f>11</f>
				</c>
			</c>
			<c>
				<i>36</i>
				<c>
					<f>27</f>
				</c>
			</c>
			<c>
				<c>
					<f>17</f>
				</c>
			</c>
		</row>
	</rowsItem>
	<rowsItem>
		<index>47</index>
		<row>
			<formatIndex>28</formatIndex>
			<c>
				<c>
					<f>11</f>
				</c>
			</c>
			<c>
				<c>
					<f>15</f>
					<tl>
						<v8:item>
							<v8:lang>ru</v8:lang>
							<v8:content>Номер квартиры </v8:content>
						</v8:item>
					</tl>
				</c>
			</c>
			<c>
				<i>6</i>
				<c>
					<f>31</f>
				</c>
			</c>
			<c>
				<i>36</i>
				<c>
					<f>27</f>
				</c>
			</c>
			<c>
				<c>
					<f>17</f>
				</c>
			</c>
		</row>
	</rowsItem>
	<rowsItem>
		<index>48</index>
		<row>
			<formatIndex>28</formatIndex>
			<c>
				<c>
					<f>11</f>
				</c>
			</c>
			<c>
				<i>36</i>
				<c>
					<f>27</f>
				</c>
			</c>
			<c>
				<c>
					<f>17</f>
				</c>
			</c>
		</row>
	</rowsItem>
	<rowsItem>
		<index>49</index>
		<row>
			<formatIndex>28</formatIndex>
			<c>
				<c>
					<f>11</f>
				</c>
			</c>
			<c>
				<c>
					<f>15</f>
					<tl>
						<v8:item>
							<v8:lang>ru</v8:lang>
							<v8:content>Адрес места жительства в стране, резидентом которой является декларант </v8:content>
						</v8:item>
					</tl>
				</c>
			</c>
			<c>
				<i>36</i>
				<c>
					<f>27</f>
				</c>
			</c>
			<c>
				<c>
					<f>17</f>
				</c>
			</c>
		</row>
	</rowsItem>
	<rowsItem>
		<index>50</index>
		<row>
			<formatIndex>28</formatIndex>
			<c>
				<c>
					<f>11</f>
				</c>
			</c>
			<c>
				<c>
					<f>31</f>
				</c>
			</c>
			<c>
				<i>36</i>
				<c>
					<f>27</f>
				</c>
			</c>
			<c>
				<c>
					<f>17</f>
				</c>
			</c>
		</row>
	</rowsItem>
	<rowsItem>
		<index>51</index>
		<row>
			<formatIndex>28</formatIndex>
			<c>
				<c>
					<f>11</f>
				</c>
			</c>
			<c>
				<i>36</i>
				<c>
					<f>27</f>
				</c>
			</c>
			<c>
				<c>
					<f>17</f>
				</c>
			</c>
		</row>
	</rowsItem>
	<rowsItem>
		<index>52</index>
		<row>
			<formatIndex>28</formatIndex>
			<c>
				<c>
					<f>11</f>
				</c>
			</c>
			<c>
				<i>36</i>
				<c>
					<f>27</f>
				</c>
			</c>
			<c>
				<c>
					<f>17</f>
				</c>
			</c>
		</row>
	</rowsItem>
	<rowsItem>
		<index>53</index>
		<row>
			<formatIndex>28</formatIndex>
			<c>
				<c>
					<f>11</f>
				</c>
			</c>
			<c>
				<i>36</i>
				<c>
					<f>27</f>
				</c>
			</c>
			<c>
				<c>
					<f>17</f>
				</c>
			</c>
		</row>
	</rowsItem>
	<rowsItem>
		<index>54</index>
		<row>
			<formatIndex>50</formatIndex>
			<c>
				<c>
					<f>11</f>
				</c>
			</c>
			<c>
				<i>36</i>
				<c>
					<f>27</f>
				</c>
			</c>
			<c>
				<c>
					<f>17</f>
				</c>
			</c>
		</row>
	</rowsItem>
	<rowsItem>
		<index>55</index>
		<row>
			<formatIndex>51</formatIndex>
			<c>
				<c>
					<f>11</f>
				</c>
			</c>
			<c>
				<c>
					<f>20</f>
				</c>
			</c>
			<c>
				<i>36</i>
				<c>
					<f>27</f>
				</c>
			</c>
			<c>
				<c>
					<f>17</f>
				</c>
			</c>
		</row>
	</rowsItem>
	<rowsItem>
		<index>56</index>
		<row>
			<formatIndex>28</formatIndex>
			<c>
				<c>
					<f>11</f>
				</c>
			</c>
			<c>
				<c>
					<f>15</f>
					<tl>
						<v8:item>
							<v8:lang>ru</v8:lang>
							<v8:content>Достоверность и полноту сведений, указанных на данной странице, подтверждаю:     </v8:content>
						</v8:item>
					</tl>
				</c>
			</c>
			<c>
				<i>36</i>
				<c>
					<f>27</f>
				</c>
			</c>
			<c>
				<c>
					<f>17</f>
				</c>
			</c>
		</row>
	</rowsItem>
	<rowsItem>
		<index>57</index>
		<row>
			<formatIndex>20</formatIndex>
			<c>
				<c>
					<f>11</f>
				</c>
			</c>
			<c>
				<i>36</i>
				<c>
					<f>27</f>
				</c>
			</c>
			<c>
				<c>
					<f>17</f>
				</c>
			</c>
		</row>
	</rowsItem>
	<rowsItem>
		<index>58</index>
		<row>
			<formatIndex>10</formatIndex>
			<c>
				<c>
					<f>11</f>
				</c>
			</c>
			<c>
				<c>
					<f>15</f>
					<tl>
						<v8:item>
							<v8:lang>ru</v8:lang>
							<v8:content>Подпись</v8:content>
						</v8:item>
					</tl>
				</c>
			</c>
			<c>
				<i>4</i>
				<c>
					<f>52</f>
				</c>
			</c>
			<c>
				<c>
					<f>52</f>
				</c>
			</c>
			<c>
				<c>
					<f>52</f>
				</c>
			</c>
			<c>
				<c>
					<f>52</f>
				</c>
			</c>
			<c>
				<i>9</i>
				<c>
					<f>53</f>
					<tl>
						<v8:item>
							<v8:lang>ru</v8:lang>
							<v8:content>Дата</v8:content>
						</v8:item>
					</tl>
				</c>
			</c>
			<c>
				<i>11</i>
				<c>
					<f>54</f>
					<parameter>ДатаЗаполнения1</parameter>
				</c>
			</c>
			<c>
				<c>
					<f>54</f>
					<parameter>ДатаЗаполнения2</parameter>
				</c>
			</c>
			<c>
				<c>
					<f>55</f>
					<tl/>
				</c>
			</c>
			<c>
				<c>
					<f>54</f>
					<parameter>ДатаЗаполнения4</parameter>
				</c>
			</c>
			<c>
				<c>
					<f>54</f>
					<parameter>ДатаЗаполнения5</parameter>
				</c>
			</c>
			<c>
				<c>
					<f>55</f>
					<tl/>
				</c>
			</c>
			<c>
				<c>
					<f>54</f>
					<parameter>ДатаЗаполнения7</parameter>
				</c>
			</c>
			<c>
				<c>
					<f>54</f>
					<parameter>ДатаЗаполнения8</parameter>
				</c>
			</c>
			<c>
				<c>
					<f>54</f>
					<parameter>ДатаЗаполнения9</parameter>
				</c>
			</c>
			<c>
				<c>
					<f>54</f>
					<parameter>ДатаЗаполнения10</parameter>
				</c>
			</c>
			<c>
				<i>36</i>
				<c>
					<f>27</f>
				</c>
			</c>
			<c>
				<c>
					<f>17</f>
				</c>
			</c>
		</row>
	</rowsItem>
	<rowsItem>
		<index>59</index>
		<row>
			<formatIndex>28</formatIndex>
			<c>
				<c>
					<f>11</f>
				</c>
			</c>
			<c>
				<i>36</i>
				<c>
					<f>27</f>
				</c>
			</c>
			<c>
				<c>
					<f>17</f>
				</c>
			</c>
		</row>
	</rowsItem>
	<rowsItem>
		<index>60</index>
		<row>
			<formatIndex>10</formatIndex>
			<c>
				<c>
					<f>56</f>
				</c>
			</c>
			<c>
				<c>
					<f>52</f>
				</c>
			</c>
			<c>
				<c>
					<f>52</f>
				</c>
			</c>
			<c>
				<c>
					<f>52</f>
				</c>
			</c>
			<c>
				<c>
					<f>52</f>
				</c>
			</c>
			<c>
				<c>
					<f>52</f>
				</c>
			</c>
			<c>
				<c>
					<f>52</f>
				</c>
			</c>
			<c>
				<c>
					<f>52</f>
				</c>
			</c>
			<c>
				<c>
					<f>52</f>
				</c>
			</c>
			<c>
				<c>
					<f>52</f>
				</c>
			</c>
			<c>
				<c>
					<f>52</f>
				</c>
			</c>
			<c>
				<c>
					<f>52</f>
				</c>
			</c>
			<c>
				<c>
					<f>52</f>
				</c>
			</c>
			<c>
				<c>
					<f>52</f>
				</c>
			</c>
			<c>
				<c>
					<f>52</f>
				</c>
			</c>
			<c>
				<c>
					<f>52</f>
				</c>
			</c>
			<c>
				<c>
					<f>52</f>
				</c>
			</c>
			<c>
				<c>
					<f>52</f>
				</c>
			</c>
			<c>
				<c>
					<f>52</f>
				</c>
			</c>
			<c>
				<c>
					<f>52</f>
				</c>
			</c>
			<c>
				<c>
					<f>52</f>
				</c>
			</c>
			<c>
				<c>
					<f>52</f>
				</c>
			</c>
			<c>
				<c>
					<f>52</f>
				</c>
			</c>
			<c>
				<c>
					<f>52</f>
				</c>
			</c>
			<c>
				<c>
					<f>52</f>
				</c>
			</c>
			<c>
				<c>
					<f>52</f>
				</c>
			</c>
			<c>
				<c>
					<f>52</f>
				</c>
			</c>
			<c>
				<c>
					<f>52</f>
				</c>
			</c>
			<c>
				<c>
					<f>52</f>
				</c>
			</c>
			<c>
				<c>
					<f>52</f>
				</c>
			</c>
			<c>
				<c>
					<f>52</f>
				</c>
			</c>
			<c>
				<c>
					<f>52</f>
				</c>
			</c>
			<c>
				<c>
					<f>52</f>
				</c>
			</c>
			<c>
				<c>
					<f>52</f>
				</c>
			</c>
			<c>
				<c>
					<f>52</f>
				</c>
			</c>
			<c>
				<c>
					<f>52</f>
				</c>
			</c>
			<c>
				<c>
					<f>57</f>
				</c>
			</c>
			<c>
				<c>
					<f>58</f>
				</c>
			</c>
		</row>
	</rowsItem>
	<drawing>
		<drawingType>Picture</drawingType>
		<id>1</id>
		<formatIndex>59</formatIndex>
		<beginRow>60</beginRow>
		<beginRowOffset>0</beginRowOffset>
		<endRow>61</endRow>
		<endRowOffset>0</endRowOffset>
		<beginColumn>0</beginColumn>
		<beginColumnOffset>0</beginColumnOffset>
		<endColumn>1</endColumn>
		<endColumnOffset>40</endColumnOffset>
		<autoSize>false</autoSize>
		<pictureSize>Stretch</pictureSize>
		<zOrder>0</zOrder>
		<pictureIndex>1</pictureIndex>
	</drawing>
	<drawing>
		<drawingType>Picture</drawingType>
		<id>2</id>
		<formatIndex>59</formatIndex>
		<beginRow>60</beginRow>
		<beginRowOffset>0</beginRowOffset>
		<endRow>61</endRow>
		<endRowOffset>0</endRowOffset>
		<beginColumn>37</beginColumn>
		<beginColumnOffset>64</beginColumnOffset>
		<endColumn>38</endColumn>
		<endColumnOffset>0</endColumnOffset>
		<autoSize>false</autoSize>
		<pictureSize>Stretch</pictureSize>
		<zOrder>0</zOrder>
		<pictureIndex>2</pictureIndex>
	</drawing>
	<drawing>
		<drawingType>Text</drawingType>
		<id>3</id>
		<formatIndex>60</formatIndex>
		<text>
			<v8:item>
				<v8:lang>ru</v8:lang>
				<v8:content>!5105!8029!</v8:content>
			</v8:item>
		</text>
		<beginRow>1</beginRow>
		<beginRowOffset>18</beginRowOffset>
		<endRow>6</endRow>
		<endRowOffset>18</endRowOffset>
		<beginColumn>1</beginColumn>
		<beginColumnOffset>33</beginColumnOffset>
		<endColumn>8</endColumn>
		<endColumnOffset>9</endColumnOffset>
		<autoSize>false</autoSize>
		<pictureSize>Stretch</pictureSize>
		<zOrder>0</zOrder>
	</drawing>
	<drawing>
		<drawingType>Picture</drawingType>
		<id>4</id>
		<formatIndex>59</formatIndex>
		<beginRow>1</beginRow>
		<beginRowOffset>0</beginRowOffset>
		<endRow>2</endRow>
		<endRowOffset>16</endRowOffset>
		<beginColumn>0</beginColumn>
		<beginColumnOffset>0</beginColumnOffset>
		<endColumn>1</endColumn>
		<endColumnOffset>40</endColumnOffset>
		<autoSize>false</autoSize>
		<pictureSize>Stretch</pictureSize>
		<zOrder>0</zOrder>
		<pictureIndex>3</pictureIndex>
	</drawing>
	<drawing>
		<drawingType>Picture</drawingType>
		<id>5</id>
		<formatIndex>59</formatIndex>
		<beginRow>1</beginRow>
		<beginRowOffset>0</beginRowOffset>
		<endRow>2</endRow>
		<endRowOffset>16</endRowOffset>
		<beginColumn>8</beginColumn>
		<beginColumnOffset>0</beginColumnOffset>
		<endColumn>8</endColumn>
		<endColumnOffset>56</endColumnOffset>
		<autoSize>false</autoSize>
		<pictureSize>Stretch</pictureSize>
		<zOrder>0</zOrder>
		<pictureIndex>4</pictureIndex>
	</drawing>
	<picture>
		<index>0</index>
		<picture t="false">Qk1CAAAAAAAAAD4AAAAoAAAAAQAAAAEAAAABAAEAAAAAAAQAAAAAAAAAAAAAAAAA
AAAAAAAAAAAAAP///wAAAAAA</picture>
	</picture>
	<picture>
		<index>1</index>
		<picture t="false">Qk1CAAAAAAAAAD4AAAAoAAAAAQAAAAEAAAABAAEAAAAAAAQAAAAAAAAAAAAAAAAA
AAAAAAAAAAAAAP///wAAAAAA</picture>
	</picture>
	<picture>
		<index>2</index>
		<picture t="false">Qk1CAAAAAAAAAD4AAAAoAAAAAQAAAAEAAAABAAEAAAAAAAQAAAAAAAAAAAAAAAAA
AAAAAAAAAAAAAP///wAAAAAA</picture>
	</picture>
	<picture>
		<index>3</index>
		<picture t="false">Qk1CAAAAAAAAAD4AAAAoAAAAAQAAAAEAAAABAAEAAAAAAAQAAAAAAAAAAAAAAAAA
AAAAAAAAAAAAAP///wAAAAAA</picture>
	</picture>
	<leftHeader>
		<f>61</f>
	</leftHeader>
	<leftFooter>
		<f>61</f>
	</leftFooter>
	<templateMode>true</templateMode>
	<defaultFormatIndex>62</defaultFormatIndex>
	<height>61</height>
	<vgRows>61</vgRows>
	<merge>
		<r>4</r>
		<c>20</c>
		<w>1</w>
	</merge>
	<merge>
		<r>7</r>
		<c>1</c>
		<w>34</w>
	</merge>
	<merge>
		<r>9</r>
		<c>1</c>
		<w>34</w>
	</merge>
	<merge>
		<r>11</r>
		<c>13</c>
		<w>22</w>
	</merge>
	<merge>
		<r>13</r>
		<c>28</c>
		<w>7</w>
	</merge>
	<merge>
		<r>17</r>
		<c>6</c>
		<w>29</w>
	</merge>
	<merge>
		<r>19</r>
		<c>6</c>
		<w>21</w>
	</merge>
	<merge>
		<r>19</r>
		<c>29</c>
		<w>3</w>
	</merge>
	<merge>
		<r>21</r>
		<c>31</c>
		<w>1</w>
	</merge>
	<merge>
		<r>23</r>
		<c>16</c>
		<w>19</w>
	</merge>
	<merge>
		<r>25</r>
		<c>5</c>
		<w>30</w>
	</merge>
	<merge>
		<r>33</r>
		<c>10</c>
		<w>18</w>
	</merge>
	<merge>
		<r>33</r>
		<c>31</c>
		<w>1</w>
	</merge>
	<merge>
		<r>35</r>
		<c>3</c>
		<w>32</w>
	</merge>
	<merge>
		<r>37</r>
		<c>3</c>
		<w>32</w>
	</merge>
	<merge>
		<r>39</r>
		<c>12</c>
		<w>23</w>
	</merge>
	<merge>
		<r>41</r>
		<c>10</c>
		<w>25</w>
	</merge>
	<merge>
		<r>43</r>
		<c>8</c>
		<w>27</w>
	</merge>
	<merge>
		<r>45</r>
		<c>8</c>
		<w>27</w>
	</merge>
	<merge>
		<r>47</r>
		<c>6</c>
		<w>29</w>
	</merge>
	<merge>
		<r>50</r>
		<c>1</c>
		<w>34</w>
	</merge>
	<merge>
		<r>58</r>
		<c>9</c>
		<w>1</w>
	</merge>
	<namedItem xsi:type="NamedItemCells">
		<name>Основная1</name>
		<area>
			<type>Rows</type>
			<beginRow>0</beginRow>
			<endRow>53</endRow>
			<beginColumn>-1</beginColumn>
			<endColumn>-1</endColumn>
		</area>
	</namedItem>
	<namedItem xsi:type="NamedItemCells">
		<name>Подвал1</name>
		<area>
			<type>Rows</type>
			<beginRow>55</beginRow>
			<endRow>60</endRow>
			<beginColumn>-1</beginColumn>
			<endColumn>-1</endColumn>
		</area>
	</namedItem>
	<namedItem xsi:type="NamedItemCells">
		<name>Строка1</name>
		<area>
			<type>Rows</type>
			<beginRow>54</beginRow>
			<endRow>54</endRow>
			<beginColumn>-1</beginColumn>
			<endColumn>-1</endColumn>
		</area>
	</namedItem>
	<line width="1" gap="false">
		<v8ui:style xsi:type="v8ui:SpreadsheetDocumentCellLineType">Solid</v8ui:style>
	</line>
	<line width="0" gap="false">
		<v8ui:style xsi:type="v8ui:SpreadsheetDocumentCellLineType">None</v8ui:style>
	</line>
	<line width="1" gap="false">
		<v8ui:style xsi:type="v8ui:SpreadsheetDocumentDrawingLineType">None</v8ui:style>
	</line>
	<font faceName="Arial" height="6.8" bold="false" italic="false" underline="false" strikeout="false" kind="Absolute"/>
	<font faceName="Arial" height="9" bold="false" italic="false" underline="false" strikeout="false" kind="Absolute"/>
	<font faceName="Arial" height="9" bold="true" italic="false" underline="false" strikeout="false" kind="Absolute"/>
	<font faceName="Arial" height="10" bold="true" italic="false" underline="false" strikeout="false" kind="Absolute"/>
	<font faceName="Arial" height="9" bold="true" italic="false" underline="false" strikeout="false" kind="Absolute"/>
	<font faceName="EanGnivc" height="51.8" bold="false" italic="false" underline="false" strikeout="false" kind="Absolute"/>
	<format>
		<width>8</width>
		<fillType>Text</fillType>
		<protection>true</protection>
	</format>
	<format>
		<width>24</width>
		<fillType>Text</fillType>
		<protection>true</protection>
	</format>
	<format>
		<width>48</width>
		<fillType>Text</fillType>
	</format>
	<format>
		<height>6</height>
		<fillType>Text</fillType>
		<protection>true</protection>
	</format>
	<format>
		<height>42</height>
		<fillType>Text</fillType>
		<protection>true</protection>
	</format>
	<format>
		<leftBorder>0</leftBorder>
		<topBorder>0</topBorder>
		<fillType>Text</fillType>
		<protection>true</protection>
	</format>
	<format>
		<topBorder>0</topBorder>
		<fillType>Text</fillType>
		<protection>true</protection>
	</format>
	<format>
		<font>0</font>
		<topBorder>0</topBorder>
		<rightBorder>0</rightBorder>
		<horizontalAlignment>Right</horizontalAlignment>
		<verticalAlignment>Center</verticalAlignment>
		<fillType>Text</fillType>
		<protection>true</protection>
	</format>
	<format>
		<leftBorder>0</leftBorder>
		<topBorder>0</topBorder>
		<rightBorder>0</rightBorder>
		<fillType>Text</fillType>
	</format>
	<format>
		<height>60</height>
		<fillType>Text</fillType>
		<protection>true</protection>
	</format>
	<format>
		<leftBorder>0</leftBorder>
		<fillType>Text</fillType>
		<protection>true</protection>
	</format>
	<format>
		<font>1</font>
		<horizontalAlignment>Right</horizontalAlignment>
		<verticalAlignment>Center</verticalAlignment>
		<fillType>Text</fillType>
		<protection>true</protection>
	</format>
	<format>
		<font>2</font>
		<border>0</border>
		<height>60</height>
		<width>24</width>
		<horizontalAlignment>Center</horizontalAlignment>
		<verticalAlignment>Center</verticalAlignment>
		<fillType>Parameter</fillType>
	</format>
	<format>
		<font>2</font>
		<border>0</border>
		<height>60</height>
		<width>26</width>
		<horizontalAlignment>Center</horizontalAlignment>
		<verticalAlignment>Center</verticalAlignment>
		<fillType>Parameter</fillType>
	</format>
	<format>
		<font>1</font>
		<fillType>Text</fillType>
		<protection>true</protection>
	</format>
	<format>
		<font>0</font>
		<rightBorder>0</rightBorder>
		<horizontalAlignment>Right</horizontalAlignment>
		<verticalAlignment>Center</verticalAlignment>
		<fillType>Text</fillType>
		<protection>true</protection>
	</format>
	<format>
		<leftBorder>0</leftBorder>
		<rightBorder>0</rightBorder>
		<fillType>Text</fillType>
	</format>
	<format>
		<height>33</height>
		<fillType>Text</fillType>
		<protection>true</protection>
	</format>
	<format>
		<verticalAlignment>Center</verticalAlignment>
		<fillType>Text</fillType>
		<protection>true</protection>
	</format>
	<format>
		<fillType>Text</fillType>
		<protection>true</protection>
	</format>
	<format>
		<font>0</font>
		<rightBorder>0</rightBorder>
		<horizontalAlignment>Right</horizontalAlignment>
		<verticalAlignment>Top</verticalAlignment>
		<fillType>Text</fillType>
		<protection>true</protection>
	</format>
	<format>
		<font>1</font>
		<topBorder>0</topBorder>
		<bottomBorder>0</bottomBorder>
		<horizontalAlignment>Center</horizontalAlignment>
		<verticalAlignment>Center</verticalAlignment>
		<fillType>Text</fillType>
		<protection>true</protection>
	</format>
	<format>
		<font>2</font>
		<border>0</border>
		<height>60</height>
		<width>24</width>
		<horizontalAlignment>Center</horizontalAlignment>
		<verticalAlignment>Center</verticalAlignment>
		<fillType>Parameter</fillType>
		<protection>true</protection>
	</format>
	<format>
		<font>2</font>
		<border>0</border>
		<height>60</height>
		<width>26</width>
		<horizontalAlignment>Center</horizontalAlignment>
		<verticalAlignment>Center</verticalAlignment>
		<fillType>Parameter</fillType>
		<protection>true</protection>
	</format>
	<format>
		<height>48</height>
		<fillType>Text</fillType>
		<protection>true</protection>
	</format>
	<format>
		<font>2</font>
		<horizontalAlignment>Right</horizontalAlignment>
		<fillType>Text</fillType>
		<protection>true</protection>
	</format>
	<format>
		<rightBorder>0</rightBorder>
		<fillType>Text</fillType>
		<protection>true</protection>
	</format>
	<format>
		<height>0</height>
		<fillType>Text</fillType>
		<protection>true</protection>
	</format>
	<format>
		<font>3</font>
		<horizontalAlignment>Left</horizontalAlignment>
		<textPlacement>Wrap</textPlacement>
		<fillType>Text</fillType>
		<protection>true</protection>
	</format>
	<format>
		<font>2</font>
		<leftBorder>1</leftBorder>
		<textPlacement>Wrap</textPlacement>
		<fillType>Text</fillType>
		<protection>true</protection>
	</format>
	<format>
		<font>2</font>
		<bottomBorder>0</bottomBorder>
		<horizontalAlignment>Left</horizontalAlignment>
		<textPlacement>Wrap</textPlacement>
		<fillType>Text</fillType>
		<protection>true</protection>
	</format>
	<format>
		<font>1</font>
		<horizontalAlignment>Right</horizontalAlignment>
		<protection>true</protection>
	</format>
	<format>
		<font>1</font>
		<width>24</width>
		<horizontalAlignment>Right</horizontalAlignment>
		<fillType>Text</fillType>
		<protection>true</protection>
	</format>
	<format>
		<font>2</font>
		<bottomBorder>0</bottomBorder>
		<horizontalAlignment>Left</horizontalAlignment>
		<textPlacement>Wrap</textPlacement>
		<fillType>Text</fillType>
		<protection>true</protection>
	</format>
	<format>
		<font>2</font>
		<border>0</border>
		<horizontalAlignment>Center</horizontalAlignment>
		<verticalAlignment>Center</verticalAlignment>
		<fillType>Text</fillType>
		<protection>true</protection>
	</format>
	<format>
		<font>2</font>
		<bottomBorder>0</bottomBorder>
		<textPlacement>Wrap</textPlacement>
		<fillType>Text</fillType>
		<protection>true</protection>
	</format>
	<format>
		<font>1</font>
		<leftBorder>0</leftBorder>
		<topBorder>0</topBorder>
		<bottomBorder>0</bottomBorder>
		<horizontalAlignment>Center</horizontalAlignment>
		<verticalAlignment>Center</verticalAlignment>
		<fillType>Text</fillType>
		<protection>true</protection>
	</format>
	<format>
		<font>2</font>
		<border>0</border>
		<horizontalAlignment>Center</horizontalAlignment>
		<verticalAlignment>Center</verticalAlignment>
		<fillType>Text</fillType>
		<protection>true</protection>
		<hidden>false</hidden>
	</format>
	<format>
		<font>2</font>
		<topBorder>0</topBorder>
		<rightBorder>0</rightBorder>
		<bottomBorder>0</bottomBorder>
		<horizontalAlignment>Center</horizontalAlignment>
		<verticalAlignment>Center</verticalAlignment>
		<fillType>Text</fillType>
		<protection>true</protection>
		<hidden>false</hidden>
	</format>
	<format>
		<font>1</font>
		<leftBorder>0</leftBorder>
		<topBorder>0</topBorder>
		<rightBorder>1</rightBorder>
		<bottomBorder>0</bottomBorder>
		<horizontalAlignment>Center</horizontalAlignment>
		<verticalAlignment>Center</verticalAlignment>
		<fillType>Text</fillType>
		<protection>true</protection>
	</format>
	<format>
		<font>2</font>
		<horizontalAlignment>Left</horizontalAlignment>
		<textPlacement>Wrap</textPlacement>
		<fillType>Text</fillType>
		<protection>true</protection>
	</format>
	<format>
		<font>1</font>
		<verticalAlignment>Bottom</verticalAlignment>
		<fillType>Text</fillType>
		<protection>true</protection>
	</format>
	<format>
		<font>4</font>
		<border>0</border>
		<horizontalAlignment>Center</horizontalAlignment>
		<verticalAlignment>Center</verticalAlignment>
		<fillType>Text</fillType>
		<protection>true</protection>
	</format>
	<format>
		<font>4</font>
		<horizontalAlignment>Center</horizontalAlignment>
		<verticalAlignment>Center</verticalAlignment>
		<fillType>Text</fillType>
		<protection>true</protection>
	</format>
	<format>
		<height>24</height>
		<fillType>Text</fillType>
		<protection>true</protection>
	</format>
	<format>
		<height>63</height>
		<fillType>Text</fillType>
		<protection>true</protection>
	</format>
	<format>
		<font>2</font>
		<border>0</border>
		<horizontalAlignment>Center</horizontalAlignment>
		<verticalAlignment>Center</verticalAlignment>
		<textPlacement>Auto</textPlacement>
		<fillType>Text</fillType>
		<protection>true</protection>
		<hidden>false</hidden>
	</format>
	<format>
		<font>1</font>
		<border>0</border>
		<horizontalAlignment>Center</horizontalAlignment>
		<verticalAlignment>Center</verticalAlignment>
		<fillType>Text</fillType>
		<protection>true</protection>
	</format>
	<format>
		<rightBorder>0</rightBorder>
		<bottomBorder>1</bottomBorder>
		<fillType>Text</fillType>
		<protection>true</protection>
	</format>
	<format>
		<height>8</height>
		<fillType>Text</fillType>
		<protection>true</protection>
	</format>
	<format>
		<height>50</height>
		<fillType>Text</fillType>
		<protection>true</protection>
	</format>
	<format>
		<bottomBorder>0</bottomBorder>
		<fillType>Text</fillType>
		<protection>true</protection>
	</format>
	<format>
		<font>1</font>
		<horizontalAlignment>Center</horizontalAlignment>
		<fillType>Text</fillType>
		<protection>true</protection>
	</format>
	<format>
		<font>4</font>
		<border>0</border>
		<height>60</height>
		<width>24</width>
		<horizontalAlignment>Center</horizontalAlignment>
		<verticalAlignment>Center</verticalAlignment>
		<fillType>Parameter</fillType>
	</format>
	<format>
		<font>4</font>
		<height>60</height>
		<width>24</width>
		<horizontalAlignment>Center</horizontalAlignment>
		<verticalAlignment>Center</verticalAlignment>
	</format>
	<format>
		<leftBorder>0</leftBorder>
		<bottomBorder>0</bottomBorder>
		<fillType>Text</fillType>
		<protection>true</protection>
	</format>
	<format>
		<rightBorder>0</rightBorder>
		<bottomBorder>0</bottomBorder>
		<fillType>Text</fillType>
		<protection>true</protection>
	</format>
	<format>
		<leftBorder>0</leftBorder>
		<rightBorder>0</rightBorder>
		<bottomBorder>0</bottomBorder>
		<fillType>Text</fillType>
	</format>
	<format>
		<verticalAlignment>Top</verticalAlignment>
		<backColor>#FFFFFF</backColor>
		<fillType>Text</fillType>
	</format>
	<format>
		<drawingBorder>2</drawingBorder>
		<drawingHaveLeftBorder>false</drawingHaveLeftBorder>
		<drawingHaveTopBorder>false</drawingHaveTopBorder>
		<drawingHaveRightBorder>false</drawingHaveRightBorder>
		<drawingHaveBottomBorder>false</drawingHaveBottomBorder>
		<font>5</font>
		<horizontalAlignment>Center</horizontalAlignment>
		<verticalAlignment>Center</verticalAlignment>
	</format>
	<format/>
	<format>
		<width>72</width>
		<fillType>Text</fillType>
		<protection>true</protection>
	</format>
</document>