﻿<?xml version="1.0" encoding="UTF-8"?>
<document xmlns="http://v8.1c.ru/8.2/data/spreadsheet" xmlns:style="http://v8.1c.ru/8.1/data/ui/style" xmlns:v8="http://v8.1c.ru/8.1/data/core" xmlns:v8ui="http://v8.1c.ru/8.1/data/ui" xmlns:xs="http://www.w3.org/2001/XMLSchema" xmlns:xsi="http://www.w3.org/2001/XMLSchema-instance">
	<languageSettings>
		<currentLanguage>ru</currentLanguage>
		<defaultLanguage>ru</defaultLanguage>
		<languageInfo>
			<id>ru</id>
			<code>Русский</code>
			<description>Русский</description>
		</languageInfo>
	</languageSettings>
	<columns>
		<size>66</size>
		<columnsItem>
			<index>0</index>
			<column>
				<formatIndex>1</formatIndex>
			</column>
		</columnsItem>
		<columnsItem>
			<index>1</index>
			<column>
				<formatIndex>2</formatIndex>
			</column>
		</columnsItem>
		<columnsItem>
			<index>2</index>
			<column>
				<formatIndex>2</formatIndex>
			</column>
		</columnsItem>
		<columnsItem>
			<index>3</index>
			<column>
				<formatIndex>2</formatIndex>
			</column>
		</columnsItem>
		<columnsItem>
			<index>4</index>
			<column>
				<formatIndex>2</formatIndex>
			</column>
		</columnsItem>
		<columnsItem>
			<index>5</index>
			<column>
				<formatIndex>3</formatIndex>
			</column>
		</columnsItem>
		<columnsItem>
			<index>6</index>
			<column>
				<formatIndex>3</formatIndex>
			</column>
		</columnsItem>
		<columnsItem>
			<index>7</index>
			<column>
				<formatIndex>2</formatIndex>
			</column>
		</columnsItem>
		<columnsItem>
			<index>8</index>
			<column>
				<formatIndex>2</formatIndex>
			</column>
		</columnsItem>
		<columnsItem>
			<index>9</index>
			<column>
				<formatIndex>2</formatIndex>
			</column>
		</columnsItem>
		<columnsItem>
			<index>10</index>
			<column>
				<formatIndex>2</formatIndex>
			</column>
		</columnsItem>
		<columnsItem>
			<index>11</index>
			<column>
				<formatIndex>3</formatIndex>
			</column>
		</columnsItem>
		<columnsItem>
			<index>12</index>
			<column>
				<formatIndex>3</formatIndex>
			</column>
		</columnsItem>
		<columnsItem>
			<index>13</index>
			<column>
				<formatIndex>3</formatIndex>
			</column>
		</columnsItem>
		<columnsItem>
			<index>14</index>
			<column>
				<formatIndex>3</formatIndex>
			</column>
		</columnsItem>
		<columnsItem>
			<index>15</index>
			<column>
				<formatIndex>3</formatIndex>
			</column>
		</columnsItem>
		<columnsItem>
			<index>16</index>
			<column>
				<formatIndex>2</formatIndex>
			</column>
		</columnsItem>
		<columnsItem>
			<index>17</index>
			<column>
				<formatIndex>2</formatIndex>
			</column>
		</columnsItem>
		<columnsItem>
			<index>18</index>
			<column>
				<formatIndex>4</formatIndex>
			</column>
		</columnsItem>
		<columnsItem>
			<index>19</index>
			<column>
				<formatIndex>3</formatIndex>
			</column>
		</columnsItem>
		<columnsItem>
			<index>20</index>
			<column>
				<formatIndex>3</formatIndex>
			</column>
		</columnsItem>
		<columnsItem>
			<index>21</index>
			<column>
				<formatIndex>3</formatIndex>
			</column>
		</columnsItem>
		<columnsItem>
			<index>22</index>
			<column>
				<formatIndex>3</formatIndex>
			</column>
		</columnsItem>
		<columnsItem>
			<index>23</index>
			<column>
				<formatIndex>3</formatIndex>
			</column>
		</columnsItem>
		<columnsItem>
			<index>24</index>
			<column>
				<formatIndex>2</formatIndex>
			</column>
		</columnsItem>
		<columnsItem>
			<index>25</index>
			<column>
				<formatIndex>5</formatIndex>
			</column>
		</columnsItem>
		<columnsItem>
			<index>26</index>
			<column>
				<formatIndex>1</formatIndex>
			</column>
		</columnsItem>
		<columnsItem>
			<index>27</index>
			<column>
				<formatIndex>1</formatIndex>
			</column>
		</columnsItem>
		<columnsItem>
			<index>28</index>
			<column>
				<formatIndex>1</formatIndex>
			</column>
		</columnsItem>
		<columnsItem>
			<index>29</index>
			<column>
				<formatIndex>1</formatIndex>
			</column>
		</columnsItem>
		<columnsItem>
			<index>30</index>
			<column>
				<formatIndex>3</formatIndex>
			</column>
		</columnsItem>
		<columnsItem>
			<index>31</index>
			<column>
				<formatIndex>3</formatIndex>
			</column>
		</columnsItem>
		<columnsItem>
			<index>32</index>
			<column>
				<formatIndex>3</formatIndex>
			</column>
		</columnsItem>
		<columnsItem>
			<index>33</index>
			<column>
				<formatIndex>2</formatIndex>
			</column>
		</columnsItem>
		<columnsItem>
			<index>34</index>
			<column>
				<formatIndex>2</formatIndex>
			</column>
		</columnsItem>
		<columnsItem>
			<index>35</index>
			<column>
				<formatIndex>1</formatIndex>
			</column>
		</columnsItem>
		<columnsItem>
			<index>36</index>
			<column>
				<formatIndex>1</formatIndex>
			</column>
		</columnsItem>
		<columnsItem>
			<index>37</index>
			<column>
				<formatIndex>1</formatIndex>
			</column>
		</columnsItem>
		<columnsItem>
			<index>38</index>
			<column>
				<formatIndex>3</formatIndex>
			</column>
		</columnsItem>
		<columnsItem>
			<index>39</index>
			<column>
				<formatIndex>1</formatIndex>
			</column>
		</columnsItem>
		<columnsItem>
			<index>40</index>
			<column>
				<formatIndex>1</formatIndex>
			</column>
		</columnsItem>
		<columnsItem>
			<index>41</index>
			<column>
				<formatIndex>3</formatIndex>
			</column>
		</columnsItem>
		<columnsItem>
			<index>42</index>
			<column>
				<formatIndex>3</formatIndex>
			</column>
		</columnsItem>
		<columnsItem>
			<index>43</index>
			<column>
				<formatIndex>3</formatIndex>
			</column>
		</columnsItem>
		<columnsItem>
			<index>44</index>
			<column>
				<formatIndex>1</formatIndex>
			</column>
		</columnsItem>
		<columnsItem>
			<index>45</index>
			<column>
				<formatIndex>1</formatIndex>
			</column>
		</columnsItem>
		<columnsItem>
			<index>46</index>
			<column>
				<formatIndex>1</formatIndex>
			</column>
		</columnsItem>
		<columnsItem>
			<index>47</index>
			<column>
				<formatIndex>1</formatIndex>
			</column>
		</columnsItem>
		<columnsItem>
			<index>48</index>
			<column>
				<formatIndex>3</formatIndex>
			</column>
		</columnsItem>
		<columnsItem>
			<index>49</index>
			<column>
				<formatIndex>3</formatIndex>
			</column>
		</columnsItem>
		<columnsItem>
			<index>50</index>
			<column>
				<formatIndex>3</formatIndex>
			</column>
		</columnsItem>
		<columnsItem>
			<index>51</index>
			<column>
				<formatIndex>3</formatIndex>
			</column>
		</columnsItem>
		<columnsItem>
			<index>52</index>
			<column>
				<formatIndex>3</formatIndex>
			</column>
		</columnsItem>
		<columnsItem>
			<index>53</index>
			<column>
				<formatIndex>1</formatIndex>
			</column>
		</columnsItem>
		<columnsItem>
			<index>54</index>
			<column>
				<formatIndex>1</formatIndex>
			</column>
		</columnsItem>
		<columnsItem>
			<index>55</index>
			<column>
				<formatIndex>1</formatIndex>
			</column>
		</columnsItem>
		<columnsItem>
			<index>56</index>
			<column>
				<formatIndex>1</formatIndex>
			</column>
		</columnsItem>
		<columnsItem>
			<index>57</index>
			<column>
				<formatIndex>1</formatIndex>
			</column>
		</columnsItem>
		<columnsItem>
			<index>58</index>
			<column>
				<formatIndex>1</formatIndex>
			</column>
		</columnsItem>
		<columnsItem>
			<index>59</index>
			<column>
				<formatIndex>3</formatIndex>
			</column>
		</columnsItem>
		<columnsItem>
			<index>60</index>
			<column>
				<formatIndex>3</formatIndex>
			</column>
		</columnsItem>
		<columnsItem>
			<index>61</index>
			<column>
				<formatIndex>3</formatIndex>
			</column>
		</columnsItem>
		<columnsItem>
			<index>62</index>
			<column>
				<formatIndex>3</formatIndex>
			</column>
		</columnsItem>
		<columnsItem>
			<index>63</index>
			<column>
				<formatIndex>3</formatIndex>
			</column>
		</columnsItem>
		<columnsItem>
			<index>64</index>
			<column>
				<formatIndex>3</formatIndex>
			</column>
		</columnsItem>
		<columnsItem>
			<index>65</index>
			<column>
				<formatIndex>1</formatIndex>
			</column>
		</columnsItem>
	</columns>
	<rowsItem>
		<index>0</index>
		<row>
			<formatIndex>6</formatIndex>
			<empty>true</empty>
		</row>
	</rowsItem>
	<rowsItem>
		<index>1</index>
		<row>
			<formatIndex>7</formatIndex>
			<c>
				<i>1</i>
				<c>
					<f>8</f>
					<tl>
						<v8:item>
							<v8:lang>ru</v8:lang>
							<v8:content>Форма СЗВ-6-1</v8:content>
						</v8:item>
					</tl>
				</c>
			</c>
			<c>
				<i>21</i>
				<c>
					<f>9</f>
					<tl>
						<v8:item>
							<v8:lang>ru</v8:lang>
							<v8:content>Код по ОКУД</v8:content>
						</v8:item>
					</tl>
				</c>
			</c>
			<c>
				<c>
					<f>10</f>
				</c>
			</c>
			<c>
				<i>53</i>
				<c>
					<f>9</f>
					<tl>
						<v8:item>
							<v8:lang>ru</v8:lang>
							<v8:content>Код по ОКПО</v8:content>
						</v8:item>
					</tl>
				</c>
			</c>
			<c>
				<c>
					<f>9</f>
				</c>
			</c>
			<c>
				<c>
					<f>11</f>
					<parameter>ОКПО</parameter>
				</c>
			</c>
			<c>
				<i>65</i>
				<c>
					<f>12</f>
				</c>
			</c>
		</row>
	</rowsItem>
	<rowsItem>
		<index>2</index>
		<row>
			<formatIndex>12</formatIndex>
			<c>
				<i>62</i>
				<c>
					<f>12</f>
				</c>
			</c>
		</row>
	</rowsItem>
	<rowsItem>
		<index>3</index>
		<row>
			<formatIndex>12</formatIndex>
			<c>
				<i>1</i>
				<c>
					<f>13</f>
					<tl>
						<v8:item>
							<v8:lang>ru</v8:lang>
							<v8:content>СВЕДЕНИЯ О НАЧИСЛЕННЫХ И УПЛАЧЕННЫХ СТРАХОВЫХ ВЗНОСАХ НА
ОБЯЗАТЕЛЬНОЕ ПЕНСИОННОЕ СТРАХОВАНИЕ И СТРАХОВОМ СТАЖЕ
ЗАСТРАХОВАННОГО ЛИЦА</v8:content>
						</v8:item>
					</tl>
				</c>
			</c>
		</row>
	</rowsItem>
	<rowsItem>
		<index>4</index>
		<row>
			<formatIndex>14</formatIndex>
			<empty>true</empty>
		</row>
	</rowsItem>
	<rowsItem>
		<index>5</index>
		<row>
			<formatIndex>15</formatIndex>
			<c>
				<i>1</i>
				<c>
					<f>16</f>
					<tl>
						<v8:item>
							<v8:lang>ru</v8:lang>
							<v8:content>Реквизиты страхователя:</v8:content>
						</v8:item>
					</tl>
				</c>
			</c>
		</row>
	</rowsItem>
	<rowsItem>
		<index>6</index>
		<row>
			<formatIndex>6</formatIndex>
			<empty>true</empty>
		</row>
	</rowsItem>
	<rowsItem>
		<index>7</index>
		<row>
			<formatIndex>17</formatIndex>
			<c>
				<i>1</i>
				<c>
					<f>12</f>
					<tl>
						<v8:item>
							<v8:lang>ru</v8:lang>
							<v8:content>Регистрационный номер в ПФР</v8:content>
						</v8:item>
					</tl>
				</c>
			</c>
			<c>
				<i>17</i>
				<c>
					<f>18</f>
					<parameter>РегНомПФР</parameter>
				</c>
			</c>
			<c>
				<i>50</i>
				<c>
					<f>12</f>
				</c>
			</c>
			<c>
				<c>
					<f>12</f>
				</c>
			</c>
			<c>
				<c>
					<f>12</f>
				</c>
			</c>
			<c>
				<c>
					<f>12</f>
				</c>
			</c>
			<c>
				<c>
					<f>12</f>
				</c>
			</c>
			<c>
				<c>
					<f>12</f>
				</c>
			</c>
			<c>
				<c>
					<f>12</f>
				</c>
			</c>
			<c>
				<c>
					<f>12</f>
				</c>
			</c>
			<c>
				<i>59</i>
				<c>
					<f>12</f>
				</c>
			</c>
			<c>
				<c>
					<f>12</f>
				</c>
			</c>
			<c>
				<c>
					<f>12</f>
				</c>
			</c>
			<c>
				<c>
					<f>12</f>
				</c>
			</c>
			<c>
				<c>
					<f>12</f>
				</c>
			</c>
		</row>
	</rowsItem>
	<rowsItem>
		<index>8</index>
		<row>
			<formatIndex>19</formatIndex>
			<c>
				<i>14</i>
				<c>
					<f>20</f>
					<parameter>НаименованиеОрганизации</parameter>
				</c>
			</c>
			<c>
				<i>53</i>
				<c>
					<f>12</f>
				</c>
			</c>
			<c>
				<c>
					<f>12</f>
				</c>
			</c>
			<c>
				<c>
					<f>12</f>
				</c>
			</c>
			<c>
				<c>
					<f>12</f>
				</c>
			</c>
		</row>
	</rowsItem>
	<rowsItem>
		<index>9</index>
		<row>
			<formatIndex>17</formatIndex>
			<c>
				<i>1</i>
				<c>
					<f>12</f>
					<tl>
						<v8:item>
							<v8:lang>ru</v8:lang>
							<v8:content>Наименование (краткое)</v8:content>
						</v8:item>
					</tl>
				</c>
			</c>
			<c>
				<i>50</i>
				<c>
					<f>12</f>
				</c>
			</c>
			<c>
				<c>
					<f>12</f>
				</c>
			</c>
			<c>
				<i>53</i>
				<c>
					<f>12</f>
				</c>
			</c>
			<c>
				<c>
					<f>12</f>
				</c>
			</c>
		</row>
	</rowsItem>
	<rowsItem>
		<index>10</index>
		<row>
			<formatIndex>19</formatIndex>
			<c>
				<i>53</i>
				<c>
					<f>12</f>
				</c>
			</c>
			<c>
				<c>
					<f>12</f>
				</c>
			</c>
			<c>
				<c>
					<f>12</f>
				</c>
			</c>
			<c>
				<c>
					<f>12</f>
				</c>
			</c>
		</row>
	</rowsItem>
	<rowsItem>
		<index>11</index>
		<row>
			<formatIndex>17</formatIndex>
			<c>
				<i>1</i>
				<c>
					<f>12</f>
					<tl>
						<v8:item>
							<v8:lang>ru</v8:lang>
							<v8:content>ИНН</v8:content>
						</v8:item>
					</tl>
				</c>
			</c>
			<c>
				<i>6</i>
				<c>
					<f>18</f>
					<parameter>ИНН</parameter>
				</c>
			</c>
			<c>
				<i>23</i>
				<c>
					<f>12</f>
					<tl>
						<v8:item>
							<v8:lang>ru</v8:lang>
							<v8:content>КПП</v8:content>
						</v8:item>
					</tl>
				</c>
			</c>
			<c>
				<i>26</i>
				<c>
					<f>18</f>
					<parameter>КПП</parameter>
				</c>
			</c>
			<c>
				<i>53</i>
				<c>
					<f>12</f>
				</c>
			</c>
			<c>
				<c>
					<f>12</f>
				</c>
			</c>
			<c>
				<c>
					<f>12</f>
				</c>
			</c>
			<c>
				<c>
					<f>12</f>
				</c>
			</c>
		</row>
	</rowsItem>
	<rowsItem>
		<index>12</index>
		<row>
			<formatIndex>19</formatIndex>
			<c>
				<i>53</i>
				<c>
					<f>12</f>
				</c>
			</c>
			<c>
				<c>
					<f>12</f>
				</c>
			</c>
			<c>
				<c>
					<f>12</f>
				</c>
			</c>
			<c>
				<c>
					<f>12</f>
				</c>
			</c>
		</row>
	</rowsItem>
	<rowsItem>
		<index>13</index>
		<row>
			<formatIndex>17</formatIndex>
			<c>
				<i>1</i>
				<c>
					<f>21</f>
					<tl>
						<v8:item>
							<v8:lang>ru</v8:lang>
							<v8:content>Код категории застрахованного лица</v8:content>
						</v8:item>
					</tl>
				</c>
			</c>
			<c>
				<c>
					<f>21</f>
				</c>
			</c>
			<c>
				<c>
					<f>21</f>
				</c>
			</c>
			<c>
				<c>
					<f>21</f>
				</c>
			</c>
			<c>
				<c>
					<f>21</f>
				</c>
			</c>
			<c>
				<c>
					<f>21</f>
				</c>
			</c>
			<c>
				<c>
					<f>21</f>
				</c>
			</c>
			<c>
				<c>
					<f>21</f>
				</c>
			</c>
			<c>
				<c>
					<f>21</f>
				</c>
			</c>
			<c>
				<c>
					<f>21</f>
				</c>
			</c>
			<c>
				<c>
					<f>21</f>
				</c>
			</c>
			<c>
				<c>
					<f>21</f>
				</c>
			</c>
			<c>
				<c>
					<f>21</f>
				</c>
			</c>
			<c>
				<c>
					<f>21</f>
				</c>
			</c>
			<c>
				<c>
					<f>21</f>
				</c>
			</c>
			<c>
				<c>
					<f>21</f>
				</c>
			</c>
			<c>
				<c>
					<f>22</f>
				</c>
			</c>
			<c>
				<c>
					<f>22</f>
				</c>
			</c>
			<c>
				<c>
					<f>18</f>
					<parameter>КатегорияПлательщиков</parameter>
				</c>
			</c>
			<c>
				<i>50</i>
				<c>
					<f>12</f>
				</c>
			</c>
			<c>
				<c>
					<f>12</f>
				</c>
			</c>
			<c>
				<i>53</i>
				<c>
					<f>12</f>
				</c>
			</c>
			<c>
				<c>
					<f>12</f>
				</c>
			</c>
		</row>
	</rowsItem>
	<rowsItem>
		<index>14</index>
		<row>
			<formatIndex>19</formatIndex>
			<c>
				<i>1</i>
				<c>
					<f>21</f>
				</c>
			</c>
			<c>
				<c>
					<f>21</f>
				</c>
			</c>
			<c>
				<c>
					<f>21</f>
				</c>
			</c>
			<c>
				<c>
					<f>21</f>
				</c>
			</c>
			<c>
				<c>
					<f>21</f>
				</c>
			</c>
			<c>
				<c>
					<f>21</f>
				</c>
			</c>
			<c>
				<c>
					<f>21</f>
				</c>
			</c>
			<c>
				<c>
					<f>21</f>
				</c>
			</c>
			<c>
				<c>
					<f>21</f>
				</c>
			</c>
			<c>
				<c>
					<f>21</f>
				</c>
			</c>
			<c>
				<c>
					<f>21</f>
				</c>
			</c>
			<c>
				<c>
					<f>21</f>
				</c>
			</c>
			<c>
				<c>
					<f>21</f>
				</c>
			</c>
			<c>
				<c>
					<f>21</f>
				</c>
			</c>
			<c>
				<c>
					<f>21</f>
				</c>
			</c>
			<c>
				<c>
					<f>21</f>
				</c>
			</c>
			<c>
				<i>53</i>
				<c>
					<f>12</f>
				</c>
			</c>
			<c>
				<c>
					<f>12</f>
				</c>
			</c>
			<c>
				<c>
					<f>12</f>
				</c>
			</c>
			<c>
				<c>
					<f>12</f>
				</c>
			</c>
		</row>
	</rowsItem>
	<rowsItem>
		<index>15</index>
		<row>
			<formatIndex>17</formatIndex>
			<c>
				<i>1</i>
				<c>
					<f>12</f>
					<tl>
						<v8:item>
							<v8:lang>ru</v8:lang>
							<v8:content>Дата представления в ПФР</v8:content>
						</v8:item>
					</tl>
				</c>
			</c>
			<c>
				<c>
					<f>12</f>
				</c>
			</c>
			<c>
				<c>
					<f>12</f>
				</c>
			</c>
			<c>
				<c>
					<f>12</f>
				</c>
			</c>
			<c>
				<c>
					<f>12</f>
				</c>
			</c>
			<c>
				<c>
					<f>12</f>
				</c>
			</c>
			<c>
				<c>
					<f>12</f>
				</c>
			</c>
			<c>
				<c>
					<f>12</f>
				</c>
			</c>
			<c>
				<c>
					<f>12</f>
				</c>
			</c>
			<c>
				<c>
					<f>12</f>
				</c>
			</c>
			<c>
				<c>
					<f>12</f>
				</c>
			</c>
			<c>
				<c>
					<f>12</f>
				</c>
			</c>
			<c>
				<c>
					<f>12</f>
				</c>
			</c>
			<c>
				<c>
					<f>12</f>
					<tl>
						<v8:item>
							<v8:lang>ru</v8:lang>
							<v8:content>"____"  ________________  ________ года</v8:content>
						</v8:item>
					</tl>
				</c>
			</c>
			<c>
				<c>
					<f>12</f>
				</c>
			</c>
			<c>
				<c>
					<f>12</f>
				</c>
			</c>
			<c>
				<c>
					<f>12</f>
				</c>
			</c>
			<c>
				<c>
					<f>12</f>
				</c>
			</c>
			<c>
				<c>
					<f>12</f>
				</c>
			</c>
			<c>
				<c>
					<f>12</f>
				</c>
			</c>
			<c>
				<c>
					<f>12</f>
				</c>
			</c>
			<c>
				<c>
					<f>12</f>
				</c>
			</c>
			<c>
				<c>
					<f>12</f>
				</c>
			</c>
			<c>
				<c>
					<f>12</f>
				</c>
			</c>
			<c>
				<c>
					<f>12</f>
				</c>
			</c>
			<c>
				<c>
					<f>12</f>
				</c>
			</c>
			<c>
				<c>
					<f>12</f>
				</c>
			</c>
			<c>
				<c>
					<f>12</f>
				</c>
			</c>
			<c>
				<c>
					<f>12</f>
				</c>
			</c>
			<c>
				<c>
					<f>12</f>
				</c>
			</c>
			<c>
				<c>
					<f>12</f>
				</c>
			</c>
			<c>
				<c>
					<f>12</f>
				</c>
			</c>
			<c>
				<c>
					<f>12</f>
				</c>
			</c>
			<c>
				<c>
					<f>12</f>
				</c>
			</c>
			<c>
				<c>
					<f>12</f>
				</c>
			</c>
			<c>
				<c>
					<f>12</f>
				</c>
			</c>
			<c>
				<c>
					<f>12</f>
				</c>
			</c>
			<c>
				<c>
					<f>12</f>
				</c>
			</c>
			<c>
				<c>
					<f>12</f>
				</c>
			</c>
			<c>
				<i>41</i>
				<c>
					<f>12</f>
				</c>
			</c>
			<c>
				<c>
					<f>12</f>
				</c>
			</c>
			<c>
				<c>
					<f>12</f>
				</c>
			</c>
			<c>
				<c>
					<f>12</f>
				</c>
			</c>
			<c>
				<i>46</i>
				<c>
					<f>12</f>
				</c>
			</c>
			<c>
				<i>50</i>
				<c>
					<f>12</f>
				</c>
			</c>
			<c>
				<c>
					<f>12</f>
				</c>
			</c>
			<c>
				<i>53</i>
				<c>
					<f>12</f>
				</c>
			</c>
			<c>
				<c>
					<f>12</f>
				</c>
			</c>
		</row>
	</rowsItem>
	<rowsItem>
		<index>16</index>
		<row>
			<formatIndex>6</formatIndex>
			<c>
				<i>1</i>
				<c>
					<f>12</f>
				</c>
			</c>
			<c>
				<c>
					<f>12</f>
				</c>
			</c>
			<c>
				<c>
					<f>12</f>
				</c>
			</c>
			<c>
				<c>
					<f>12</f>
				</c>
			</c>
			<c>
				<c>
					<f>12</f>
				</c>
			</c>
			<c>
				<c>
					<f>12</f>
				</c>
			</c>
			<c>
				<c>
					<f>12</f>
				</c>
			</c>
			<c>
				<c>
					<f>12</f>
				</c>
			</c>
			<c>
				<c>
					<f>12</f>
				</c>
			</c>
			<c>
				<c>
					<f>12</f>
				</c>
			</c>
			<c>
				<c>
					<f>12</f>
				</c>
			</c>
			<c>
				<c>
					<f>12</f>
				</c>
			</c>
			<c>
				<c>
					<f>12</f>
				</c>
			</c>
		</row>
	</rowsItem>
	<rowsItem>
		<index>17</index>
		<row>
			<formatIndex>7</formatIndex>
			<c>
				<i>1</i>
				<c>
					<f>12</f>
					<tl>
						<v8:item>
							<v8:lang>ru</v8:lang>
							<v8:content>Отчетный период:</v8:content>
						</v8:item>
					</tl>
				</c>
			</c>
		</row>
	</rowsItem>
	<rowsItem>
		<index>18</index>
		<row>
			<formatIndex>19</formatIndex>
			<empty>true</empty>
		</row>
	</rowsItem>
	<rowsItem>
		<index>19</index>
		<row>
			<formatIndex>7</formatIndex>
			<c>
				<i>1</i>
				<c>
					<f>22</f>
					<tl>
						<v8:item>
							<v8:lang>ru</v8:lang>
							<v8:content>I квартал</v8:content>
						</v8:item>
					</tl>
				</c>
			</c>
			<c>
				<i>7</i>
				<c>
					<f>23</f>
					<parameter>ФлагКвартал</parameter>
				</c>
			</c>
			<c>
				<i>10</i>
				<c>
					<f>22</f>
					<tl>
						<v8:item>
							<v8:lang>ru</v8:lang>
							<v8:content>I полугодие</v8:content>
						</v8:item>
					</tl>
				</c>
			</c>
			<c>
				<i>15</i>
				<c>
					<f>9</f>
					<tl/>
				</c>
			</c>
			<c>
				<c>
					<f>23</f>
					<parameter>ФлагПолугодие</parameter>
				</c>
			</c>
			<c>
				<i>18</i>
				<c>
					<f>22</f>
					<tl>
						<v8:item>
							<v8:lang>ru</v8:lang>
							<v8:content>9 месяцев</v8:content>
						</v8:item>
					</tl>
				</c>
			</c>
			<c>
				<i>24</i>
				<c>
					<f>23</f>
					<parameter>Флаг9месяцев</parameter>
				</c>
			</c>
			<c>
				<i>28</i>
				<c>
					<f>22</f>
					<tl>
						<v8:item>
							<v8:lang>ru</v8:lang>
							<v8:content>год:</v8:content>
						</v8:item>
					</tl>
				</c>
			</c>
			<c>
				<i>32</i>
				<c>
					<f>9</f>
					<tl/>
				</c>
			</c>
			<c>
				<c>
					<f>23</f>
					<parameter>ФлагГод</parameter>
				</c>
			</c>
			<c>
				<i>38</i>
				<c>
					<f>24</f>
					<tl>
						<v8:item>
							<v8:lang>ru</v8:lang>
							<v8:content>Календарного года</v8:content>
						</v8:item>
					</tl>
				</c>
			</c>
			<c>
				<i>49</i>
				<c>
					<f>25</f>
					<parameter>Год</parameter>
				</c>
			</c>
			<c>
				<c>
					<f>26</f>
				</c>
			</c>
			<c>
				<c>
					<f>26</f>
				</c>
			</c>
			<c>
				<c>
					<f>26</f>
				</c>
			</c>
			<c>
				<c>
					<f>27</f>
				</c>
			</c>
			<c>
				<i>55</i>
				<c>
					<f>27</f>
				</c>
			</c>
			<c>
				<c>
					<f>28</f>
				</c>
			</c>
		</row>
	</rowsItem>
	<rowsItem>
		<index>20</index>
		<row>
			<formatIndex>29</formatIndex>
			<empty>true</empty>
		</row>
	</rowsItem>
	<rowsItem>
		<index>21</index>
		<row>
			<formatIndex>7</formatIndex>
			<c>
				<i>1</i>
				<c>
					<f>30</f>
					<tl>
						<v8:item>
							<v8:lang>ru</v8:lang>
							<v8:content>Отчетный период 2010 года:</v8:content>
						</v8:item>
					</tl>
				</c>
			</c>
			<c>
				<i>18</i>
				<c>
					<f>22</f>
					<tl>
						<v8:item>
							<v8:lang>ru</v8:lang>
							<v8:content>I полугодие</v8:content>
						</v8:item>
					</tl>
				</c>
			</c>
			<c>
				<i>24</i>
				<c>
					<f>23</f>
					<parameter>ФлагПолугодие10</parameter>
				</c>
			</c>
			<c>
				<i>28</i>
				<c>
					<f>31</f>
					<tl>
						<v8:item>
							<v8:lang>ru</v8:lang>
							<v8:content>год:</v8:content>
						</v8:item>
					</tl>
				</c>
			</c>
			<c>
				<i>30</i>
				<c>
					<f>32</f>
				</c>
			</c>
			<c>
				<c>
					<f>32</f>
				</c>
			</c>
			<c>
				<c>
					<f>9</f>
				</c>
			</c>
			<c>
				<c>
					<f>23</f>
					<parameter>ФлагГод10</parameter>
				</c>
			</c>
		</row>
	</rowsItem>
	<rowsItem>
		<index>22</index>
		<row>
			<formatIndex>6</formatIndex>
			<empty>true</empty>
		</row>
	</rowsItem>
	<rowsItem>
		<index>23</index>
		<row>
			<formatIndex>7</formatIndex>
			<c>
				<i>1</i>
				<c>
					<f>12</f>
					<tl>
						<v8:item>
							<v8:lang>ru</v8:lang>
							<v8:content>Тип сведений:</v8:content>
						</v8:item>
					</tl>
				</c>
			</c>
			<c>
				<i>9</i>
				<c>
					<f>33</f>
					<parameter>ФлагИсхд</parameter>
				</c>
			</c>
			<c>
				<i>11</i>
				<c>
					<f>34</f>
					<tl>
						<v8:item>
							<v8:lang>ru</v8:lang>
							<v8:content>   - исходная</v8:content>
						</v8:item>
					</tl>
				</c>
			</c>
		</row>
	</rowsItem>
	<rowsItem>
		<index>24</index>
		<row>
			<formatIndex>6</formatIndex>
			<empty>true</empty>
		</row>
	</rowsItem>
	<rowsItem>
		<index>25</index>
		<row>
			<formatIndex>6</formatIndex>
			<c>
				<i>1</i>
				<c>
					<f>35</f>
				</c>
			</c>
			<c>
				<c>
					<f>36</f>
				</c>
			</c>
			<c>
				<c>
					<f>36</f>
				</c>
			</c>
			<c>
				<c>
					<f>36</f>
				</c>
			</c>
			<c>
				<c>
					<f>36</f>
				</c>
			</c>
			<c>
				<c>
					<f>36</f>
				</c>
			</c>
			<c>
				<c>
					<f>36</f>
				</c>
			</c>
			<c>
				<c>
					<f>36</f>
				</c>
			</c>
			<c>
				<c>
					<f>36</f>
				</c>
			</c>
			<c>
				<c>
					<f>36</f>
				</c>
			</c>
			<c>
				<c>
					<f>36</f>
				</c>
			</c>
			<c>
				<c>
					<f>36</f>
				</c>
			</c>
			<c>
				<c>
					<f>36</f>
				</c>
			</c>
			<c>
				<c>
					<f>36</f>
				</c>
			</c>
			<c>
				<c>
					<f>36</f>
				</c>
			</c>
			<c>
				<c>
					<f>36</f>
				</c>
			</c>
			<c>
				<c>
					<f>36</f>
				</c>
			</c>
			<c>
				<c>
					<f>36</f>
				</c>
			</c>
			<c>
				<c>
					<f>36</f>
				</c>
			</c>
			<c>
				<c>
					<f>36</f>
				</c>
			</c>
			<c>
				<c>
					<f>36</f>
				</c>
			</c>
			<c>
				<c>
					<f>36</f>
				</c>
			</c>
			<c>
				<c>
					<f>36</f>
				</c>
			</c>
			<c>
				<c>
					<f>36</f>
				</c>
			</c>
			<c>
				<c>
					<f>36</f>
				</c>
			</c>
			<c>
				<c>
					<f>36</f>
				</c>
			</c>
			<c>
				<i>28</i>
				<c>
					<f>36</f>
				</c>
			</c>
			<c>
				<i>30</i>
				<c>
					<f>36</f>
				</c>
			</c>
			<c>
				<c>
					<f>36</f>
				</c>
			</c>
			<c>
				<c>
					<f>36</f>
				</c>
			</c>
			<c>
				<c>
					<f>36</f>
				</c>
			</c>
			<c>
				<c>
					<f>36</f>
				</c>
			</c>
			<c>
				<i>36</i>
				<c>
					<f>36</f>
				</c>
			</c>
			<c>
				<i>38</i>
				<c>
					<f>36</f>
				</c>
			</c>
			<c>
				<c>
					<f>36</f>
				</c>
			</c>
			<c>
				<i>41</i>
				<c>
					<f>36</f>
				</c>
			</c>
			<c>
				<c>
					<f>36</f>
				</c>
			</c>
			<c>
				<c>
					<f>36</f>
				</c>
			</c>
			<c>
				<c>
					<f>36</f>
				</c>
			</c>
			<c>
				<i>46</i>
				<c>
					<f>36</f>
				</c>
			</c>
			<c>
				<i>48</i>
				<c>
					<f>36</f>
				</c>
			</c>
			<c>
				<c>
					<f>36</f>
				</c>
			</c>
			<c>
				<c>
					<f>36</f>
				</c>
			</c>
			<c>
				<c>
					<f>36</f>
				</c>
			</c>
			<c>
				<c>
					<f>36</f>
				</c>
			</c>
			<c>
				<c>
					<f>36</f>
				</c>
			</c>
			<c>
				<i>55</i>
				<c>
					<f>36</f>
				</c>
			</c>
			<c>
				<i>57</i>
				<c>
					<f>36</f>
				</c>
			</c>
			<c>
				<i>59</i>
				<c>
					<f>36</f>
				</c>
			</c>
			<c>
				<c>
					<f>36</f>
				</c>
			</c>
			<c>
				<c>
					<f>36</f>
				</c>
			</c>
			<c>
				<c>
					<f>36</f>
				</c>
			</c>
			<c>
				<c>
					<f>36</f>
				</c>
			</c>
			<c>
				<c>
					<f>37</f>
				</c>
			</c>
		</row>
	</rowsItem>
	<rowsItem>
		<index>26</index>
		<row>
			<formatIndex>7</formatIndex>
			<c>
				<i>1</i>
				<c>
					<f>38</f>
				</c>
			</c>
			<c>
				<c>
					<f>39</f>
					<parameter>ФлагКорр</parameter>
				</c>
			</c>
			<c>
				<i>4</i>
				<c>
					<f>40</f>
					<tl>
						<v8:item>
							<v8:lang>ru</v8:lang>
							<v8:content>   - корректирующая</v8:content>
						</v8:item>
					</tl>
				</c>
			</c>
			<c>
				<c>
					<f>40</f>
				</c>
			</c>
			<c>
				<i>13</i>
				<c>
					<f>30</f>
					<tl>
						<v8:item>
							<v8:lang>ru</v8:lang>
							<v8:content>за отчетный период:</v8:content>
						</v8:item>
					</tl>
				</c>
			</c>
			<c>
				<i>21</i>
				<c>
					<f>30</f>
					<tl>
						<v8:item>
							<v8:lang>ru</v8:lang>
							<v8:content>  I квартал</v8:content>
						</v8:item>
					</tl>
				</c>
			</c>
			<c>
				<i>26</i>
				<c>
					<f>33</f>
					<parameter>ФлагКварталКорректировка</parameter>
				</c>
			</c>
			<c>
				<i>29</i>
				<c>
					<f>12</f>
				</c>
			</c>
			<c>
				<c>
					<f>41</f>
					<tl>
						<v8:item>
							<v8:lang>ru</v8:lang>
							<v8:content>I полугодие</v8:content>
						</v8:item>
					</tl>
				</c>
			</c>
			<c>
				<i>34</i>
				<c>
					<f>12</f>
				</c>
			</c>
			<c>
				<c>
					<f>33</f>
					<parameter>ФлагПолугодиеКорректировка</parameter>
				</c>
			</c>
			<c>
				<i>38</i>
				<c>
					<f>41</f>
					<tl>
						<v8:item>
							<v8:lang>ru</v8:lang>
							<v8:content>  9 месяцев</v8:content>
						</v8:item>
					</tl>
				</c>
			</c>
			<c>
				<c>
					<f>32</f>
				</c>
			</c>
			<c>
				<c>
					<f>12</f>
				</c>
			</c>
			<c>
				<c>
					<f>32</f>
				</c>
			</c>
			<c>
				<c>
					<f>32</f>
				</c>
			</c>
			<c>
				<c>
					<f>32</f>
				</c>
			</c>
			<c>
				<c>
					<f>42</f>
					<parameter>Флаг9месяцевКорректировка</parameter>
				</c>
			</c>
			<c>
				<i>47</i>
				<c>
					<f>12</f>
				</c>
			</c>
			<c>
				<c>
					<f>31</f>
					<tl>
						<v8:item>
							<v8:lang>ru</v8:lang>
							<v8:content>год:</v8:content>
						</v8:item>
					</tl>
				</c>
			</c>
			<c>
				<i>53</i>
				<c>
					<f>33</f>
					<parameter>ФлагГодКорректировка</parameter>
				</c>
			</c>
			<c>
				<i>56</i>
				<c>
					<f>12</f>
				</c>
			</c>
			<c>
				<i>64</i>
				<c>
					<f>43</f>
				</c>
			</c>
		</row>
	</rowsItem>
	<rowsItem>
		<index>27</index>
		<row>
			<formatIndex>6</formatIndex>
			<c>
				<i>1</i>
				<c>
					<f>38</f>
				</c>
			</c>
			<c>
				<i>64</i>
				<c>
					<f>43</f>
				</c>
			</c>
		</row>
	</rowsItem>
	<rowsItem>
		<index>28</index>
		<row>
			<formatIndex>7</formatIndex>
			<c>
				<i>1</i>
				<c>
					<f>38</f>
				</c>
			</c>
			<c>
				<c>
					<f>39</f>
					<parameter>ФлагОтмн</parameter>
				</c>
			</c>
			<c>
				<i>4</i>
				<c>
					<f>40</f>
					<tl>
						<v8:item>
							<v8:lang>ru</v8:lang>
							<v8:content>   - отменяющая</v8:content>
						</v8:item>
					</tl>
				</c>
			</c>
			<c>
				<c>
					<f>40</f>
				</c>
			</c>
			<c>
				<i>13</i>
				<c>
					<f>30</f>
					<tl>
						<v8:item>
							<v8:lang>ru</v8:lang>
							<v8:content>Календарного года</v8:content>
						</v8:item>
					</tl>
				</c>
			</c>
			<c>
				<i>22</i>
				<c>
					<f>44</f>
					<parameter>ГодКорректировка</parameter>
				</c>
			</c>
			<c>
				<i>64</i>
				<c>
					<f>43</f>
				</c>
			</c>
		</row>
	</rowsItem>
	<rowsItem>
		<index>29</index>
		<row>
			<formatIndex>6</formatIndex>
			<c>
				<i>1</i>
				<c>
					<f>45</f>
				</c>
			</c>
			<c>
				<c>
					<f>46</f>
				</c>
			</c>
			<c>
				<c>
					<f>46</f>
				</c>
			</c>
			<c>
				<c>
					<f>46</f>
				</c>
			</c>
			<c>
				<c>
					<f>46</f>
				</c>
			</c>
			<c>
				<c>
					<f>46</f>
				</c>
			</c>
			<c>
				<c>
					<f>46</f>
				</c>
			</c>
			<c>
				<c>
					<f>46</f>
				</c>
			</c>
			<c>
				<c>
					<f>46</f>
				</c>
			</c>
			<c>
				<c>
					<f>46</f>
				</c>
			</c>
			<c>
				<c>
					<f>46</f>
				</c>
			</c>
			<c>
				<c>
					<f>46</f>
				</c>
			</c>
			<c>
				<c>
					<f>46</f>
				</c>
			</c>
			<c>
				<c>
					<f>46</f>
				</c>
			</c>
			<c>
				<c>
					<f>46</f>
				</c>
			</c>
			<c>
				<c>
					<f>46</f>
				</c>
			</c>
			<c>
				<c>
					<f>46</f>
				</c>
			</c>
			<c>
				<c>
					<f>46</f>
				</c>
			</c>
			<c>
				<c>
					<f>46</f>
				</c>
			</c>
			<c>
				<c>
					<f>46</f>
				</c>
			</c>
			<c>
				<c>
					<f>46</f>
				</c>
			</c>
			<c>
				<c>
					<f>46</f>
				</c>
			</c>
			<c>
				<c>
					<f>46</f>
				</c>
			</c>
			<c>
				<c>
					<f>46</f>
				</c>
			</c>
			<c>
				<c>
					<f>46</f>
				</c>
			</c>
			<c>
				<c>
					<f>46</f>
				</c>
			</c>
			<c>
				<i>28</i>
				<c>
					<f>46</f>
				</c>
			</c>
			<c>
				<i>30</i>
				<c>
					<f>46</f>
				</c>
			</c>
			<c>
				<c>
					<f>46</f>
				</c>
			</c>
			<c>
				<c>
					<f>46</f>
				</c>
			</c>
			<c>
				<c>
					<f>46</f>
				</c>
			</c>
			<c>
				<c>
					<f>46</f>
				</c>
			</c>
			<c>
				<i>36</i>
				<c>
					<f>46</f>
				</c>
			</c>
			<c>
				<i>38</i>
				<c>
					<f>46</f>
				</c>
			</c>
			<c>
				<c>
					<f>46</f>
				</c>
			</c>
			<c>
				<i>41</i>
				<c>
					<f>46</f>
				</c>
			</c>
			<c>
				<c>
					<f>46</f>
				</c>
			</c>
			<c>
				<c>
					<f>46</f>
				</c>
			</c>
			<c>
				<c>
					<f>46</f>
				</c>
			</c>
			<c>
				<i>46</i>
				<c>
					<f>46</f>
				</c>
			</c>
			<c>
				<i>48</i>
				<c>
					<f>46</f>
				</c>
			</c>
			<c>
				<c>
					<f>46</f>
				</c>
			</c>
			<c>
				<c>
					<f>46</f>
				</c>
			</c>
			<c>
				<c>
					<f>46</f>
				</c>
			</c>
			<c>
				<c>
					<f>46</f>
				</c>
			</c>
			<c>
				<c>
					<f>46</f>
				</c>
			</c>
			<c>
				<i>55</i>
				<c>
					<f>46</f>
				</c>
			</c>
			<c>
				<i>57</i>
				<c>
					<f>46</f>
				</c>
			</c>
			<c>
				<i>59</i>
				<c>
					<f>46</f>
				</c>
			</c>
			<c>
				<c>
					<f>46</f>
				</c>
			</c>
			<c>
				<c>
					<f>46</f>
				</c>
			</c>
			<c>
				<c>
					<f>46</f>
				</c>
			</c>
			<c>
				<c>
					<f>46</f>
				</c>
			</c>
			<c>
				<c>
					<f>47</f>
				</c>
			</c>
		</row>
	</rowsItem>
	<rowsItem>
		<index>30</index>
		<row>
			<formatIndex>14</formatIndex>
			<empty>true</empty>
		</row>
	</rowsItem>
	<rowsItem>
		<index>31</index>
		<row>
			<formatIndex>14</formatIndex>
			<c>
				<i>1</i>
				<c>
					<f>16</f>
					<tl>
						<v8:item>
							<v8:lang>ru</v8:lang>
							<v8:content>Сведения о застрахованном лице:</v8:content>
						</v8:item>
					</tl>
				</c>
			</c>
		</row>
	</rowsItem>
	<rowsItem>
		<index>32</index>
		<row>
			<formatIndex>6</formatIndex>
			<empty>true</empty>
		</row>
	</rowsItem>
	<rowsItem>
		<index>33</index>
		<row>
			<formatIndex>14</formatIndex>
			<c>
				<i>1</i>
				<c>
					<f>48</f>
					<tl>
						<v8:item>
							<v8:lang>ru</v8:lang>
							<v8:content>Фамилия,
Имя,
Отчество</v8:content>
						</v8:item>
					</tl>
				</c>
			</c>
			<c>
				<i>13</i>
				<c>
					<f>49</f>
					<tl>
						<v8:item>
							<v8:lang>ru</v8:lang>
							<v8:content>Страховой номер</v8:content>
						</v8:item>
					</tl>
				</c>
			</c>
			<c>
				<i>19</i>
				<c>
					<f>50</f>
					<tl>
						<v8:item>
							<v8:lang>ru</v8:lang>
							<v8:content>Адрес для направления информации о состоянии индивидуального лицевого счета</v8:content>
						</v8:item>
					</tl>
				</c>
			</c>
			<c>
				<i>31</i>
				<c>
					<f>51</f>
					<tl>
						<v8:item>
							<v8:lang>ru</v8:lang>
							<v8:content>Сумма страховых взносов на страховую часть трудовой пенсии</v8:content>
						</v8:item>
					</tl>
				</c>
			</c>
			<c>
				<i>49</i>
				<c>
					<f>52</f>
					<tl>
						<v8:item>
							<v8:lang>ru</v8:lang>
							<v8:content>Сумма страховых взносов на накопительную часть трудовой пенсии</v8:content>
						</v8:item>
					</tl>
				</c>
			</c>
		</row>
	</rowsItem>
	<rowsItem>
		<index>34</index>
		<row>
			<formatIndex>14</formatIndex>
			<c>
				<i>31</i>
				<c>
					<f>53</f>
					<tl>
						<v8:item>
							<v8:lang>ru</v8:lang>
							<v8:content>Начислено</v8:content>
						</v8:item>
					</tl>
				</c>
			</c>
			<c>
				<i>40</i>
				<c>
					<f>54</f>
					<tl>
						<v8:item>
							<v8:lang>ru</v8:lang>
							<v8:content>Уплачено</v8:content>
						</v8:item>
					</tl>
				</c>
			</c>
			<c>
				<i>49</i>
				<c>
					<f>55</f>
					<tl>
						<v8:item>
							<v8:lang>ru</v8:lang>
							<v8:content>Начислено</v8:content>
						</v8:item>
					</tl>
				</c>
			</c>
			<c>
				<i>58</i>
				<c>
					<f>56</f>
					<tl>
						<v8:item>
							<v8:lang>ru</v8:lang>
							<v8:content>Уплачено</v8:content>
						</v8:item>
					</tl>
				</c>
			</c>
		</row>
	</rowsItem>
	<rowsItem>
		<index>35</index>
		<row>
			<formatIndex>14</formatIndex>
			<c>
				<i>1</i>
				<c>
					<f>57</f>
					<parameter>ФИО</parameter>
				</c>
			</c>
			<c>
				<i>13</i>
				<c>
					<f>58</f>
					<parameter>НомерСС</parameter>
				</c>
			</c>
			<c>
				<i>19</i>
				<c>
					<f>59</f>
					<parameter>АдресДляПечати</parameter>
				</c>
			</c>
			<c>
				<i>31</i>
				<c>
					<f>60</f>
					<parameter>СуммаСтрахЧасть</parameter>
				</c>
			</c>
			<c>
				<i>40</i>
				<c>
					<f>61</f>
					<parameter>СуммаСтрахЧастьУплачено</parameter>
				</c>
			</c>
			<c>
				<i>49</i>
				<c>
					<f>62</f>
					<parameter>СуммаНакЧасть</parameter>
				</c>
			</c>
			<c>
				<i>58</i>
				<c>
					<f>61</f>
					<parameter>СуммаНакЧастьУплачено</parameter>
				</c>
			</c>
		</row>
	</rowsItem>
	<rowsItem>
		<index>36</index>
		<row>
			<formatIndex>14</formatIndex>
			<c>
				<i>13</i>
				<c>
					<f>12</f>
				</c>
			</c>
		</row>
	</rowsItem>
	<rowsItem>
		<index>37</index>
		<row>
			<formatIndex>14</formatIndex>
			<c>
				<i>1</i>
				<c>
					<f>16</f>
					<tl>
						<v8:item>
							<v8:lang>ru</v8:lang>
							<v8:content>Период работы:</v8:content>
						</v8:item>
					</tl>
				</c>
			</c>
			<c>
				<i>13</i>
				<c>
					<f>63</f>
				</c>
			</c>
		</row>
	</rowsItem>
	<rowsItem>
		<index>38</index>
		<row>
			<formatIndex>6</formatIndex>
			<empty>true</empty>
		</row>
	</rowsItem>
	<rowsItem>
		<index>39</index>
		<row>
			<formatIndex>14</formatIndex>
			<c>
				<i>1</i>
				<c>
					<f>64</f>
					<tl>
						<v8:item>
							<v8:lang>ru</v8:lang>
							<v8:content>№
п/п</v8:content>
						</v8:item>
					</tl>
				</c>
			</c>
			<c>
				<i>5</i>
				<c>
					<f>64</f>
					<tl>
						<v8:item>
							<v8:lang>ru</v8:lang>
							<v8:content>Начало
периода
с
(дд.мм.гггг)</v8:content>
						</v8:item>
					</tl>
				</c>
			</c>
			<c>
				<i>11</i>
				<c>
					<f>65</f>
					<tl>
						<v8:item>
							<v8:lang>ru</v8:lang>
							<v8:content>Конец
периода
по
(дд.мм.гггг)</v8:content>
						</v8:item>
					</tl>
				</c>
			</c>
			<c>
				<i>17</i>
				<c>
					<f>64</f>
					<tl>
						<v8:item>
							<v8:lang>ru</v8:lang>
							<v8:content>Территори-
альные
условия
(код)</v8:content>
						</v8:item>
					</tl>
				</c>
			</c>
			<c>
				<i>23</i>
				<c>
					<f>64</f>
					<tl>
						<v8:item>
							<v8:lang>ru</v8:lang>
							<v8:content>Особые условия труда
(код)</v8:content>
						</v8:item>
					</tl>
				</c>
			</c>
			<c>
				<i>31</i>
				<c>
					<f>64</f>
					<tl>
						<v8:item>
							<v8:lang>ru</v8:lang>
							<v8:content>Исчисление страхового стажа</v8:content>
						</v8:item>
					</tl>
				</c>
			</c>
			<c>
				<i>49</i>
				<c>
					<f>64</f>
					<tl>
						<v8:item>
							<v8:lang>ru</v8:lang>
							<v8:content>Условия для досрочного назначения трудовой пенсии</v8:content>
						</v8:item>
					</tl>
				</c>
			</c>
		</row>
	</rowsItem>
	<rowsItem>
		<index>40</index>
		<row>
			<formatIndex>14</formatIndex>
			<c>
				<i>31</i>
				<c>
					<f>64</f>
					<tl>
						<v8:item>
							<v8:lang>ru</v8:lang>
							<v8:content>основание
(код)</v8:content>
						</v8:item>
					</tl>
				</c>
			</c>
			<c>
				<i>41</i>
				<c>
					<f>64</f>
					<tl>
						<v8:item>
							<v8:lang>ru</v8:lang>
							<v8:content>дополнитель-
ные сведения</v8:content>
						</v8:item>
					</tl>
				</c>
			</c>
			<c>
				<i>49</i>
				<c>
					<f>64</f>
					<tl>
						<v8:item>
							<v8:lang>ru</v8:lang>
							<v8:content>основание
(код)</v8:content>
						</v8:item>
					</tl>
				</c>
			</c>
			<c>
				<i>59</i>
				<c>
					<f>64</f>
					<tl>
						<v8:item>
							<v8:lang>ru</v8:lang>
							<v8:content>дополнитель-
ные сведения</v8:content>
						</v8:item>
					</tl>
				</c>
			</c>
		</row>
	</rowsItem>
	<rowsItem>
		<index>41</index>
		<row>
			<formatIndex>14</formatIndex>
			<c>
				<i>1</i>
				<c>
					<f>66</f>
					<parameter>НомерПериода</parameter>
				</c>
			</c>
			<c>
				<i>5</i>
				<c>
					<f>67</f>
					<parameter>НачалоПериода</parameter>
				</c>
			</c>
			<c>
				<i>11</i>
				<c>
					<f>67</f>
					<parameter>КонецПериода</parameter>
				</c>
			</c>
			<c>
				<i>17</i>
				<c>
					<f>66</f>
					<parameter>ТерриториальныеУсловия</parameter>
				</c>
			</c>
			<c>
				<i>23</i>
				<c>
					<f>66</f>
					<parameter>ОсобыеУсловияТруда</parameter>
				</c>
			</c>
			<c>
				<i>31</i>
				<c>
					<f>68</f>
					<parameter>ИсчислениеТрудовогоСтажаОснование</parameter>
				</c>
			</c>
			<c>
				<c>
					<f>63</f>
				</c>
			</c>
			<c>
				<c>
					<f>63</f>
				</c>
			</c>
			<c>
				<c>
					<f>63</f>
				</c>
			</c>
			<c>
				<i>36</i>
				<c>
					<f>63</f>
				</c>
			</c>
			<c>
				<i>38</i>
				<c>
					<f>63</f>
				</c>
			</c>
			<c>
				<c>
					<f>63</f>
				</c>
			</c>
			<c>
				<i>41</i>
				<c>
					<f>66</f>
					<parameter>ИсчислениеТрудовогоСтажаДопСведения</parameter>
				</c>
			</c>
			<c>
				<i>49</i>
				<c>
					<f>66</f>
					<parameter>УсловияДосрочнойПенсииОснование</parameter>
				</c>
			</c>
			<c>
				<i>59</i>
				<c>
					<f>66</f>
					<parameter>УсловияДосрочнойПенсииДопСведения</parameter>
				</c>
			</c>
		</row>
	</rowsItem>
	<rowsItem>
		<index>42</index>
		<row>
			<formatIndex>14</formatIndex>
			<c>
				<i>1</i>
				<c>
					<f>65</f>
				</c>
			</c>
			<c>
				<i>5</i>
				<c>
					<f>65</f>
				</c>
			</c>
			<c>
				<i>11</i>
				<c>
					<f>65</f>
				</c>
			</c>
			<c>
				<i>17</i>
				<c>
					<f>65</f>
				</c>
			</c>
			<c>
				<i>23</i>
				<c>
					<f>68</f>
					<parameter>КодПозицииСписка</parameter>
				</c>
			</c>
			<c>
				<c>
					<f>63</f>
				</c>
			</c>
			<c>
				<c>
					<f>63</f>
				</c>
			</c>
			<c>
				<c>
					<f>63</f>
				</c>
			</c>
			<c>
				<i>28</i>
				<c>
					<f>63</f>
				</c>
			</c>
			<c>
				<i>30</i>
				<c>
					<f>63</f>
				</c>
			</c>
			<c>
				<c>
					<f>63</f>
				</c>
			</c>
			<c>
				<c>
					<f>63</f>
				</c>
			</c>
			<c>
				<c>
					<f>63</f>
				</c>
			</c>
			<c>
				<c>
					<f>63</f>
				</c>
			</c>
			<c>
				<i>36</i>
				<c>
					<f>63</f>
				</c>
			</c>
			<c>
				<i>38</i>
				<c>
					<f>63</f>
				</c>
			</c>
			<c>
				<c>
					<f>63</f>
				</c>
			</c>
			<c>
				<i>41</i>
				<c>
					<f>65</f>
					<tl/>
				</c>
			</c>
			<c>
				<i>49</i>
				<c>
					<f>65</f>
				</c>
			</c>
			<c>
				<i>59</i>
				<c>
					<f>66</f>
					<parameter>УсловияДосрочнойПенсииДопСведения</parameter>
				</c>
			</c>
		</row>
	</rowsItem>
	<rowsItem>
		<index>43</index>
		<row>
			<formatIndex>14</formatIndex>
			<c>
				<i>1</i>
				<c>
					<f>65</f>
				</c>
			</c>
			<c>
				<i>5</i>
				<c>
					<f>65</f>
				</c>
			</c>
			<c>
				<i>11</i>
				<c>
					<f>65</f>
				</c>
			</c>
			<c>
				<i>17</i>
				<c>
					<f>65</f>
				</c>
			</c>
			<c>
				<i>23</i>
				<c>
					<f>54</f>
				</c>
			</c>
			<c>
				<c>
					<f>63</f>
				</c>
			</c>
			<c>
				<c>
					<f>63</f>
				</c>
			</c>
			<c>
				<c>
					<f>63</f>
				</c>
			</c>
			<c>
				<i>28</i>
				<c>
					<f>63</f>
				</c>
			</c>
			<c>
				<i>30</i>
				<c>
					<f>63</f>
				</c>
			</c>
			<c>
				<c>
					<f>54</f>
				</c>
			</c>
			<c>
				<c>
					<f>63</f>
				</c>
			</c>
			<c>
				<c>
					<f>63</f>
				</c>
			</c>
			<c>
				<c>
					<f>63</f>
				</c>
			</c>
			<c>
				<i>36</i>
				<c>
					<f>63</f>
				</c>
			</c>
			<c>
				<i>38</i>
				<c>
					<f>63</f>
				</c>
			</c>
			<c>
				<c>
					<f>63</f>
				</c>
			</c>
			<c>
				<i>41</i>
				<c>
					<f>65</f>
				</c>
			</c>
			<c>
				<i>49</i>
				<c>
					<f>65</f>
				</c>
			</c>
			<c>
				<i>59</i>
				<c>
					<f>66</f>
					<parameter>УсловияДосрочнойПенсииДопСведения</parameter>
				</c>
			</c>
		</row>
	</rowsItem>
	<rowsItem>
		<index>44</index>
		<row>
			<formatIndex>14</formatIndex>
			<empty>true</empty>
		</row>
	</rowsItem>
	<rowsItem>
		<index>45</index>
		<row>
			<formatIndex>7</formatIndex>
			<c>
				<i>1</i>
				<c>
					<f>16</f>
					<tl>
						<v8:item>
							<v8:lang>ru</v8:lang>
							<v8:content>Наименование должности руководителя</v8:content>
						</v8:item>
					</tl>
				</c>
			</c>
			<c>
				<i>28</i>
				<c>
					<f>16</f>
					<tl>
						<v8:item>
							<v8:lang>ru</v8:lang>
							<v8:content>Подпись</v8:content>
						</v8:item>
					</tl>
				</c>
			</c>
			<c>
				<c>
					<f>16</f>
				</c>
			</c>
			<c>
				<i>34</i>
				<c>
					<f>12</f>
				</c>
			</c>
			<c>
				<c>
					<f>12</f>
				</c>
			</c>
			<c>
				<c>
					<f>12</f>
				</c>
			</c>
			<c>
				<c>
					<f>12</f>
				</c>
			</c>
			<c>
				<i>44</i>
				<c>
					<f>16</f>
					<tl>
						<v8:item>
							<v8:lang>ru</v8:lang>
							<v8:content>Расшифровка подписи</v8:content>
						</v8:item>
					</tl>
				</c>
			</c>
			<c>
				<c>
					<f>16</f>
				</c>
			</c>
			<c>
				<c>
					<f>16</f>
				</c>
			</c>
			<c>
				<c>
					<f>16</f>
				</c>
			</c>
			<c>
				<c>
					<f>16</f>
				</c>
			</c>
			<c>
				<c>
					<f>16</f>
				</c>
			</c>
			<c>
				<c>
					<f>16</f>
				</c>
			</c>
			<c>
				<c>
					<f>16</f>
				</c>
			</c>
			<c>
				<c>
					<f>16</f>
				</c>
			</c>
			<c>
				<c>
					<f>16</f>
				</c>
			</c>
			<c>
				<c>
					<f>16</f>
				</c>
			</c>
			<c>
				<c>
					<f>16</f>
				</c>
			</c>
			<c>
				<c>
					<f>16</f>
				</c>
			</c>
			<c>
				<c>
					<f>16</f>
				</c>
			</c>
			<c>
				<c>
					<f>16</f>
				</c>
			</c>
			<c>
				<c>
					<f>16</f>
				</c>
			</c>
			<c>
				<c>
					<f>16</f>
				</c>
			</c>
			<c>
				<c>
					<f>16</f>
				</c>
			</c>
		</row>
	</rowsItem>
	<rowsItem>
		<index>46</index>
		<row>
			<formatIndex>12</formatIndex>
			<empty>true</empty>
		</row>
	</rowsItem>
	<rowsItem>
		<index>47</index>
		<row>
			<formatIndex>12</formatIndex>
			<c>
				<i>1</i>
				<c>
					<f>69</f>
					<parameter>ДолжностьРуководителя</parameter>
				</c>
			</c>
			<c>
				<i>8</i>
				<c>
					<f>12</f>
				</c>
			</c>
			<c>
				<i>44</i>
				<c>
					<f>69</f>
					<parameter>Руководитель</parameter>
				</c>
			</c>
			<c>
				<c>
					<f>12</f>
				</c>
			</c>
			<c>
				<c>
					<f>12</f>
				</c>
			</c>
			<c>
				<c>
					<f>12</f>
				</c>
			</c>
			<c>
				<i>53</i>
				<c>
					<f>12</f>
				</c>
			</c>
			<c>
				<c>
					<f>12</f>
				</c>
			</c>
			<c>
				<c>
					<f>12</f>
				</c>
			</c>
			<c>
				<c>
					<f>12</f>
				</c>
			</c>
		</row>
	</rowsItem>
	<rowsItem>
		<index>48</index>
		<row>
			<formatIndex>12</formatIndex>
			<empty>true</empty>
		</row>
	</rowsItem>
	<rowsItem>
		<index>49</index>
		<row>
			<formatIndex>12</formatIndex>
			<c>
				<i>1</i>
				<c>
					<f>16</f>
					<tl>
						<v8:item>
							<v8:lang>ru</v8:lang>
							<v8:content>Дата</v8:content>
						</v8:item>
					</tl>
				</c>
			</c>
			<c>
				<i>5</i>
				<c>
					<f>70</f>
					<parameter>ДатаЗаполнения</parameter>
				</c>
			</c>
			<c>
				<i>20</i>
				<c>
					<f>16</f>
					<tl>
						<v8:item>
							<v8:lang>ru</v8:lang>
							<v8:content>М.П.</v8:content>
						</v8:item>
					</tl>
				</c>
			</c>
		</row>
	</rowsItem>
	<leftHeader>
		<f>12</f>
	</leftHeader>
	<centerHeader>
		<f>12</f>
	</centerHeader>
	<rightHeader>
		<f>12</f>
	</rightHeader>
	<leftFooter>
		<f>12</f>
	</leftFooter>
	<centerFooter>
		<f>12</f>
	</centerFooter>
	<rightFooter>
		<f>12</f>
	</rightFooter>
	<templateMode>true</templateMode>
	<defaultFormatIndex>71</defaultFormatIndex>
	<height>50</height>
	<vgRows>50</vgRows>
	<merge>
		<r>1</r>
		<c>22</c>
		<w>7</w>
	</merge>
	<merge>
		<r>1</r>
		<c>55</c>
		<w>7</w>
	</merge>
	<merge>
		<r>3</r>
		<c>1</c>
		<w>63</w>
	</merge>
	<merge>
		<r>7</r>
		<c>17</c>
		<w>30</w>
	</merge>
	<merge>
		<r>8</r>
		<c>14</c>
		<h>1</h>
		<w>33</w>
	</merge>
	<merge>
		<r>11</r>
		<c>6</c>
		<w>14</w>
	</merge>
	<merge>
		<r>11</r>
		<c>26</c>
		<w>21</w>
	</merge>
	<merge>
		<r>13</r>
		<c>19</c>
		<w>28</w>
	</merge>
	<merge>
		<r>19</r>
		<c>1</c>
		<w>5</w>
	</merge>
	<merge>
		<r>19</r>
		<c>7</c>
		<w>1</w>
	</merge>
	<merge>
		<r>19</r>
		<c>10</c>
		<w>4</w>
	</merge>
	<merge>
		<r>19</r>
		<c>16</c>
		<w>1</w>
	</merge>
	<merge>
		<r>19</r>
		<c>18</c>
		<w>5</w>
	</merge>
	<merge>
		<r>19</r>
		<c>24</c>
		<w>1</w>
	</merge>
	<merge>
		<r>19</r>
		<c>28</c>
		<w>3</w>
	</merge>
	<merge>
		<r>19</r>
		<c>33</c>
		<w>1</w>
	</merge>
	<merge>
		<r>19</r>
		<c>38</c>
		<w>10</w>
	</merge>
	<merge>
		<r>19</r>
		<c>49</c>
		<w>6</w>
	</merge>
	<merge>
		<r>19</r>
		<c>49</c>
		<w>6</w>
	</merge>
	<merge>
		<r>21</r>
		<c>18</c>
		<w>5</w>
	</merge>
	<merge>
		<r>21</r>
		<c>24</c>
		<w>1</w>
	</merge>
	<merge>
		<r>21</r>
		<c>28</c>
		<w>3</w>
	</merge>
	<merge>
		<r>21</r>
		<c>33</c>
		<w>5</w>
	</merge>
	<merge>
		<r>23</r>
		<c>9</c>
		<w>1</w>
	</merge>
	<merge>
		<r>26</r>
		<c>2</c>
		<w>1</w>
	</merge>
	<merge>
		<r>26</r>
		<c>26</c>
		<w>2</w>
	</merge>
	<merge>
		<r>26</r>
		<c>35</c>
		<w>2</w>
	</merge>
	<merge>
		<r>26</r>
		<c>44</c>
		<w>2</w>
	</merge>
	<merge>
		<r>26</r>
		<c>48</c>
		<w>4</w>
	</merge>
	<merge>
		<r>26</r>
		<c>53</c>
		<w>2</w>
	</merge>
	<merge>
		<r>28</r>
		<c>2</c>
		<w>1</w>
	</merge>
	<merge>
		<r>28</r>
		<c>22</c>
		<w>3</w>
	</merge>
	<merge>
		<r>33</r>
		<c>1</c>
		<h>1</h>
		<w>11</w>
	</merge>
	<merge>
		<r>33</r>
		<c>13</c>
		<h>1</h>
		<w>5</w>
	</merge>
	<merge>
		<r>33</r>
		<c>19</c>
		<h>1</h>
		<w>11</w>
	</merge>
	<merge>
		<r>33</r>
		<c>31</c>
		<w>17</w>
	</merge>
	<merge>
		<r>33</r>
		<c>49</c>
		<w>15</w>
	</merge>
	<merge>
		<r>34</r>
		<c>31</c>
		<w>8</w>
	</merge>
	<merge>
		<r>34</r>
		<c>40</c>
		<w>8</w>
	</merge>
	<merge>
		<r>34</r>
		<c>49</c>
		<w>8</w>
	</merge>
	<merge>
		<r>34</r>
		<c>58</c>
		<w>6</w>
	</merge>
	<merge>
		<r>35</r>
		<c>1</c>
		<w>11</w>
	</merge>
	<merge>
		<r>35</r>
		<c>13</c>
		<w>5</w>
	</merge>
	<merge>
		<r>35</r>
		<c>19</c>
		<w>11</w>
	</merge>
	<merge>
		<r>35</r>
		<c>31</c>
		<w>8</w>
	</merge>
	<merge>
		<r>35</r>
		<c>40</c>
		<w>8</w>
	</merge>
	<merge>
		<r>35</r>
		<c>49</c>
		<w>8</w>
	</merge>
	<merge>
		<r>35</r>
		<c>58</c>
		<w>6</w>
	</merge>
	<merge>
		<r>39</r>
		<c>1</c>
		<h>1</h>
		<w>3</w>
	</merge>
	<merge>
		<r>39</r>
		<c>5</c>
		<h>1</h>
		<w>5</w>
	</merge>
	<merge>
		<r>39</r>
		<c>11</c>
		<h>1</h>
		<w>5</w>
	</merge>
	<merge>
		<r>39</r>
		<c>17</c>
		<h>1</h>
		<w>5</w>
	</merge>
	<merge>
		<r>39</r>
		<c>23</c>
		<h>1</h>
		<w>7</w>
	</merge>
	<merge>
		<r>39</r>
		<c>31</c>
		<w>17</w>
	</merge>
	<merge>
		<r>39</r>
		<c>49</c>
		<w>15</w>
	</merge>
	<merge>
		<r>40</r>
		<c>31</c>
		<w>9</w>
	</merge>
	<merge>
		<r>40</r>
		<c>41</c>
		<w>7</w>
	</merge>
	<merge>
		<r>40</r>
		<c>49</c>
		<w>9</w>
	</merge>
	<merge>
		<r>40</r>
		<c>59</c>
		<w>5</w>
	</merge>
	<merge>
		<r>41</r>
		<c>1</c>
		<w>3</w>
	</merge>
	<merge>
		<r>41</r>
		<c>5</c>
		<w>5</w>
	</merge>
	<merge>
		<r>41</r>
		<c>11</c>
		<w>5</w>
	</merge>
	<merge>
		<r>41</r>
		<c>17</c>
		<w>5</w>
	</merge>
	<merge>
		<r>41</r>
		<c>23</c>
		<w>7</w>
	</merge>
	<merge>
		<r>41</r>
		<c>31</c>
		<w>9</w>
	</merge>
	<merge>
		<r>41</r>
		<c>41</c>
		<w>7</w>
	</merge>
	<merge>
		<r>41</r>
		<c>49</c>
		<w>9</w>
	</merge>
	<merge>
		<r>41</r>
		<c>59</c>
		<w>5</w>
	</merge>
	<merge>
		<r>42</r>
		<c>1</c>
		<w>3</w>
	</merge>
	<merge>
		<r>42</r>
		<c>5</c>
		<w>5</w>
	</merge>
	<merge>
		<r>42</r>
		<c>11</c>
		<w>5</w>
	</merge>
	<merge>
		<r>42</r>
		<c>17</c>
		<w>5</w>
	</merge>
	<merge>
		<r>42</r>
		<c>23</c>
		<w>17</w>
	</merge>
	<merge>
		<r>42</r>
		<c>41</c>
		<w>7</w>
	</merge>
	<merge>
		<r>42</r>
		<c>49</c>
		<w>9</w>
	</merge>
	<merge>
		<r>42</r>
		<c>59</c>
		<w>5</w>
	</merge>
	<merge>
		<r>43</r>
		<c>1</c>
		<w>3</w>
	</merge>
	<merge>
		<r>43</r>
		<c>5</c>
		<w>5</w>
	</merge>
	<merge>
		<r>43</r>
		<c>11</c>
		<w>5</w>
	</merge>
	<merge>
		<r>43</r>
		<c>17</c>
		<w>5</w>
	</merge>
	<merge>
		<r>43</r>
		<c>23</c>
		<w>7</w>
	</merge>
	<merge>
		<r>43</r>
		<c>31</c>
		<w>9</w>
	</merge>
	<merge>
		<r>43</r>
		<c>41</c>
		<w>7</w>
	</merge>
	<merge>
		<r>43</r>
		<c>49</c>
		<w>9</w>
	</merge>
	<merge>
		<r>43</r>
		<c>59</c>
		<w>5</w>
	</merge>
	<merge>
		<r>49</r>
		<c>5</c>
		<w>6</w>
	</merge>
	<merge>
		<r>-1</r>
		<c>26</c>
		<w>1</w>
	</merge>
	<merge>
		<r>-1</r>
		<c>28</c>
		<w>1</w>
	</merge>
	<merge>
		<r>-1</r>
		<c>34</c>
		<w>1</w>
	</merge>
	<merge>
		<r>-1</r>
		<c>36</c>
		<w>1</w>
	</merge>
	<merge>
		<r>-1</r>
		<c>39</c>
		<w>1</w>
	</merge>
	<merge>
		<r>-1</r>
		<c>44</c>
		<w>1</w>
	</merge>
	<merge>
		<r>-1</r>
		<c>46</c>
		<w>1</w>
	</merge>
	<merge>
		<r>-1</r>
		<c>53</c>
		<w>1</w>
	</merge>
	<merge>
		<r>-1</r>
		<c>55</c>
		<w>1</w>
	</merge>
	<merge>
		<r>-1</r>
		<c>57</c>
		<w>1</w>
	</merge>
	<verticalUnmerge>
		<r>1</r>
		<c>53</c>
		<w>1</w>
	</verticalUnmerge>
	<verticalUnmerge>
		<r>7</r>
		<c>53</c>
		<w>1</w>
	</verticalUnmerge>
	<verticalUnmerge>
		<r>7</r>
		<c>55</c>
		<w>1</w>
	</verticalUnmerge>
	<verticalUnmerge>
		<r>8</r>
		<c>53</c>
		<w>1</w>
	</verticalUnmerge>
	<verticalUnmerge>
		<r>8</r>
		<c>55</c>
		<w>1</w>
	</verticalUnmerge>
	<verticalUnmerge>
		<r>9</r>
		<c>53</c>
		<w>1</w>
	</verticalUnmerge>
	<verticalUnmerge>
		<r>9</r>
		<c>55</c>
		<w>1</w>
	</verticalUnmerge>
	<verticalUnmerge>
		<r>10</r>
		<c>53</c>
		<w>1</w>
	</verticalUnmerge>
	<verticalUnmerge>
		<r>10</r>
		<c>55</c>
		<w>1</w>
	</verticalUnmerge>
	<verticalUnmerge>
		<r>11</r>
		<c>53</c>
		<w>1</w>
	</verticalUnmerge>
	<verticalUnmerge>
		<r>11</r>
		<c>55</c>
		<w>1</w>
	</verticalUnmerge>
	<verticalUnmerge>
		<r>12</r>
		<c>53</c>
		<w>1</w>
	</verticalUnmerge>
	<verticalUnmerge>
		<r>12</r>
		<c>55</c>
		<w>1</w>
	</verticalUnmerge>
	<verticalUnmerge>
		<r>13</r>
		<c>53</c>
		<w>1</w>
	</verticalUnmerge>
	<verticalUnmerge>
		<r>13</r>
		<c>55</c>
		<w>1</w>
	</verticalUnmerge>
	<verticalUnmerge>
		<r>14</r>
		<c>53</c>
		<w>1</w>
	</verticalUnmerge>
	<verticalUnmerge>
		<r>14</r>
		<c>55</c>
		<w>1</w>
	</verticalUnmerge>
	<verticalUnmerge>
		<r>15</r>
		<c>26</c>
		<w>1</w>
	</verticalUnmerge>
	<verticalUnmerge>
		<r>15</r>
		<c>28</c>
		<w>1</w>
	</verticalUnmerge>
	<verticalUnmerge>
		<r>15</r>
		<c>34</c>
		<w>1</w>
	</verticalUnmerge>
	<verticalUnmerge>
		<r>15</r>
		<c>36</c>
		<w>1</w>
	</verticalUnmerge>
	<verticalUnmerge>
		<r>15</r>
		<c>53</c>
		<w>1</w>
	</verticalUnmerge>
	<verticalUnmerge>
		<r>15</r>
		<c>55</c>
		<w>1</w>
	</verticalUnmerge>
	<verticalUnmerge>
		<r>19</r>
		<c>34</c>
		<w>1</w>
	</verticalUnmerge>
	<verticalUnmerge>
		<r>19</r>
		<c>55</c>
		<w>1</w>
	</verticalUnmerge>
	<verticalUnmerge>
		<r>26</r>
		<c>28</c>
		<w>1</w>
	</verticalUnmerge>
	<verticalUnmerge>
		<r>26</r>
		<c>34</c>
		<w>1</w>
	</verticalUnmerge>
	<verticalUnmerge>
		<r>26</r>
		<c>39</c>
		<w>1</w>
	</verticalUnmerge>
	<verticalUnmerge>
		<r>26</r>
		<c>46</c>
		<w>1</w>
	</verticalUnmerge>
	<verticalUnmerge>
		<r>26</r>
		<c>55</c>
		<w>1</w>
	</verticalUnmerge>
	<verticalUnmerge>
		<r>34</r>
		<c>39</c>
		<w>1</w>
	</verticalUnmerge>
	<verticalUnmerge>
		<r>34</r>
		<c>57</c>
		<w>1</w>
	</verticalUnmerge>
	<verticalUnmerge>
		<r>35</r>
		<c>39</c>
		<w>1</w>
	</verticalUnmerge>
	<verticalUnmerge>
		<r>35</r>
		<c>57</c>
		<w>1</w>
	</verticalUnmerge>
	<verticalUnmerge>
		<r>45</r>
		<c>28</c>
		<w>1</w>
	</verticalUnmerge>
	<verticalUnmerge>
		<r>45</r>
		<c>34</c>
		<w>1</w>
	</verticalUnmerge>
	<verticalUnmerge>
		<r>45</r>
		<c>36</c>
		<w>1</w>
	</verticalUnmerge>
	<verticalUnmerge>
		<r>45</r>
		<c>44</c>
		<w>1</w>
	</verticalUnmerge>
	<verticalUnmerge>
		<r>45</r>
		<c>46</c>
		<w>1</w>
	</verticalUnmerge>
	<verticalUnmerge>
		<r>45</r>
		<c>53</c>
		<w>1</w>
	</verticalUnmerge>
	<verticalUnmerge>
		<r>45</r>
		<c>55</c>
		<w>1</w>
	</verticalUnmerge>
	<verticalUnmerge>
		<r>45</r>
		<c>57</c>
		<w>1</w>
	</verticalUnmerge>
	<verticalUnmerge>
		<r>47</r>
		<c>44</c>
		<w>1</w>
	</verticalUnmerge>
	<verticalUnmerge>
		<r>47</r>
		<c>46</c>
		<w>1</w>
	</verticalUnmerge>
	<verticalUnmerge>
		<r>47</r>
		<c>53</c>
		<w>1</w>
	</verticalUnmerge>
	<verticalUnmerge>
		<r>47</r>
		<c>55</c>
		<w>1</w>
	</verticalUnmerge>
	<namedItem xsi:type="NamedItemCells">
		<name>Подвал</name>
		<area>
			<type>Rows</type>
			<beginRow>44</beginRow>
			<endRow>49</endRow>
			<beginColumn>-1</beginColumn>
			<endColumn>-1</endColumn>
		</area>
	</namedItem>
	<namedItem xsi:type="NamedItemCells">
		<name>Строка_1</name>
		<area>
			<type>Rows</type>
			<beginRow>41</beginRow>
			<endRow>41</endRow>
			<beginColumn>-1</beginColumn>
			<endColumn>-1</endColumn>
		</area>
	</namedItem>
	<namedItem xsi:type="NamedItemCells">
		<name>Строка_2</name>
		<area>
			<type>Rows</type>
			<beginRow>42</beginRow>
			<endRow>42</endRow>
			<beginColumn>-1</beginColumn>
			<endColumn>-1</endColumn>
		</area>
	</namedItem>
	<namedItem xsi:type="NamedItemCells">
		<name>Строка_3</name>
		<area>
			<type>Rows</type>
			<beginRow>43</beginRow>
			<endRow>43</endRow>
			<beginColumn>-1</beginColumn>
			<endColumn>-1</endColumn>
		</area>
	</namedItem>
	<namedItem xsi:type="NamedItemCells">
		<name>СуммаНакЧасть</name>
		<area>
			<type>Rectangle</type>
			<beginRow>35</beginRow>
			<endRow>35</endRow>
			<beginColumn>49</beginColumn>
			<endColumn>57</endColumn>
		</area>
	</namedItem>
	<namedItem xsi:type="NamedItemCells">
		<name>СуммаНакЧастьУплачено</name>
		<area>
			<type>Rectangle</type>
			<beginRow>35</beginRow>
			<endRow>35</endRow>
			<beginColumn>58</beginColumn>
			<endColumn>64</endColumn>
		</area>
	</namedItem>
	<namedItem xsi:type="NamedItemCells">
		<name>СуммаСтрахЧасть</name>
		<area>
			<type>Rectangle</type>
			<beginRow>35</beginRow>
			<endRow>35</endRow>
			<beginColumn>31</beginColumn>
			<endColumn>39</endColumn>
		</area>
	</namedItem>
	<namedItem xsi:type="NamedItemCells">
		<name>СуммаСтрахЧастьУплачено</name>
		<area>
			<type>Rectangle</type>
			<beginRow>35</beginRow>
			<endRow>35</endRow>
			<beginColumn>40</beginColumn>
			<endColumn>48</endColumn>
		</area>
	</namedItem>
	<namedItem xsi:type="NamedItemCells">
		<name>Шапка</name>
		<area>
			<type>Rows</type>
			<beginRow>0</beginRow>
			<endRow>40</endRow>
			<beginColumn>-1</beginColumn>
			<endColumn>-1</endColumn>
		</area>
	</namedItem>
	<line width="1" gap="false">
		<v8ui:style xsi:type="v8ui:SpreadsheetDocumentCellLineType">Solid</v8ui:style>
	</line>
	<line width="1" gap="false">
		<v8ui:style xsi:type="v8ui:SpreadsheetDocumentCellLineType">None</v8ui:style>
	</line>
	<font faceName="Arial" height="8" bold="false" italic="false" underline="true" strikeout="false" kind="Absolute"/>
	<font faceName="Arial" height="8" bold="true" italic="false" underline="false" strikeout="false" kind="Absolute"/>
	<font faceName="Arial" height="11.3" bold="true" italic="false" underline="false" strikeout="false" kind="Absolute"/>
	<font faceName="Arial" height="9.8" bold="true" italic="false" underline="false" strikeout="false" kind="Absolute"/>
	<font faceName="Arial" height="11" bold="true" italic="false" underline="false" strikeout="false" kind="Absolute"/>
	<font faceName="Arial" height="8.3" bold="false" italic="false" underline="false" strikeout="false" kind="Absolute"/>
	<format>
		<width>8</width>
	</format>
	<format>
		<width>12</width>
	</format>
	<format>
		<width>16</width>
	</format>
	<format>
		<width>26</width>
	</format>
	<format>
		<width>13</width>
	</format>
	<format>
		<height>28</height>
	</format>
	<format>
		<height>60</height>
	</format>
	<format>
		<font>0</font>
	</format>
	<format>
		<horizontalAlignment>Right</horizontalAlignment>
	</format>
	<format>
		<border>0</border>
	</format>
	<format>
		<font>1</font>
		<border>0</border>
		<horizontalAlignment>Center</horizontalAlignment>
		<verticalAlignment>Center</verticalAlignment>
		<fillType>Parameter</fillType>
	</format>
	<format/>
	<format>
		<font>2</font>
		<horizontalAlignment>Center</horizontalAlignment>
		<verticalAlignment>Center</verticalAlignment>
		<textPlacement>Wrap</textPlacement>
	</format>
	<format>
		<height>0</height>
	</format>
	<format>
		<height>48</height>
	</format>
	<format>
		<font>1</font>
	</format>
	<format>
		<height>72</height>
	</format>
	<format>
		<font>3</font>
		<bottomBorder>0</bottomBorder>
		<horizontalAlignment>Left</horizontalAlignment>
		<fillType>Parameter</fillType>
	</format>
	<format>
		<height>16</height>
	</format>
	<format>
		<font>1</font>
		<bottomBorder>0</bottomBorder>
		<textPlacement>Wrap</textPlacement>
		<fillType>Parameter</fillType>
	</format>
	<format>
		<horizontalAlignment>Left</horizontalAlignment>
		<verticalAlignment>Bottom</verticalAlignment>
	</format>
	<format>
		<horizontalAlignment>Center</horizontalAlignment>
		<verticalAlignment>Center</verticalAlignment>
	</format>
	<format>
		<font>2</font>
		<border>0</border>
		<horizontalAlignment>Center</horizontalAlignment>
		<verticalAlignment>Center</verticalAlignment>
		<fillType>Parameter</fillType>
	</format>
	<format>
		<height>72</height>
		<width>16</width>
		<horizontalAlignment>Center</horizontalAlignment>
		<verticalAlignment>Center</verticalAlignment>
	</format>
	<format>
		<font>3</font>
		<bottomBorder>0</bottomBorder>
		<height>72</height>
		<width>16</width>
		<horizontalAlignment>Center</horizontalAlignment>
		<fillType>Parameter</fillType>
		<format>
			<v8:item>
				<v8:lang>ru</v8:lang>
				<v8:content>ЧГ=</v8:content>
			</v8:item>
		</format>
	</format>
	<format>
		<height>72</height>
		<width>16</width>
	</format>
	<format>
		<height>72</height>
		<width>12</width>
	</format>
	<format>
		<font>3</font>
		<bottomBorder>1</bottomBorder>
		<height>72</height>
		<width>12</width>
		<horizontalAlignment>Center</horizontalAlignment>
		<format>
			<v8:item>
				<v8:lang>ru</v8:lang>
				<v8:content>ЧГ=</v8:content>
			</v8:item>
		</format>
	</format>
	<format>
		<height>27</height>
	</format>
	<format>
		<verticalAlignment>Center</verticalAlignment>
	</format>
	<format>
		<height>60</height>
		<width>16</width>
		<horizontalAlignment>Center</horizontalAlignment>
		<verticalAlignment>Center</verticalAlignment>
	</format>
	<format>
		<height>60</height>
		<width>16</width>
	</format>
	<format>
		<font>4</font>
		<border>0</border>
		<horizontalAlignment>Center</horizontalAlignment>
		<verticalAlignment>Center</verticalAlignment>
		<fillType>Parameter</fillType>
	</format>
	<format>
		<height>72</height>
		<width>16</width>
		<horizontalAlignment>Left</horizontalAlignment>
		<verticalAlignment>Center</verticalAlignment>
	</format>
	<format>
		<leftBorder>0</leftBorder>
		<topBorder>0</topBorder>
	</format>
	<format>
		<topBorder>0</topBorder>
	</format>
	<format>
		<topBorder>0</topBorder>
		<rightBorder>0</rightBorder>
	</format>
	<format>
		<leftBorder>0</leftBorder>
	</format>
	<format>
		<font>2</font>
		<border>0</border>
		<height>72</height>
		<width>16</width>
		<horizontalAlignment>Center</horizontalAlignment>
		<verticalAlignment>Center</verticalAlignment>
		<fillType>Parameter</fillType>
	</format>
	<format>
		<height>72</height>
		<width>16</width>
		<verticalAlignment>Center</verticalAlignment>
	</format>
	<format>
		<height>60</height>
		<width>16</width>
		<verticalAlignment>Center</verticalAlignment>
	</format>
	<format>
		<font>4</font>
		<border>0</border>
		<height>60</height>
		<width>16</width>
		<horizontalAlignment>Center</horizontalAlignment>
		<verticalAlignment>Center</verticalAlignment>
		<fillType>Parameter</fillType>
	</format>
	<format>
		<rightBorder>0</rightBorder>
	</format>
	<format>
		<font>4</font>
		<border>0</border>
		<height>60</height>
		<width>16</width>
		<horizontalAlignment>Center</horizontalAlignment>
		<verticalAlignment>Center</verticalAlignment>
		<fillType>Parameter</fillType>
		<format>
			<v8:item>
				<v8:lang>ru</v8:lang>
				<v8:content>ЧГ=</v8:content>
			</v8:item>
		</format>
	</format>
	<format>
		<leftBorder>0</leftBorder>
		<bottomBorder>0</bottomBorder>
	</format>
	<format>
		<bottomBorder>0</bottomBorder>
	</format>
	<format>
		<rightBorder>0</rightBorder>
		<bottomBorder>0</bottomBorder>
	</format>
	<format>
		<font>5</font>
		<leftBorder>0</leftBorder>
		<topBorder>0</topBorder>
		<bottomBorder>0</bottomBorder>
		<height>0</height>
		<width>12</width>
		<horizontalAlignment>Center</horizontalAlignment>
		<verticalAlignment>Center</verticalAlignment>
	</format>
	<format>
		<font>5</font>
		<leftBorder>0</leftBorder>
		<topBorder>0</topBorder>
		<bottomBorder>0</bottomBorder>
		<height>0</height>
		<width>12</width>
		<horizontalAlignment>Center</horizontalAlignment>
		<verticalAlignment>Center</verticalAlignment>
		<textPlacement>Wrap</textPlacement>
	</format>
	<format>
		<font>5</font>
		<border>0</border>
		<height>0</height>
		<width>16</width>
		<horizontalAlignment>Center</horizontalAlignment>
		<verticalAlignment>Center</verticalAlignment>
		<textPlacement>Wrap</textPlacement>
	</format>
	<format>
		<font>5</font>
		<border>0</border>
		<height>0</height>
		<width>13</width>
		<horizontalAlignment>Center</horizontalAlignment>
		<verticalAlignment>Center</verticalAlignment>
		<textPlacement>Wrap</textPlacement>
	</format>
	<format>
		<font>5</font>
		<border>0</border>
		<height>0</height>
		<width>8</width>
		<horizontalAlignment>Center</horizontalAlignment>
		<verticalAlignment>Center</verticalAlignment>
		<textPlacement>Wrap</textPlacement>
	</format>
	<format>
		<font>5</font>
		<leftBorder>0</leftBorder>
		<topBorder>0</topBorder>
		<rightBorder>0</rightBorder>
		<height>0</height>
		<width>13</width>
		<horizontalAlignment>Center</horizontalAlignment>
		<verticalAlignment>Center</verticalAlignment>
	</format>
	<format>
		<font>5</font>
		<border>0</border>
		<height>0</height>
		<width>16</width>
		<horizontalAlignment>Center</horizontalAlignment>
		<verticalAlignment>Center</verticalAlignment>
	</format>
	<format>
		<font>5</font>
		<leftBorder>0</leftBorder>
		<topBorder>0</topBorder>
		<rightBorder>0</rightBorder>
		<height>0</height>
		<width>8</width>
		<horizontalAlignment>Center</horizontalAlignment>
		<verticalAlignment>Center</verticalAlignment>
	</format>
	<format>
		<font>5</font>
		<topBorder>0</topBorder>
		<rightBorder>0</rightBorder>
		<bottomBorder>0</bottomBorder>
		<height>0</height>
		<width>16</width>
		<horizontalAlignment>Center</horizontalAlignment>
		<verticalAlignment>Center</verticalAlignment>
	</format>
	<format>
		<font>5</font>
		<leftBorder>0</leftBorder>
		<topBorder>0</topBorder>
		<bottomBorder>0</bottomBorder>
		<height>0</height>
		<width>12</width>
		<verticalAlignment>Center</verticalAlignment>
		<textPlacement>Wrap</textPlacement>
		<fillType>Parameter</fillType>
	</format>
	<format>
		<font>5</font>
		<leftBorder>0</leftBorder>
		<topBorder>0</topBorder>
		<bottomBorder>0</bottomBorder>
		<height>0</height>
		<width>12</width>
		<horizontalAlignment>Center</horizontalAlignment>
		<verticalAlignment>Center</verticalAlignment>
		<fillType>Parameter</fillType>
	</format>
	<format>
		<font>5</font>
		<border>0</border>
		<height>0</height>
		<width>16</width>
		<horizontalAlignment>Left</horizontalAlignment>
		<verticalAlignment>Center</verticalAlignment>
		<textPlacement>Wrap</textPlacement>
		<fillType>Parameter</fillType>
	</format>
	<format>
		<font>5</font>
		<border>0</border>
		<height>0</height>
		<width>13</width>
		<horizontalAlignment>Right</horizontalAlignment>
		<verticalAlignment>Center</verticalAlignment>
		<fillType>Parameter</fillType>
		<format>
			<v8:item>
				<v8:lang>ru</v8:lang>
				<v8:content>ЧДЦ=2; ЧРД=.; ЧГ=</v8:content>
			</v8:item>
		</format>
	</format>
	<format>
		<font>5</font>
		<border>0</border>
		<height>0</height>
		<width>16</width>
		<horizontalAlignment>Right</horizontalAlignment>
		<verticalAlignment>Center</verticalAlignment>
		<fillType>Parameter</fillType>
		<format>
			<v8:item>
				<v8:lang>ru</v8:lang>
				<v8:content>ЧДЦ=2; ЧРД=.; ЧГ=</v8:content>
			</v8:item>
		</format>
	</format>
	<format>
		<font>5</font>
		<border>0</border>
		<height>0</height>
		<width>8</width>
		<horizontalAlignment>Right</horizontalAlignment>
		<verticalAlignment>Center</verticalAlignment>
		<fillType>Parameter</fillType>
		<format>
			<v8:item>
				<v8:lang>ru</v8:lang>
				<v8:content>ЧДЦ=2; ЧРД=.; ЧГ=</v8:content>
			</v8:item>
		</format>
	</format>
	<format>
		<height>0</height>
		<width>16</width>
	</format>
	<format>
		<font>5</font>
		<border>0</border>
		<horizontalAlignment>Center</horizontalAlignment>
		<verticalAlignment>Center</verticalAlignment>
		<textPlacement>Wrap</textPlacement>
	</format>
	<format>
		<font>5</font>
		<border>0</border>
		<horizontalAlignment>Center</horizontalAlignment>
		<verticalAlignment>Center</verticalAlignment>
	</format>
	<format>
		<font>5</font>
		<border>0</border>
		<horizontalAlignment>Center</horizontalAlignment>
		<verticalAlignment>Center</verticalAlignment>
		<fillType>Parameter</fillType>
	</format>
	<format>
		<font>5</font>
		<border>0</border>
		<horizontalAlignment>Center</horizontalAlignment>
		<verticalAlignment>Center</verticalAlignment>
		<fillType>Parameter</fillType>
		<format>
			<v8:item>
				<v8:lang>ru</v8:lang>
				<v8:content>ДФ=dd.MM.yyyy</v8:content>
			</v8:item>
		</format>
	</format>
	<format>
		<font>5</font>
		<border>0</border>
		<height>0</height>
		<width>16</width>
		<horizontalAlignment>Center</horizontalAlignment>
		<verticalAlignment>Center</verticalAlignment>
		<fillType>Parameter</fillType>
	</format>
	<format>
		<fillType>Parameter</fillType>
	</format>
	<format>
		<fillType>Parameter</fillType>
		<format>
			<v8:item>
				<v8:lang>ru</v8:lang>
				<v8:content>ДФ='dd MMMM yyyy "г."'</v8:content>
			</v8:item>
		</format>
	</format>
	<format>
		<width>72</width>
	</format>
</document>