﻿<?xml version="1.0" encoding="UTF-8"?>
<document xmlns="http://v8.1c.ru/8.2/data/spreadsheet" xmlns:style="http://v8.1c.ru/8.1/data/ui/style" xmlns:v8="http://v8.1c.ru/8.1/data/core" xmlns:v8ui="http://v8.1c.ru/8.1/data/ui" xmlns:xs="http://www.w3.org/2001/XMLSchema" xmlns:xsi="http://www.w3.org/2001/XMLSchema-instance">
	<languageSettings>
		<currentLanguage>ru</currentLanguage>
		<defaultLanguage>ru</defaultLanguage>
		<languageInfo>
			<id>ru</id>
			<code>Русский</code>
			<description>Русский</description>
		</languageInfo>
	</languageSettings>
	<columns>
		<size>12</size>
		<columnsItem>
			<index>0</index>
			<column>
				<formatIndex>1</formatIndex>
			</column>
		</columnsItem>
		<columnsItem>
			<index>1</index>
			<column>
				<formatIndex>2</formatIndex>
			</column>
		</columnsItem>
		<columnsItem>
			<index>2</index>
			<column>
				<formatIndex>3</formatIndex>
			</column>
		</columnsItem>
		<columnsItem>
			<index>4</index>
			<column>
				<formatIndex>4</formatIndex>
			</column>
		</columnsItem>
		<columnsItem>
			<index>6</index>
			<column>
				<formatIndex>5</formatIndex>
			</column>
		</columnsItem>
		<columnsItem>
			<index>7</index>
			<column>
				<formatIndex>6</formatIndex>
			</column>
		</columnsItem>
		<columnsItem>
			<index>9</index>
			<column>
				<formatIndex>7</formatIndex>
			</column>
		</columnsItem>
		<columnsItem>
			<index>10</index>
			<column>
				<formatIndex>8</formatIndex>
			</column>
		</columnsItem>
		<columnsItem>
			<index>11</index>
			<column>
				<formatIndex>9</formatIndex>
			</column>
		</columnsItem>
	</columns>
	<rowsItem>
		<index>0</index>
		<row>
			<formatIndex>10</formatIndex>
			<c>
				<c>
					<f>11</f>
					<parameter>Организация</parameter>
				</c>
			</c>
		</row>
	</rowsItem>
	<rowsItem>
		<index>1</index>
		<row>
			<formatIndex>10</formatIndex>
			<c>
				<c>
					<f>12</f>
					<tl>
						<v8:item>
							<v8:lang>ru</v8:lang>
							<v8:content>наименование организации</v8:content>
						</v8:item>
					</tl>
				</c>
			</c>
		</row>
	</rowsItem>
	<rowsItem>
		<index>2</index>
		<row>
			<formatIndex>10</formatIndex>
			<empty>true</empty>
		</row>
	</rowsItem>
	<rowsItem>
		<index>3</index>
		<row>
			<formatIndex>10</formatIndex>
			<c>
				<c>
					<f>13</f>
					<tl>
						<v8:item>
							<v8:lang>ru</v8:lang>
							<v8:content>Акт об отказе в подписании работником приказа (распоряжения) о
применении к нему дисциплинарного взыскания</v8:content>
						</v8:item>
					</tl>
				</c>
			</c>
		</row>
	</rowsItem>
	<rowsItem>
		<index>4</index>
		<row>
			<formatIndex>10</formatIndex>
			<c>
				<i>2</i>
				<c>
					<f>14</f>
				</c>
			</c>
			<c>
				<c>
					<f>14</f>
				</c>
			</c>
		</row>
	</rowsItem>
	<rowsItem>
		<index>5</index>
		<row>
			<formatIndex>10</formatIndex>
			<c>
				<c>
					<f>15</f>
					<tl>
						<v8:item>
							<v8:lang>ru</v8:lang>
							<v8:content>№ [НомерАкта]</v8:content>
						</v8:item>
					</tl>
				</c>
			</c>
			<c>
				<i>2</i>
				<c>
					<f>14</f>
				</c>
			</c>
			<c>
				<c>
					<f>16</f>
				</c>
			</c>
			<c>
				<c>
					<f>16</f>
				</c>
			</c>
			<c>
				<c>
					<f>16</f>
				</c>
			</c>
			<c>
				<i>7</i>
				<c>
					<f>16</f>
				</c>
			</c>
			<c>
				<c>
					<f>16</f>
				</c>
			</c>
			<c>
				<c>
					<f>16</f>
				</c>
			</c>
			<c>
				<c>
					<f>16</f>
				</c>
			</c>
			<c>
				<c>
					<f>17</f>
					<parameter>ДатаСовершения</parameter>
				</c>
			</c>
		</row>
	</rowsItem>
	<rowsItem>
		<index>6</index>
		<row>
			<formatIndex>18</formatIndex>
			<empty>true</empty>
		</row>
	</rowsItem>
	<rowsItem>
		<index>7</index>
		<row>
			<formatIndex>10</formatIndex>
			<c>
				<c>
					<f>16</f>
					<tl>
						<v8:item>
							<v8:lang>ru</v8:lang>
							<v8:content>Мною</v8:content>
						</v8:item>
					</tl>
				</c>
			</c>
			<c>
				<c>
					<f>19</f>
					<parameter>СоставительДолжность</parameter>
				</c>
			</c>
			<c>
				<i>8</i>
				<c>
					<f>16</f>
					<tl>
						<v8:item>
							<v8:lang>ru</v8:lang>
							<v8:content>составлен настоящий акт</v8:content>
						</v8:item>
					</tl>
				</c>
			</c>
			<c>
				<c>
					<f>16</f>
				</c>
			</c>
			<c>
				<c>
					<f>16</f>
				</c>
			</c>
			<c>
				<c>
					<f>16</f>
				</c>
			</c>
		</row>
	</rowsItem>
	<rowsItem>
		<index>8</index>
		<row>
			<formatIndex>10</formatIndex>
			<c>
				<i>1</i>
				<c>
					<f>12</f>
					<tl>
						<v8:item>
							<v8:lang>ru</v8:lang>
							<v8:content>(должность, Ф.И.О.)</v8:content>
						</v8:item>
					</tl>
				</c>
			</c>
		</row>
	</rowsItem>
	<rowsItem>
		<index>9</index>
		<row>
			<formatIndex>10</formatIndex>
			<c>
				<c>
					<f>16</f>
					<tl>
						<v8:item>
							<v8:lang>ru</v8:lang>
							<v8:content>о нижеследующем:</v8:content>
						</v8:item>
					</tl>
				</c>
			</c>
			<c>
				<c>
					<f>16</f>
				</c>
			</c>
			<c>
				<c>
					<f>16</f>
				</c>
			</c>
			<c>
				<c>
					<f>16</f>
				</c>
			</c>
			<c>
				<c>
					<f>16</f>
				</c>
			</c>
			<c>
				<c>
					<f>16</f>
				</c>
			</c>
			<c>
				<c>
					<f>16</f>
				</c>
			</c>
			<c>
				<c>
					<f>16</f>
				</c>
			</c>
			<c>
				<c>
					<f>16</f>
				</c>
			</c>
			<c>
				<c>
					<f>16</f>
				</c>
			</c>
			<c>
				<c>
					<f>16</f>
				</c>
			</c>
			<c>
				<c>
					<f>16</f>
				</c>
			</c>
		</row>
	</rowsItem>
	<rowsItem>
		<index>10</index>
		<row>
			<formatIndex>10</formatIndex>
			<c>
				<c>
					<f>16</f>
					<tl>
						<v8:item>
							<v8:lang>ru</v8:lang>
							<v8:content>сегодня</v8:content>
						</v8:item>
					</tl>
				</c>
			</c>
			<c>
				<c>
					<f>20</f>
					<tl/>
				</c>
			</c>
			<c>
				<i>4</i>
				<c>
					<f>21</f>
					<tl>
						<v8:item>
							<v8:lang>ru</v8:lang>
							<v8:content>в</v8:content>
						</v8:item>
					</tl>
				</c>
			</c>
			<c>
				<c>
					<f>22</f>
					<tl/>
				</c>
			</c>
		</row>
	</rowsItem>
	<rowsItem>
		<index>11</index>
		<row>
			<formatIndex>10</formatIndex>
			<c>
				<i>1</i>
				<c>
					<f>12</f>
					<tl>
						<v8:item>
							<v8:lang>ru</v8:lang>
							<v8:content>(время)</v8:content>
						</v8:item>
					</tl>
				</c>
			</c>
			<c>
				<i>5</i>
				<c>
					<f>12</f>
					<tl>
						<v8:item>
							<v8:lang>ru</v8:lang>
							<v8:content>(указать место)</v8:content>
						</v8:item>
					</tl>
				</c>
			</c>
		</row>
	</rowsItem>
	<rowsItem>
		<index>12</index>
		<row>
			<formatIndex>10</formatIndex>
			<c>
				<c>
					<f>23</f>
				</c>
			</c>
			<c>
				<c>
					<f>23</f>
				</c>
			</c>
			<c>
				<c>
					<f>23</f>
				</c>
			</c>
			<c>
				<c>
					<f>23</f>
				</c>
			</c>
			<c>
				<c>
					<f>23</f>
				</c>
			</c>
			<c>
				<c>
					<f>23</f>
				</c>
			</c>
			<c>
				<c>
					<f>23</f>
				</c>
			</c>
			<c>
				<c>
					<f>23</f>
				</c>
			</c>
			<c>
				<c>
					<f>23</f>
				</c>
			</c>
			<c>
				<c>
					<f>23</f>
				</c>
			</c>
			<c>
				<c>
					<f>23</f>
				</c>
			</c>
			<c>
				<c>
					<f>24</f>
				</c>
			</c>
		</row>
	</rowsItem>
	<rowsItem>
		<index>13</index>
		<row>
			<formatIndex>10</formatIndex>
			<c>
				<c>
					<f>16</f>
					<tl>
						<v8:item>
							<v8:lang>ru</v8:lang>
							<v8:content>в присутствии</v8:content>
						</v8:item>
					</tl>
				</c>
			</c>
			<c>
				<c>
					<f>16</f>
				</c>
			</c>
			<c>
				<c>
					<f>20</f>
					<tl/>
				</c>
			</c>
		</row>
	</rowsItem>
	<rowsItem>
		<index>14</index>
		<row>
			<formatIndex>10</formatIndex>
			<c>
				<c>
					<f>25</f>
				</c>
			</c>
			<c>
				<c>
					<f>16</f>
				</c>
			</c>
			<c>
				<c>
					<f>26</f>
					<tl>
						<v8:item>
							<v8:lang>ru</v8:lang>
							<v8:content>(указать должность, Ф.И.О. работника)</v8:content>
						</v8:item>
					</tl>
				</c>
			</c>
		</row>
	</rowsItem>
	<rowsItem>
		<index>15</index>
		<row>
			<formatIndex>10</formatIndex>
			<c>
				<c>
					<f>16</f>
					<tl>
						<v8:item>
							<v8:lang>ru</v8:lang>
							<v8:content>работник</v8:content>
						</v8:item>
					</tl>
				</c>
			</c>
			<c>
				<c>
					<f>27</f>
					<parameter>Сотрудник</parameter>
				</c>
			</c>
			<c>
				<i>9</i>
				<c>
					<f>16</f>
					<tl>
						<v8:item>
							<v8:lang>ru</v8:lang>
							<v8:content>отказался от подписания</v8:content>
						</v8:item>
					</tl>
				</c>
			</c>
		</row>
	</rowsItem>
	<rowsItem>
		<index>16</index>
		<row>
			<formatIndex>10</formatIndex>
			<c>
				<i>1</i>
				<c>
					<f>12</f>
					<tl>
						<v8:item>
							<v8:lang>ru</v8:lang>
							<v8:content>(должность, Ф.И.О.)</v8:content>
						</v8:item>
					</tl>
				</c>
			</c>
		</row>
	</rowsItem>
	<rowsItem>
		<index>17</index>
		<row>
			<formatIndex>10</formatIndex>
			<c>
				<c>
					<f>16</f>
					<tl>
						<v8:item>
							<v8:lang>ru</v8:lang>
							<v8:content>отказался от подписания приказа (распоряжения) о применении к нему мер</v8:content>
						</v8:item>
					</tl>
				</c>
			</c>
		</row>
	</rowsItem>
	<rowsItem>
		<index>18</index>
		<row>
			<formatIndex>10</formatIndex>
			<c>
				<c>
					<f>16</f>
					<tl>
						<v8:item>
							<v8:lang>ru</v8:lang>
							<v8:content>дисциплинарного взыскания. Свой отказ от подписания приказа (распоряжения)</v8:content>
						</v8:item>
					</tl>
				</c>
			</c>
		</row>
	</rowsItem>
	<rowsItem>
		<index>19</index>
		<row>
			<formatIndex>14</formatIndex>
			<c>
				<c>
					<f>27</f>
					<parameter>Сотрудник</parameter>
				</c>
			</c>
		</row>
	</rowsItem>
	<rowsItem>
		<index>20</index>
		<row>
			<formatIndex>10</formatIndex>
			<c>
				<c>
					<f>28</f>
					<tl>
						<v8:item>
							<v8:lang>ru</v8:lang>
							<v8:content>(должность, Ф.И.О.)</v8:content>
						</v8:item>
					</tl>
				</c>
			</c>
		</row>
	</rowsItem>
	<rowsItem>
		<index>21</index>
		<row>
			<formatIndex>10</formatIndex>
			<c>
				<c>
					<f>16</f>
					<tl>
						<v8:item>
							<v8:lang>ru</v8:lang>
							<v8:content>мотивировал:</v8:content>
						</v8:item>
					</tl>
				</c>
			</c>
			<c>
				<i>2</i>
				<c>
					<f>29</f>
					<parameter>Мотив</parameter>
				</c>
			</c>
		</row>
	</rowsItem>
	<rowsItem>
		<index>22</index>
		<row>
			<formatIndex>10</formatIndex>
			<c>
				<i>2</i>
				<c>
					<f>12</f>
					<tl>
						<v8:item>
							<v8:lang>ru</v8:lang>
							<v8:content>(заполняется, если работник объясняет, в связи с чем он отказывается ознакомиться с приказом (распоряжением))</v8:content>
						</v8:item>
					</tl>
				</c>
			</c>
		</row>
	</rowsItem>
	<rowsItem>
		<index>23</index>
		<row>
			<formatIndex>30</formatIndex>
			<empty>true</empty>
		</row>
	</rowsItem>
	<rowsItem>
		<index>24</index>
		<row>
			<formatIndex>10</formatIndex>
			<c>
				<c>
					<f>16</f>
					<tl>
						<v8:item>
							<v8:lang>ru</v8:lang>
							<v8:content>Настоящий акт составил:</v8:content>
						</v8:item>
					</tl>
				</c>
			</c>
		</row>
	</rowsItem>
	<rowsItem>
		<index>25</index>
		<row>
			<formatIndex>10</formatIndex>
			<c>
				<c>
					<f>27</f>
					<parameter>Составитель</parameter>
				</c>
			</c>
			<c>
				<i>5</i>
				<c>
					<f>19</f>
					<parameter>ДолжностьСоставителя</parameter>
				</c>
			</c>
			<c>
				<i>10</i>
				<c>
					<f>23</f>
				</c>
			</c>
		</row>
	</rowsItem>
	<rowsItem>
		<index>26</index>
		<row>
			<formatIndex>10</formatIndex>
			<c>
				<c>
					<f>12</f>
					<tl>
						<v8:item>
							<v8:lang>ru</v8:lang>
							<v8:content>(фамилия, инициалы)</v8:content>
						</v8:item>
					</tl>
				</c>
			</c>
			<c>
				<i>5</i>
				<c>
					<f>12</f>
					<tl>
						<v8:item>
							<v8:lang>ru</v8:lang>
							<v8:content>(должность)</v8:content>
						</v8:item>
					</tl>
				</c>
			</c>
			<c>
				<i>10</i>
				<c>
					<f>12</f>
					<tl>
						<v8:item>
							<v8:lang>ru</v8:lang>
							<v8:content>(подпись)</v8:content>
						</v8:item>
					</tl>
				</c>
			</c>
		</row>
	</rowsItem>
	<rowsItem>
		<index>28</index>
		<row>
			<formatIndex>10</formatIndex>
			<c>
				<c>
					<f>16</f>
					<tl>
						<v8:item>
							<v8:lang>ru</v8:lang>
							<v8:content>Содержание настоящего акта подтверждаем личными подписями:</v8:content>
						</v8:item>
					</tl>
				</c>
			</c>
		</row>
	</rowsItem>
	<rowsItem>
		<index>29</index>
		<row>
			<formatIndex>10</formatIndex>
			<c>
				<c>
					<f>20</f>
					<tl/>
				</c>
			</c>
			<c>
				<i>4</i>
				<c>
					<f>31</f>
				</c>
			</c>
			<c>
				<c>
					<f>20</f>
					<tl/>
				</c>
			</c>
			<c>
				<i>10</i>
				<c>
					<f>23</f>
				</c>
			</c>
		</row>
	</rowsItem>
	<rowsItem>
		<index>30</index>
		<row>
			<formatIndex>10</formatIndex>
			<c>
				<c>
					<f>12</f>
					<tl>
						<v8:item>
							<v8:lang>ru</v8:lang>
							<v8:content>(фамилия, инициалы)</v8:content>
						</v8:item>
					</tl>
				</c>
			</c>
			<c>
				<i>5</i>
				<c>
					<f>12</f>
					<tl>
						<v8:item>
							<v8:lang>ru</v8:lang>
							<v8:content>(должность)</v8:content>
						</v8:item>
					</tl>
				</c>
			</c>
			<c>
				<i>10</i>
				<c>
					<f>12</f>
					<tl>
						<v8:item>
							<v8:lang>ru</v8:lang>
							<v8:content>(подпись)</v8:content>
						</v8:item>
					</tl>
				</c>
			</c>
		</row>
	</rowsItem>
	<rowsItem>
		<index>31</index>
		<row>
			<formatIndex>10</formatIndex>
			<empty>true</empty>
		</row>
	</rowsItem>
	<rowsItem>
		<index>32</index>
		<row>
			<formatIndex>10</formatIndex>
			<c>
				<c>
					<f>20</f>
					<tl/>
				</c>
			</c>
			<c>
				<i>5</i>
				<c>
					<f>20</f>
					<tl/>
				</c>
			</c>
			<c>
				<i>10</i>
				<c>
					<f>23</f>
				</c>
			</c>
		</row>
	</rowsItem>
	<rowsItem>
		<index>33</index>
		<row>
			<formatIndex>10</formatIndex>
			<c>
				<c>
					<f>12</f>
					<tl>
						<v8:item>
							<v8:lang>ru</v8:lang>
							<v8:content>(фамилия, инициалы)</v8:content>
						</v8:item>
					</tl>
				</c>
			</c>
			<c>
				<i>5</i>
				<c>
					<f>12</f>
					<tl>
						<v8:item>
							<v8:lang>ru</v8:lang>
							<v8:content>(должность)</v8:content>
						</v8:item>
					</tl>
				</c>
			</c>
			<c>
				<i>10</i>
				<c>
					<f>12</f>
					<tl>
						<v8:item>
							<v8:lang>ru</v8:lang>
							<v8:content>(подпись)</v8:content>
						</v8:item>
					</tl>
				</c>
			</c>
		</row>
	</rowsItem>
	<leftHeader>
		<f>14</f>
	</leftHeader>
	<leftFooter>
		<f>14</f>
	</leftFooter>
	<templateMode>true</templateMode>
	<defaultFormatIndex>32</defaultFormatIndex>
	<height>34</height>
	<vgRows>34</vgRows>
	<merge>
		<r>0</r>
		<c>0</c>
		<w>11</w>
	</merge>
	<merge>
		<r>1</r>
		<c>0</c>
		<w>11</w>
	</merge>
	<merge>
		<r>3</r>
		<c>0</c>
		<w>11</w>
	</merge>
	<merge>
		<r>5</r>
		<c>0</c>
		<w>1</w>
	</merge>
	<merge>
		<r>7</r>
		<c>1</c>
		<w>6</w>
	</merge>
	<merge>
		<r>8</r>
		<c>1</c>
		<w>6</w>
	</merge>
	<merge>
		<r>10</r>
		<c>1</c>
		<w>2</w>
	</merge>
	<merge>
		<r>10</r>
		<c>5</c>
		<w>6</w>
	</merge>
	<merge>
		<r>11</r>
		<c>1</c>
		<w>2</w>
	</merge>
	<merge>
		<r>11</r>
		<c>5</c>
		<w>6</w>
	</merge>
	<merge>
		<r>13</r>
		<c>2</c>
		<w>9</w>
	</merge>
	<merge>
		<r>14</r>
		<c>2</c>
		<w>9</w>
	</merge>
	<merge>
		<r>15</r>
		<c>1</c>
		<w>7</w>
	</merge>
	<merge>
		<r>16</r>
		<c>1</c>
		<w>6</w>
	</merge>
	<merge>
		<r>19</r>
		<c>0</c>
		<w>11</w>
	</merge>
	<merge>
		<r>20</r>
		<c>0</c>
		<w>11</w>
	</merge>
	<merge>
		<r>21</r>
		<c>2</c>
		<w>9</w>
	</merge>
	<merge>
		<r>22</r>
		<c>2</c>
		<w>9</w>
	</merge>
	<merge>
		<r>25</r>
		<c>0</c>
		<w>3</w>
	</merge>
	<merge>
		<r>25</r>
		<c>5</c>
		<w>3</w>
	</merge>
	<merge>
		<r>25</r>
		<c>10</c>
		<w>1</w>
	</merge>
	<merge>
		<r>26</r>
		<c>0</c>
		<w>3</w>
	</merge>
	<merge>
		<r>26</r>
		<c>5</c>
		<w>3</w>
	</merge>
	<merge>
		<r>26</r>
		<c>10</c>
		<w>1</w>
	</merge>
	<merge>
		<r>29</r>
		<c>0</c>
		<w>3</w>
	</merge>
	<merge>
		<r>29</r>
		<c>5</c>
		<w>3</w>
	</merge>
	<merge>
		<r>29</r>
		<c>10</c>
		<w>1</w>
	</merge>
	<merge>
		<r>30</r>
		<c>0</c>
		<w>3</w>
	</merge>
	<merge>
		<r>30</r>
		<c>5</c>
		<w>3</w>
	</merge>
	<merge>
		<r>30</r>
		<c>10</c>
		<w>1</w>
	</merge>
	<merge>
		<r>32</r>
		<c>0</c>
		<w>3</w>
	</merge>
	<merge>
		<r>32</r>
		<c>5</c>
		<w>3</w>
	</merge>
	<merge>
		<r>32</r>
		<c>10</c>
		<w>1</w>
	</merge>
	<merge>
		<r>33</r>
		<c>0</c>
		<w>3</w>
	</merge>
	<merge>
		<r>33</r>
		<c>5</c>
		<w>3</w>
	</merge>
	<merge>
		<r>33</r>
		<c>10</c>
		<w>1</w>
	</merge>
	<namedItem xsi:type="NamedItemCells">
		<name>Страница</name>
		<area>
			<type>Rows</type>
			<beginRow>33</beginRow>
			<endRow>0</endRow>
			<beginColumn>-1</beginColumn>
			<endColumn>-1</endColumn>
		</area>
	</namedItem>
	<line width="1" gap="false">
		<v8ui:style xsi:type="v8ui:SpreadsheetDocumentCellLineType">Solid</v8ui:style>
	</line>
	<line width="0" gap="false">
		<v8ui:style xsi:type="v8ui:SpreadsheetDocumentCellLineType">None</v8ui:style>
	</line>
	<font faceName="Arial" height="12" bold="true" italic="false" underline="false" strikeout="false" kind="Absolute"/>
	<font faceName="Arial" height="14.3" bold="true" italic="false" underline="false" strikeout="false" kind="Absolute"/>
	<font faceName="Arial" height="12" bold="false" italic="false" underline="false" strikeout="false" kind="Absolute"/>
	<font faceName="Arial" height="8.3" bold="false" italic="false" underline="false" strikeout="false" kind="Absolute"/>
	<font faceName="Arial" height="11" bold="false" italic="false" underline="false" strikeout="false" kind="Absolute"/>
	<format>
		<width>82</width>
	</format>
	<format>
		<width>39</width>
	</format>
	<format>
		<width>93</width>
	</format>
	<format>
		<width>22</width>
	</format>
	<format>
		<width>53</width>
	</format>
	<format>
		<width>95</width>
	</format>
	<format>
		<width>31</width>
	</format>
	<format>
		<width>113</width>
	</format>
	<format>
		<width>80</width>
	</format>
	<format>
		<height>0</height>
	</format>
	<format>
		<font>0</font>
		<bottomBorder>0</bottomBorder>
		<horizontalAlignment>Center</horizontalAlignment>
		<textPlacement>Wrap</textPlacement>
		<fillType>Parameter</fillType>
	</format>
	<format>
		<horizontalAlignment>Center</horizontalAlignment>
		<verticalAlignment>Top</verticalAlignment>
	</format>
	<format>
		<font>1</font>
		<horizontalAlignment>Center</horizontalAlignment>
	</format>
	<format/>
	<format>
		<font>2</font>
		<bottomBorder>1</bottomBorder>
		<fillType>Template</fillType>
	</format>
	<format>
		<font>2</font>
	</format>
	<format>
		<font>2</font>
		<horizontalAlignment>Right</horizontalAlignment>
		<verticalAlignment>Center</verticalAlignment>
		<fillType>Parameter</fillType>
	</format>
	<format>
		<height>117</height>
	</format>
	<format>
		<font>2</font>
		<bottomBorder>0</bottomBorder>
		<horizontalAlignment>Center</horizontalAlignment>
		<textPlacement>Wrap</textPlacement>
		<fillType>Parameter</fillType>
	</format>
	<format>
		<font>2</font>
		<bottomBorder>0</bottomBorder>
		<horizontalAlignment>Center</horizontalAlignment>
		<fillType>Text</fillType>
	</format>
	<format>
		<font>2</font>
		<horizontalAlignment>Right</horizontalAlignment>
	</format>
	<format>
		<font>2</font>
		<bottomBorder>0</bottomBorder>
		<horizontalAlignment>Left</horizontalAlignment>
		<textPlacement>Wrap</textPlacement>
		<fillType>Text</fillType>
	</format>
	<format>
		<bottomBorder>0</bottomBorder>
	</format>
	<format>
		<font>2</font>
		<bottomBorder>0</bottomBorder>
	</format>
	<format>
		<font>2</font>
		<fillType>Text</fillType>
	</format>
	<format>
		<font>3</font>
		<horizontalAlignment>Center</horizontalAlignment>
		<verticalAlignment>Top</verticalAlignment>
	</format>
	<format>
		<font>2</font>
		<bottomBorder>0</bottomBorder>
		<horizontalAlignment>Center</horizontalAlignment>
		<fillType>Parameter</fillType>
	</format>
	<format>
		<font>3</font>
		<horizontalAlignment>Center</horizontalAlignment>
		<verticalAlignment>Center</verticalAlignment>
	</format>
	<format>
		<font>4</font>
		<bottomBorder>0</bottomBorder>
		<fillType>Parameter</fillType>
	</format>
	<format>
		<height>132</height>
	</format>
	<format>
		<fillType>Text</fillType>
	</format>
	<format>
		<width>72</width>
	</format>
</document>