﻿<?xml version="1.0" encoding="UTF-8"?>
<document xmlns="http://v8.1c.ru/8.2/data/spreadsheet" xmlns:style="http://v8.1c.ru/8.1/data/ui/style" xmlns:v8="http://v8.1c.ru/8.1/data/core" xmlns:v8ui="http://v8.1c.ru/8.1/data/ui" xmlns:xs="http://www.w3.org/2001/XMLSchema" xmlns:xsi="http://www.w3.org/2001/XMLSchema-instance">
	<languageSettings>
		<currentLanguage>ru</currentLanguage>
		<defaultLanguage>ru</defaultLanguage>
		<languageInfo>
			<id>ru</id>
			<code>Русский</code>
			<description>Русский</description>
		</languageInfo>
	</languageSettings>
	<columns>
		<size>6</size>
		<columnsItem>
			<index>0</index>
			<column>
				<formatIndex>1</formatIndex>
			</column>
		</columnsItem>
		<columnsItem>
			<index>1</index>
			<column>
				<formatIndex>2</formatIndex>
			</column>
		</columnsItem>
		<columnsItem>
			<index>2</index>
			<column>
				<formatIndex>3</formatIndex>
			</column>
		</columnsItem>
		<columnsItem>
			<index>3</index>
			<column>
				<formatIndex>3</formatIndex>
			</column>
		</columnsItem>
		<columnsItem>
			<index>5</index>
			<column>
				<formatIndex>4</formatIndex>
			</column>
		</columnsItem>
	</columns>
	<rowsItem>
		<index>0</index>
		<row>
			<formatIndex>5</formatIndex>
			<c>
				<c>
					<f>6</f>
				</c>
			</c>
			<c>
				<c>
					<f>7</f>
				</c>
			</c>
			<c>
				<c>
					<f>7</f>
				</c>
			</c>
			<c>
				<c>
					<f>7</f>
				</c>
			</c>
		</row>
	</rowsItem>
	<rowsItem>
		<index>1</index>
		<row>
			<c>
				<c>
					<f>6</f>
					<tl>
						<v8:item>
							<v8:lang>ru</v8:lang>
							<v8:content>Адрес</v8:content>
						</v8:item>
					</tl>
				</c>
			</c>
			<c>
				<c>
					<f>8</f>
					<parameter>АдресДляПечати</parameter>
				</c>
			</c>
		</row>
	</rowsItem>
	<rowsItem>
		<index>2</index>
		<row>
			<formatIndex>5</formatIndex>
			<c>
				<c>
					<f>9</f>
				</c>
			</c>
			<c>
				<i>3</i>
				<c>
					<f>10</f>
				</c>
			</c>
		</row>
	</rowsItem>
	<rowsItem>
		<index>3</index>
		<row>
			<formatIndex>11</formatIndex>
			<c>
				<c>
					<f>12</f>
					<tl/>
				</c>
			</c>
			<c>
				<i>2</i>
				<c>
					<f>13</f>
					<tl>
						<v8:item>
							<v8:lang>ru</v8:lang>
							<v8:content>Начислено</v8:content>
						</v8:item>
					</tl>
				</c>
			</c>
			<c>
				<c>
					<f>14</f>
					<tl>
						<v8:item>
							<v8:lang>ru</v8:lang>
							<v8:content>Уплачено</v8:content>
						</v8:item>
					</tl>
				</c>
			</c>
		</row>
	</rowsItem>
	<rowsItem>
		<index>4</index>
		<row>
			<c>
				<c>
					<f>15</f>
					<tl>
						<v8:item>
							<v8:lang>ru</v8:lang>
							<v8:content>Страховая часть</v8:content>
						</v8:item>
					</tl>
				</c>
			</c>
			<c>
				<i>2</i>
				<c>
					<f>16</f>
					<parameter>СуммаСтрахЧасть</parameter>
				</c>
			</c>
			<c>
				<c>
					<f>17</f>
					<parameter>СуммаСтрахЧастьУплачено</parameter>
				</c>
			</c>
		</row>
	</rowsItem>
	<rowsItem>
		<index>5</index>
		<row>
			<c>
				<c>
					<f>15</f>
					<tl>
						<v8:item>
							<v8:lang>ru</v8:lang>
							<v8:content>Накопительная часть</v8:content>
						</v8:item>
					</tl>
				</c>
			</c>
			<c>
				<i>2</i>
				<c>
					<f>16</f>
					<parameter>СуммаНакЧасть</parameter>
				</c>
			</c>
			<c>
				<c>
					<f>17</f>
					<parameter>СуммаНакЧастьУплачено</parameter>
				</c>
			</c>
		</row>
	</rowsItem>
	<rowsItem>
		<index>6</index>
		<row>
			<c>
				<i>3</i>
				<c>
					<f>3</f>
				</c>
			</c>
		</row>
	</rowsItem>
	<templateMode>true</templateMode>
	<defaultFormatIndex>18</defaultFormatIndex>
	<height>7</height>
	<vgRows>7</vgRows>
	<merge>
		<r>1</r>
		<c>1</c>
		<w>4</w>
	</merge>
	<namedItem xsi:type="NamedItemCells">
		<name>Адре</name>
		<area>
			<type>Rectangle</type>
			<beginRow>3</beginRow>
			<endRow>3</endRow>
			<beginColumn>2</beginColumn>
			<endColumn>2</endColumn>
		</area>
	</namedItem>
	<namedItem xsi:type="NamedItemCells">
		<name>Адрес</name>
		<area>
			<type>Rows</type>
			<beginRow>0</beginRow>
			<endRow>2</endRow>
			<beginColumn>-1</beginColumn>
			<endColumn>-1</endColumn>
		</area>
	</namedItem>
	<namedItem xsi:type="NamedItemCells">
		<name>АдресДляПечати</name>
		<area>
			<type>Rectangle</type>
			<beginRow>1</beginRow>
			<endRow>1</endRow>
			<beginColumn>1</beginColumn>
			<endColumn>5</endColumn>
		</area>
	</namedItem>
	<namedItem xsi:type="NamedItemCells">
		<name>Основная</name>
		<area>
			<type>Columns</type>
			<beginRow>-1</beginRow>
			<endRow>-1</endRow>
			<beginColumn>0</beginColumn>
			<endColumn>5</endColumn>
		</area>
	</namedItem>
	<namedItem xsi:type="NamedItemCells">
		<name>Сумма</name>
		<area>
			<type>Rows</type>
			<beginRow>3</beginRow>
			<endRow>5</endRow>
			<beginColumn>-1</beginColumn>
			<endColumn>-1</endColumn>
		</area>
	</namedItem>
	<namedItem xsi:type="NamedItemCells">
		<name>СуммаНакЧасть</name>
		<area>
			<type>Rectangle</type>
			<beginRow>5</beginRow>
			<endRow>5</endRow>
			<beginColumn>2</beginColumn>
			<endColumn>2</endColumn>
		</area>
	</namedItem>
	<namedItem xsi:type="NamedItemCells">
		<name>СуммаНакЧастьУплачено</name>
		<area>
			<type>Rectangle</type>
			<beginRow>5</beginRow>
			<endRow>5</endRow>
			<beginColumn>3</beginColumn>
			<endColumn>3</endColumn>
		</area>
	</namedItem>
	<namedItem xsi:type="NamedItemCells">
		<name>СуммаСтрахЧасть</name>
		<area>
			<type>Rectangle</type>
			<beginRow>4</beginRow>
			<endRow>4</endRow>
			<beginColumn>2</beginColumn>
			<endColumn>2</endColumn>
		</area>
	</namedItem>
	<namedItem xsi:type="NamedItemCells">
		<name>СуммаСтрахЧастьУплачено</name>
		<area>
			<type>Rectangle</type>
			<beginRow>4</beginRow>
			<endRow>4</endRow>
			<beginColumn>3</beginColumn>
			<endColumn>3</endColumn>
		</area>
	</namedItem>
	<line width="1" gap="false">
		<v8ui:style xsi:type="v8ui:SpreadsheetDocumentCellLineType">None</v8ui:style>
	</line>
	<line width="1" gap="false">
		<v8ui:style xsi:type="v8ui:SpreadsheetDocumentCellLineType">Solid</v8ui:style>
	</line>
	<font faceName="Arial" height="8" bold="true" italic="false" underline="false" strikeout="false" kind="Absolute"/>
	<font faceName="Arial" height="8" bold="false" italic="false" underline="false" strikeout="false" kind="Absolute"/>
	<format>
		<width>58</width>
	</format>
	<format>
		<width>77</width>
	</format>
	<format>
		<width>92</width>
	</format>
	<format>
		<width>42</width>
	</format>
	<format>
		<height>15</height>
	</format>
	<format>
		<width>66</width>
		<verticalAlignment>Top</verticalAlignment>
		<textPlacement>Auto</textPlacement>
	</format>
	<format>
		<verticalAlignment>Top</verticalAlignment>
		<textPlacement>Wrap</textPlacement>
	</format>
	<format>
		<font>0</font>
		<height>45</height>
		<width>72</width>
		<horizontalAlignment>Left</horizontalAlignment>
		<verticalAlignment>Top</verticalAlignment>
		<backColor xmlns:d3p1="http://v8.1c.ru/8.1/data/ui/colors/web">d3p1:Cream</backColor>
		<textPlacement>Wrap</textPlacement>
		<fillType>Parameter</fillType>
		<bySelectedColumns>false</bySelectedColumns>
		<containsValue>true</containsValue>
		<valueType>
			<v8:Type>xs:string</v8:Type>
			<v8:StringQualifiers>
				<v8:Length>0</v8:Length>
				<v8:AllowedLength>Variable</v8:AllowedLength>
			</v8:StringQualifiers>
		</valueType>
		<controlType>381ed624-9217-4e63-85db-c4c3cb87daae</controlType>
		<autoMarkIncomplete>true</autoMarkIncomplete>
	</format>
	<format>
		<height>15</height>
		<width>62</width>
	</format>
	<format>
		<height>15</height>
		<width>92</width>
	</format>
	<format>
		<height>45</height>
	</format>
	<format>
		<font>1</font>
		<border>0</border>
		<height>45</height>
		<width>62</width>
	</format>
	<format>
		<border>1</border>
		<horizontalAlignment>Center</horizontalAlignment>
	</format>
	<format>
		<border>1</border>
		<height>45</height>
		<width>92</width>
		<horizontalAlignment>Center</horizontalAlignment>
	</format>
	<format>
		<border>0</border>
		<width>62</width>
	</format>
	<format>
		<font>0</font>
		<leftBorder>1</leftBorder>
		<rightBorder>1</rightBorder>
		<bottomBorder>1</bottomBorder>
		<width>92</width>
		<horizontalAlignment>Right</horizontalAlignment>
		<backColor xmlns:d3p1="http://v8.1c.ru/8.1/data/ui/colors/web">d3p1:Cream</backColor>
		<fillType>Parameter</fillType>
		<markNegatives>true</markNegatives>
		<containsValue>true</containsValue>
		<valueType>
			<v8:Type>xs:decimal</v8:Type>
			<v8:NumberQualifiers>
				<v8:Digits>15</v8:Digits>
				<v8:FractionDigits>2</v8:FractionDigits>
				<v8:AllowedSign>Any</v8:AllowedSign>
			</v8:NumberQualifiers>
		</valueType>
		<format>
			<v8:item>
				<v8:lang>ru</v8:lang>
				<v8:content>ЧДЦ=2; ЧГ=</v8:content>
			</v8:item>
		</format>
		<controlType>381ed624-9217-4e63-85db-c4c3cb87daae</controlType>
		<autoMarkIncomplete>false</autoMarkIncomplete>
	</format>
	<format>
		<font>0</font>
		<leftBorder>1</leftBorder>
		<rightBorder>1</rightBorder>
		<bottomBorder>1</bottomBorder>
		<width>40</width>
		<horizontalAlignment>Right</horizontalAlignment>
		<backColor xmlns:d3p1="http://v8.1c.ru/8.1/data/ui/colors/web">d3p1:Cream</backColor>
		<fillType>Parameter</fillType>
		<markNegatives>true</markNegatives>
		<containsValue>true</containsValue>
		<valueType>
			<v8:Type>xs:decimal</v8:Type>
			<v8:NumberQualifiers>
				<v8:Digits>15</v8:Digits>
				<v8:FractionDigits>2</v8:FractionDigits>
				<v8:AllowedSign>Any</v8:AllowedSign>
			</v8:NumberQualifiers>
		</valueType>
		<format>
			<v8:item>
				<v8:lang>ru</v8:lang>
				<v8:content>ЧДЦ=2; ЧГ=</v8:content>
			</v8:item>
		</format>
		<controlType>381ed624-9217-4e63-85db-c4c3cb87daae</controlType>
		<autoMarkIncomplete>false</autoMarkIncomplete>
	</format>
	<format>
		<width>72</width>
	</format>
</document>