﻿<?xml version="1.0" encoding="UTF-8"?>
<document xmlns="http://v8.1c.ru/8.2/data/spreadsheet" xmlns:style="http://v8.1c.ru/8.1/data/ui/style" xmlns:v8="http://v8.1c.ru/8.1/data/core" xmlns:v8ui="http://v8.1c.ru/8.1/data/ui" xmlns:xs="http://www.w3.org/2001/XMLSchema" xmlns:xsi="http://www.w3.org/2001/XMLSchema-instance">
	<languageSettings>
		<currentLanguage>ru</currentLanguage>
		<defaultLanguage>ru</defaultLanguage>
		<languageInfo>
			<id>ru</id>
			<code>Русский</code>
			<description>Русский</description>
		</languageInfo>
	</languageSettings>
	<columns>
		<size>15</size>
		<columnsItem>
			<index>0</index>
			<column>
				<formatIndex>1</formatIndex>
			</column>
		</columnsItem>
		<columnsItem>
			<index>1</index>
			<column>
				<formatIndex>2</formatIndex>
			</column>
		</columnsItem>
		<columnsItem>
			<index>2</index>
			<column>
				<formatIndex>3</formatIndex>
			</column>
		</columnsItem>
		<columnsItem>
			<index>3</index>
			<column>
				<formatIndex>4</formatIndex>
			</column>
		</columnsItem>
		<columnsItem>
			<index>4</index>
			<column>
				<formatIndex>5</formatIndex>
			</column>
		</columnsItem>
	</columns>
	<columns>
		<id>a541d247-939b-4438-835e-e97d648b5497</id>
		<size>5</size>
		<columnsItem>
			<index>0</index>
			<column>
				<formatIndex>1</formatIndex>
			</column>
		</columnsItem>
		<columnsItem>
			<index>1</index>
			<column>
				<formatIndex>2</formatIndex>
			</column>
		</columnsItem>
		<columnsItem>
			<index>2</index>
			<column>
				<formatIndex>6</formatIndex>
			</column>
		</columnsItem>
		<columnsItem>
			<index>3</index>
			<column>
				<formatIndex>7</formatIndex>
			</column>
		</columnsItem>
		<columnsItem>
			<index>4</index>
			<column>
				<formatIndex>8</formatIndex>
			</column>
		</columnsItem>
	</columns>
	<columns>
		<id>00e20efc-2b27-4045-b3bf-ad3292d1eeed</id>
		<size>5</size>
		<columnsItem>
			<index>0</index>
			<column>
				<formatIndex>1</formatIndex>
			</column>
		</columnsItem>
		<columnsItem>
			<index>1</index>
			<column>
				<formatIndex>2</formatIndex>
			</column>
		</columnsItem>
		<columnsItem>
			<index>2</index>
			<column>
				<formatIndex>6</formatIndex>
			</column>
		</columnsItem>
		<columnsItem>
			<index>3</index>
			<column>
				<formatIndex>9</formatIndex>
			</column>
		</columnsItem>
		<columnsItem>
			<index>4</index>
			<column>
				<formatIndex>8</formatIndex>
			</column>
		</columnsItem>
	</columns>
	<columns>
		<id>cd928b24-9f05-47d4-b199-08fee5465933</id>
		<size>7</size>
		<columnsItem>
			<index>0</index>
			<column>
				<formatIndex>1</formatIndex>
			</column>
		</columnsItem>
		<columnsItem>
			<index>1</index>
			<column>
				<formatIndex>10</formatIndex>
			</column>
		</columnsItem>
		<columnsItem>
			<index>2</index>
			<column>
				<formatIndex>11</formatIndex>
			</column>
		</columnsItem>
		<columnsItem>
			<index>3</index>
			<column>
				<formatIndex>12</formatIndex>
			</column>
		</columnsItem>
		<columnsItem>
			<index>4</index>
			<column>
				<formatIndex>13</formatIndex>
			</column>
		</columnsItem>
		<columnsItem>
			<index>5</index>
			<column>
				<formatIndex>14</formatIndex>
			</column>
		</columnsItem>
		<columnsItem>
			<index>6</index>
			<column>
				<formatIndex>15</formatIndex>
			</column>
		</columnsItem>
	</columns>
	<columns>
		<id>1568289c-2f75-4e9e-821b-f583d9fdc305</id>
		<size>15</size>
		<columnsItem>
			<index>0</index>
			<column>
				<formatIndex>1</formatIndex>
			</column>
		</columnsItem>
		<columnsItem>
			<index>1</index>
			<column>
				<formatIndex>10</formatIndex>
			</column>
		</columnsItem>
		<columnsItem>
			<index>2</index>
			<column>
				<formatIndex>11</formatIndex>
			</column>
		</columnsItem>
		<columnsItem>
			<index>3</index>
			<column>
				<formatIndex>12</formatIndex>
			</column>
		</columnsItem>
		<columnsItem>
			<index>4</index>
			<column>
				<formatIndex>13</formatIndex>
			</column>
		</columnsItem>
		<columnsItem>
			<index>5</index>
			<column>
				<formatIndex>16</formatIndex>
			</column>
		</columnsItem>
		<columnsItem>
			<index>6</index>
			<column>
				<formatIndex>17</formatIndex>
			</column>
		</columnsItem>
		<columnsItem>
			<index>7</index>
			<column>
				<formatIndex>18</formatIndex>
			</column>
		</columnsItem>
		<columnsItem>
			<index>8</index>
			<column>
				<formatIndex>19</formatIndex>
			</column>
		</columnsItem>
		<columnsItem>
			<index>9</index>
			<column>
				<formatIndex>20</formatIndex>
			</column>
		</columnsItem>
		<columnsItem>
			<index>10</index>
			<column>
				<formatIndex>20</formatIndex>
			</column>
		</columnsItem>
		<columnsItem>
			<index>11</index>
			<column>
				<formatIndex>21</formatIndex>
			</column>
		</columnsItem>
		<columnsItem>
			<index>12</index>
			<column>
				<formatIndex>22</formatIndex>
			</column>
		</columnsItem>
		<columnsItem>
			<index>13</index>
			<column>
				<formatIndex>23</formatIndex>
			</column>
		</columnsItem>
		<columnsItem>
			<index>14</index>
			<column>
				<formatIndex>24</formatIndex>
			</column>
		</columnsItem>
	</columns>
	<rowsItem>
		<index>0</index>
		<row>
			<c>
				<c>
					<f>0</f>
					<tl/>
				</c>
			</c>
			<c>
				<c>
					<f>0</f>
					<tl/>
				</c>
			</c>
		</row>
	</rowsItem>
	<rowsItem>
		<index>1</index>
		<row>
			<c>
				<i>1</i>
				<c>
					<f>25</f>
					<parameter>НазваниеОрганизации</parameter>
				</c>
			</c>
			<c>
				<i>4</i>
				<c>
					<f>0</f>
				</c>
			</c>
		</row>
	</rowsItem>
	<rowsItem>
		<index>2</index>
		<row>
			<formatIndex>26</formatIndex>
			<c>
				<i>1</i>
				<c>
					<f>27</f>
					<tl>
						<v8:item>
							<v8:lang>ru</v8:lang>
							<v8:content>РАСЧЕТ ВРЕМЕНИ НЕОТРАБОТАННОГО №[НомерДок] от [ДатаДок]</v8:content>
						</v8:item>
					</tl>
				</c>
			</c>
		</row>
	</rowsItem>
	<rowsItem>
		<index>3</index>
		<row>
			<columnsID>a541d247-939b-4438-835e-e97d648b5497</columnsID>
			<c>
				<i>1</i>
				<c>
					<f>28</f>
					<tl>
						<v8:item>
							<v8:lang>ru</v8:lang>
							<v8:content>Приказ №</v8:content>
						</v8:item>
					</tl>
				</c>
			</c>
			<c>
				<c>
					<f>29</f>
					<parameter>НомерПриказа</parameter>
				</c>
			</c>
			<c>
				<c>
					<f>30</f>
					<tl>
						<v8:item>
							<v8:lang>ru</v8:lang>
							<v8:content>от</v8:content>
						</v8:item>
					</tl>
				</c>
			</c>
			<c>
				<c>
					<f>31</f>
					<parameter>ДатаПриказа</parameter>
				</c>
			</c>
		</row>
	</rowsItem>
	<rowsItem>
		<index>4</index>
		<row>
			<columnsID>00e20efc-2b27-4045-b3bf-ad3292d1eeed</columnsID>
			<c>
				<i>1</i>
				<c>
					<f>32</f>
					<tl>
						<v8:item>
							<v8:lang>ru</v8:lang>
							<v8:content>Вид времени</v8:content>
						</v8:item>
					</tl>
				</c>
			</c>
			<c>
				<c>
					<f>33</f>
					<parameter>ВидВремени</parameter>
				</c>
			</c>
		</row>
	</rowsItem>
	<rowsItem>
		<index>5</index>
		<row>
			<c>
				<i>1</i>
				<c>
					<f>34</f>
					<tl>
						<v8:item>
							<v8:lang>ru</v8:lang>
							<v8:content>Вид отпуска</v8:content>
						</v8:item>
					</tl>
				</c>
			</c>
			<c>
				<c>
					<f>29</f>
					<parameter>ВидОтпуска</parameter>
				</c>
			</c>
		</row>
	</rowsItem>
	<rowsItem>
		<index>6</index>
		<row>
			<c>
				<i>1</i>
				<c>
					<f>28</f>
					<tl>
						<v8:item>
							<v8:lang>ru</v8:lang>
							<v8:content>За период </v8:content>
						</v8:item>
					</tl>
				</c>
			</c>
			<c>
				<c>
					<f>35</f>
					<tl>
						<v8:item>
							<v8:lang>ru</v8:lang>
							<v8:content>с [НачПериода] по [КонПериода]</v8:content>
						</v8:item>
					</tl>
				</c>
			</c>
		</row>
	</rowsItem>
	<rowsItem>
		<index>7</index>
		<row>
			<columnsID>00e20efc-2b27-4045-b3bf-ad3292d1eeed</columnsID>
			<c>
				<i>1</i>
				<c>
					<f>28</f>
				</c>
			</c>
			<c>
				<c>
					<f>36</f>
				</c>
			</c>
		</row>
	</rowsItem>
	<rowsItem>
		<index>8</index>
		<row>
			<columnsID>00e20efc-2b27-4045-b3bf-ad3292d1eeed</columnsID>
			<c>
				<i>1</i>
				<c>
					<f>28</f>
					<tl>
						<v8:item>
							<v8:lang>ru</v8:lang>
							<v8:content>Начисление</v8:content>
						</v8:item>
					</tl>
				</c>
			</c>
			<c>
				<c>
					<f>29</f>
					<parameter>Начисление</parameter>
				</c>
			</c>
			<c>
				<c>
					<f>9</f>
				</c>
			</c>
			<c>
				<c>
					<f>8</f>
				</c>
			</c>
			<c>
				<c>
					<f>37</f>
				</c>
			</c>
		</row>
	</rowsItem>
	<rowsItem>
		<index>9</index>
		<row>
			<formatIndex>38</formatIndex>
			<c>
				<i>1</i>
				<c>
					<f>39</f>
					<tl>
						<v8:item>
							<v8:lang>ru</v8:lang>
							<v8:content>Источник доходов</v8:content>
						</v8:item>
					</tl>
				</c>
			</c>
			<c>
				<c>
					<f>40</f>
					<parameter>ИсточникДоходов</parameter>
				</c>
			</c>
			<c>
				<c>
					<f>41</f>
				</c>
			</c>
			<c>
				<c>
					<f>41</f>
				</c>
			</c>
			<c>
				<c>
					<f>41</f>
				</c>
			</c>
		</row>
	</rowsItem>
	<rowsItem>
		<index>10</index>
		<row>
			<c>
				<i>1</i>
				<c>
					<f>42</f>
					<tl>
						<v8:item>
							<v8:lang>ru</v8:lang>
							<v8:content>Статья затрат</v8:content>
						</v8:item>
					</tl>
				</c>
			</c>
			<c>
				<c>
					<f>29</f>
					<parameter>СтатьяЗатрат</parameter>
				</c>
			</c>
		</row>
	</rowsItem>
	<rowsItem>
		<index>11</index>
		<row>
			<c>
				<i>1</i>
				<c>
					<f>42</f>
					<tl>
						<v8:item>
							<v8:lang>ru</v8:lang>
							<v8:content>Подразделение затрат</v8:content>
						</v8:item>
					</tl>
				</c>
			</c>
			<c>
				<c>
					<f>29</f>
					<parameter>ПодразделениеЗатрат</parameter>
				</c>
			</c>
		</row>
	</rowsItem>
	<rowsItem>
		<index>12</index>
		<row>
			<formatIndex>38</formatIndex>
			<c>
				<i>1</i>
				<c>
					<f>42</f>
					<tl>
						<v8:item>
							<v8:lang>ru</v8:lang>
							<v8:content>Сумма</v8:content>
						</v8:item>
					</tl>
				</c>
			</c>
			<c>
				<c>
					<f>43</f>
					<parameter>РасчетСуммы</parameter>
				</c>
			</c>
			<c>
				<c>
					<f>41</f>
				</c>
			</c>
			<c>
				<c>
					<f>41</f>
				</c>
			</c>
			<c>
				<c>
					<f>41</f>
				</c>
			</c>
		</row>
	</rowsItem>
	<rowsItem>
		<index>13</index>
		<row>
			<formatIndex>38</formatIndex>
			<c>
				<i>1</i>
				<c>
					<f>44</f>
				</c>
			</c>
			<c>
				<c>
					<f>45</f>
				</c>
			</c>
			<c>
				<c>
					<f>41</f>
				</c>
			</c>
			<c>
				<c>
					<f>41</f>
				</c>
			</c>
			<c>
				<c>
					<f>41</f>
				</c>
			</c>
		</row>
	</rowsItem>
	<rowsItem>
		<index>14</index>
		<row>
			<columnsID>cd928b24-9f05-47d4-b199-08fee5465933</columnsID>
			<formatIndex>38</formatIndex>
			<c>
				<c>
					<f>46</f>
				</c>
			</c>
			<c>
				<c>
					<f>47</f>
					<tl>
						<v8:item>
							<v8:lang>ru</v8:lang>
							<v8:content>Расчет времени</v8:content>
						</v8:item>
					</tl>
				</c>
			</c>
			<c>
				<i>3</i>
				<c>
					<f>48</f>
				</c>
			</c>
			<c>
				<i>5</i>
				<c>
					<f>49</f>
				</c>
			</c>
		</row>
	</rowsItem>
	<rowsItem>
		<index>15</index>
		<row>
			<columnsID>cd928b24-9f05-47d4-b199-08fee5465933</columnsID>
			<formatIndex>38</formatIndex>
			<c>
				<i>1</i>
				<c>
					<f>50</f>
					<tl>
						<v8:item>
							<v8:lang>ru</v8:lang>
							<v8:content>№ п\п</v8:content>
						</v8:item>
					</tl>
				</c>
			</c>
			<c>
				<c>
					<f>50</f>
					<tl>
						<v8:item>
							<v8:lang>ru</v8:lang>
							<v8:content>Сотрудник</v8:content>
						</v8:item>
					</tl>
				</c>
			</c>
			<c>
				<i>4</i>
				<c>
					<f>51</f>
					<tl>
						<v8:item>
							<v8:lang>ru</v8:lang>
							<v8:content>Период</v8:content>
						</v8:item>
					</tl>
				</c>
			</c>
			<c>
				<c>
					<f>52</f>
					<tl>
						<v8:item>
							<v8:lang>ru</v8:lang>
							<v8:content>Дни</v8:content>
						</v8:item>
					</tl>
				</c>
			</c>
			<c>
				<c>
					<f>50</f>
					<tl>
						<v8:item>
							<v8:lang>ru</v8:lang>
							<v8:content>Примечание</v8:content>
						</v8:item>
					</tl>
				</c>
			</c>
		</row>
	</rowsItem>
	<rowsItem>
		<index>16</index>
		<row>
			<columnsID>cd928b24-9f05-47d4-b199-08fee5465933</columnsID>
			<formatIndex>53</formatIndex>
			<c>
				<i>2</i>
				<c>
					<f>54</f>
					<tl>
						<v8:item>
							<v8:lang>ru</v8:lang>
							<v8:content>Таб. №</v8:content>
						</v8:item>
					</tl>
				</c>
			</c>
			<c>
				<c>
					<f>55</f>
					<tl>
						<v8:item>
							<v8:lang>ru</v8:lang>
							<v8:content>Должность</v8:content>
						</v8:item>
					</tl>
				</c>
			</c>
			<c>
				<c>
					<f>56</f>
				</c>
			</c>
			<c>
				<c>
					<f>52</f>
					<tl>
						<v8:item>
							<v8:lang>ru</v8:lang>
							<v8:content>Часы</v8:content>
						</v8:item>
					</tl>
				</c>
			</c>
		</row>
	</rowsItem>
	<rowsItem>
		<index>17</index>
		<row>
			<columnsID>cd928b24-9f05-47d4-b199-08fee5465933</columnsID>
			<formatIndex>57</formatIndex>
			<c>
				<i>1</i>
				<c>
					<f>58</f>
					<parameter>НомерСтроки</parameter>
				</c>
			</c>
			<c>
				<c>
					<f>59</f>
					<parameter>Сотрудник</parameter>
				</c>
			</c>
			<c>
				<i>4</i>
				<c>
					<f>60</f>
					<parameter>НачПериода</parameter>
				</c>
			</c>
			<c>
				<c>
					<f>61</f>
					<parameter>Дней</parameter>
				</c>
			</c>
			<c>
				<c>
					<f>62</f>
					<parameter>Примечание</parameter>
				</c>
			</c>
		</row>
	</rowsItem>
	<rowsItem>
		<index>18</index>
		<row>
			<columnsID>cd928b24-9f05-47d4-b199-08fee5465933</columnsID>
			<formatIndex>63</formatIndex>
			<c>
				<i>1</i>
				<c>
					<f>64</f>
				</c>
			</c>
			<c>
				<c>
					<f>65</f>
					<parameter>ТабНоммер</parameter>
				</c>
			</c>
			<c>
				<c>
					<f>66</f>
					<parameter>Должность</parameter>
				</c>
			</c>
			<c>
				<c>
					<f>67</f>
					<parameter>КонПериода</parameter>
				</c>
			</c>
			<c>
				<c>
					<f>68</f>
					<parameter>Часов</parameter>
				</c>
			</c>
		</row>
	</rowsItem>
	<rowsItem>
		<index>19</index>
		<row>
			<c>
				<i>2</i>
				<c>
					<f>0</f>
				</c>
			</c>
			<c>
				<c>
					<f>69</f>
				</c>
			</c>
		</row>
	</rowsItem>
	<rowsItem>
		<index>20</index>
		<row>
			<columnsID>1568289c-2f75-4e9e-821b-f583d9fdc305</columnsID>
			<formatIndex>38</formatIndex>
			<c>
				<c>
					<f>46</f>
				</c>
			</c>
			<c>
				<c>
					<f>70</f>
				</c>
			</c>
			<c>
				<i>5</i>
				<c>
					<f>71</f>
				</c>
			</c>
			<c>
				<c>
					<f>71</f>
				</c>
			</c>
			<c>
				<c>
					<f>72</f>
				</c>
			</c>
			<c>
				<c>
					<f>73</f>
				</c>
			</c>
			<c>
				<c>
					<f>71</f>
				</c>
			</c>
			<c>
				<c>
					<f>71</f>
				</c>
			</c>
			<c>
				<c>
					<f>71</f>
				</c>
			</c>
			<c>
				<c>
					<f>71</f>
				</c>
			</c>
			<c>
				<c>
					<f>71</f>
				</c>
			</c>
			<c>
				<c>
					<f>71</f>
				</c>
			</c>
		</row>
	</rowsItem>
	<rowsItem>
		<index>21</index>
		<row>
			<columnsID>1568289c-2f75-4e9e-821b-f583d9fdc305</columnsID>
			<formatIndex>38</formatIndex>
			<c>
				<c>
					<f>46</f>
				</c>
			</c>
			<c>
				<c>
					<f>47</f>
					<tl>
						<v8:item>
							<v8:lang>ru</v8:lang>
							<v8:content>Расчет сумм</v8:content>
						</v8:item>
					</tl>
				</c>
			</c>
			<c>
				<i>5</i>
				<c>
					<f>71</f>
				</c>
			</c>
			<c>
				<c>
					<f>71</f>
				</c>
			</c>
			<c>
				<c>
					<f>72</f>
				</c>
			</c>
			<c>
				<c>
					<f>73</f>
				</c>
			</c>
			<c>
				<c>
					<f>71</f>
				</c>
			</c>
			<c>
				<c>
					<f>71</f>
				</c>
			</c>
			<c>
				<c>
					<f>71</f>
				</c>
			</c>
			<c>
				<c>
					<f>71</f>
				</c>
			</c>
			<c>
				<c>
					<f>71</f>
				</c>
			</c>
			<c>
				<c>
					<f>71</f>
				</c>
			</c>
		</row>
	</rowsItem>
	<rowsItem>
		<index>22</index>
		<row>
			<columnsID>1568289c-2f75-4e9e-821b-f583d9fdc305</columnsID>
			<formatIndex>38</formatIndex>
			<c>
				<i>1</i>
				<c>
					<f>50</f>
					<tl>
						<v8:item>
							<v8:lang>ru</v8:lang>
							<v8:content>№ п\п</v8:content>
						</v8:item>
					</tl>
				</c>
			</c>
			<c>
				<c>
					<f>74</f>
					<tl>
						<v8:item>
							<v8:lang>ru</v8:lang>
							<v8:content>Сотрудник</v8:content>
						</v8:item>
					</tl>
				</c>
			</c>
			<c>
				<c>
					<f>75</f>
				</c>
			</c>
			<c>
				<c>
					<f>51</f>
					<tl>
						<v8:item>
							<v8:lang>ru</v8:lang>
							<v8:content>Период</v8:content>
						</v8:item>
					</tl>
				</c>
			</c>
			<c>
				<c>
					<f>76</f>
					<tl>
						<v8:item>
							<v8:lang>ru</v8:lang>
							<v8:content>Источник доходов</v8:content>
						</v8:item>
					</tl>
				</c>
			</c>
			<c>
				<c>
					<f>77</f>
					<tl>
						<v8:item>
							<v8:lang>ru</v8:lang>
							<v8:content>Статья затрат</v8:content>
						</v8:item>
					</tl>
				</c>
			</c>
			<c>
				<c>
					<f>78</f>
					<tl>
						<v8:item>
							<v8:lang>ru</v8:lang>
							<v8:content>База</v8:content>
						</v8:item>
					</tl>
				</c>
			</c>
			<c>
				<c>
					<f>79</f>
					<tl>
						<v8:item>
							<v8:lang>ru</v8:lang>
							<v8:content>Расчетное время</v8:content>
						</v8:item>
					</tl>
				</c>
			</c>
			<c>
				<c>
					<f>77</f>
					<tl>
						<v8:item>
							<v8:lang>ru</v8:lang>
							<v8:content>Дни</v8:content>
						</v8:item>
					</tl>
				</c>
			</c>
			<c>
				<c>
					<f>77</f>
					<tl>
						<v8:item>
							<v8:lang>ru</v8:lang>
							<v8:content>Сумма</v8:content>
						</v8:item>
					</tl>
				</c>
			</c>
			<c>
				<c>
					<f>77</f>
					<tl>
						<v8:item>
							<v8:lang>ru</v8:lang>
							<v8:content>Сумма РК</v8:content>
						</v8:item>
					</tl>
				</c>
			</c>
			<c>
				<c>
					<f>77</f>
					<tl>
						<v8:item>
							<v8:lang>ru</v8:lang>
							<v8:content>Сумма СЕВ</v8:content>
						</v8:item>
					</tl>
				</c>
			</c>
			<c>
				<c>
					<f>77</f>
					<tl>
						<v8:item>
							<v8:lang>ru</v8:lang>
							<v8:content>ВСЕГО</v8:content>
						</v8:item>
					</tl>
				</c>
			</c>
			<c>
				<c>
					<f>80</f>
					<tl>
						<v8:item>
							<v8:lang>ru</v8:lang>
							<v8:content>Примечание</v8:content>
						</v8:item>
					</tl>
				</c>
			</c>
		</row>
	</rowsItem>
	<rowsItem>
		<index>23</index>
		<row>
			<columnsID>1568289c-2f75-4e9e-821b-f583d9fdc305</columnsID>
			<formatIndex>53</formatIndex>
			<c>
				<i>2</i>
				<c>
					<f>54</f>
					<tl>
						<v8:item>
							<v8:lang>ru</v8:lang>
							<v8:content>Таб. №</v8:content>
						</v8:item>
					</tl>
				</c>
			</c>
			<c>
				<c>
					<f>55</f>
					<tl>
						<v8:item>
							<v8:lang>ru</v8:lang>
							<v8:content>Должность</v8:content>
						</v8:item>
					</tl>
				</c>
			</c>
			<c>
				<c>
					<f>56</f>
				</c>
			</c>
			<c>
				<i>6</i>
				<c>
					<f>81</f>
					<tl>
						<v8:item>
							<v8:lang/>
							<v8:content>Подразделение</v8:content>
						</v8:item>
					</tl>
				</c>
			</c>
			<c>
				<c>
					<f>82</f>
				</c>
			</c>
			<c>
				<c>
					<f>83</f>
				</c>
			</c>
			<c>
				<c>
					<f>81</f>
					<tl>
						<v8:item>
							<v8:lang/>
							<v8:content>Часы</v8:content>
						</v8:item>
					</tl>
				</c>
			</c>
			<c>
				<i>11</i>
				<c>
					<f>84</f>
				</c>
			</c>
			<c>
				<c>
					<f>84</f>
				</c>
			</c>
			<c>
				<c>
					<f>84</f>
				</c>
			</c>
		</row>
	</rowsItem>
	<rowsItem>
		<index>24</index>
		<row>
			<columnsID>1568289c-2f75-4e9e-821b-f583d9fdc305</columnsID>
			<formatIndex>53</formatIndex>
			<c>
				<i>1</i>
				<c>
					<f>85</f>
					<parameter>НомерСтроки</parameter>
				</c>
			</c>
			<c>
				<c>
					<f>86</f>
					<parameter>Сотрудник</parameter>
				</c>
			</c>
			<c>
				<c>
					<f>87</f>
				</c>
			</c>
			<c>
				<c>
					<f>88</f>
					<parameter>НачПериода</parameter>
				</c>
			</c>
			<c>
				<c>
					<f>89</f>
					<parameter>ИсточникДоходов</parameter>
				</c>
			</c>
			<c>
				<c>
					<f>90</f>
					<parameter>СтатьяЗатрат</parameter>
				</c>
			</c>
			<c>
				<c>
					<f>91</f>
					<parameter>База</parameter>
				</c>
			</c>
			<c>
				<c>
					<f>92</f>
					<parameter>РасчетноеВремя</parameter>
				</c>
			</c>
			<c>
				<c>
					<f>89</f>
					<parameter>Дней</parameter>
				</c>
			</c>
			<c>
				<c>
					<f>89</f>
					<parameter>Сумма</parameter>
				</c>
			</c>
			<c>
				<c>
					<f>89</f>
					<parameter>СуммаРК</parameter>
				</c>
			</c>
			<c>
				<c>
					<f>89</f>
					<parameter>СуммаСЕВ</parameter>
				</c>
			</c>
			<c>
				<c>
					<f>89</f>
					<parameter>СуммаВсего</parameter>
				</c>
			</c>
			<c>
				<c>
					<f>93</f>
					<parameter>Примечание</parameter>
				</c>
			</c>
		</row>
	</rowsItem>
	<rowsItem>
		<index>25</index>
		<row>
			<columnsID>1568289c-2f75-4e9e-821b-f583d9fdc305</columnsID>
			<c>
				<i>2</i>
				<c>
					<f>94</f>
					<parameter>ТабНомер</parameter>
				</c>
			</c>
			<c>
				<c>
					<f>66</f>
					<parameter>Должность</parameter>
				</c>
			</c>
			<c>
				<c>
					<f>95</f>
					<parameter>КонПериода</parameter>
				</c>
			</c>
			<c>
				<i>6</i>
				<c>
					<f>96</f>
					<parameter>Подразделение</parameter>
				</c>
			</c>
			<c>
				<c>
					<f>18</f>
				</c>
			</c>
			<c>
				<c>
					<f>19</f>
				</c>
			</c>
			<c>
				<c>
					<f>97</f>
					<parameter>Часов</parameter>
				</c>
			</c>
			<c>
				<i>13</i>
				<c>
					<f>23</f>
				</c>
			</c>
		</row>
	</rowsItem>
	<rowsItem>
		<index>26</index>
		<row>
			<columnsID>1568289c-2f75-4e9e-821b-f583d9fdc305</columnsID>
			<formatIndex>98</formatIndex>
			<c>
				<i>1</i>
				<c>
					<f>99</f>
				</c>
			</c>
			<c>
				<c>
					<f>100</f>
				</c>
			</c>
			<c>
				<c>
					<f>100</f>
				</c>
			</c>
			<c>
				<c>
					<f>101</f>
					<tl>
						<v8:item>
							<v8:lang>ru</v8:lang>
							<v8:content>ИТОГО</v8:content>
						</v8:item>
					</tl>
				</c>
			</c>
			<c>
				<c>
					<f>102</f>
				</c>
			</c>
			<c>
				<c>
					<f>102</f>
				</c>
			</c>
			<c>
				<c>
					<f>103</f>
				</c>
			</c>
			<c>
				<c>
					<f>104</f>
				</c>
			</c>
			<c>
				<c>
					<f>102</f>
				</c>
			</c>
			<c>
				<c>
					<f>105</f>
					<parameter>Сумма</parameter>
				</c>
			</c>
			<c>
				<c>
					<f>105</f>
					<parameter>СуммаРК</parameter>
				</c>
			</c>
			<c>
				<c>
					<f>105</f>
					<parameter>СуммаСЕВ</parameter>
				</c>
			</c>
			<c>
				<c>
					<f>106</f>
					<parameter>СуммаВсего</parameter>
				</c>
			</c>
			<c>
				<c>
					<f>107</f>
				</c>
			</c>
		</row>
	</rowsItem>
	<rowsItem>
		<index>27</index>
		<row>
			<columnsID>1568289c-2f75-4e9e-821b-f583d9fdc305</columnsID>
			<c>
				<i>7</i>
				<c>
					<f>18</f>
				</c>
			</c>
			<c>
				<c>
					<f>19</f>
				</c>
			</c>
		</row>
	</rowsItem>
	<templateMode>true</templateMode>
	<defaultFormatIndex>37</defaultFormatIndex>
	<height>28</height>
	<vgRows>28</vgRows>
	<merge>
		<r>2</r>
		<c>1</c>
		<w>4</w>
	</merge>
	<merge>
		<r>14</r>
		<c>1</c>
		<w>3</w>
	</merge>
	<merge>
		<r>15</r>
		<c>1</c>
		<h>1</h>
	</merge>
	<merge>
		<r>15</r>
		<c>2</c>
		<w>1</w>
	</merge>
	<merge>
		<r>15</r>
		<c>4</c>
		<h>1</h>
	</merge>
	<merge>
		<r>15</r>
		<c>6</c>
		<h>1</h>
	</merge>
	<merge>
		<r>17</r>
		<c>2</c>
		<w>1</w>
	</merge>
	<merge>
		<r>17</r>
		<c>6</c>
		<h>1</h>
	</merge>
	<merge>
		<r>19</r>
		<c>4</c>
		<w>1</w>
	</merge>
	<merge>
		<r>19</r>
		<c>4</c>
		<w>1</w>
	</merge>
	<merge>
		<r>19</r>
		<c>4</c>
		<w>1</w>
	</merge>
	<merge>
		<r>19</r>
		<c>4</c>
		<w>1</w>
	</merge>
	<merge>
		<r>21</r>
		<c>1</c>
		<w>3</w>
	</merge>
	<merge>
		<r>22</r>
		<c>1</c>
		<h>1</h>
	</merge>
	<merge>
		<r>22</r>
		<c>2</c>
		<w>1</w>
	</merge>
	<merge>
		<r>22</r>
		<c>4</c>
		<h>1</h>
	</merge>
	<merge>
		<r>22</r>
		<c>5</c>
		<h>1</h>
	</merge>
	<merge>
		<r>22</r>
		<c>7</c>
		<h>1</h>
	</merge>
	<merge>
		<r>22</r>
		<c>8</c>
		<h>1</h>
	</merge>
	<merge>
		<r>22</r>
		<c>8</c>
		<h>1</h>
	</merge>
	<merge>
		<r>22</r>
		<c>10</c>
		<h>1</h>
	</merge>
	<merge>
		<r>22</r>
		<c>11</c>
		<h>1</h>
	</merge>
	<merge>
		<r>22</r>
		<c>12</c>
		<h>1</h>
	</merge>
	<merge>
		<r>22</r>
		<c>13</c>
		<h>1</h>
	</merge>
	<merge>
		<r>22</r>
		<c>14</c>
		<h>1</h>
	</merge>
	<merge>
		<r>24</r>
		<c>1</c>
		<h>1</h>
	</merge>
	<merge>
		<r>24</r>
		<c>2</c>
		<w>1</w>
	</merge>
	<merge>
		<r>24</r>
		<c>7</c>
		<h>1</h>
	</merge>
	<merge>
		<r>24</r>
		<c>7</c>
		<h>1</h>
	</merge>
	<merge>
		<r>24</r>
		<c>8</c>
		<h>1</h>
	</merge>
	<merge>
		<r>24</r>
		<c>8</c>
		<h>1</h>
	</merge>
	<merge>
		<r>24</r>
		<c>13</c>
		<h>1</h>
	</merge>
	<merge>
		<r>26</r>
		<c>7</c>
	</merge>
	<merge>
		<r>26</r>
		<c>8</c>
	</merge>
	<merge>
		<r>-1</r>
		<c>5</c>
		<w>1</w>
		<columnsID>cd928b24-9f05-47d4-b199-08fee5465933</columnsID>
	</merge>
	<merge>
		<r>16</r>
		<c>-1</c>
	</merge>
	<merge>
		<r>23</r>
		<c>-1</c>
	</merge>
	<merge>
		<r>24</r>
		<c>-1</c>
		<h>1</h>
	</merge>
	<verticalUnmerge>
		<r>15</r>
		<c>5</c>
		<w>1</w>
	</verticalUnmerge>
	<verticalUnmerge>
		<r>16</r>
		<c>5</c>
		<w>1</w>
	</verticalUnmerge>
	<verticalUnmerge>
		<r>17</r>
		<c>5</c>
		<w>1</w>
	</verticalUnmerge>
	<verticalUnmerge>
		<r>18</r>
		<c>5</c>
		<w>1</w>
	</verticalUnmerge>
	<horizontalUnmerge>
		<r>16</r>
		<c>5</c>
		<w>1</w>
	</horizontalUnmerge>
	<namedItem xsi:type="NamedItemCells">
		<name>Верт_База</name>
		<area>
			<type>Columns</type>
			<beginRow>-1</beginRow>
			<endRow>-1</endRow>
			<beginColumn>7</beginColumn>
			<endColumn>8</endColumn>
			<columnsID>1568289c-2f75-4e9e-821b-f583d9fdc305</columnsID>
		</area>
	</namedItem>
	<namedItem xsi:type="NamedItemCells">
		<name>Верт_ОСН</name>
		<area>
			<type>Columns</type>
			<beginRow>-1</beginRow>
			<endRow>-1</endRow>
			<beginColumn>0</beginColumn>
			<endColumn>6</endColumn>
			<columnsID>1568289c-2f75-4e9e-821b-f583d9fdc305</columnsID>
		</area>
	</namedItem>
	<namedItem xsi:type="NamedItemCells">
		<name>Верт_Сумма</name>
		<area>
			<type>Columns</type>
			<beginRow>-1</beginRow>
			<endRow>-1</endRow>
			<beginColumn>9</beginColumn>
			<endColumn>14</endColumn>
			<columnsID>1568289c-2f75-4e9e-821b-f583d9fdc305</columnsID>
		</area>
	</namedItem>
	<namedItem xsi:type="NamedItemCells">
		<name>ЗаголовокВремя</name>
		<area>
			<type>Rows</type>
			<beginRow>13</beginRow>
			<endRow>16</endRow>
			<beginColumn>-1</beginColumn>
			<endColumn>-1</endColumn>
		</area>
	</namedItem>
	<namedItem xsi:type="NamedItemCells">
		<name>ЗаголовокРасчетСумм</name>
		<area>
			<type>Rows</type>
			<beginRow>20</beginRow>
			<endRow>23</endRow>
			<beginColumn>-1</beginColumn>
			<endColumn>-1</endColumn>
			<columnsID>1568289c-2f75-4e9e-821b-f583d9fdc305</columnsID>
		</area>
	</namedItem>
	<namedItem xsi:type="NamedItemCells">
		<name>ИтогоСумма</name>
		<area>
			<type>Rows</type>
			<beginRow>26</beginRow>
			<endRow>27</endRow>
			<beginColumn>-1</beginColumn>
			<endColumn>-1</endColumn>
			<columnsID>1568289c-2f75-4e9e-821b-f583d9fdc305</columnsID>
		</area>
	</namedItem>
	<namedItem xsi:type="NamedItemCells">
		<name>СтрокаВремя</name>
		<area>
			<type>Rows</type>
			<beginRow>17</beginRow>
			<endRow>18</endRow>
			<beginColumn>-1</beginColumn>
			<endColumn>-1</endColumn>
		</area>
	</namedItem>
	<namedItem xsi:type="NamedItemCells">
		<name>СтрокаРасчетСумм</name>
		<area>
			<type>Rows</type>
			<beginRow>24</beginRow>
			<endRow>25</endRow>
			<beginColumn>-1</beginColumn>
			<endColumn>-1</endColumn>
			<columnsID>1568289c-2f75-4e9e-821b-f583d9fdc305</columnsID>
		</area>
	</namedItem>
	<namedItem xsi:type="NamedItemCells">
		<name>Шапка</name>
		<area>
			<type>Rows</type>
			<beginRow>0</beginRow>
			<endRow>6</endRow>
			<beginColumn>-1</beginColumn>
			<endColumn>-1</endColumn>
		</area>
	</namedItem>
	<namedItem xsi:type="NamedItemCells">
		<name>ШапкаРасчетСумм</name>
		<area>
			<type>Rows</type>
			<beginRow>7</beginRow>
			<endRow>12</endRow>
			<beginColumn>-1</beginColumn>
			<endColumn>-1</endColumn>
		</area>
	</namedItem>
	<line width="1" gap="false">
		<v8ui:style xsi:type="v8ui:SpreadsheetDocumentCellLineType">None</v8ui:style>
	</line>
	<line width="1" gap="false">
		<v8ui:style xsi:type="v8ui:SpreadsheetDocumentCellLineType">Solid</v8ui:style>
	</line>
	<font faceName="Arial" height="10" bold="true" italic="false" underline="false" strikeout="false" kind="Absolute"/>
	<font faceName="Arial" height="9.8" bold="true" italic="false" underline="false" strikeout="false" kind="Absolute"/>
	<font faceName="Arial" height="11.3" bold="true" italic="false" underline="false" strikeout="false" kind="Absolute"/>
	<font faceName="Arial" height="10" bold="false" italic="false" underline="false" strikeout="false" kind="Absolute"/>
	<font faceName="Arial" height="9" bold="true" italic="false" underline="false" strikeout="false" kind="Absolute"/>
	<font faceName="Arial" height="10" bold="false" italic="false" underline="false" strikeout="false" kind="Absolute"/>
	<font faceName="Arial" height="10" bold="false" italic="false" underline="false" strikeout="false" kind="Absolute"/>
	<font faceName="Arial" height="10" bold="false" italic="false" underline="false" strikeout="false" kind="Absolute"/>
	<font faceName="Arial" height="8" bold="true" italic="false" underline="false" strikeout="false" kind="Absolute"/>
	<format>
		<width>35</width>
	</format>
	<format>
		<width>170</width>
	</format>
	<format>
		<width>134</width>
	</format>
	<format>
		<width>151</width>
	</format>
	<format>
		<width>113</width>
	</format>
	<format>
		<width>112</width>
	</format>
	<format>
		<width>29</width>
	</format>
	<format>
		<width>183</width>
	</format>
	<format>
		<width>81</width>
	</format>
	<format>
		<width>32</width>
	</format>
	<format>
		<width>62</width>
	</format>
	<format>
		<width>162</width>
	</format>
	<format>
		<width>104</width>
	</format>
	<format>
		<width>88</width>
	</format>
	<format>
		<width>245</width>
	</format>
	<format>
		<width>137</width>
	</format>
	<format>
		<width>187</width>
	</format>
	<format>
		<width>93</width>
	</format>
	<format>
		<width>85</width>
	</format>
	<format>
		<width>96</width>
	</format>
	<format>
		<width>94</width>
	</format>
	<format>
		<width>95</width>
	</format>
	<format>
		<width>102</width>
	</format>
	<format>
		<width>265</width>
	</format>
	<format>
		<font>0</font>
		<fillType>Parameter</fillType>
	</format>
	<format>
		<font>1</font>
		<height>72</height>
	</format>
	<format>
		<font>2</font>
		<horizontalAlignment>Left</horizontalAlignment>
		<verticalAlignment>Center</verticalAlignment>
		<fillType>Template</fillType>
		<bySelectedColumns>true</bySelectedColumns>
	</format>
	<format>
		<font>3</font>
	</format>
	<format>
		<font>1</font>
		<width>112</width>
		<verticalAlignment>Bottom</verticalAlignment>
		<fillType>Parameter</fillType>
	</format>
	<format>
		<horizontalAlignment>Center</horizontalAlignment>
		<verticalAlignment>Center</verticalAlignment>
	</format>
	<format>
		<font>4</font>
		<fillType>Parameter</fillType>
	</format>
	<format>
		<font>3</font>
		<fillType>Text</fillType>
	</format>
	<format>
		<font>1</font>
		<verticalAlignment>Bottom</verticalAlignment>
		<fillType>Parameter</fillType>
	</format>
	<format>
		<font>3</font>
		<width>81</width>
	</format>
	<format>
		<font>0</font>
		<verticalAlignment>Bottom</verticalAlignment>
		<fillType>Template</fillType>
	</format>
	<format>
		<font>1</font>
		<verticalAlignment>Bottom</verticalAlignment>
	</format>
	<format>
		<width>72</width>
	</format>
	<format>
		<horizontalAlignment>Center</horizontalAlignment>
		<verticalAlignment>Center</verticalAlignment>
		<textPlacement>Wrap</textPlacement>
	</format>
	<format>
		<font>3</font>
		<width>137</width>
		<horizontalAlignment>Left</horizontalAlignment>
	</format>
	<format>
		<font>1</font>
		<width>112</width>
		<horizontalAlignment>Left</horizontalAlignment>
		<verticalAlignment>Bottom</verticalAlignment>
		<fillType>Parameter</fillType>
	</format>
	<format>
		<width>151</width>
		<horizontalAlignment>Right</horizontalAlignment>
		<verticalAlignment>Center</verticalAlignment>
		<textPlacement>Wrap</textPlacement>
	</format>
	<format>
		<font>3</font>
		<width>137</width>
		<horizontalAlignment>Left</horizontalAlignment>
		<verticalAlignment>Center</verticalAlignment>
		<textPlacement>Wrap</textPlacement>
	</format>
	<format>
		<font>1</font>
		<width>112</width>
		<horizontalAlignment>Left</horizontalAlignment>
		<verticalAlignment>Bottom</verticalAlignment>
		<textPlacement>Auto</textPlacement>
		<fillType>Parameter</fillType>
	</format>
	<format>
		<horizontalAlignment>Left</horizontalAlignment>
		<verticalAlignment>Center</verticalAlignment>
		<textPlacement>Wrap</textPlacement>
	</format>
	<format>
		<horizontalAlignment>Right</horizontalAlignment>
		<verticalAlignment>Center</verticalAlignment>
		<textPlacement>Wrap</textPlacement>
	</format>
	<format>
		<border>0</border>
	</format>
	<format>
		<font>5</font>
		<border>0</border>
		<horizontalAlignment>Left</horizontalAlignment>
		<verticalAlignment>Center</verticalAlignment>
		<textPlacement>Auto</textPlacement>
		<bySelectedColumns>true</bySelectedColumns>
	</format>
	<format>
		<width>235</width>
		<horizontalAlignment>Center</horizontalAlignment>
		<verticalAlignment>Center</verticalAlignment>
		<textPlacement>Wrap</textPlacement>
	</format>
	<format>
		<font>5</font>
		<border>0</border>
		<horizontalAlignment>Center</horizontalAlignment>
		<verticalAlignment>Center</verticalAlignment>
		<textPlacement>Wrap</textPlacement>
	</format>
	<format>
		<font>5</font>
		<border>1</border>
		<horizontalAlignment>Center</horizontalAlignment>
		<verticalAlignment>Center</verticalAlignment>
		<textPlacement>Wrap</textPlacement>
	</format>
	<format>
		<font>5</font>
		<border>1</border>
		<width>235</width>
		<horizontalAlignment>Center</horizontalAlignment>
		<verticalAlignment>Center</verticalAlignment>
		<textPlacement>Wrap</textPlacement>
	</format>
	<format>
		<font>3</font>
		<border>1</border>
		<width>88</width>
		<horizontalAlignment>Right</horizontalAlignment>
		<fillType>Text</fillType>
		<format>
			<v8:item>
				<v8:lang>ru</v8:lang>
				<v8:content>ЧЦ=6; ЧДЦ=2; ЧН=-</v8:content>
			</v8:item>
		</format>
	</format>
	<format>
		<fillType>Parameter</fillType>
	</format>
	<format>
		<font>3</font>
		<rightBorder>1</rightBorder>
		<bottomBorder>1</bottomBorder>
		<width>235</width>
		<horizontalAlignment>Center</horizontalAlignment>
		<verticalAlignment>Center</verticalAlignment>
		<fillType>Text</fillType>
	</format>
	<format>
		<font>3</font>
		<bottomBorder>1</bottomBorder>
		<width>235</width>
		<horizontalAlignment>Center</horizontalAlignment>
		<verticalAlignment>Center</verticalAlignment>
		<fillType>Text</fillType>
	</format>
	<format>
		<width>235</width>
		<fillType>Parameter</fillType>
	</format>
	<format>
		<font>5</font>
		<fillType>Parameter</fillType>
	</format>
	<format>
		<font>5</font>
		<leftBorder>1</leftBorder>
		<topBorder>1</topBorder>
		<rightBorder>1</rightBorder>
		<bottomBorder>0</bottomBorder>
		<fillType>Parameter</fillType>
	</format>
	<format>
		<font>5</font>
		<border>1</border>
		<textPlacement>Wrap</textPlacement>
		<fillType>Parameter</fillType>
	</format>
	<format>
		<font>5</font>
		<border>1</border>
		<textPlacement>Wrap</textPlacement>
		<fillType>Parameter</fillType>
		<format>
			<v8:item>
				<v8:lang>ru</v8:lang>
				<v8:content>ДФ=dd.MM.yyyy</v8:content>
			</v8:item>
		</format>
	</format>
	<format>
		<font>6</font>
		<border>1</border>
		<height>45</height>
		<width>55</width>
		<horizontalAlignment>Right</horizontalAlignment>
		<fillType>Parameter</fillType>
		<format>
			<v8:item>
				<v8:lang>ru</v8:lang>
				<v8:content>ЧЦ=6; ЧДЦ=2; ЧН=-</v8:content>
			</v8:item>
		</format>
	</format>
	<format>
		<border>1</border>
		<verticalAlignment>Top</verticalAlignment>
		<textPlacement>Wrap</textPlacement>
		<fillType>Parameter</fillType>
	</format>
	<format>
		<font>0</font>
		<height>45</height>
	</format>
	<format>
		<font>0</font>
		<leftBorder>1</leftBorder>
		<topBorder>0</topBorder>
		<rightBorder>1</rightBorder>
		<bottomBorder>1</bottomBorder>
	</format>
	<format>
		<font>6</font>
		<topBorder>1</topBorder>
		<rightBorder>1</rightBorder>
		<bottomBorder>1</bottomBorder>
		<fillType>Parameter</fillType>
	</format>
	<format>
		<font>6</font>
		<topBorder>1</topBorder>
		<rightBorder>1</rightBorder>
		<bottomBorder>1</bottomBorder>
		<height>45</height>
		<width>235</width>
		<fillType>Parameter</fillType>
	</format>
	<format>
		<font>6</font>
		<topBorder>1</topBorder>
		<rightBorder>1</rightBorder>
		<bottomBorder>1</bottomBorder>
		<fillType>Parameter</fillType>
		<format>
			<v8:item>
				<v8:lang>ru</v8:lang>
				<v8:content>ДФ=dd.MM.yyyy</v8:content>
			</v8:item>
		</format>
	</format>
	<format>
		<font>6</font>
		<border>1</border>
		<height>45</height>
		<width>58</width>
		<horizontalAlignment>Right</horizontalAlignment>
		<fillType>Parameter</fillType>
		<format>
			<v8:item>
				<v8:lang>ru</v8:lang>
				<v8:content>ЧЦ=6; ЧДЦ=2; ЧН=-</v8:content>
			</v8:item>
		</format>
	</format>
	<format>
		<format>
			<v8:item>
				<v8:lang>ru</v8:lang>
				<v8:content>ЧЦ=15; ЧДЦ=2; ЧН=-</v8:content>
			</v8:item>
		</format>
	</format>
	<format>
		<font>5</font>
		<border>0</border>
		<horizontalAlignment>Left</horizontalAlignment>
		<verticalAlignment>Center</verticalAlignment>
		<textPlacement>Auto</textPlacement>
	</format>
	<format>
		<font>5</font>
		<border>0</border>
		<width>151</width>
		<horizontalAlignment>Center</horizontalAlignment>
		<verticalAlignment>Center</verticalAlignment>
		<textPlacement>Wrap</textPlacement>
	</format>
	<format>
		<width>93</width>
		<horizontalAlignment>Center</horizontalAlignment>
		<verticalAlignment>Center</verticalAlignment>
		<textPlacement>Wrap</textPlacement>
	</format>
	<format>
		<width>85</width>
		<horizontalAlignment>Center</horizontalAlignment>
		<verticalAlignment>Center</verticalAlignment>
		<textPlacement>Wrap</textPlacement>
	</format>
	<format>
		<font>5</font>
		<border>1</border>
		<width>62</width>
		<horizontalAlignment>Center</horizontalAlignment>
		<verticalAlignment>Center</verticalAlignment>
		<textPlacement>Wrap</textPlacement>
	</format>
	<format>
		<width>162</width>
		<horizontalAlignment>Center</horizontalAlignment>
		<verticalAlignment>Center</verticalAlignment>
		<textPlacement>Wrap</textPlacement>
	</format>
	<format>
		<font>5</font>
		<leftBorder>1</leftBorder>
		<topBorder>1</topBorder>
		<rightBorder>1</rightBorder>
		<width>151</width>
		<horizontalAlignment>Center</horizontalAlignment>
		<verticalAlignment>Center</verticalAlignment>
		<textPlacement>Wrap</textPlacement>
		<format>
			<v8:item>
				<v8:lang>ru</v8:lang>
				<v8:content>ЧЦ=15; ЧДЦ=2; ЧРД=.; ЧГ=0</v8:content>
			</v8:item>
		</format>
	</format>
	<format>
		<font>5</font>
		<border>1</border>
		<width>151</width>
		<horizontalAlignment>Center</horizontalAlignment>
		<verticalAlignment>Center</verticalAlignment>
		<textPlacement>Wrap</textPlacement>
		<format>
			<v8:item>
				<v8:lang>ru</v8:lang>
				<v8:content>ЧЦ=15; ЧДЦ=2; ЧРД=.; ЧГ=0</v8:content>
			</v8:item>
		</format>
	</format>
	<format>
		<font>7</font>
		<border>1</border>
		<width>93</width>
		<horizontalAlignment>Center</horizontalAlignment>
		<verticalAlignment>Center</verticalAlignment>
		<textPlacement>Wrap</textPlacement>
	</format>
	<format>
		<font>7</font>
		<border>1</border>
		<width>85</width>
		<horizontalAlignment>Center</horizontalAlignment>
		<verticalAlignment>Center</verticalAlignment>
		<textPlacement>Wrap</textPlacement>
	</format>
	<format>
		<font>3</font>
		<border>1</border>
	</format>
	<format>
		<font>3</font>
		<horizontalAlignment>Center</horizontalAlignment>
		<fillType>Text</fillType>
	</format>
	<format>
		<width>93</width>
		<fillType>Parameter</fillType>
	</format>
	<format>
		<width>85</width>
		<fillType>Parameter</fillType>
	</format>
	<format>
		<width>115</width>
		<fillType>Parameter</fillType>
	</format>
	<format>
		<font>3</font>
		<border>1</border>
		<horizontalAlignment>Left</horizontalAlignment>
		<verticalAlignment>Center</verticalAlignment>
		<fillType>Parameter</fillType>
	</format>
	<format>
		<font>5</font>
		<border>1</border>
		<width>62</width>
		<textPlacement>Wrap</textPlacement>
		<fillType>Parameter</fillType>
	</format>
	<format>
		<font>5</font>
		<width>162</width>
		<fillType>Parameter</fillType>
	</format>
	<format>
		<font>5</font>
		<border>1</border>
		<width>235</width>
		<textPlacement>Wrap</textPlacement>
		<fillType>Parameter</fillType>
		<format>
			<v8:item>
				<v8:lang>ru</v8:lang>
				<v8:content>ДФ=dd.MM.yyyy</v8:content>
			</v8:item>
		</format>
	</format>
	<format>
		<font>3</font>
		<border>1</border>
		<width>151</width>
		<horizontalAlignment>Right</horizontalAlignment>
		<verticalAlignment>Center</verticalAlignment>
		<fillType>Parameter</fillType>
		<format>
			<v8:item>
				<v8:lang>ru</v8:lang>
				<v8:content>ЧЦ=15; ЧДЦ=2; ЧРД=.; ЧГ=0</v8:content>
			</v8:item>
		</format>
	</format>
	<format>
		<font>3</font>
		<border>1</border>
		<width>151</width>
		<horizontalAlignment>Left</horizontalAlignment>
		<verticalAlignment>Center</verticalAlignment>
		<fillType>Parameter</fillType>
		<format>
			<v8:item>
				<v8:lang>ru</v8:lang>
				<v8:content>ЧЦ=15; ЧДЦ=2; ЧРД=.; ЧГ=0</v8:content>
			</v8:item>
		</format>
	</format>
	<format>
		<font>3</font>
		<border>1</border>
		<width>93</width>
		<horizontalAlignment>Right</horizontalAlignment>
		<verticalAlignment>Center</verticalAlignment>
		<fillType>Parameter</fillType>
		<format>
			<v8:item>
				<v8:lang>ru</v8:lang>
				<v8:content>ЧДЦ=2; ЧГ=</v8:content>
			</v8:item>
		</format>
	</format>
	<format>
		<font>7</font>
		<border>1</border>
		<width>85</width>
		<horizontalAlignment>Right</horizontalAlignment>
		<verticalAlignment>Center</verticalAlignment>
		<fillType>Parameter</fillType>
		<format>
			<v8:item>
				<v8:lang>ru</v8:lang>
				<v8:content>ЧДЦ=2; ЧГ=</v8:content>
			</v8:item>
		</format>
	</format>
	<format>
		<font>3</font>
		<border>1</border>
		<verticalAlignment>Center</verticalAlignment>
		<textPlacement>Wrap</textPlacement>
		<fillType>Parameter</fillType>
	</format>
	<format>
		<font>6</font>
		<topBorder>1</topBorder>
		<rightBorder>1</rightBorder>
		<bottomBorder>1</bottomBorder>
		<height>45</height>
		<width>62</width>
		<fillType>Parameter</fillType>
	</format>
	<format>
		<font>6</font>
		<topBorder>1</topBorder>
		<rightBorder>1</rightBorder>
		<bottomBorder>1</bottomBorder>
		<height>45</height>
		<width>235</width>
		<fillType>Parameter</fillType>
		<format>
			<v8:item>
				<v8:lang>ru</v8:lang>
				<v8:content>ДФ=dd.MM.yyyy</v8:content>
			</v8:item>
		</format>
	</format>
	<format>
		<font>3</font>
		<border>1</border>
		<horizontalAlignment>Left</horizontalAlignment>
		<verticalAlignment>Center</verticalAlignment>
		<fillType>Parameter</fillType>
		<format>
			<v8:item>
				<v8:lang>ru</v8:lang>
				<v8:content>ЧЦ=15; ЧДЦ=2; ЧРД=.; ЧГ=0</v8:content>
			</v8:item>
		</format>
	</format>
	<format>
		<font>3</font>
		<border>1</border>
		<horizontalAlignment>Right</horizontalAlignment>
		<verticalAlignment>Center</verticalAlignment>
		<fillType>Parameter</fillType>
		<format>
			<v8:item>
				<v8:lang>ru</v8:lang>
				<v8:content>ЧЦ=15; ЧДЦ=2; ЧРД=.; ЧГ=0</v8:content>
			</v8:item>
		</format>
	</format>
	<format>
		<font>8</font>
		<height>45</height>
	</format>
	<format>
		<font>0</font>
		<leftBorder>1</leftBorder>
		<topBorder>1</topBorder>
		<bottomBorder>1</bottomBorder>
	</format>
	<format>
		<font>0</font>
		<topBorder>1</topBorder>
		<rightBorder>1</rightBorder>
		<bottomBorder>1</bottomBorder>
	</format>
	<format>
		<font>0</font>
		<topBorder>1</topBorder>
		<rightBorder>1</rightBorder>
		<bottomBorder>1</bottomBorder>
		<height>45</height>
		<width>235</width>
	</format>
	<format>
		<font>0</font>
		<border>1</border>
		<width>151</width>
		<horizontalAlignment>Right</horizontalAlignment>
		<format>
			<v8:item>
				<v8:lang>ru</v8:lang>
				<v8:content>ЧЦ=15; ЧДЦ=2; ЧРД=.; ЧГ=0</v8:content>
			</v8:item>
		</format>
	</format>
	<format>
		<font>8</font>
		<border>1</border>
		<height>45</height>
		<width>93</width>
	</format>
	<format>
		<font>8</font>
		<border>1</border>
		<height>45</height>
		<width>85</width>
	</format>
	<format>
		<font>0</font>
		<border>1</border>
		<width>151</width>
		<horizontalAlignment>Right</horizontalAlignment>
		<fillType>Parameter</fillType>
		<format>
			<v8:item>
				<v8:lang>ru</v8:lang>
				<v8:content>ЧЦ=15; ЧДЦ=2; ЧРД=.; ЧГ=0</v8:content>
			</v8:item>
		</format>
	</format>
	<format>
		<font>0</font>
		<border>1</border>
		<height>45</height>
		<width>151</width>
		<horizontalAlignment>Right</horizontalAlignment>
		<fillType>Parameter</fillType>
		<format>
			<v8:item>
				<v8:lang>ru</v8:lang>
				<v8:content>ЧЦ=15; ЧДЦ=2; ЧРД=.; ЧГ=0</v8:content>
			</v8:item>
		</format>
	</format>
	<format>
		<font>0</font>
		<border>1</border>
	</format>
</document>