﻿<?xml version="1.0" encoding="UTF-8"?>
<MetaDataObject xmlns="http://v8.1c.ru/8.3/MDClasses" xmlns:app="http://v8.1c.ru/8.2/managed-application/core" xmlns:cfg="http://v8.1c.ru/8.1/data/enterprise/current-config" xmlns:cmi="http://v8.1c.ru/8.2/managed-application/cmi" xmlns:ent="http://v8.1c.ru/8.1/data/enterprise" xmlns:lf="http://v8.1c.ru/8.2/managed-application/logform" xmlns:style="http://v8.1c.ru/8.1/data/ui/style" xmlns:sys="http://v8.1c.ru/8.1/data/ui/fonts/system" xmlns:v8="http://v8.1c.ru/8.1/data/core" xmlns:v8ui="http://v8.1c.ru/8.1/data/ui" xmlns:web="http://v8.1c.ru/8.1/data/ui/colors/web" xmlns:win="http://v8.1c.ru/8.1/data/ui/colors/windows" xmlns:xen="http://v8.1c.ru/8.3/xcf/enums" xmlns:xpr="http://v8.1c.ru/8.3/xcf/predef" xmlns:xr="http://v8.1c.ru/8.3/xcf/readable" xmlns:xs="http://www.w3.org/2001/XMLSchema" xmlns:xsi="http://www.w3.org/2001/XMLSchema-instance">
	<DataProcessor uuid="e732e5d0-01c4-452e-b26d-35cc8497020b">
		<InnerInfo>
			<xr:producedType name="DataProcessorObject.ОбработкаОбновления" category="Object">
				<xr:typeId>96002331-14fc-4fb0-8c4e-d27148dabda2</xr:typeId>
				<xr:valTypeId>648df980-c376-4b1c-8698-7fedb8b08cf2</xr:valTypeId>
			</xr:producedType>
			<xr:producedType name="DataProcessorManager.ОбработкаОбновления" category="Manager">
				<xr:typeId>72cdd33f-9d9d-44e4-ba55-de7f7d3bc253</xr:typeId>
				<xr:valTypeId>4a9e0ff0-6be9-4d1f-a1fe-72c1edaabb47</xr:valTypeId>
			</xr:producedType>
		</InnerInfo>
		<Properties>
			<Name>ОбработкаОбновления</Name>
			<Synonym>
				<v8:item>
					<v8:lang>ru</v8:lang>
					<v8:content>Обработка обновления</v8:content>
				</v8:item>
			</Synonym>
			<Comment/>
			<UseStandardCommands>false</UseStandardCommands>
			<DefaultForm>DataProcessor.ОбработкаОбновления.Form.Форма</DefaultForm>
			<AuxiliaryForm/>
			<IncludeHelpInContents>true</IncludeHelpInContents>
			<ExtendedPresentation/>
			<Explanation/>
		</Properties>
		<ChildObjects>
			<Form>Форма</Form>
			<Template>ИзмененияВВерсиях</Template>
		</ChildObjects>
	</DataProcessor>
</MetaDataObject>