﻿<?xml version="1.0" encoding="UTF-8"?>
<document xmlns="http://v8.1c.ru/8.2/data/spreadsheet" xmlns:style="http://v8.1c.ru/8.1/data/ui/style" xmlns:v8="http://v8.1c.ru/8.1/data/core" xmlns:v8ui="http://v8.1c.ru/8.1/data/ui" xmlns:xs="http://www.w3.org/2001/XMLSchema" xmlns:xsi="http://www.w3.org/2001/XMLSchema-instance">
	<languageSettings>
		<currentLanguage>ru</currentLanguage>
		<defaultLanguage>ru</defaultLanguage>
		<languageInfo>
			<id>ru</id>
			<code>Русский</code>
			<description>Русский</description>
		</languageInfo>
	</languageSettings>
	<columns>
		<size>16</size>
		<columnsItem>
			<index>0</index>
			<column>
				<formatIndex>1</formatIndex>
			</column>
		</columnsItem>
		<columnsItem>
			<index>2</index>
			<column>
				<formatIndex>2</formatIndex>
			</column>
		</columnsItem>
		<columnsItem>
			<index>3</index>
			<column>
				<formatIndex>3</formatIndex>
			</column>
		</columnsItem>
		<columnsItem>
			<index>6</index>
			<column>
				<formatIndex>4</formatIndex>
			</column>
		</columnsItem>
		<columnsItem>
			<index>7</index>
			<column>
				<formatIndex>5</formatIndex>
			</column>
		</columnsItem>
		<columnsItem>
			<index>8</index>
			<column>
				<formatIndex>4</formatIndex>
			</column>
		</columnsItem>
		<columnsItem>
			<index>10</index>
			<column>
				<formatIndex>6</formatIndex>
			</column>
		</columnsItem>
		<columnsItem>
			<index>12</index>
			<column>
				<formatIndex>7</formatIndex>
			</column>
		</columnsItem>
		<columnsItem>
			<index>14</index>
			<column>
				<formatIndex>8</formatIndex>
			</column>
		</columnsItem>
		<columnsItem>
			<index>15</index>
			<column>
				<formatIndex>9</formatIndex>
			</column>
		</columnsItem>
	</columns>
	<rowsItem>
		<index>0</index>
		<row>
			<formatIndex>10</formatIndex>
			<c>
				<i>15</i>
				<c>
					<f>11</f>
					<tl>
						<v8:item>
							<v8:lang>ru</v8:lang>
							<v8:content>Унифицированная форма № Т-11а
Утверждена постановлением Госкомстата РФ
от 5 января 2004 г. № 1</v8:content>
						</v8:item>
					</tl>
				</c>
			</c>
		</row>
	</rowsItem>
	<rowsItem>
		<index>1</index>
		<row>
			<formatIndex>10</formatIndex>
			<empty>true</empty>
		</row>
	</rowsItem>
	<rowsItem>
		<index>2</index>
		<row>
			<formatIndex>10</formatIndex>
			<c>
				<i>15</i>
				<c>
					<f>12</f>
					<tl>
						<v8:item>
							<v8:lang>ru</v8:lang>
							<v8:content>Код</v8:content>
						</v8:item>
					</tl>
				</c>
			</c>
		</row>
	</rowsItem>
	<rowsItem>
		<index>3</index>
		<row>
			<formatIndex>10</formatIndex>
			<c>
				<i>14</i>
				<c>
					<f>13</f>
					<tl>
						<v8:item>
							<v8:lang>ru</v8:lang>
							<v8:content>Форма по ОКУД</v8:content>
						</v8:item>
					</tl>
				</c>
			</c>
			<c>
				<c>
					<f>12</f>
					<tl>
						<v8:item>
							<v8:lang>ru</v8:lang>
							<v8:content>0301026</v8:content>
						</v8:item>
					</tl>
				</c>
			</c>
		</row>
	</rowsItem>
	<rowsItem>
		<index>4</index>
		<row>
			<formatIndex>10</formatIndex>
			<c>
				<c>
					<f>14</f>
					<parameter>Организация</parameter>
				</c>
			</c>
			<c>
				<i>14</i>
				<c>
					<f>13</f>
					<tl>
						<v8:item>
							<v8:lang>ru</v8:lang>
							<v8:content>по ОКПО</v8:content>
						</v8:item>
					</tl>
				</c>
			</c>
			<c>
				<c>
					<f>15</f>
					<parameter>ОКПО</parameter>
				</c>
			</c>
		</row>
	</rowsItem>
	<rowsItem>
		<index>5</index>
		<row>
			<formatIndex>10</formatIndex>
			<c>
				<c>
					<f>16</f>
					<tl>
						<v8:item>
							<v8:lang>ru</v8:lang>
							<v8:content>наименование организации</v8:content>
						</v8:item>
					</tl>
				</c>
			</c>
		</row>
	</rowsItem>
	<rowsItem>
		<index>6</index>
		<row>
			<formatIndex>10</formatIndex>
			<empty>true</empty>
		</row>
	</rowsItem>
	<rowsItem>
		<index>7</index>
		<row>
			<formatIndex>10</formatIndex>
			<c>
				<i>12</i>
				<c>
					<f>12</f>
					<tl>
						<v8:item>
							<v8:lang>ru</v8:lang>
							<v8:content>Номер документа</v8:content>
						</v8:item>
					</tl>
				</c>
			</c>
			<c>
				<i>14</i>
				<c>
					<f>12</f>
					<tl>
						<v8:item>
							<v8:lang>ru</v8:lang>
							<v8:content>Дата составления</v8:content>
						</v8:item>
					</tl>
				</c>
			</c>
		</row>
	</rowsItem>
	<rowsItem>
		<index>8</index>
		<row>
			<formatIndex>10</formatIndex>
			<c>
				<i>7</i>
				<c>
					<f>17</f>
					<tl>
						<v8:item>
							<v8:lang>ru</v8:lang>
							<v8:content>Приказ</v8:content>
						</v8:item>
					</tl>
				</c>
			</c>
			<c>
				<i>12</i>
				<c>
					<f>15</f>
					<parameter>НомерДок</parameter>
				</c>
			</c>
			<c>
				<i>14</i>
				<c>
					<f>15</f>
					<parameter>ДатаДок</parameter>
				</c>
			</c>
		</row>
	</rowsItem>
	<rowsItem>
		<index>9</index>
		<row>
			<formatIndex>10</formatIndex>
			<c>
				<i>7</i>
				<c>
					<f>18</f>
					<tl>
						<v8:item>
							<v8:lang>ru</v8:lang>
							<v8:content>(распоряжение)</v8:content>
						</v8:item>
					</tl>
				</c>
			</c>
		</row>
	</rowsItem>
	<rowsItem>
		<index>10</index>
		<row>
			<formatIndex>10</formatIndex>
			<c>
				<i>7</i>
				<c>
					<f>18</f>
					<tl>
						<v8:item>
							<v8:lang>ru</v8:lang>
							<v8:content>о поощрении работников</v8:content>
						</v8:item>
					</tl>
				</c>
			</c>
		</row>
	</rowsItem>
	<rowsItem>
		<index>11</index>
		<row>
			<formatIndex>10</formatIndex>
			<empty>true</empty>
		</row>
	</rowsItem>
	<rowsItem>
		<index>12</index>
		<row>
			<formatIndex>10</formatIndex>
			<c>
				<c>
					<f>19</f>
					<parameter>МотивПоощрения</parameter>
				</c>
			</c>
			<c>
				<i>15</i>
				<c>
					<f>20</f>
				</c>
			</c>
		</row>
	</rowsItem>
	<rowsItem>
		<index>13</index>
		<row>
			<formatIndex>10</formatIndex>
			<c>
				<c>
					<f>16</f>
					<tl>
						<v8:item>
							<v8:lang>ru</v8:lang>
							<v8:content>мотив поощрения</v8:content>
						</v8:item>
					</tl>
				</c>
			</c>
			<c>
				<i>15</i>
				<c>
					<f>16</f>
				</c>
			</c>
		</row>
	</rowsItem>
	<rowsItem>
		<index>14</index>
		<row>
			<formatIndex>10</formatIndex>
			<c>
				<c>
					<f>21</f>
				</c>
			</c>
		</row>
	</rowsItem>
	<rowsItem>
		<index>15</index>
		<row>
			<formatIndex>10</formatIndex>
			<c>
				<c>
					<f>22</f>
					<parameter>ВидПоощрения</parameter>
				</c>
			</c>
			<c>
				<i>15</i>
				<c>
					<f>20</f>
				</c>
			</c>
		</row>
	</rowsItem>
	<rowsItem>
		<index>16</index>
		<row>
			<formatIndex>10</formatIndex>
			<c>
				<c>
					<f>23</f>
					<tl>
						<v8:item>
							<v8:lang>ru</v8:lang>
							<v8:content>вид поощрения (благодарность, ценный подарок, премия и др. - указать)</v8:content>
						</v8:item>
					</tl>
				</c>
			</c>
			<c>
				<i>15</i>
				<c>
					<f>23</f>
				</c>
			</c>
		</row>
	</rowsItem>
	<rowsItem>
		<index>17</index>
		<row>
			<formatIndex>24</formatIndex>
			<empty>true</empty>
		</row>
	</rowsItem>
	<rowsItem>
		<index>18</index>
		<row>
			<formatIndex>25</formatIndex>
			<c>
				<c>
					<f>26</f>
					<tl>
						<v8:item>
							<v8:lang>ru</v8:lang>
							<v8:content>Фамилия, имя,
отчество</v8:content>
						</v8:item>
					</tl>
				</c>
			</c>
			<c>
				<i>4</i>
				<c>
					<f>27</f>
					<tl>
						<v8:item>
							<v8:lang>ru</v8:lang>
							<v8:content>Табельный
номер</v8:content>
						</v8:item>
					</tl>
				</c>
			</c>
			<c>
				<i>6</i>
				<c>
					<f>27</f>
					<tl>
						<v8:item>
							<v8:lang>ru</v8:lang>
							<v8:content>Структурное
подразделение</v8:content>
						</v8:item>
					</tl>
				</c>
			</c>
			<c>
				<i>8</i>
				<c>
					<f>27</f>
					<tl>
						<v8:item>
							<v8:lang>ru</v8:lang>
							<v8:content>Должность
(специальность, профессия)</v8:content>
						</v8:item>
					</tl>
				</c>
			</c>
			<c>
				<i>11</i>
				<c>
					<f>28</f>
					<tl>
						<v8:item>
							<v8:lang>ru</v8:lang>
							<v8:content>Сумма,
руб.</v8:content>
						</v8:item>
					</tl>
				</c>
			</c>
			<c>
				<i>13</i>
				<c>
					<f>26</f>
					<tl>
						<v8:item>
							<v8:lang>ru</v8:lang>
							<v8:content>С приказом (распоряжением)
работник ознакомлен.
Личная подпись работника.</v8:content>
						</v8:item>
					</tl>
				</c>
			</c>
		</row>
	</rowsItem>
	<rowsItem>
		<index>19</index>
		<row>
			<formatIndex>29</formatIndex>
			<c>
				<c>
					<f>30</f>
					<tl>
						<v8:item>
							<v8:lang>ru</v8:lang>
							<v8:content>1</v8:content>
						</v8:item>
					</tl>
				</c>
			</c>
			<c>
				<i>4</i>
				<c>
					<f>30</f>
					<tl>
						<v8:item>
							<v8:lang>ru</v8:lang>
							<v8:content>2</v8:content>
						</v8:item>
					</tl>
				</c>
			</c>
			<c>
				<i>6</i>
				<c>
					<f>30</f>
					<tl>
						<v8:item>
							<v8:lang>ru</v8:lang>
							<v8:content>3</v8:content>
						</v8:item>
					</tl>
				</c>
			</c>
			<c>
				<i>8</i>
				<c>
					<f>30</f>
					<tl>
						<v8:item>
							<v8:lang>ru</v8:lang>
							<v8:content>4</v8:content>
						</v8:item>
					</tl>
				</c>
			</c>
			<c>
				<i>11</i>
				<c>
					<f>30</f>
					<tl>
						<v8:item>
							<v8:lang>ru</v8:lang>
							<v8:content>5</v8:content>
						</v8:item>
					</tl>
				</c>
			</c>
			<c>
				<i>13</i>
				<c>
					<f>30</f>
					<tl>
						<v8:item>
							<v8:lang>ru</v8:lang>
							<v8:content>6</v8:content>
						</v8:item>
					</tl>
				</c>
			</c>
		</row>
	</rowsItem>
	<rowsItem>
		<index>20</index>
		<row>
			<formatIndex>31</formatIndex>
			<c>
				<c>
					<f>32</f>
					<parameter>ФИО</parameter>
				</c>
			</c>
			<c>
				<i>4</i>
				<c>
					<f>33</f>
					<parameter>ТН</parameter>
				</c>
			</c>
			<c>
				<i>6</i>
				<c>
					<f>32</f>
					<parameter>Подразделение</parameter>
				</c>
			</c>
			<c>
				<i>8</i>
				<c>
					<f>32</f>
					<parameter>Должность</parameter>
				</c>
			</c>
			<c>
				<i>11</i>
				<c>
					<f>34</f>
					<parameter>Сумма</parameter>
				</c>
			</c>
			<c>
				<i>13</i>
				<c>
					<f>35</f>
				</c>
			</c>
		</row>
	</rowsItem>
	<rowsItem>
		<index>21</index>
		<row>
			<formatIndex>36</formatIndex>
			<empty>true</empty>
		</row>
	</rowsItem>
	<rowsItem>
		<index>22</index>
		<row>
			<formatIndex>37</formatIndex>
			<c>
				<c>
					<f>38</f>
					<tl>
						<v8:item>
							<v8:lang>ru</v8:lang>
							<v8:content>Основание:</v8:content>
						</v8:item>
					</tl>
				</c>
			</c>
			<c>
				<c>
					<f>39</f>
					<parameter>Основание</parameter>
				</c>
			</c>
		</row>
	</rowsItem>
	<rowsItem>
		<index>23</index>
		<row>
			<formatIndex>37</formatIndex>
			<c>
				<c>
					<f>21</f>
				</c>
			</c>
		</row>
	</rowsItem>
	<rowsItem>
		<index>24</index>
		<row>
			<formatIndex>37</formatIndex>
			<c>
				<c>
					<f>21</f>
				</c>
			</c>
		</row>
	</rowsItem>
	<rowsItem>
		<index>25</index>
		<row>
			<formatIndex>10</formatIndex>
			<empty>true</empty>
		</row>
	</rowsItem>
	<rowsItem>
		<index>26</index>
		<row>
			<formatIndex>10</formatIndex>
			<c>
				<c>
					<f>40</f>
					<tl>
						<v8:item>
							<v8:lang>ru</v8:lang>
							<v8:content>Руководитель организации</v8:content>
						</v8:item>
					</tl>
				</c>
			</c>
			<c>
				<i>3</i>
				<c>
					<f>41</f>
					<parameter>ДолжностьРуководителя</parameter>
				</c>
			</c>
			<c>
				<i>6</i>
				<c>
					<f>42</f>
				</c>
			</c>
			<c>
				<c>
					<f>43</f>
				</c>
			</c>
			<c>
				<c>
					<f>42</f>
				</c>
			</c>
			<c>
				<c>
					<f>41</f>
					<parameter>РасшифровкаПодписи</parameter>
				</c>
			</c>
		</row>
	</rowsItem>
	<rowsItem>
		<index>27</index>
		<row>
			<formatIndex>10</formatIndex>
			<c>
				<i>3</i>
				<c>
					<f>16</f>
					<tl>
						<v8:item>
							<v8:lang>ru</v8:lang>
							<v8:content>должность руководителя</v8:content>
						</v8:item>
					</tl>
				</c>
			</c>
			<c>
				<i>7</i>
				<c>
					<f>16</f>
					<tl>
						<v8:item>
							<v8:lang>ru</v8:lang>
							<v8:content>личная подпись</v8:content>
						</v8:item>
					</tl>
				</c>
			</c>
			<c>
				<i>9</i>
				<c>
					<f>16</f>
					<tl>
						<v8:item>
							<v8:lang>ru</v8:lang>
							<v8:content>расшифровка подписи</v8:content>
						</v8:item>
					</tl>
				</c>
			</c>
		</row>
	</rowsItem>
	<leftHeader>
		<f>44</f>
	</leftHeader>
	<leftFooter>
		<f>44</f>
	</leftFooter>
	<templateMode>true</templateMode>
	<defaultFormatIndex>45</defaultFormatIndex>
	<height>28</height>
	<vgRows>28</vgRows>
	<merge>
		<r>4</r>
		<c>0</c>
		<w>13</w>
	</merge>
	<merge>
		<r>5</r>
		<c>0</c>
		<w>13</w>
	</merge>
	<merge>
		<r>7</r>
		<c>12</c>
		<w>1</w>
	</merge>
	<merge>
		<r>7</r>
		<c>14</c>
		<w>1</w>
	</merge>
	<merge>
		<r>8</r>
		<c>12</c>
		<w>1</w>
	</merge>
	<merge>
		<r>8</r>
		<c>14</c>
		<w>1</w>
	</merge>
	<merge>
		<r>12</r>
		<c>0</c>
		<w>14</w>
	</merge>
	<merge>
		<r>13</r>
		<c>0</c>
		<w>14</w>
	</merge>
	<merge>
		<r>14</r>
		<c>0</c>
		<w>15</w>
	</merge>
	<merge>
		<r>15</r>
		<c>0</c>
		<w>14</w>
	</merge>
	<merge>
		<r>16</r>
		<c>0</c>
		<w>14</w>
	</merge>
	<merge>
		<r>18</r>
		<c>0</c>
		<w>3</w>
	</merge>
	<merge>
		<r>18</r>
		<c>4</c>
		<w>1</w>
	</merge>
	<merge>
		<r>18</r>
		<c>6</c>
		<w>1</w>
	</merge>
	<merge>
		<r>18</r>
		<c>8</c>
		<w>2</w>
	</merge>
	<merge>
		<r>18</r>
		<c>11</c>
		<w>1</w>
	</merge>
	<merge>
		<r>18</r>
		<c>13</c>
		<w>2</w>
	</merge>
	<merge>
		<r>19</r>
		<c>0</c>
		<w>3</w>
	</merge>
	<merge>
		<r>19</r>
		<c>4</c>
		<w>1</w>
	</merge>
	<merge>
		<r>19</r>
		<c>6</c>
		<w>1</w>
	</merge>
	<merge>
		<r>19</r>
		<c>8</c>
		<w>2</w>
	</merge>
	<merge>
		<r>19</r>
		<c>11</c>
		<w>1</w>
	</merge>
	<merge>
		<r>19</r>
		<c>13</c>
		<w>2</w>
	</merge>
	<merge>
		<r>20</r>
		<c>0</c>
		<w>3</w>
	</merge>
	<merge>
		<r>20</r>
		<c>4</c>
		<w>1</w>
	</merge>
	<merge>
		<r>20</r>
		<c>6</c>
		<w>1</w>
	</merge>
	<merge>
		<r>20</r>
		<c>8</c>
		<w>2</w>
	</merge>
	<merge>
		<r>20</r>
		<c>11</c>
		<w>1</w>
	</merge>
	<merge>
		<r>20</r>
		<c>13</c>
		<w>2</w>
	</merge>
	<merge>
		<r>22</r>
		<c>1</c>
		<w>14</w>
	</merge>
	<merge>
		<r>23</r>
		<c>0</c>
		<w>15</w>
	</merge>
	<merge>
		<r>24</r>
		<c>0</c>
		<w>15</w>
	</merge>
	<merge>
		<r>26</r>
		<c>3</c>
		<w>2</w>
	</merge>
	<merge>
		<r>26</r>
		<c>9</c>
		<w>1</w>
	</merge>
	<merge>
		<r>27</r>
		<c>3</c>
		<w>2</w>
	</merge>
	<merge>
		<r>27</r>
		<c>9</c>
		<w>1</w>
	</merge>
	<namedItem xsi:type="NamedItemCells">
		<name>Подвал</name>
		<area>
			<type>Rows</type>
			<beginRow>21</beginRow>
			<endRow>27</endRow>
			<beginColumn>-1</beginColumn>
			<endColumn>-1</endColumn>
		</area>
	</namedItem>
	<namedItem xsi:type="NamedItemCells">
		<name>Сотрудник</name>
		<area>
			<type>Rows</type>
			<beginRow>20</beginRow>
			<endRow>20</endRow>
			<beginColumn>-1</beginColumn>
			<endColumn>-1</endColumn>
		</area>
	</namedItem>
	<namedItem xsi:type="NamedItemCells">
		<name>Шапка</name>
		<area>
			<type>Rows</type>
			<beginRow>0</beginRow>
			<endRow>19</endRow>
			<beginColumn>-1</beginColumn>
			<endColumn>-1</endColumn>
		</area>
	</namedItem>
	<line width="1" gap="false">
		<v8ui:style xsi:type="v8ui:SpreadsheetDocumentCellLineType">Solid</v8ui:style>
	</line>
	<line width="0" gap="false">
		<v8ui:style xsi:type="v8ui:SpreadsheetDocumentCellLineType">None</v8ui:style>
	</line>
	<font faceName="Arial" height="9.8" bold="false" italic="false" underline="false" strikeout="false" kind="Absolute"/>
	<font faceName="Arial" height="14.3" bold="true" italic="false" underline="false" strikeout="false" kind="Absolute"/>
	<font faceName="Arial" height="14.3" bold="true" italic="false" underline="false" strikeout="false" kind="Absolute"/>
	<font faceName="Arial" height="12" bold="false" italic="false" underline="false" strikeout="false" kind="Absolute"/>
	<font faceName="Arial" height="12" bold="true" italic="false" underline="false" strikeout="false" kind="Absolute"/>
	<font faceName="Arial" height="9" bold="false" italic="false" underline="false" strikeout="false" kind="Absolute"/>
	<font faceName="Arial" height="9" bold="true" italic="false" underline="false" strikeout="false" kind="Absolute"/>
	<format>
		<width>88</width>
	</format>
	<format>
		<width>32</width>
	</format>
	<format>
		<width>103</width>
	</format>
	<format>
		<width>6</width>
	</format>
	<format>
		<width>144</width>
	</format>
	<format>
		<width>135</width>
	</format>
	<format>
		<width>70</width>
	</format>
	<format>
		<width>49</width>
	</format>
	<format>
		<width>170</width>
	</format>
	<format>
		<height>0</height>
	</format>
	<format>
		<horizontalAlignment>Right</horizontalAlignment>
	</format>
	<format>
		<font>0</font>
		<border>0</border>
		<horizontalAlignment>Center</horizontalAlignment>
		<verticalAlignment>Center</verticalAlignment>
	</format>
	<format>
		<font>0</font>
		<horizontalAlignment>Right</horizontalAlignment>
		<verticalAlignment>Center</verticalAlignment>
	</format>
	<format>
		<font>1</font>
		<leftBorder>1</leftBorder>
		<rightBorder>1</rightBorder>
		<bottomBorder>0</bottomBorder>
		<horizontalAlignment>Center</horizontalAlignment>
		<textPlacement>Wrap</textPlacement>
		<fillType>Parameter</fillType>
	</format>
	<format>
		<font>0</font>
		<border>0</border>
		<horizontalAlignment>Center</horizontalAlignment>
		<verticalAlignment>Center</verticalAlignment>
		<fillType>Parameter</fillType>
	</format>
	<format>
		<horizontalAlignment>Center</horizontalAlignment>
		<verticalAlignment>Top</verticalAlignment>
	</format>
	<format>
		<font>1</font>
		<horizontalAlignment>Center</horizontalAlignment>
	</format>
	<format>
		<font>2</font>
		<horizontalAlignment>Center</horizontalAlignment>
		<verticalAlignment>Center</verticalAlignment>
	</format>
	<format>
		<font>3</font>
		<bottomBorder>0</bottomBorder>
		<horizontalAlignment>Center</horizontalAlignment>
		<verticalAlignment>Center</verticalAlignment>
		<textPlacement>Wrap</textPlacement>
		<fillType>Parameter</fillType>
	</format>
	<format>
		<font>4</font>
		<bottomBorder>0</bottomBorder>
		<horizontalAlignment>Center</horizontalAlignment>
		<verticalAlignment>Center</verticalAlignment>
		<fillType>Text</fillType>
	</format>
	<format>
		<bottomBorder>0</bottomBorder>
	</format>
	<format>
		<font>3</font>
		<bottomBorder>0</bottomBorder>
		<horizontalAlignment>Center</horizontalAlignment>
		<verticalAlignment>Center</verticalAlignment>
		<textPlacement>Wrap</textPlacement>
		<fillType>Parameter</fillType>
		<protection>true</protection>
	</format>
	<format>
		<horizontalAlignment>Center</horizontalAlignment>
		<verticalAlignment>Center</verticalAlignment>
	</format>
	<format>
		<height>27</height>
	</format>
	<format>
		<height>156</height>
	</format>
	<format>
		<font>0</font>
		<border>0</border>
		<horizontalAlignment>Center</horizontalAlignment>
		<verticalAlignment>Top</verticalAlignment>
		<textPlacement>Wrap</textPlacement>
	</format>
	<format>
		<font>0</font>
		<border>0</border>
		<horizontalAlignment>Center</horizontalAlignment>
		<verticalAlignment>Top</verticalAlignment>
	</format>
	<format>
		<font>0</font>
		<leftBorder>0</leftBorder>
		<topBorder>0</topBorder>
		<horizontalAlignment>Center</horizontalAlignment>
		<verticalAlignment>Top</verticalAlignment>
		<fillType>Text</fillType>
	</format>
	<format>
		<font>0</font>
		<border>1</border>
		<height>-45</height>
		<horizontalAlignment>Center</horizontalAlignment>
		<verticalAlignment>Center</verticalAlignment>
	</format>
	<format>
		<border>0</border>
	</format>
	<format>
		<font>0</font>
		<border>1</border>
		<height>126</height>
		<horizontalAlignment>Center</horizontalAlignment>
		<verticalAlignment>Center</verticalAlignment>
	</format>
	<format>
		<font>5</font>
		<border>0</border>
		<horizontalAlignment>Left</horizontalAlignment>
		<textPlacement>Wrap</textPlacement>
		<fillType>Parameter</fillType>
	</format>
	<format>
		<font>5</font>
		<border>0</border>
		<textPlacement>Wrap</textPlacement>
		<fillType>Parameter</fillType>
	</format>
	<format>
		<font>5</font>
		<border>0</border>
		<horizontalAlignment>Right</horizontalAlignment>
		<textPlacement>Wrap</textPlacement>
		<fillType>Parameter</fillType>
		<format>
			<v8:item>
				<v8:lang>ru</v8:lang>
				<v8:content>ЧДЦ=2; ЧГ=</v8:content>
			</v8:item>
		</format>
	</format>
	<format>
		<font>5</font>
		<border>0</border>
		<textPlacement>Wrap</textPlacement>
		<fillType>Text</fillType>
	</format>
	<format>
		<height>36</height>
	</format>
	<format>
		<height>66</height>
	</format>
	<format>
		<font>0</font>
		<bottomBorder>0</bottomBorder>
	</format>
	<format>
		<font>0</font>
		<bottomBorder>0</bottomBorder>
		<textPlacement>Wrap</textPlacement>
		<fillType>Parameter</fillType>
	</format>
	<format>
		<font>6</font>
	</format>
	<format>
		<font>0</font>
		<bottomBorder>0</bottomBorder>
		<horizontalAlignment>Center</horizontalAlignment>
		<textPlacement>Wrap</textPlacement>
		<fillType>Parameter</fillType>
	</format>
	<format>
		<textPlacement>Wrap</textPlacement>
	</format>
	<format>
		<bottomBorder>0</bottomBorder>
		<textPlacement>Wrap</textPlacement>
	</format>
	<format/>
	<format>
		<width>72</width>
	</format>
</document>