﻿<?xml version="1.0" encoding="UTF-8"?>
<MetaDataObject xmlns="http://v8.1c.ru/8.3/MDClasses" xmlns:app="http://v8.1c.ru/8.2/managed-application/core" xmlns:cfg="http://v8.1c.ru/8.1/data/enterprise/current-config" xmlns:cmi="http://v8.1c.ru/8.2/managed-application/cmi" xmlns:ent="http://v8.1c.ru/8.1/data/enterprise" xmlns:lf="http://v8.1c.ru/8.2/managed-application/logform" xmlns:style="http://v8.1c.ru/8.1/data/ui/style" xmlns:sys="http://v8.1c.ru/8.1/data/ui/fonts/system" xmlns:v8="http://v8.1c.ru/8.1/data/core" xmlns:v8ui="http://v8.1c.ru/8.1/data/ui" xmlns:web="http://v8.1c.ru/8.1/data/ui/colors/web" xmlns:win="http://v8.1c.ru/8.1/data/ui/colors/windows" xmlns:xen="http://v8.1c.ru/8.3/xcf/enums" xmlns:xpr="http://v8.1c.ru/8.3/xcf/predef" xmlns:xr="http://v8.1c.ru/8.3/xcf/readable" xmlns:xs="http://www.w3.org/2001/XMLSchema" xmlns:xsi="http://www.w3.org/2001/XMLSchema-instance">
	<DataProcessor uuid="622e9611-a988-44b4-8db9-123b8fb59d16">
		<InnerInfo>
			<xr:producedType name="DataProcessorObject.ФормаТ13" category="Object">
				<xr:typeId>604c9daf-cbf3-4df0-8775-c7aa56786089</xr:typeId>
				<xr:valTypeId>958f5be3-dd3c-4b34-94cc-4f177c71d79e</xr:valTypeId>
			</xr:producedType>
			<xr:producedType name="DataProcessorManager.ФормаТ13" category="Manager">
				<xr:typeId>fcc7d6aa-6c40-436c-9772-013726324deb</xr:typeId>
				<xr:valTypeId>38b13115-60ad-4d1d-97af-1653b5f2a6cb</xr:valTypeId>
			</xr:producedType>
		</InnerInfo>
		<Properties>
			<Name>ФормаТ13</Name>
			<Synonym>
				<v8:item>
					<v8:lang>ru</v8:lang>
					<v8:content>Форма т - 13</v8:content>
				</v8:item>
			</Synonym>
			<Comment/>
			<UseStandardCommands>false</UseStandardCommands>
			<DefaultForm>DataProcessor.ФормаТ13.Form.ФормаТ13</DefaultForm>
			<AuxiliaryForm/>
			<IncludeHelpInContents>true</IncludeHelpInContents>
			<ExtendedPresentation/>
			<Explanation/>
		</Properties>
		<ChildObjects>
			<Form>ФормаТ13</Form>
			<Template>Макет</Template>
			<Template>Форма0504421</Template>
		</ChildObjects>
	</DataProcessor>
</MetaDataObject>