﻿<?xml version="1.0" encoding="UTF-8"?>
<MetaDataObject xmlns="http://v8.1c.ru/8.3/MDClasses" xmlns:app="http://v8.1c.ru/8.2/managed-application/core" xmlns:cfg="http://v8.1c.ru/8.1/data/enterprise/current-config" xmlns:cmi="http://v8.1c.ru/8.2/managed-application/cmi" xmlns:ent="http://v8.1c.ru/8.1/data/enterprise" xmlns:lf="http://v8.1c.ru/8.2/managed-application/logform" xmlns:style="http://v8.1c.ru/8.1/data/ui/style" xmlns:sys="http://v8.1c.ru/8.1/data/ui/fonts/system" xmlns:v8="http://v8.1c.ru/8.1/data/core" xmlns:v8ui="http://v8.1c.ru/8.1/data/ui" xmlns:web="http://v8.1c.ru/8.1/data/ui/colors/web" xmlns:win="http://v8.1c.ru/8.1/data/ui/colors/windows" xmlns:xen="http://v8.1c.ru/8.3/xcf/enums" xmlns:xpr="http://v8.1c.ru/8.3/xcf/predef" xmlns:xr="http://v8.1c.ru/8.3/xcf/readable" xmlns:xs="http://www.w3.org/2001/XMLSchema" xmlns:xsi="http://www.w3.org/2001/XMLSchema-instance">
	<ChartOfCharacteristicTypes uuid="ac42f67e-dc0c-478d-b29c-32f0f430680c">
		<InnerInfo>
			<xr:producedType name="ChartOfCharacteristicTypesObject.НазначенияСвойствКатегорийОбъектов" category="Object">
				<xr:typeId>003ecd19-bc77-4394-897e-30faa1823ae5</xr:typeId>
				<xr:valTypeId>7d16646d-c489-4ff8-9e19-8d8886032dd4</xr:valTypeId>
			</xr:producedType>
			<xr:producedType name="ChartOfCharacteristicTypesRef.НазначенияСвойствКатегорийОбъектов" category="Ref">
				<xr:typeId>8af741a3-52e3-4680-82ae-88546860653c</xr:typeId>
				<xr:valTypeId>0cec8965-e459-4e2a-b14d-0aa50e3b9a5e</xr:valTypeId>
			</xr:producedType>
			<xr:producedType name="ChartOfCharacteristicTypesSelection.НазначенияСвойствКатегорийОбъектов" category="Selection">
				<xr:typeId>c8d23c85-01a2-495c-ba18-7e3dc87dabb8</xr:typeId>
				<xr:valTypeId>c5c1fb72-555d-4fbc-acf7-4556cfb7a0a3</xr:valTypeId>
			</xr:producedType>
			<xr:producedType name="ChartOfCharacteristicTypesList.НазначенияСвойствКатегорийОбъектов" category="List">
				<xr:typeId>84d6093b-413e-4062-83df-ebbbaccf2bcf</xr:typeId>
				<xr:valTypeId>989a03a6-0cd0-494e-82a3-85f738ef0996</xr:valTypeId>
			</xr:producedType>
			<xr:producedType name="Characteristic.НазначенияСвойствКатегорийОбъектов" category="Characteristic">
				<xr:typeId>a8b073d1-0b34-4809-ba30-14ee5a4275f2</xr:typeId>
				<xr:valTypeId>8ea59eff-7ad5-40a9-8a01-785d6823e4bb</xr:valTypeId>
			</xr:producedType>
			<xr:producedType name="ChartOfCharacteristicTypesManager.НазначенияСвойствКатегорийОбъектов" category="Manager">
				<xr:typeId>156cc1c5-8ad3-4dae-be8d-589401d49efe</xr:typeId>
				<xr:valTypeId>e9218084-983a-491e-80c1-41a246d6b4c1</xr:valTypeId>
			</xr:producedType>
		</InnerInfo>
		<Properties>
			<Name>НазначенияСвойствКатегорийОбъектов</Name>
			<Synonym>
				<v8:item>
					<v8:lang>ru</v8:lang>
					<v8:content>Назначения свойств категорий объектов</v8:content>
				</v8:item>
			</Synonym>
			<Comment>В плане видов характеристик хранятся назначения категорий и свойств объектов</Comment>
			<UseStandardCommands>false</UseStandardCommands>
			<IncludeHelpInContents>true</IncludeHelpInContents>
			<CharacteristicExtValues/>
			<Type>
				<v8:Type>cfg:DocumentRef.упоЗакрытиеПроектнойВехи</v8:Type>
				<v8:Type>cfg:DocumentRef.упоРегистрацияФактическихДвиженийДенежныхСредств</v8:Type>
				<v8:Type>cfg:DocumentRef.упоПроектнаяВеха</v8:Type>
				<v8:Type>cfg:DocumentRef.упоСмещениеВладельцаРесурсов</v8:Type>
				<v8:Type>cfg:DocumentRef.упоРегистрацияДиспетчера</v8:Type>
				<v8:Type>cfg:DocumentRef.упоРегистрацияРолейТрудовогоРесурса</v8:Type>
				<v8:Type>cfg:CatalogRef.упоПричиныЭскалаций</v8:Type>
				<v8:Type>cfg:DocumentRef.упоСохранениеВерсииПланаДоходовИРасходов</v8:Type>
				<v8:Type>cfg:CatalogRef.упоПрограммыПроектов</v8:Type>
				<v8:Type>cfg:CatalogRef.упоПоказателиПроектов</v8:Type>
				<v8:Type>cfg:CatalogRef.упоТипыПроектныхВех</v8:Type>
				<v8:Type>cfg:CatalogRef.упоСтатьиДоходов</v8:Type>
				<v8:Type>cfg:DocumentRef.упоИзменениеРуководителяПроекта</v8:Type>
				<v8:Type>cfg:DocumentRef.упоОстановкаПроектныхРабот</v8:Type>
				<v8:Type>cfg:DocumentRef.упоРегистрацияСотрудника</v8:Type>
				<v8:Type>cfg:DocumentRef.упоИзменениеДолжностиСотрудника</v8:Type>
				<v8:Type>cfg:DocumentRef.упоРегистрацияПроекта</v8:Type>
				<v8:Type>cfg:CatalogRef.упоЕдиницыВремени</v8:Type>
				<v8:Type>cfg:DocumentRef.упоСохранениеДанныхПроекта</v8:Type>
				<v8:Type>cfg:CatalogRef.СтатьиДвиженияДенежныхСредств</v8:Type>
				<v8:Type>cfg:DocumentRef.упоНазначениеТрудовыхРесурсовНаПроектнуюЗадачу</v8:Type>
				<v8:Type>cfg:CatalogRef.упоРабочиеКалендари</v8:Type>
				<v8:Type>cfg:CatalogRef.упоШаблоныОпераций</v8:Type>
				<v8:Type>cfg:DocumentRef.упоРегистрацияМощностиРолей</v8:Type>
				<v8:Type>cfg:DocumentRef.упоИзменениеВладельцаРесурсов</v8:Type>
				<v8:Type>cfg:DocumentRef.упоСтартПроектныхРабот</v8:Type>
				<v8:Type>cfg:DocumentRef.упоРасчетКалендарногоПланаПроекта</v8:Type>
				<v8:Type>cfg:CatalogRef.упоТрудовыеРесурсы</v8:Type>
				<v8:Type>cfg:DocumentRef.упоВерсияПланаПроекта</v8:Type>
				<v8:Type>cfg:DocumentRef.упоРаспределениеРабочегоВремениЗаНеделю</v8:Type>
				<v8:Type>xs:boolean</v8:Type>
				<v8:Type>cfg:DocumentRef.упоИзменениеРуководителяПроектнойЗадачи</v8:Type>
				<v8:Type>cfg:DocumentRef.упоИзменениеРабочегоКалендаря</v8:Type>
				<v8:Type>cfg:DocumentRef.упоУтверждениеПланаПроекта</v8:Type>
				<v8:Type>cfg:CatalogRef.Проекты</v8:Type>
				<v8:Type>cfg:DocumentRef.упоПроектнаяЗадача</v8:Type>
				<v8:Type>cfg:CatalogRef.упоШаблоныПроектныхВех</v8:Type>
				<v8:Type>cfg:DocumentRef.упоРегистрацияПоказателейПроекта</v8:Type>
				<v8:Type>cfg:CatalogRef.упоНастройкиКалендарей</v8:Type>
				<v8:Type>cfg:DocumentRef.упоНазначениеТрудовыхРесурсовНаПроект</v8:Type>
				<v8:Type>cfg:CatalogRef.упоПрофилиРаспределенияТрудозатрат</v8:Type>
				<v8:Type>cfg:DocumentRef.упоИзменениеПозицииСДР</v8:Type>
				<v8:Type>cfg:CatalogRef.упоСотрудники</v8:Type>
				<v8:Type>cfg:DocumentRef.упоЗавершениеПроекта</v8:Type>
				<v8:Type>cfg:CatalogRef.упоВидыОпераций</v8:Type>
				<v8:Type>cfg:DocumentRef.упоРегистрацияСтоимостиРесурса</v8:Type>
				<v8:Type>cfg:CatalogRef.упоШаблоныПроектов</v8:Type>
				<v8:Type>cfg:CatalogRef.упоМатериальныеРесурсы</v8:Type>
				<v8:Type>cfg:ChartOfCharacteristicTypesRef.НазначенияСвойствКатегорийОбъектов</v8:Type>
				<v8:Type>cfg:CatalogRef.упоПоручения</v8:Type>
				<v8:Type>cfg:CatalogRef.упоВерсииПлановДоходовИРасходов</v8:Type>
				<v8:Type>cfg:DocumentRef.упоАктуализацияБюджетаДДС</v8:Type>
				<v8:Type>cfg:DocumentRef.упоРегистрацияФактическихДоходовИРасходов</v8:Type>
				<v8:Type>cfg:CatalogRef.ДоговорыКонтрагентов</v8:Type>
				<v8:Type>cfg:CatalogRef.ЕдиницыИзмерения</v8:Type>
				<v8:Type>xs:string</v8:Type>
				<v8:Type>cfg:DocumentRef.упоРегистрацияФактическихДопЗатрат</v8:Type>
				<v8:Type>cfg:CatalogRef.упоВерсииПлановДвиженияДенежныхСредств</v8:Type>
				<v8:Type>cfg:CatalogRef.Подразделения</v8:Type>
				<v8:Type>cfg:CatalogRef.упоВнепроектныеЗадачи</v8:Type>
				<v8:Type>cfg:DocumentRef.упоЭскалацияРабочегоЗадания</v8:Type>
				<v8:Type>cfg:CatalogRef.упоШаблоныПроектныхЗадач</v8:Type>
				<v8:Type>cfg:DocumentRef.упоИзменениеСоставаПодразделения</v8:Type>
				<v8:Type>cfg:CatalogRef.упоВидыВнешнихДокументов</v8:Type>
				<v8:Type>xs:dateTime</v8:Type>
				<v8:Type>cfg:CatalogRef.упоПричиныПотерьРабочегоВремени</v8:Type>
				<v8:Type>xs:decimal</v8:Type>
				<v8:Type>cfg:CatalogRef.Пользователи</v8:Type>
				<v8:Type>cfg:DocumentRef.упоОперация</v8:Type>
				<v8:Type>cfg:DocumentRef.упоРегистрацияРуководителяПодразделения</v8:Type>
				<v8:Type>cfg:DocumentRef.упоРегистрацияВладельцаРесурсов</v8:Type>
				<v8:Type>cfg:DocumentRef.упоРегистрацияФактическогоОсвоенногоОбъема</v8:Type>
				<v8:Type>cfg:CatalogRef.упоРоли</v8:Type>
				<v8:Type>cfg:DocumentRef.упоСохранениеВерсииПланаДвиженияДенежныхСредств</v8:Type>
				<v8:Type>cfg:DocumentRef.упоАктуализацияПроекта</v8:Type>
				<v8:Type>cfg:DocumentRef.упоВозобновлениеПроекта</v8:Type>
				<v8:Type>cfg:CatalogRef.упоСообщениеПользователю</v8:Type>
				<v8:Type>cfg:DocumentRef.упоРабочееЗадание</v8:Type>
				<v8:Type>cfg:CatalogRef.упоНормыСтоимости</v8:Type>
				<v8:Type>cfg:DocumentRef.упоРегистрацияСоставаПодразделения</v8:Type>
				<v8:Type>cfg:DocumentRef.упоОсвобождениеДиспетчера</v8:Type>
				<v8:Type>cfg:CatalogRef.упоШаблоныКонтрагентов</v8:Type>
				<v8:Type>cfg:CatalogRef.Контрагенты</v8:Type>
				<v8:Type>cfg:CatalogRef.ЗначенияСвойствОбъектов</v8:Type>
				<v8:Type>cfg:CatalogRef.ПодразделенияОрганизаций</v8:Type>
				<v8:Type>cfg:DocumentRef.упоРучнаяАктуализацияПроекта</v8:Type>
				<v8:Type>cfg:CatalogRef.Организации</v8:Type>
				<v8:Type>cfg:CatalogRef.упоПортфелиПроектов</v8:Type>
				<v8:Type>cfg:DocumentRef.упоРегистрацияРабочегоКалендаря</v8:Type>
				<v8:Type>cfg:DocumentRef.упоСмещениеРолейТрудовогоРесурса</v8:Type>
				<v8:Type>cfg:CatalogRef.ВнешниеОбработки</v8:Type>
				<v8:Type>cfg:CatalogRef.Должности</v8:Type>
				<v8:Type>cfg:CatalogRef.СтатьиЗатрат</v8:Type>
				<v8:Type>cfg:DocumentRef.упоРегистрацияФактическихЗатратМатРесурсов</v8:Type>
				<v8:Type>cfg:CatalogRef.упоПрофилиРаспределенияДоходовИРасходов</v8:Type>
				<v8:NumberQualifiers>
					<v8:Digits>10</v8:Digits>
					<v8:FractionDigits>0</v8:FractionDigits>
					<v8:AllowedSign>Any</v8:AllowedSign>
				</v8:NumberQualifiers>
				<v8:StringQualifiers>
					<v8:Length>10</v8:Length>
					<v8:AllowedLength>Variable</v8:AllowedLength>
				</v8:StringQualifiers>
				<v8:DateQualifiers>
					<v8:DateFractions>Date</v8:DateFractions>
				</v8:DateQualifiers>
			</Type>
			<Hierarchical>true</Hierarchical>
			<FoldersOnTop>true</FoldersOnTop>
			<CodeLength>8</CodeLength>
			<CodeAllowedLength>Fixed</CodeAllowedLength>
			<DescriptionLength>50</DescriptionLength>
			<CodeSeries>WholeCharacteristicKind</CodeSeries>
			<CheckUnique>true</CheckUnique>
			<Autonumbering>true</Autonumbering>
			<DefaultPresentation>AsDescription</DefaultPresentation>
			<StandardAttributes>
				<xr:Attribute name="ValueType">
					<xr:LinkByType/>
					<xr:FillChecking>DontCheck</xr:FillChecking>
					<xr:MultiLine>false</xr:MultiLine>
					<xr:FillFromFillingValue>false</xr:FillFromFillingValue>
					<xr:CreateOnInput>Auto</xr:CreateOnInput>
					<xr:MaxValue xsi:nil="true"/>
					<xr:ToolTip/>
					<xr:ExtendedEdit>false</xr:ExtendedEdit>
					<xr:Format/>
					<xr:ChoiceForm/>
					<xr:QuickChoice>Auto</xr:QuickChoice>
					<xr:ChoiceHistoryOnInput>Auto</xr:ChoiceHistoryOnInput>
					<xr:EditFormat/>
					<xr:PasswordMode>false</xr:PasswordMode>
					<xr:MarkNegatives>false</xr:MarkNegatives>
					<xr:MinValue xsi:nil="true"/>
					<xr:Synonym/>
					<xr:Comment/>
					<xr:FullTextSearch>Use</xr:FullTextSearch>
					<xr:ChoiceParameterLinks/>
					<xr:FillValue xsi:nil="true"/>
					<xr:Mask/>
					<xr:ChoiceParameters/>
				</xr:Attribute>
				<xr:Attribute name="Description">
					<xr:LinkByType/>
					<xr:FillChecking>ShowError</xr:FillChecking>
					<xr:MultiLine>false</xr:MultiLine>
					<xr:FillFromFillingValue>false</xr:FillFromFillingValue>
					<xr:CreateOnInput>Auto</xr:CreateOnInput>
					<xr:MaxValue xsi:nil="true"/>
					<xr:ToolTip/>
					<xr:ExtendedEdit>false</xr:ExtendedEdit>
					<xr:Format/>
					<xr:ChoiceForm/>
					<xr:QuickChoice>Auto</xr:QuickChoice>
					<xr:ChoiceHistoryOnInput>Auto</xr:ChoiceHistoryOnInput>
					<xr:EditFormat/>
					<xr:PasswordMode>false</xr:PasswordMode>
					<xr:MarkNegatives>false</xr:MarkNegatives>
					<xr:MinValue xsi:nil="true"/>
					<xr:Synonym/>
					<xr:Comment/>
					<xr:FullTextSearch>Use</xr:FullTextSearch>
					<xr:ChoiceParameterLinks/>
					<xr:FillValue xsi:nil="true"/>
					<xr:Mask/>
					<xr:ChoiceParameters/>
				</xr:Attribute>
				<xr:Attribute name="Code">
					<xr:LinkByType/>
					<xr:FillChecking>DontCheck</xr:FillChecking>
					<xr:MultiLine>false</xr:MultiLine>
					<xr:FillFromFillingValue>false</xr:FillFromFillingValue>
					<xr:CreateOnInput>Auto</xr:CreateOnInput>
					<xr:MaxValue xsi:nil="true"/>
					<xr:ToolTip/>
					<xr:ExtendedEdit>false</xr:ExtendedEdit>
					<xr:Format/>
					<xr:ChoiceForm/>
					<xr:QuickChoice>Auto</xr:QuickChoice>
					<xr:ChoiceHistoryOnInput>Auto</xr:ChoiceHistoryOnInput>
					<xr:EditFormat/>
					<xr:PasswordMode>false</xr:PasswordMode>
					<xr:MarkNegatives>false</xr:MarkNegatives>
					<xr:MinValue xsi:nil="true"/>
					<xr:Synonym/>
					<xr:Comment/>
					<xr:FullTextSearch>Use</xr:FullTextSearch>
					<xr:ChoiceParameterLinks/>
					<xr:FillValue xsi:nil="true"/>
					<xr:Mask/>
					<xr:ChoiceParameters/>
				</xr:Attribute>
				<xr:Attribute name="IsFolder">
					<xr:LinkByType/>
					<xr:FillChecking>DontCheck</xr:FillChecking>
					<xr:MultiLine>false</xr:MultiLine>
					<xr:FillFromFillingValue>false</xr:FillFromFillingValue>
					<xr:CreateOnInput>Auto</xr:CreateOnInput>
					<xr:MaxValue xsi:nil="true"/>
					<xr:ToolTip/>
					<xr:ExtendedEdit>false</xr:ExtendedEdit>
					<xr:Format/>
					<xr:ChoiceForm/>
					<xr:QuickChoice>Auto</xr:QuickChoice>
					<xr:ChoiceHistoryOnInput>Auto</xr:ChoiceHistoryOnInput>
					<xr:EditFormat/>
					<xr:PasswordMode>false</xr:PasswordMode>
					<xr:MarkNegatives>false</xr:MarkNegatives>
					<xr:MinValue xsi:nil="true"/>
					<xr:Synonym/>
					<xr:Comment/>
					<xr:FullTextSearch>Use</xr:FullTextSearch>
					<xr:ChoiceParameterLinks/>
					<xr:FillValue xsi:nil="true"/>
					<xr:Mask/>
					<xr:ChoiceParameters/>
				</xr:Attribute>
				<xr:Attribute name="Parent">
					<xr:LinkByType/>
					<xr:FillChecking>DontCheck</xr:FillChecking>
					<xr:MultiLine>false</xr:MultiLine>
					<xr:FillFromFillingValue>true</xr:FillFromFillingValue>
					<xr:CreateOnInput>Auto</xr:CreateOnInput>
					<xr:MaxValue xsi:nil="true"/>
					<xr:ToolTip/>
					<xr:ExtendedEdit>false</xr:ExtendedEdit>
					<xr:Format/>
					<xr:ChoiceForm/>
					<xr:QuickChoice>Auto</xr:QuickChoice>
					<xr:ChoiceHistoryOnInput>Auto</xr:ChoiceHistoryOnInput>
					<xr:EditFormat/>
					<xr:PasswordMode>false</xr:PasswordMode>
					<xr:MarkNegatives>false</xr:MarkNegatives>
					<xr:MinValue xsi:nil="true"/>
					<xr:Synonym/>
					<xr:Comment/>
					<xr:FullTextSearch>Use</xr:FullTextSearch>
					<xr:ChoiceParameterLinks/>
					<xr:FillValue xsi:nil="true"/>
					<xr:Mask/>
					<xr:ChoiceParameters/>
				</xr:Attribute>
				<xr:Attribute name="Predefined">
					<xr:LinkByType/>
					<xr:FillChecking>DontCheck</xr:FillChecking>
					<xr:MultiLine>false</xr:MultiLine>
					<xr:FillFromFillingValue>false</xr:FillFromFillingValue>
					<xr:CreateOnInput>Auto</xr:CreateOnInput>
					<xr:MaxValue xsi:nil="true"/>
					<xr:ToolTip/>
					<xr:ExtendedEdit>false</xr:ExtendedEdit>
					<xr:Format/>
					<xr:ChoiceForm/>
					<xr:QuickChoice>Auto</xr:QuickChoice>
					<xr:ChoiceHistoryOnInput>Auto</xr:ChoiceHistoryOnInput>
					<xr:EditFormat/>
					<xr:PasswordMode>false</xr:PasswordMode>
					<xr:MarkNegatives>false</xr:MarkNegatives>
					<xr:MinValue xsi:nil="true"/>
					<xr:Synonym/>
					<xr:Comment/>
					<xr:FullTextSearch>Use</xr:FullTextSearch>
					<xr:ChoiceParameterLinks/>
					<xr:FillValue xsi:nil="true"/>
					<xr:Mask/>
					<xr:ChoiceParameters/>
				</xr:Attribute>
				<xr:Attribute name="DeletionMark">
					<xr:LinkByType/>
					<xr:FillChecking>DontCheck</xr:FillChecking>
					<xr:MultiLine>false</xr:MultiLine>
					<xr:FillFromFillingValue>false</xr:FillFromFillingValue>
					<xr:CreateOnInput>Auto</xr:CreateOnInput>
					<xr:MaxValue xsi:nil="true"/>
					<xr:ToolTip/>
					<xr:ExtendedEdit>false</xr:ExtendedEdit>
					<xr:Format/>
					<xr:ChoiceForm/>
					<xr:QuickChoice>Auto</xr:QuickChoice>
					<xr:ChoiceHistoryOnInput>Auto</xr:ChoiceHistoryOnInput>
					<xr:EditFormat/>
					<xr:PasswordMode>false</xr:PasswordMode>
					<xr:MarkNegatives>false</xr:MarkNegatives>
					<xr:MinValue xsi:nil="true"/>
					<xr:Synonym/>
					<xr:Comment/>
					<xr:FullTextSearch>Use</xr:FullTextSearch>
					<xr:ChoiceParameterLinks/>
					<xr:FillValue xsi:nil="true"/>
					<xr:Mask/>
					<xr:ChoiceParameters/>
				</xr:Attribute>
				<xr:Attribute name="Ref">
					<xr:LinkByType/>
					<xr:FillChecking>DontCheck</xr:FillChecking>
					<xr:MultiLine>false</xr:MultiLine>
					<xr:FillFromFillingValue>false</xr:FillFromFillingValue>
					<xr:CreateOnInput>Auto</xr:CreateOnInput>
					<xr:MaxValue xsi:nil="true"/>
					<xr:ToolTip/>
					<xr:ExtendedEdit>false</xr:ExtendedEdit>
					<xr:Format/>
					<xr:ChoiceForm/>
					<xr:QuickChoice>Auto</xr:QuickChoice>
					<xr:ChoiceHistoryOnInput>Auto</xr:ChoiceHistoryOnInput>
					<xr:EditFormat/>
					<xr:PasswordMode>false</xr:PasswordMode>
					<xr:MarkNegatives>false</xr:MarkNegatives>
					<xr:MinValue xsi:nil="true"/>
					<xr:Synonym/>
					<xr:Comment/>
					<xr:FullTextSearch>Use</xr:FullTextSearch>
					<xr:ChoiceParameterLinks/>
					<xr:FillValue xsi:nil="true"/>
					<xr:Mask/>
					<xr:ChoiceParameters/>
				</xr:Attribute>
			</StandardAttributes>
			<Characteristics/>
			<PredefinedDataUpdate>Auto</PredefinedDataUpdate>
			<EditType>InDialog</EditType>
			<QuickChoice>false</QuickChoice>
			<ChoiceMode>BothWays</ChoiceMode>
			<InputByString>
				<xr:field>ChartOfCharacteristicTypes.НазначенияСвойствКатегорийОбъектов.StandardAttribute.Description</xr:field>
				<xr:field>ChartOfCharacteristicTypes.НазначенияСвойствКатегорийОбъектов.StandardAttribute.Code</xr:field>
			</InputByString>
			<CreateOnInput>DontUse</CreateOnInput>
			<SearchStringModeOnInputByString>Begin</SearchStringModeOnInputByString>
			<ChoiceDataGetModeOnInputByString>Directly</ChoiceDataGetModeOnInputByString>
			<FullTextSearchOnInputByString>DontUse</FullTextSearchOnInputByString>
			<ChoiceHistoryOnInput>Auto</ChoiceHistoryOnInput>
			<DefaultObjectForm>ChartOfCharacteristicTypes.НазначенияСвойствКатегорийОбъектов.Form.ФормаЭлемента</DefaultObjectForm>
			<DefaultFolderForm>ChartOfCharacteristicTypes.НазначенияСвойствКатегорийОбъектов.Form.ФормаГруппы</DefaultFolderForm>
			<DefaultListForm>ChartOfCharacteristicTypes.НазначенияСвойствКатегорийОбъектов.Form.ФормаСписка</DefaultListForm>
			<DefaultChoiceForm>ChartOfCharacteristicTypes.НазначенияСвойствКатегорийОбъектов.Form.ФормаСписка</DefaultChoiceForm>
			<DefaultFolderChoiceForm>ChartOfCharacteristicTypes.НазначенияСвойствКатегорийОбъектов.Form.ФормаВыбораГруппы</DefaultFolderChoiceForm>
			<AuxiliaryObjectForm/>
			<AuxiliaryFolderForm/>
			<AuxiliaryListForm/>
			<AuxiliaryChoiceForm/>
			<AuxiliaryFolderChoiceForm/>
			<BasedOn/>
			<DataLockFields/>
			<DataLockControlMode>Automatic</DataLockControlMode>
			<FullTextSearch>Use</FullTextSearch>
			<ObjectPresentation/>
			<ExtendedObjectPresentation/>
			<ListPresentation/>
			<ExtendedListPresentation/>
			<Explanation/>
		</Properties>
		<ChildObjects>
			<Form>ФормаСписка</Form>
			<Form>ФормаВыбора</Form>
			<Form>ФормаВыбораГруппы</Form>
			<Form>ФормаЭлемента</Form>
			<Form>ФормаГруппы</Form>
		</ChildObjects>
	</ChartOfCharacteristicTypes>
</MetaDataObject>