﻿<?xml version="1.0" encoding="UTF-8"?>
<Form xmlns="http://v8.1c.ru/8.3/xcf/logform" xmlns:app="http://v8.1c.ru/8.2/managed-application/core" xmlns:dcscor="http://v8.1c.ru/8.1/data-composition-system/core" xmlns:dcsset="http://v8.1c.ru/8.1/data-composition-system/settings" xmlns:ent="http://v8.1c.ru/8.1/data/enterprise" xmlns:lf="http://v8.1c.ru/8.2/managed-application/logform" xmlns:style="http://v8.1c.ru/8.1/data/ui/style" xmlns:v8="http://v8.1c.ru/8.1/data/core" xmlns:web="http://v8.1c.ru/8.1/data/ui/colors/web" xmlns:win="http://v8.1c.ru/8.1/data/ui/colors/windows" xmlns:xr="http://v8.1c.ru/8.3/xcf/readable" xmlns:xs="http://www.w3.org/2001/XMLSchema" xmlns:xsi="http://www.w3.org/2001/XMLSchema-instance">
	<Attributes>
		<Attribute id="1">
			<Name>Объект</Name>
			<Title/>
			<Type>
				<v8:Type xmlns:d5p1="http://v8.1c.ru/8.1/data/enterprise/current-config">d5p1:ChartOfCharacteristicTypesObject.ДополнительныеРеквизитыИСведения</v8:Type>
			</Type>
			<Accessibility>
				<xr:common>true</xr:common>
			</Accessibility>
			<Editing>
				<xr:common>true</xr:common>
			</Editing>
			<Content/>
			<SavingContent/>
			<MainProperty>true</MainProperty>
			<StoredData>true</StoredData>
			<FunctionalOptions/>
			<FillCheck>DontCheck</FillCheck>
			<Columns/>
			<ExtInfo/>
		</Attribute>
		<ConditionalAppearance/>
	</Attributes>
	<Commands/>
	<Parameters/>
	<Elements id="0:02023637-7868-4a5f-8576-835a76e0c9ba">
		<Properties>
			<Title/>
			<Width>0</Width>
			<Height>0</Height>
			<OpeningMode>Independent</OpeningMode>
			<EnterKeyBehavior>ControlNavigation</EnterKeyBehavior>
			<AutoSaveFormDataInSettings>DontUse</AutoSaveFormDataInSettings>
			<SaveFormDataInSettings>DontUse</SaveFormDataInSettings>
			<SettingsStorage/>
			<AutoTitle>true</AutoTitle>
			<AutoURL>true</AutoURL>
			<ChildrenGrouping>Vertical</ChildrenGrouping>
			<ChildItemsWidth>Auto</ChildItemsWidth>
			<AutoFillCheck>true</AutoFillCheck>
			<Customizable>true</Customizable>
			<Enabled>true</Enabled>
			<ReadOnly>false</ReadOnly>
			<CommandBarLocation>Auto</CommandBarLocation>
			<VerticalScrolling>useIfNecessary</VerticalScrolling>
			<BaseFontVariant>Auto</BaseFontVariant>
			<CommandsContent/>
			<Usage>Folders</Usage>
		</Properties>
		<Events/>
		<PredefinedContainedItems>
			<CommandBar xsi:type="AutoMenuGroup" id="-1:02023637-7868-4a5f-8576-835a76e0c9ba">
				<Properties>
					<Name>ФормаКоманднаяПанель</Name>
					<Type>AutoCommandBar</Type>
					<Visible>true</Visible>
					<UserVisible>
						<xr:common>true</xr:common>
					</UserVisible>
					<Enabled>true</Enabled>
					<ReadOnly>false</ReadOnly>
					<EnableContentChange>false</EnableContentChange>
					<Title/>
					<TitleTextColor>auto</TitleTextColor>
					<TitleFont kind="AutoFont"/>
					<ToolTip/>
					<ToolTipRepresentation>Auto</ToolTipRepresentation>
					<Shortcut/>
					<Width>0</Width>
					<Height>0</Height>
					<HorizontalStretch>auto</HorizontalStretch>
					<VerticalStretch>auto</VerticalStretch>
					<HorAlignment>Left</HorAlignment>
					<FillWithStdCommands>true</FillWithStdCommands>
				</Properties>
				<PredefinedContainedItems/>
				<ContainedItems/>
			</CommandBar>
		</PredefinedContainedItems>
		<ContainedItems>
			<Input id="1:02023637-7868-4a5f-8576-835a76e0c9ba">
				<Properties>
					<Name>Наименование</Name>
					<Type>InputField</Type>
					<DataPath>Объект.Description</DataPath>
					<Visible>true</Visible>
					<UserVisible>
						<xr:common>true</xr:common>
					</UserVisible>
					<DefaultItem>false</DefaultItem>
					<Enabled>true</Enabled>
					<ReadOnly>false</ReadOnly>
					<SkipOnInput>auto</SkipOnInput>
					<Title/>
					<TitleTextColor>auto</TitleTextColor>
					<TitleBackColor>auto</TitleBackColor>
					<TitleFont kind="AutoFont"/>
					<TitleLocation>Auto</TitleLocation>
					<TitleHeight>0</TitleHeight>
					<ToolTip/>
					<ToolTipRepresentation>Auto</ToolTipRepresentation>
					<WarningOnEditRepresentation>Auto</WarningOnEditRepresentation>
					<WarningOnEdit/>
					<Shortcut/>
					<CommandsContent/>
					<HorizontalAlign>Auto</HorizontalAlign>
					<VerticalAlign>Auto</VerticalAlign>
					<EditMode>Enter</EditMode>
					<FixingInTable>None</FixingInTable>
					<CellHyperlink>false</CellHyperlink>
					<AutoCellHeight>false</AutoCellHeight>
					<ShowInHeader>true</ShowInHeader>
					<HeaderPicture/>
					<HeaderHorizontalAlign>Left</HeaderHorizontalAlign>
					<ShowInFooter>true</ShowInFooter>
					<FooterDataPath/>
					<FooterText/>
					<FooterTextColor>auto</FooterTextColor>
					<FooterBackColor>auto</FooterBackColor>
					<FooterFont kind="AutoFont"/>
					<FooterPicture/>
					<FooterHorizontalAlign>Auto</FooterHorizontalAlign>
					<Width>0</Width>
					<RowsCount>0</RowsCount>
					<HorizontalStretchable>auto</HorizontalStretchable>
					<VerticalStretchable>auto</VerticalStretchable>
					<Wrap>false</Wrap>
					<PasswordMode>auto</PasswordMode>
					<MultiLine>auto</MultiLine>
					<ExtendedEdit>auto</ExtendedEdit>
					<MarkNegatives>auto</MarkNegatives>
					<ChoiceListButton>auto</ChoiceListButton>
					<DropListButton>auto</DropListButton>
					<ChoiceButton>auto</ChoiceButton>
					<ChoiceButtonRepresentation>Auto</ChoiceButtonRepresentation>
					<ClearButton>auto</ClearButton>
					<SpinButton>auto</SpinButton>
					<OpenButton>auto</OpenButton>
					<CreateButton>auto</CreateButton>
					<Mask/>
					<ListChoiceMode>false</ListChoiceMode>
					<ChoiceListHeight>0</ChoiceListHeight>
					<DropListWidth>0</DropListWidth>
					<AutoChoiceIncomplete>auto</AutoChoiceIncomplete>
					<QuickChoice>auto</QuickChoice>
					<ChoiceObjects>Auto</ChoiceObjects>
					<Format/>
					<InputFormat/>
					<AutoMarkIncomplete>auto</AutoMarkIncomplete>
					<ChoiceType>true</ChoiceType>
					<IncompleteChoiceMode>OnEnterPressed</IncompleteChoiceMode>
					<TypeDomainEnabled>true</TypeDomainEnabled>
					<TextEdit>true</TextEdit>
					<EditTextUpdateMode>Auto</EditTextUpdateMode>
					<MinVal xsi:nil="true"/>
					<MaxVal xsi:nil="true"/>
					<ChoiceButtonPicture/>
					<ChoiceForm/>
					<ChoiceParamLinks/>
					<ChoiceParams/>
					<AvailableTypes/>
					<ValueList/>
					<TextColor>auto</TextColor>
					<BackColor>auto</BackColor>
					<BorderColor>auto</BorderColor>
					<Font kind="AutoFont"/>
					<LinkByType/>
					<InputHint/>
					<ChoiceHistoryOnInput>Auto</ChoiceHistoryOnInput>
				</Properties>
				<Events/>
				<PredefinedContainedItems>
					<ContextMenu xsi:type="ContextMenuGroup" id="2:02023637-7868-4a5f-8576-835a76e0c9ba">
						<Properties>
							<Name>НаименованиеКонтекстноеМеню</Name>
							<Type>ContextMenu</Type>
							<Visible>true</Visible>
							<UserVisible>
								<xr:common>true</xr:common>
							</UserVisible>
							<Enabled>true</Enabled>
							<ReadOnly>false</ReadOnly>
							<EnableContentChange>false</EnableContentChange>
							<Title/>
							<TitleTextColor>auto</TitleTextColor>
							<TitleFont kind="AutoFont"/>
							<ToolTip/>
							<ToolTipRepresentation>Auto</ToolTipRepresentation>
							<Shortcut/>
							<Width>0</Width>
							<Height>0</Height>
							<HorizontalStretch>auto</HorizontalStretch>
							<VerticalStretch>auto</VerticalStretch>
							<FillWithStdCommands>true</FillWithStdCommands>
						</Properties>
						<PredefinedContainedItems/>
						<ContainedItems/>
					</ContextMenu>
					<ExtTooltip xsi:type="TextDecoration" id="7:02023637-7868-4a5f-8576-835a76e0c9ba">
						<Properties>
							<Name>НаименованиеExtendedTooltip</Name>
							<Kind>Label</Kind>
							<Visible>true</Visible>
							<UserVisible>
								<xr:common>true</xr:common>
							</UserVisible>
							<Enabled>true</Enabled>
							<Width>0</Width>
							<Height>0</Height>
							<HorStretchable>auto</HorStretchable>
							<VertStretchable>auto</VertStretchable>
							<SkipOnInput>auto</SkipOnInput>
							<TextColor>auto</TextColor>
							<Font kind="AutoFont"/>
							<ShortCut/>
							<Title/>
							<Tooltip/>
							<TooltipRepresentation>Auto</TooltipRepresentation>
							<HyperLink>false</HyperLink>
							<HorAlignment>Left</HorAlignment>
							<VertAlignment>Auto</VertAlignment>
							<TitleHeight>0</TitleHeight>
							<BackColor>auto</BackColor>
							<BorderColor>auto</BorderColor>
							<Border width="1">
								<style xmlns="http://v8.1c.ru/8.1/data/ui" xsi:type="ControlBorderType">WithoutBorder</style>
							</Border>
						</Properties>
						<Events/>
						<PredefinedContainedItems/>
					</ExtTooltip>
				</PredefinedContainedItems>
			</Input>
			<Input id="3:02023637-7868-4a5f-8576-835a76e0c9ba">
				<Properties>
					<Name>Родитель</Name>
					<Type>InputField</Type>
					<DataPath>Объект.Parent</DataPath>
					<Visible>true</Visible>
					<UserVisible>
						<xr:common>true</xr:common>
					</UserVisible>
					<DefaultItem>false</DefaultItem>
					<Enabled>true</Enabled>
					<ReadOnly>false</ReadOnly>
					<SkipOnInput>auto</SkipOnInput>
					<Title/>
					<TitleTextColor>auto</TitleTextColor>
					<TitleBackColor>auto</TitleBackColor>
					<TitleFont kind="AutoFont"/>
					<TitleLocation>Auto</TitleLocation>
					<TitleHeight>0</TitleHeight>
					<ToolTip/>
					<ToolTipRepresentation>Auto</ToolTipRepresentation>
					<WarningOnEditRepresentation>Auto</WarningOnEditRepresentation>
					<WarningOnEdit/>
					<Shortcut/>
					<CommandsContent/>
					<HorizontalAlign>Auto</HorizontalAlign>
					<VerticalAlign>Auto</VerticalAlign>
					<EditMode>Enter</EditMode>
					<FixingInTable>None</FixingInTable>
					<CellHyperlink>false</CellHyperlink>
					<AutoCellHeight>false</AutoCellHeight>
					<ShowInHeader>true</ShowInHeader>
					<HeaderPicture/>
					<HeaderHorizontalAlign>Left</HeaderHorizontalAlign>
					<ShowInFooter>true</ShowInFooter>
					<FooterDataPath/>
					<FooterText/>
					<FooterTextColor>auto</FooterTextColor>
					<FooterBackColor>auto</FooterBackColor>
					<FooterFont kind="AutoFont"/>
					<FooterPicture/>
					<FooterHorizontalAlign>Auto</FooterHorizontalAlign>
					<Width>0</Width>
					<RowsCount>0</RowsCount>
					<HorizontalStretchable>auto</HorizontalStretchable>
					<VerticalStretchable>auto</VerticalStretchable>
					<Wrap>false</Wrap>
					<PasswordMode>auto</PasswordMode>
					<MultiLine>auto</MultiLine>
					<ExtendedEdit>auto</ExtendedEdit>
					<MarkNegatives>auto</MarkNegatives>
					<ChoiceListButton>auto</ChoiceListButton>
					<DropListButton>auto</DropListButton>
					<ChoiceButton>auto</ChoiceButton>
					<ChoiceButtonRepresentation>Auto</ChoiceButtonRepresentation>
					<ClearButton>auto</ClearButton>
					<SpinButton>auto</SpinButton>
					<OpenButton>auto</OpenButton>
					<CreateButton>auto</CreateButton>
					<Mask/>
					<ListChoiceMode>false</ListChoiceMode>
					<ChoiceListHeight>0</ChoiceListHeight>
					<DropListWidth>0</DropListWidth>
					<AutoChoiceIncomplete>auto</AutoChoiceIncomplete>
					<QuickChoice>auto</QuickChoice>
					<ChoiceObjects>Auto</ChoiceObjects>
					<Format/>
					<InputFormat/>
					<AutoMarkIncomplete>auto</AutoMarkIncomplete>
					<ChoiceType>true</ChoiceType>
					<IncompleteChoiceMode>OnEnterPressed</IncompleteChoiceMode>
					<TypeDomainEnabled>true</TypeDomainEnabled>
					<TextEdit>true</TextEdit>
					<EditTextUpdateMode>Auto</EditTextUpdateMode>
					<MinVal xsi:nil="true"/>
					<MaxVal xsi:nil="true"/>
					<ChoiceButtonPicture/>
					<ChoiceForm/>
					<ChoiceParamLinks/>
					<ChoiceParams/>
					<AvailableTypes/>
					<ValueList/>
					<TextColor>auto</TextColor>
					<BackColor>auto</BackColor>
					<BorderColor>auto</BorderColor>
					<Font kind="AutoFont"/>
					<LinkByType/>
					<InputHint/>
					<ChoiceHistoryOnInput>Auto</ChoiceHistoryOnInput>
				</Properties>
				<Events/>
				<PredefinedContainedItems>
					<ContextMenu xsi:type="ContextMenuGroup" id="4:02023637-7868-4a5f-8576-835a76e0c9ba">
						<Properties>
							<Name>РодительКонтекстноеМеню</Name>
							<Type>ContextMenu</Type>
							<Visible>true</Visible>
							<UserVisible>
								<xr:common>true</xr:common>
							</UserVisible>
							<Enabled>true</Enabled>
							<ReadOnly>false</ReadOnly>
							<EnableContentChange>false</EnableContentChange>
							<Title/>
							<TitleTextColor>auto</TitleTextColor>
							<TitleFont kind="AutoFont"/>
							<ToolTip/>
							<ToolTipRepresentation>Auto</ToolTipRepresentation>
							<Shortcut/>
							<Width>0</Width>
							<Height>0</Height>
							<HorizontalStretch>auto</HorizontalStretch>
							<VerticalStretch>auto</VerticalStretch>
							<FillWithStdCommands>true</FillWithStdCommands>
						</Properties>
						<PredefinedContainedItems/>
						<ContainedItems/>
					</ContextMenu>
					<ExtTooltip xsi:type="TextDecoration" id="8:02023637-7868-4a5f-8576-835a76e0c9ba">
						<Properties>
							<Name>РодительExtendedTooltip</Name>
							<Kind>Label</Kind>
							<Visible>true</Visible>
							<UserVisible>
								<xr:common>true</xr:common>
							</UserVisible>
							<Enabled>true</Enabled>
							<Width>0</Width>
							<Height>0</Height>
							<HorStretchable>auto</HorStretchable>
							<VertStretchable>auto</VertStretchable>
							<SkipOnInput>auto</SkipOnInput>
							<TextColor>auto</TextColor>
							<Font kind="AutoFont"/>
							<ShortCut/>
							<Title/>
							<Tooltip/>
							<TooltipRepresentation>Auto</TooltipRepresentation>
							<HyperLink>false</HyperLink>
							<HorAlignment>Left</HorAlignment>
							<VertAlignment>Auto</VertAlignment>
							<TitleHeight>0</TitleHeight>
							<BackColor>auto</BackColor>
							<BorderColor>auto</BorderColor>
							<Border width="1">
								<style xmlns="http://v8.1c.ru/8.1/data/ui" xsi:type="ControlBorderType">WithoutBorder</style>
							</Border>
						</Properties>
						<Events/>
						<PredefinedContainedItems/>
					</ExtTooltip>
				</PredefinedContainedItems>
			</Input>
			<Input id="5:02023637-7868-4a5f-8576-835a76e0c9ba">
				<Properties>
					<Name>Комментарий</Name>
					<Type>InputField</Type>
					<DataPath>Объект.Комментарий</DataPath>
					<Visible>true</Visible>
					<UserVisible>
						<xr:common>true</xr:common>
					</UserVisible>
					<DefaultItem>false</DefaultItem>
					<Enabled>true</Enabled>
					<ReadOnly>false</ReadOnly>
					<SkipOnInput>auto</SkipOnInput>
					<Title/>
					<TitleTextColor>auto</TitleTextColor>
					<TitleBackColor>auto</TitleBackColor>
					<TitleFont kind="AutoFont"/>
					<TitleLocation>Left</TitleLocation>
					<TitleHeight>0</TitleHeight>
					<ToolTip/>
					<ToolTipRepresentation>Auto</ToolTipRepresentation>
					<WarningOnEditRepresentation>Auto</WarningOnEditRepresentation>
					<WarningOnEdit/>
					<Shortcut/>
					<CommandsContent/>
					<HorizontalAlign>Auto</HorizontalAlign>
					<VerticalAlign>Auto</VerticalAlign>
					<EditMode>Enter</EditMode>
					<FixingInTable>None</FixingInTable>
					<CellHyperlink>false</CellHyperlink>
					<AutoCellHeight>false</AutoCellHeight>
					<ShowInHeader>true</ShowInHeader>
					<HeaderPicture/>
					<HeaderHorizontalAlign>Left</HeaderHorizontalAlign>
					<ShowInFooter>true</ShowInFooter>
					<FooterDataPath/>
					<FooterText/>
					<FooterTextColor>auto</FooterTextColor>
					<FooterBackColor>auto</FooterBackColor>
					<FooterFont kind="AutoFont"/>
					<FooterPicture/>
					<FooterHorizontalAlign>Auto</FooterHorizontalAlign>
					<Width>0</Width>
					<RowsCount>2</RowsCount>
					<HorizontalStretchable>auto</HorizontalStretchable>
					<VerticalStretchable>auto</VerticalStretchable>
					<Wrap>true</Wrap>
					<PasswordMode>auto</PasswordMode>
					<MultiLine>auto</MultiLine>
					<ExtendedEdit>auto</ExtendedEdit>
					<MarkNegatives>auto</MarkNegatives>
					<ChoiceListButton>auto</ChoiceListButton>
					<DropListButton>auto</DropListButton>
					<ChoiceButton>true</ChoiceButton>
					<ChoiceButtonRepresentation>Auto</ChoiceButtonRepresentation>
					<ClearButton>auto</ClearButton>
					<SpinButton>auto</SpinButton>
					<OpenButton>auto</OpenButton>
					<CreateButton>auto</CreateButton>
					<Mask/>
					<ListChoiceMode>false</ListChoiceMode>
					<ChoiceListHeight>0</ChoiceListHeight>
					<DropListWidth>0</DropListWidth>
					<AutoChoiceIncomplete>auto</AutoChoiceIncomplete>
					<QuickChoice>auto</QuickChoice>
					<ChoiceObjects>Auto</ChoiceObjects>
					<Format/>
					<InputFormat/>
					<AutoMarkIncomplete>auto</AutoMarkIncomplete>
					<ChoiceType>true</ChoiceType>
					<IncompleteChoiceMode>OnEnterPressed</IncompleteChoiceMode>
					<TypeDomainEnabled>true</TypeDomainEnabled>
					<TextEdit>true</TextEdit>
					<EditTextUpdateMode>Auto</EditTextUpdateMode>
					<MinVal xsi:nil="true"/>
					<MaxVal xsi:nil="true"/>
					<ChoiceButtonPicture/>
					<ChoiceForm/>
					<ChoiceParamLinks/>
					<ChoiceParams/>
					<AvailableTypes/>
					<ValueList/>
					<TextColor>auto</TextColor>
					<BackColor>auto</BackColor>
					<BorderColor>auto</BorderColor>
					<Font kind="AutoFont"/>
					<LinkByType/>
					<InputHint/>
					<ChoiceHistoryOnInput>Auto</ChoiceHistoryOnInput>
				</Properties>
				<Events/>
				<PredefinedContainedItems>
					<ContextMenu xsi:type="ContextMenuGroup" id="6:02023637-7868-4a5f-8576-835a76e0c9ba">
						<Properties>
							<Name>КомментарийКонтекстноеМеню</Name>
							<Type>ContextMenu</Type>
							<Visible>true</Visible>
							<UserVisible>
								<xr:common>true</xr:common>
							</UserVisible>
							<Enabled>true</Enabled>
							<ReadOnly>false</ReadOnly>
							<EnableContentChange>false</EnableContentChange>
							<Title/>
							<TitleTextColor>auto</TitleTextColor>
							<TitleFont kind="AutoFont"/>
							<ToolTip/>
							<ToolTipRepresentation>Auto</ToolTipRepresentation>
							<Shortcut/>
							<Width>0</Width>
							<Height>0</Height>
							<HorizontalStretch>auto</HorizontalStretch>
							<VerticalStretch>auto</VerticalStretch>
							<FillWithStdCommands>true</FillWithStdCommands>
						</Properties>
						<PredefinedContainedItems/>
						<ContainedItems/>
					</ContextMenu>
					<ExtTooltip xsi:type="TextDecoration" id="9:02023637-7868-4a5f-8576-835a76e0c9ba">
						<Properties>
							<Name>КомментарийExtendedTooltip</Name>
							<Kind>Label</Kind>
							<Visible>true</Visible>
							<UserVisible>
								<xr:common>true</xr:common>
							</UserVisible>
							<Enabled>true</Enabled>
							<Width>0</Width>
							<Height>0</Height>
							<HorStretchable>auto</HorStretchable>
							<VertStretchable>auto</VertStretchable>
							<SkipOnInput>auto</SkipOnInput>
							<TextColor>auto</TextColor>
							<Font kind="AutoFont"/>
							<ShortCut/>
							<Title/>
							<Tooltip/>
							<TooltipRepresentation>Auto</TooltipRepresentation>
							<HyperLink>false</HyperLink>
							<HorAlignment>Left</HorAlignment>
							<VertAlignment>Auto</VertAlignment>
							<TitleHeight>0</TitleHeight>
							<BackColor>auto</BackColor>
							<BorderColor>auto</BorderColor>
							<Border width="1">
								<style xmlns="http://v8.1c.ru/8.1/data/ui" xsi:type="ControlBorderType">WithoutBorder</style>
							</Border>
						</Properties>
						<Events/>
						<PredefinedContainedItems/>
					</ExtTooltip>
				</PredefinedContainedItems>
			</Input>
		</ContainedItems>
	</Elements>
	<NavigationPanel/>
	<CommandPanel/>
</Form>