﻿<?xml version="1.0" encoding="UTF-8"?>
<MetaDataObject xmlns="http://v8.1c.ru/8.3/MDClasses" xmlns:app="http://v8.1c.ru/8.2/managed-application/core" xmlns:cfg="http://v8.1c.ru/8.1/data/enterprise/current-config" xmlns:cmi="http://v8.1c.ru/8.2/managed-application/cmi" xmlns:ent="http://v8.1c.ru/8.1/data/enterprise" xmlns:lf="http://v8.1c.ru/8.2/managed-application/logform" xmlns:style="http://v8.1c.ru/8.1/data/ui/style" xmlns:sys="http://v8.1c.ru/8.1/data/ui/fonts/system" xmlns:v8="http://v8.1c.ru/8.1/data/core" xmlns:v8ui="http://v8.1c.ru/8.1/data/ui" xmlns:web="http://v8.1c.ru/8.1/data/ui/colors/web" xmlns:win="http://v8.1c.ru/8.1/data/ui/colors/windows" xmlns:xen="http://v8.1c.ru/8.3/xcf/enums" xmlns:xpr="http://v8.1c.ru/8.3/xcf/predef" xmlns:xr="http://v8.1c.ru/8.3/xcf/readable" xmlns:xs="http://www.w3.org/2001/XMLSchema" xmlns:xsi="http://www.w3.org/2001/XMLSchema-instance">
	<ChartOfCharacteristicTypes uuid="2e7213f3-7938-42e0-a64a-02bd5f876fd1">
		<InnerInfo>
			<xr:producedType name="ChartOfCharacteristicTypesObject.СвойстваОбъектов" category="Object">
				<xr:typeId>f0a50c72-7ba6-4ca7-aebf-cf66c3c555ec</xr:typeId>
				<xr:valTypeId>37945222-8ed3-40cf-bdae-f4da244373c8</xr:valTypeId>
			</xr:producedType>
			<xr:producedType name="ChartOfCharacteristicTypesRef.СвойстваОбъектов" category="Ref">
				<xr:typeId>833f0f5f-ebe6-4476-a657-6193f6b65667</xr:typeId>
				<xr:valTypeId>29009d0d-e345-4677-83eb-589cfe135be3</xr:valTypeId>
			</xr:producedType>
			<xr:producedType name="ChartOfCharacteristicTypesSelection.СвойстваОбъектов" category="Selection">
				<xr:typeId>63937574-e921-4bcf-b43d-9371344aa800</xr:typeId>
				<xr:valTypeId>37db306a-80a3-4bf8-81b4-41573bb4b522</xr:valTypeId>
			</xr:producedType>
			<xr:producedType name="ChartOfCharacteristicTypesList.СвойстваОбъектов" category="List">
				<xr:typeId>5eedb70c-d189-4a58-a8bb-b461267dd5f6</xr:typeId>
				<xr:valTypeId>6771953e-877c-4d12-9998-10a5780b27a0</xr:valTypeId>
			</xr:producedType>
			<xr:producedType name="Characteristic.СвойстваОбъектов" category="Characteristic">
				<xr:typeId>20b32d55-3c52-40c6-a8a5-adb5ebb4cb97</xr:typeId>
				<xr:valTypeId>d631c600-1333-4e1d-8d5a-7f08bc5ffe0a</xr:valTypeId>
			</xr:producedType>
			<xr:producedType name="ChartOfCharacteristicTypesManager.СвойстваОбъектов" category="Manager">
				<xr:typeId>4626fa54-3727-48fe-a8d9-a198c5b770b3</xr:typeId>
				<xr:valTypeId>a0ee0d3c-b7ba-4b22-84c4-93aec730adc1</xr:valTypeId>
			</xr:producedType>
		</InnerInfo>
		<Properties>
			<Name>СвойстваОбъектов</Name>
			<Synonym>
				<v8:item>
					<v8:lang>ru</v8:lang>
					<v8:content>Свойства объектов</v8:content>
				</v8:item>
			</Synonym>
			<Comment>Шаблон плана видов характеристик является  шаблоном  для создания новых ПВХ</Comment>
			<UseStandardCommands>false</UseStandardCommands>
			<IncludeHelpInContents>true</IncludeHelpInContents>
			<CharacteristicExtValues>Catalog.ЗначенияСвойствОбъектов</CharacteristicExtValues>
			<Type>
				<v8:Type>cfg:DocumentRef.упоЗакрытиеПроектнойВехи</v8:Type>
				<v8:Type>cfg:DocumentRef.упоРегистрацияФактическихДвиженийДенежныхСредств</v8:Type>
				<v8:Type>cfg:DocumentRef.упоПроектнаяВеха</v8:Type>
				<v8:Type>cfg:DocumentRef.упоСмещениеВладельцаРесурсов</v8:Type>
				<v8:Type>cfg:DocumentRef.упоРегистрацияДиспетчера</v8:Type>
				<v8:Type>cfg:DocumentRef.упоРегистрацияРолейТрудовогоРесурса</v8:Type>
				<v8:Type>cfg:CatalogRef.упоПричиныЭскалаций</v8:Type>
				<v8:Type>cfg:DocumentRef.упоСохранениеВерсииПланаДоходовИРасходов</v8:Type>
				<v8:Type>cfg:CatalogRef.упоПрограммыПроектов</v8:Type>
				<v8:Type>cfg:CatalogRef.упоПоказателиПроектов</v8:Type>
				<v8:Type>cfg:CatalogRef.упоТипыПроектныхВех</v8:Type>
				<v8:Type>cfg:CatalogRef.упоСтатьиДоходов</v8:Type>
				<v8:Type>cfg:DocumentRef.упоИзменениеРуководителяПроекта</v8:Type>
				<v8:Type>cfg:DocumentRef.упоОстановкаПроектныхРабот</v8:Type>
				<v8:Type>cfg:DocumentRef.упоРегистрацияСотрудника</v8:Type>
				<v8:Type>cfg:DocumentRef.упоИзменениеДолжностиСотрудника</v8:Type>
				<v8:Type>cfg:DocumentRef.упоРегистрацияПроекта</v8:Type>
				<v8:Type>cfg:CatalogRef.упоЕдиницыВремени</v8:Type>
				<v8:Type>cfg:CatalogRef.СтатьиДвиженияДенежныхСредств</v8:Type>
				<v8:Type>cfg:CatalogRef.упоРабочиеКалендари</v8:Type>
				<v8:Type>cfg:CatalogRef.упоШаблоныОпераций</v8:Type>
				<v8:Type>cfg:DocumentRef.упоРегистрацияМощностиРолей</v8:Type>
				<v8:Type>cfg:DocumentRef.упоИзменениеВладельцаРесурсов</v8:Type>
				<v8:Type>cfg:DocumentRef.упоСтартПроектныхРабот</v8:Type>
				<v8:Type>cfg:DocumentRef.упоРасчетКалендарногоПланаПроекта</v8:Type>
				<v8:Type>cfg:CatalogRef.упоТрудовыеРесурсы</v8:Type>
				<v8:Type>xs:boolean</v8:Type>
				<v8:Type>cfg:DocumentRef.упоИзменениеРуководителяПроектнойЗадачи</v8:Type>
				<v8:Type>cfg:DocumentRef.упоИзменениеРабочегоКалендаря</v8:Type>
				<v8:Type>cfg:DocumentRef.упоУтверждениеПланаПроекта</v8:Type>
				<v8:Type>cfg:CatalogRef.Проекты</v8:Type>
				<v8:Type>cfg:DocumentRef.упоПроектнаяЗадача</v8:Type>
				<v8:Type>cfg:DocumentRef.упоРегистрацияПоказателейПроекта</v8:Type>
				<v8:Type>cfg:CatalogRef.упоНастройкиКалендарей</v8:Type>
				<v8:Type>cfg:DocumentRef.упоНазначениеТрудовыхРесурсовНаПроект</v8:Type>
				<v8:Type>cfg:DocumentRef.упоИзменениеПозицииСДР</v8:Type>
				<v8:Type>cfg:CatalogRef.упоСотрудники</v8:Type>
				<v8:Type>cfg:DocumentRef.упоЗавершениеПроекта</v8:Type>
				<v8:Type>cfg:CatalogRef.упоВидыОпераций</v8:Type>
				<v8:Type>cfg:DocumentRef.упоРегистрацияСтоимостиРесурса</v8:Type>
				<v8:Type>cfg:CatalogRef.упоШаблоныПроектов</v8:Type>
				<v8:Type>cfg:CatalogRef.упоМатериальныеРесурсы</v8:Type>
				<v8:Type>cfg:CatalogRef.упоВерсииПлановДоходовИРасходов</v8:Type>
				<v8:Type>cfg:DocumentRef.упоРегистрацияФактическихДоходовИРасходов</v8:Type>
				<v8:Type>cfg:CatalogRef.ДоговорыКонтрагентов</v8:Type>
				<v8:Type>cfg:CatalogRef.ЕдиницыИзмерения</v8:Type>
				<v8:Type>xs:string</v8:Type>
				<v8:Type>cfg:DocumentRef.упоРегистрацияФактическихДопЗатрат</v8:Type>
				<v8:Type>cfg:CatalogRef.упоВерсииПлановДвиженияДенежныхСредств</v8:Type>
				<v8:Type>cfg:CatalogRef.Подразделения</v8:Type>
				<v8:Type>cfg:CatalogRef.упоВнепроектныеЗадачи</v8:Type>
				<v8:Type>cfg:DocumentRef.упоЭскалацияРабочегоЗадания</v8:Type>
				<v8:Type>cfg:CatalogRef.упоШаблоныПроектныхЗадач</v8:Type>
				<v8:Type>cfg:DocumentRef.упоИзменениеСоставаПодразделения</v8:Type>
				<v8:Type>cfg:CatalogRef.упоВидыВнешнихДокументов</v8:Type>
				<v8:Type>xs:dateTime</v8:Type>
				<v8:Type>cfg:CatalogRef.упоПричиныПотерьРабочегоВремени</v8:Type>
				<v8:Type>xs:decimal</v8:Type>
				<v8:Type>cfg:CatalogRef.Пользователи</v8:Type>
				<v8:Type>cfg:DocumentRef.упоОперация</v8:Type>
				<v8:Type>cfg:DocumentRef.упоРегистрацияРуководителяПодразделения</v8:Type>
				<v8:Type>cfg:CatalogRef.КатегорииОбъектов</v8:Type>
				<v8:Type>cfg:DocumentRef.упоРегистрацияВладельцаРесурсов</v8:Type>
				<v8:Type>cfg:CatalogRef.упоРоли</v8:Type>
				<v8:Type>cfg:DocumentRef.упоСохранениеВерсииПланаДвиженияДенежныхСредств</v8:Type>
				<v8:Type>cfg:DocumentRef.упоАктуализацияПроекта</v8:Type>
				<v8:Type>cfg:DocumentRef.упоВозобновлениеПроекта</v8:Type>
				<v8:Type>cfg:DocumentRef.упоРабочееЗадание</v8:Type>
				<v8:Type>cfg:CatalogRef.упоНормыСтоимости</v8:Type>
				<v8:Type>cfg:DocumentRef.упоРегистрацияСоставаПодразделения</v8:Type>
				<v8:Type>cfg:DocumentRef.упоОсвобождениеДиспетчера</v8:Type>
				<v8:Type>cfg:CatalogRef.упоШаблоныКонтрагентов</v8:Type>
				<v8:Type>cfg:CatalogRef.Контрагенты</v8:Type>
				<v8:Type>cfg:CatalogRef.ЗначенияСвойствОбъектов</v8:Type>
				<v8:Type>cfg:CatalogRef.ПодразделенияОрганизаций</v8:Type>
				<v8:Type>cfg:DocumentRef.упоРучнаяАктуализацияПроекта</v8:Type>
				<v8:Type>cfg:CatalogRef.Организации</v8:Type>
				<v8:Type>cfg:CatalogRef.упоПортфелиПроектов</v8:Type>
				<v8:Type>cfg:DocumentRef.упоРегистрацияРабочегоКалендаря</v8:Type>
				<v8:Type>cfg:DocumentRef.упоСмещениеРолейТрудовогоРесурса</v8:Type>
				<v8:Type>cfg:CatalogRef.ВнешниеОбработки</v8:Type>
				<v8:Type>cfg:CatalogRef.Должности</v8:Type>
				<v8:Type>cfg:CatalogRef.СтатьиЗатрат</v8:Type>
				<v8:Type>cfg:DocumentRef.упоРегистрацияФактическихЗатратМатРесурсов</v8:Type>
				<v8:Type>cfg:CatalogRef.упоПрофилиРаспределенияДоходовИРасходов</v8:Type>
				<v8:NumberQualifiers>
					<v8:Digits>10</v8:Digits>
					<v8:FractionDigits>0</v8:FractionDigits>
					<v8:AllowedSign>Any</v8:AllowedSign>
				</v8:NumberQualifiers>
				<v8:StringQualifiers>
					<v8:Length>10</v8:Length>
					<v8:AllowedLength>Variable</v8:AllowedLength>
				</v8:StringQualifiers>
				<v8:DateQualifiers>
					<v8:DateFractions>Date</v8:DateFractions>
				</v8:DateQualifiers>
			</Type>
			<Hierarchical>true</Hierarchical>
			<FoldersOnTop>true</FoldersOnTop>
			<CodeLength>8</CodeLength>
			<CodeAllowedLength>Fixed</CodeAllowedLength>
			<DescriptionLength>50</DescriptionLength>
			<CodeSeries>WholeCharacteristicKind</CodeSeries>
			<CheckUnique>true</CheckUnique>
			<Autonumbering>true</Autonumbering>
			<DefaultPresentation>AsDescription</DefaultPresentation>
			<StandardAttributes>
				<xr:Attribute name="ValueType">
					<xr:LinkByType/>
					<xr:FillChecking>DontCheck</xr:FillChecking>
					<xr:MultiLine>false</xr:MultiLine>
					<xr:FillFromFillingValue>false</xr:FillFromFillingValue>
					<xr:CreateOnInput>Auto</xr:CreateOnInput>
					<xr:MaxValue xsi:nil="true"/>
					<xr:ToolTip/>
					<xr:ExtendedEdit>false</xr:ExtendedEdit>
					<xr:Format/>
					<xr:ChoiceForm/>
					<xr:QuickChoice>Auto</xr:QuickChoice>
					<xr:ChoiceHistoryOnInput>Auto</xr:ChoiceHistoryOnInput>
					<xr:EditFormat/>
					<xr:PasswordMode>false</xr:PasswordMode>
					<xr:MarkNegatives>false</xr:MarkNegatives>
					<xr:MinValue xsi:nil="true"/>
					<xr:Synonym/>
					<xr:Comment/>
					<xr:FullTextSearch>Use</xr:FullTextSearch>
					<xr:ChoiceParameterLinks/>
					<xr:FillValue xsi:nil="true"/>
					<xr:Mask/>
					<xr:ChoiceParameters/>
				</xr:Attribute>
				<xr:Attribute name="Description">
					<xr:LinkByType/>
					<xr:FillChecking>ShowError</xr:FillChecking>
					<xr:MultiLine>false</xr:MultiLine>
					<xr:FillFromFillingValue>false</xr:FillFromFillingValue>
					<xr:CreateOnInput>Auto</xr:CreateOnInput>
					<xr:MaxValue xsi:nil="true"/>
					<xr:ToolTip/>
					<xr:ExtendedEdit>false</xr:ExtendedEdit>
					<xr:Format/>
					<xr:ChoiceForm/>
					<xr:QuickChoice>Auto</xr:QuickChoice>
					<xr:ChoiceHistoryOnInput>Auto</xr:ChoiceHistoryOnInput>
					<xr:EditFormat/>
					<xr:PasswordMode>false</xr:PasswordMode>
					<xr:MarkNegatives>false</xr:MarkNegatives>
					<xr:MinValue xsi:nil="true"/>
					<xr:Synonym/>
					<xr:Comment/>
					<xr:FullTextSearch>Use</xr:FullTextSearch>
					<xr:ChoiceParameterLinks/>
					<xr:FillValue xsi:nil="true"/>
					<xr:Mask/>
					<xr:ChoiceParameters/>
				</xr:Attribute>
				<xr:Attribute name="Code">
					<xr:LinkByType/>
					<xr:FillChecking>DontCheck</xr:FillChecking>
					<xr:MultiLine>false</xr:MultiLine>
					<xr:FillFromFillingValue>false</xr:FillFromFillingValue>
					<xr:CreateOnInput>Auto</xr:CreateOnInput>
					<xr:MaxValue xsi:nil="true"/>
					<xr:ToolTip/>
					<xr:ExtendedEdit>false</xr:ExtendedEdit>
					<xr:Format/>
					<xr:ChoiceForm/>
					<xr:QuickChoice>Auto</xr:QuickChoice>
					<xr:ChoiceHistoryOnInput>Auto</xr:ChoiceHistoryOnInput>
					<xr:EditFormat/>
					<xr:PasswordMode>false</xr:PasswordMode>
					<xr:MarkNegatives>false</xr:MarkNegatives>
					<xr:MinValue xsi:nil="true"/>
					<xr:Synonym/>
					<xr:Comment/>
					<xr:FullTextSearch>Use</xr:FullTextSearch>
					<xr:ChoiceParameterLinks/>
					<xr:FillValue xsi:nil="true"/>
					<xr:Mask/>
					<xr:ChoiceParameters/>
				</xr:Attribute>
				<xr:Attribute name="IsFolder">
					<xr:LinkByType/>
					<xr:FillChecking>DontCheck</xr:FillChecking>
					<xr:MultiLine>false</xr:MultiLine>
					<xr:FillFromFillingValue>false</xr:FillFromFillingValue>
					<xr:CreateOnInput>Auto</xr:CreateOnInput>
					<xr:MaxValue xsi:nil="true"/>
					<xr:ToolTip/>
					<xr:ExtendedEdit>false</xr:ExtendedEdit>
					<xr:Format/>
					<xr:ChoiceForm/>
					<xr:QuickChoice>Auto</xr:QuickChoice>
					<xr:ChoiceHistoryOnInput>Auto</xr:ChoiceHistoryOnInput>
					<xr:EditFormat/>
					<xr:PasswordMode>false</xr:PasswordMode>
					<xr:MarkNegatives>false</xr:MarkNegatives>
					<xr:MinValue xsi:nil="true"/>
					<xr:Synonym/>
					<xr:Comment/>
					<xr:FullTextSearch>Use</xr:FullTextSearch>
					<xr:ChoiceParameterLinks/>
					<xr:FillValue xsi:nil="true"/>
					<xr:Mask/>
					<xr:ChoiceParameters/>
				</xr:Attribute>
				<xr:Attribute name="Parent">
					<xr:LinkByType/>
					<xr:FillChecking>DontCheck</xr:FillChecking>
					<xr:MultiLine>false</xr:MultiLine>
					<xr:FillFromFillingValue>true</xr:FillFromFillingValue>
					<xr:CreateOnInput>Auto</xr:CreateOnInput>
					<xr:MaxValue xsi:nil="true"/>
					<xr:ToolTip/>
					<xr:ExtendedEdit>false</xr:ExtendedEdit>
					<xr:Format/>
					<xr:ChoiceForm/>
					<xr:QuickChoice>Auto</xr:QuickChoice>
					<xr:ChoiceHistoryOnInput>Auto</xr:ChoiceHistoryOnInput>
					<xr:EditFormat/>
					<xr:PasswordMode>false</xr:PasswordMode>
					<xr:MarkNegatives>false</xr:MarkNegatives>
					<xr:MinValue xsi:nil="true"/>
					<xr:Synonym/>
					<xr:Comment/>
					<xr:FullTextSearch>Use</xr:FullTextSearch>
					<xr:ChoiceParameterLinks/>
					<xr:FillValue xsi:nil="true"/>
					<xr:Mask/>
					<xr:ChoiceParameters/>
				</xr:Attribute>
				<xr:Attribute name="Predefined">
					<xr:LinkByType/>
					<xr:FillChecking>DontCheck</xr:FillChecking>
					<xr:MultiLine>false</xr:MultiLine>
					<xr:FillFromFillingValue>false</xr:FillFromFillingValue>
					<xr:CreateOnInput>Auto</xr:CreateOnInput>
					<xr:MaxValue xsi:nil="true"/>
					<xr:ToolTip/>
					<xr:ExtendedEdit>false</xr:ExtendedEdit>
					<xr:Format/>
					<xr:ChoiceForm/>
					<xr:QuickChoice>Auto</xr:QuickChoice>
					<xr:ChoiceHistoryOnInput>Auto</xr:ChoiceHistoryOnInput>
					<xr:EditFormat/>
					<xr:PasswordMode>false</xr:PasswordMode>
					<xr:MarkNegatives>false</xr:MarkNegatives>
					<xr:MinValue xsi:nil="true"/>
					<xr:Synonym/>
					<xr:Comment/>
					<xr:FullTextSearch>Use</xr:FullTextSearch>
					<xr:ChoiceParameterLinks/>
					<xr:FillValue xsi:nil="true"/>
					<xr:Mask/>
					<xr:ChoiceParameters/>
				</xr:Attribute>
				<xr:Attribute name="DeletionMark">
					<xr:LinkByType/>
					<xr:FillChecking>DontCheck</xr:FillChecking>
					<xr:MultiLine>false</xr:MultiLine>
					<xr:FillFromFillingValue>false</xr:FillFromFillingValue>
					<xr:CreateOnInput>Auto</xr:CreateOnInput>
					<xr:MaxValue xsi:nil="true"/>
					<xr:ToolTip/>
					<xr:ExtendedEdit>false</xr:ExtendedEdit>
					<xr:Format/>
					<xr:ChoiceForm/>
					<xr:QuickChoice>Auto</xr:QuickChoice>
					<xr:ChoiceHistoryOnInput>Auto</xr:ChoiceHistoryOnInput>
					<xr:EditFormat/>
					<xr:PasswordMode>false</xr:PasswordMode>
					<xr:MarkNegatives>false</xr:MarkNegatives>
					<xr:MinValue xsi:nil="true"/>
					<xr:Synonym/>
					<xr:Comment/>
					<xr:FullTextSearch>Use</xr:FullTextSearch>
					<xr:ChoiceParameterLinks/>
					<xr:FillValue xsi:nil="true"/>
					<xr:Mask/>
					<xr:ChoiceParameters/>
				</xr:Attribute>
				<xr:Attribute name="Ref">
					<xr:LinkByType/>
					<xr:FillChecking>DontCheck</xr:FillChecking>
					<xr:MultiLine>false</xr:MultiLine>
					<xr:FillFromFillingValue>false</xr:FillFromFillingValue>
					<xr:CreateOnInput>Auto</xr:CreateOnInput>
					<xr:MaxValue xsi:nil="true"/>
					<xr:ToolTip/>
					<xr:ExtendedEdit>false</xr:ExtendedEdit>
					<xr:Format/>
					<xr:ChoiceForm/>
					<xr:QuickChoice>Auto</xr:QuickChoice>
					<xr:ChoiceHistoryOnInput>Auto</xr:ChoiceHistoryOnInput>
					<xr:EditFormat/>
					<xr:PasswordMode>false</xr:PasswordMode>
					<xr:MarkNegatives>false</xr:MarkNegatives>
					<xr:MinValue xsi:nil="true"/>
					<xr:Synonym/>
					<xr:Comment/>
					<xr:FullTextSearch>Use</xr:FullTextSearch>
					<xr:ChoiceParameterLinks/>
					<xr:FillValue xsi:nil="true"/>
					<xr:Mask/>
					<xr:ChoiceParameters/>
				</xr:Attribute>
			</StandardAttributes>
			<Characteristics/>
			<PredefinedDataUpdate>Auto</PredefinedDataUpdate>
			<EditType>InDialog</EditType>
			<QuickChoice>false</QuickChoice>
			<ChoiceMode>BothWays</ChoiceMode>
			<InputByString>
				<xr:field>ChartOfCharacteristicTypes.СвойстваОбъектов.StandardAttribute.Description</xr:field>
				<xr:field>ChartOfCharacteristicTypes.СвойстваОбъектов.StandardAttribute.Code</xr:field>
			</InputByString>
			<CreateOnInput>DontUse</CreateOnInput>
			<SearchStringModeOnInputByString>Begin</SearchStringModeOnInputByString>
			<ChoiceDataGetModeOnInputByString>Directly</ChoiceDataGetModeOnInputByString>
			<FullTextSearchOnInputByString>DontUse</FullTextSearchOnInputByString>
			<ChoiceHistoryOnInput>Auto</ChoiceHistoryOnInput>
			<DefaultObjectForm>ChartOfCharacteristicTypes.СвойстваОбъектов.Form.ФормаЭлемента</DefaultObjectForm>
			<DefaultFolderForm>ChartOfCharacteristicTypes.СвойстваОбъектов.Form.ФормаГруппы</DefaultFolderForm>
			<DefaultListForm>ChartOfCharacteristicTypes.СвойстваОбъектов.Form.ФормаСписка</DefaultListForm>
			<DefaultChoiceForm>ChartOfCharacteristicTypes.СвойстваОбъектов.Form.ФормаСписка</DefaultChoiceForm>
			<DefaultFolderChoiceForm>ChartOfCharacteristicTypes.СвойстваОбъектов.Form.ФормаВыбораГруппы</DefaultFolderChoiceForm>
			<AuxiliaryObjectForm/>
			<AuxiliaryFolderForm/>
			<AuxiliaryListForm/>
			<AuxiliaryChoiceForm/>
			<AuxiliaryFolderChoiceForm/>
			<BasedOn/>
			<DataLockFields/>
			<DataLockControlMode>Automatic</DataLockControlMode>
			<FullTextSearch>Use</FullTextSearch>
			<ObjectPresentation/>
			<ExtendedObjectPresentation/>
			<ListPresentation/>
			<ExtendedListPresentation/>
			<Explanation/>
		</Properties>
		<ChildObjects>
			<Attribute uuid="560aa865-30c5-493b-9f37-0057383a36a1">
				<Properties>
					<Name>НазначениеСвойства</Name>
					<Synonym>
						<v8:item>
							<v8:lang>ru</v8:lang>
							<v8:content>Назначение свойства</v8:content>
						</v8:item>
					</Synonym>
					<Comment/>
					<Type>
						<v8:Type>cfg:ChartOfCharacteristicTypesRef.НазначенияСвойствКатегорийОбъектов</v8:Type>
					</Type>
					<PasswordMode>false</PasswordMode>
					<Format/>
					<EditFormat/>
					<ToolTip/>
					<MarkNegatives>false</MarkNegatives>
					<Mask/>
					<MultiLine>false</MultiLine>
					<ExtendedEdit>false</ExtendedEdit>
					<MinValue xsi:nil="true"/>
					<MaxValue xsi:nil="true"/>
					<FillFromFillingValue>false</FillFromFillingValue>
					<FillValue xsi:nil="true"/>
					<FillChecking>DontCheck</FillChecking>
					<ChoiceFoldersAndItems>Items</ChoiceFoldersAndItems>
					<ChoiceParameterLinks/>
					<ChoiceParameters/>
					<QuickChoice>Auto</QuickChoice>
					<CreateOnInput>Auto</CreateOnInput>
					<ChoiceForm/>
					<LinkByType/>
					<ChoiceHistoryOnInput>Auto</ChoiceHistoryOnInput>
					<Indexing>DontIndex</Indexing>
					<Use>ForItem</Use>
					<FullTextSearch>Use</FullTextSearch>
				</Properties>
			</Attribute>
			<Form>ФормаСписка</Form>
			<Form>ФормаВыбора</Form>
			<Form>ФормаВыбораГруппы</Form>
			<Form>ФормаЭлемента</Form>
			<Form>ФормаГруппы</Form>
		</ChildObjects>
	</ChartOfCharacteristicTypes>
</MetaDataObject>