﻿<?xml version="1.0" encoding="UTF-8"?>
<Form xmlns="http://v8.1c.ru/8.3/xcf/logform" xmlns:app="http://v8.1c.ru/8.2/managed-application/core" xmlns:dcscor="http://v8.1c.ru/8.1/data-composition-system/core" xmlns:dcsset="http://v8.1c.ru/8.1/data-composition-system/settings" xmlns:ent="http://v8.1c.ru/8.1/data/enterprise" xmlns:lf="http://v8.1c.ru/8.2/managed-application/logform" xmlns:style="http://v8.1c.ru/8.1/data/ui/style" xmlns:v8="http://v8.1c.ru/8.1/data/core" xmlns:web="http://v8.1c.ru/8.1/data/ui/colors/web" xmlns:win="http://v8.1c.ru/8.1/data/ui/colors/windows" xmlns:xr="http://v8.1c.ru/8.3/xcf/readable" xmlns:xs="http://www.w3.org/2001/XMLSchema" xmlns:xsi="http://www.w3.org/2001/XMLSchema-instance">
	<Attributes>
		<Attribute id="1">
			<Name>Объект</Name>
			<Title/>
			<Type>
				<v8:Type xmlns:d5p1="http://v8.1c.ru/8.1/data/enterprise/current-config">d5p1:ChartOfCharacteristicTypesObject.ДополнительныеРеквизитыИСведения</v8:Type>
			</Type>
			<Accessibility>
				<xr:common>true</xr:common>
			</Accessibility>
			<Editing>
				<xr:common>true</xr:common>
			</Editing>
			<Content/>
			<SavingContent/>
			<MainProperty>true</MainProperty>
			<StoredData>true</StoredData>
			<FunctionalOptions/>
			<FillCheck>DontCheck</FillCheck>
			<Columns/>
			<ExtInfo/>
		</Attribute>
		<Attribute id="3">
			<Name>ЭтоДополнительноеСведениеРеквизит</Name>
			<Title>
				<v8:item>
					<v8:lang>ru</v8:lang>
					<v8:content>Это дополнительное сведение реквизит</v8:content>
				</v8:item>
			</Title>
			<Type>
				<v8:Type>xs:decimal</v8:Type>
				<v8:NumberQualifiers>
					<v8:Digits>1</v8:Digits>
					<v8:FractionDigits>0</v8:FractionDigits>
					<v8:AllowedSign>Any</v8:AllowedSign>
				</v8:NumberQualifiers>
			</Type>
			<Accessibility>
				<xr:common>true</xr:common>
			</Accessibility>
			<Editing>
				<xr:common>true</xr:common>
			</Editing>
			<Content/>
			<SavingContent/>
			<MainProperty>false</MainProperty>
			<StoredData>true</StoredData>
			<FunctionalOptions/>
			<FillCheck>DontCheck</FillCheck>
			<Columns/>
			<ExtInfo/>
		</Attribute>
		<Attribute id="2">
			<Name>спсНаборов</Name>
			<Title>
				<v8:item>
					<v8:lang>ru</v8:lang>
					<v8:content>Спс наборов</v8:content>
				</v8:item>
			</Title>
			<Type>
				<v8:Type>v8:ValueListType</v8:Type>
			</Type>
			<Accessibility>
				<xr:common>true</xr:common>
			</Accessibility>
			<Editing>
				<xr:common>true</xr:common>
			</Editing>
			<Content/>
			<SavingContent/>
			<MainProperty>false</MainProperty>
			<StoredData>false</StoredData>
			<FunctionalOptions/>
			<FillCheck>DontCheck</FillCheck>
			<Columns/>
			<ExtInfo/>
		</Attribute>
		<Attribute id="4">
			<Name>ОткрываетсяИзНабораСвойств</Name>
			<Title>
				<v8:item>
					<v8:lang>ru</v8:lang>
					<v8:content>Открывается из набора свойств</v8:content>
				</v8:item>
			</Title>
			<Type>
				<v8:Type>xs:boolean</v8:Type>
			</Type>
			<Accessibility>
				<xr:common>true</xr:common>
			</Accessibility>
			<Editing>
				<xr:common>true</xr:common>
			</Editing>
			<Content/>
			<SavingContent/>
			<MainProperty>false</MainProperty>
			<StoredData>false</StoredData>
			<FunctionalOptions/>
			<FillCheck>DontCheck</FillCheck>
			<Columns/>
			<ExtInfo/>
		</Attribute>
		<Attribute id="5">
			<Name>МножественноеЧислоПредмета</Name>
			<Title>
				<v8:item>
					<v8:lang>ru</v8:lang>
					<v8:content>Представление списка</v8:content>
				</v8:item>
			</Title>
			<Type>
				<v8:Type>xs:string</v8:Type>
				<v8:StringQualifiers>
					<v8:Length>0</v8:Length>
					<v8:AllowedLength>Variable</v8:AllowedLength>
				</v8:StringQualifiers>
			</Type>
			<Accessibility>
				<xr:common>true</xr:common>
			</Accessibility>
			<Editing>
				<xr:common>true</xr:common>
			</Editing>
			<Content/>
			<SavingContent/>
			<MainProperty>false</MainProperty>
			<StoredData>false</StoredData>
			<FunctionalOptions/>
			<FillCheck>DontCheck</FillCheck>
			<Columns/>
			<ExtInfo/>
		</Attribute>
		<Attribute id="6">
			<Name>ЕдинственноеЧислоПредмета</Name>
			<Title>
				<v8:item>
					<v8:lang>ru</v8:lang>
					<v8:content>Представление объекта</v8:content>
				</v8:item>
			</Title>
			<Type>
				<v8:Type>xs:string</v8:Type>
				<v8:StringQualifiers>
					<v8:Length>0</v8:Length>
					<v8:AllowedLength>Variable</v8:AllowedLength>
				</v8:StringQualifiers>
			</Type>
			<Accessibility>
				<xr:common>true</xr:common>
			</Accessibility>
			<Editing>
				<xr:common>true</xr:common>
			</Editing>
			<Content/>
			<SavingContent/>
			<MainProperty>false</MainProperty>
			<StoredData>false</StoredData>
			<FunctionalOptions/>
			<FillCheck>DontCheck</FillCheck>
			<Columns/>
			<ExtInfo/>
		</Attribute>
		<Attribute id="7">
			<Name>МногострочноеПолеВвода</Name>
			<Title>
				<v8:item>
					<v8:lang>ru</v8:lang>
					<v8:content>Многострочное поле ввода</v8:content>
				</v8:item>
			</Title>
			<Type>
				<v8:Type>xs:boolean</v8:Type>
			</Type>
			<Accessibility>
				<xr:common>true</xr:common>
			</Accessibility>
			<Editing>
				<xr:common>true</xr:common>
			</Editing>
			<Content/>
			<SavingContent/>
			<MainProperty>false</MainProperty>
			<StoredData>false</StoredData>
			<FunctionalOptions/>
			<FillCheck>DontCheck</FillCheck>
			<Columns/>
			<ExtInfo/>
		</Attribute>
		<Attribute id="8">
			<Name>МногострочноеПолеВводаЧисло</Name>
			<Title>
				<v8:item>
					<v8:lang>ru</v8:lang>
					<v8:content>Многострочное поле ввода число</v8:content>
				</v8:item>
			</Title>
			<Type>
				<v8:Type>xs:decimal</v8:Type>
				<v8:NumberQualifiers>
					<v8:Digits>2</v8:Digits>
					<v8:FractionDigits>0</v8:FractionDigits>
					<v8:AllowedSign>Nonnegative</v8:AllowedSign>
				</v8:NumberQualifiers>
			</Type>
			<Accessibility>
				<xr:common>true</xr:common>
			</Accessibility>
			<Editing>
				<xr:common>true</xr:common>
			</Editing>
			<Content/>
			<SavingContent/>
			<MainProperty>false</MainProperty>
			<StoredData>false</StoredData>
			<FunctionalOptions/>
			<FillCheck>DontCheck</FillCheck>
			<Columns/>
			<ExtInfo/>
		</Attribute>
		<ConditionalAppearance/>
	</Attributes>
	<Commands>
		<Command>
			<Name>РедактироватьСписокНаборов</Name>
			<Title>
				<v8:item>
					<v8:lang>ru</v8:lang>
					<v8:content>Редактировать список наборов</v8:content>
				</v8:item>
			</Title>
			<ToolTip>
				<v8:item>
					<v8:lang>ru</v8:lang>
					<v8:content>Редактировать список наборов</v8:content>
				</v8:item>
			</ToolTip>
			<Using>
				<xr:common>true</xr:common>
			</Using>
			<ShortCut/>
			<Picture/>
			<Handler>РедактироватьСписокНаборовВыполнить</Handler>
			<FunctionalOptions/>
			<DefaultRepresentation>Auto</DefaultRepresentation>
			<ModifiesStoredData>false</ModifiesStoredData>
			<AddedFromContext>false</AddedFromContext>
		</Command>
		<Command>
			<Name>РедактироватьФорматЗначения</Name>
			<Title>
				<v8:item>
					<v8:lang>ru</v8:lang>
					<v8:content>Формат</v8:content>
				</v8:item>
			</Title>
			<ToolTip>
				<v8:item>
					<v8:lang>ru</v8:lang>
					<v8:content>Формат значения будет использован при редактировании свойства пользователем</v8:content>
				</v8:item>
			</ToolTip>
			<Using>
				<xr:common>true</xr:common>
			</Using>
			<ShortCut/>
			<Picture/>
			<Handler>РедактироватьФорматЗначения</Handler>
			<FunctionalOptions/>
			<DefaultRepresentation>Auto</DefaultRepresentation>
			<ModifiesStoredData>false</ModifiesStoredData>
			<AddedFromContext>false</AddedFromContext>
		</Command>
	</Commands>
	<Parameters>
		<Parameter>
			<Name>ОткрываетсяИзНабораСвойств</Name>
			<Type>
				<v8:Type>xs:boolean</v8:Type>
			</Type>
			<KeyParameter>false</KeyParameter>
		</Parameter>
		<Parameter>
			<Name>Родитель</Name>
			<Type>
				<v8:Type xmlns:d5p1="http://v8.1c.ru/8.1/data/enterprise/current-config">d5p1:ChartOfCharacteristicTypesRef.ДополнительныеРеквизитыИСведения</v8:Type>
			</Type>
			<KeyParameter>false</KeyParameter>
		</Parameter>
		<Parameter>
			<Name>Копируемый</Name>
			<Type>
				<v8:Type xmlns:d5p1="http://v8.1c.ru/8.1/data/enterprise/current-config">d5p1:ChartOfCharacteristicTypesRef.ДополнительныеРеквизитыИСведения</v8:Type>
			</Type>
			<KeyParameter>false</KeyParameter>
		</Parameter>
		<Parameter>
			<Name>ЭтоДополнительноеСведение</Name>
			<Type>
				<v8:Type>xs:boolean</v8:Type>
			</Type>
			<KeyParameter>false</KeyParameter>
		</Parameter>
	</Parameters>
	<Elements id="0:02023637-7868-4a5f-8576-835a76e0c9ba">
		<Properties>
			<Title/>
			<Width>0</Width>
			<Height>0</Height>
			<OpeningMode>LockOwnerWindow</OpeningMode>
			<EnterKeyBehavior>ControlNavigation</EnterKeyBehavior>
			<AutoSaveFormDataInSettings>DontUse</AutoSaveFormDataInSettings>
			<SaveFormDataInSettings>DontUse</SaveFormDataInSettings>
			<SettingsStorage/>
			<AutoTitle>false</AutoTitle>
			<AutoURL>true</AutoURL>
			<ChildrenGrouping>Vertical</ChildrenGrouping>
			<ChildItemsWidth>Auto</ChildItemsWidth>
			<AutoFillCheck>true</AutoFillCheck>
			<Customizable>true</Customizable>
			<Enabled>true</Enabled>
			<ReadOnly>false</ReadOnly>
			<CommandBarLocation>Auto</CommandBarLocation>
			<VerticalScrolling>useIfNecessary</VerticalScrolling>
			<BaseFontVariant>Auto</BaseFontVariant>
			<CommandsContent/>
			<Usage>Items</Usage>
		</Properties>
		<Events>
			<Event name="AfterWrite">ПослеЗаписи</Event>
			<Event name="AfterWriteAtServer">ПослеЗаписиНаСервере</Event>
			<Event name="BeforeWrite">ПередЗаписью</Event>
			<Event name="OnCreateAtServer">ПриСозданииНаСервере</Event>
			<Event name="BeforeWriteAtServer">ПередЗаписьюНаСервере</Event>
			<Event name="OnWriteAtServer">ПриЗаписиНаСервере</Event>
		</Events>
		<PredefinedContainedItems>
			<CommandBar xsi:type="AutoMenuGroup" id="-1:02023637-7868-4a5f-8576-835a76e0c9ba">
				<Properties>
					<Name>ФормаКоманднаяПанель</Name>
					<Type>AutoCommandBar</Type>
					<Visible>true</Visible>
					<UserVisible>
						<xr:common>true</xr:common>
					</UserVisible>
					<Enabled>true</Enabled>
					<ReadOnly>false</ReadOnly>
					<EnableContentChange>false</EnableContentChange>
					<Title/>
					<TitleTextColor>auto</TitleTextColor>
					<TitleFont kind="AutoFont"/>
					<ToolTip/>
					<ToolTipRepresentation>Auto</ToolTipRepresentation>
					<Shortcut/>
					<Width>0</Width>
					<Height>0</Height>
					<HorizontalStretch>auto</HorizontalStretch>
					<VerticalStretch>auto</VerticalStretch>
					<HorAlignment>Left</HorAlignment>
					<FillWithStdCommands>true</FillWithStdCommands>
				</Properties>
				<PredefinedContainedItems/>
				<ContainedItems/>
			</CommandBar>
		</PredefinedContainedItems>
		<ContainedItems>
			<Input id="3:02023637-7868-4a5f-8576-835a76e0c9ba">
				<Properties>
					<Name>Родитель</Name>
					<Type>InputField</Type>
					<DataPath>Объект.Parent</DataPath>
					<Visible>true</Visible>
					<UserVisible>
						<xr:common>true</xr:common>
					</UserVisible>
					<DefaultItem>false</DefaultItem>
					<Enabled>true</Enabled>
					<ReadOnly>false</ReadOnly>
					<SkipOnInput>auto</SkipOnInput>
					<Title/>
					<TitleTextColor>auto</TitleTextColor>
					<TitleBackColor>auto</TitleBackColor>
					<TitleFont kind="AutoFont"/>
					<TitleLocation>Auto</TitleLocation>
					<TitleHeight>0</TitleHeight>
					<ToolTip/>
					<ToolTipRepresentation>Auto</ToolTipRepresentation>
					<WarningOnEditRepresentation>Auto</WarningOnEditRepresentation>
					<WarningOnEdit/>
					<Shortcut/>
					<CommandsContent/>
					<HorizontalAlign>Auto</HorizontalAlign>
					<VerticalAlign>Auto</VerticalAlign>
					<EditMode>Enter</EditMode>
					<FixingInTable>None</FixingInTable>
					<CellHyperlink>false</CellHyperlink>
					<AutoCellHeight>false</AutoCellHeight>
					<ShowInHeader>true</ShowInHeader>
					<HeaderPicture/>
					<HeaderHorizontalAlign>Left</HeaderHorizontalAlign>
					<ShowInFooter>true</ShowInFooter>
					<FooterDataPath/>
					<FooterText/>
					<FooterTextColor>auto</FooterTextColor>
					<FooterBackColor>auto</FooterBackColor>
					<FooterFont kind="AutoFont"/>
					<FooterPicture/>
					<FooterHorizontalAlign>Auto</FooterHorizontalAlign>
					<Width>0</Width>
					<RowsCount>0</RowsCount>
					<HorizontalStretchable>auto</HorizontalStretchable>
					<VerticalStretchable>auto</VerticalStretchable>
					<Wrap>false</Wrap>
					<PasswordMode>auto</PasswordMode>
					<MultiLine>auto</MultiLine>
					<ExtendedEdit>auto</ExtendedEdit>
					<MarkNegatives>auto</MarkNegatives>
					<ChoiceListButton>auto</ChoiceListButton>
					<DropListButton>auto</DropListButton>
					<ChoiceButton>auto</ChoiceButton>
					<ChoiceButtonRepresentation>Auto</ChoiceButtonRepresentation>
					<ClearButton>auto</ClearButton>
					<SpinButton>auto</SpinButton>
					<OpenButton>auto</OpenButton>
					<CreateButton>auto</CreateButton>
					<Mask/>
					<ListChoiceMode>false</ListChoiceMode>
					<ChoiceListHeight>0</ChoiceListHeight>
					<DropListWidth>0</DropListWidth>
					<AutoChoiceIncomplete>auto</AutoChoiceIncomplete>
					<QuickChoice>auto</QuickChoice>
					<ChoiceObjects>Auto</ChoiceObjects>
					<Format/>
					<InputFormat/>
					<AutoMarkIncomplete>auto</AutoMarkIncomplete>
					<ChoiceType>true</ChoiceType>
					<IncompleteChoiceMode>OnEnterPressed</IncompleteChoiceMode>
					<TypeDomainEnabled>true</TypeDomainEnabled>
					<TextEdit>true</TextEdit>
					<EditTextUpdateMode>Auto</EditTextUpdateMode>
					<MinVal xsi:nil="true"/>
					<MaxVal xsi:nil="true"/>
					<ChoiceButtonPicture/>
					<ChoiceForm/>
					<ChoiceParamLinks/>
					<ChoiceParams/>
					<AvailableTypes/>
					<ValueList/>
					<TextColor>auto</TextColor>
					<BackColor>auto</BackColor>
					<BorderColor>auto</BorderColor>
					<Font kind="AutoFont"/>
					<LinkByType/>
					<InputHint/>
					<ChoiceHistoryOnInput>Auto</ChoiceHistoryOnInput>
				</Properties>
				<Events/>
				<PredefinedContainedItems>
					<ContextMenu xsi:type="ContextMenuGroup" id="4:02023637-7868-4a5f-8576-835a76e0c9ba">
						<Properties>
							<Name>РодительКонтекстноеМеню</Name>
							<Type>ContextMenu</Type>
							<Visible>true</Visible>
							<UserVisible>
								<xr:common>true</xr:common>
							</UserVisible>
							<Enabled>true</Enabled>
							<ReadOnly>false</ReadOnly>
							<EnableContentChange>false</EnableContentChange>
							<Title/>
							<TitleTextColor>auto</TitleTextColor>
							<TitleFont kind="AutoFont"/>
							<ToolTip/>
							<ToolTipRepresentation>Auto</ToolTipRepresentation>
							<Shortcut/>
							<Width>0</Width>
							<Height>0</Height>
							<HorizontalStretch>auto</HorizontalStretch>
							<VerticalStretch>auto</VerticalStretch>
							<FillWithStdCommands>true</FillWithStdCommands>
						</Properties>
						<PredefinedContainedItems/>
						<ContainedItems/>
					</ContextMenu>
					<ExtTooltip xsi:type="TextDecoration" id="47:02023637-7868-4a5f-8576-835a76e0c9ba">
						<Properties>
							<Name>РодительExtendedTooltip</Name>
							<Kind>Label</Kind>
							<Visible>true</Visible>
							<UserVisible>
								<xr:common>true</xr:common>
							</UserVisible>
							<Enabled>true</Enabled>
							<Width>0</Width>
							<Height>0</Height>
							<HorStretchable>auto</HorStretchable>
							<VertStretchable>auto</VertStretchable>
							<SkipOnInput>auto</SkipOnInput>
							<TextColor>auto</TextColor>
							<Font kind="AutoFont"/>
							<ShortCut/>
							<Title/>
							<Tooltip/>
							<TooltipRepresentation>Auto</TooltipRepresentation>
							<HyperLink>false</HyperLink>
							<HorAlignment>Left</HorAlignment>
							<VertAlignment>Auto</VertAlignment>
							<TitleHeight>0</TitleHeight>
							<BackColor>auto</BackColor>
							<BorderColor>auto</BorderColor>
							<Border width="1">
								<style xmlns="http://v8.1c.ru/8.1/data/ui" xsi:type="ControlBorderType">WithoutBorder</style>
							</Border>
						</Properties>
						<Events/>
						<PredefinedContainedItems/>
					</ExtTooltip>
				</PredefinedContainedItems>
			</Input>
			<Input id="1:02023637-7868-4a5f-8576-835a76e0c9ba">
				<Properties>
					<Name>Наименование</Name>
					<Type>InputField</Type>
					<DataPath>Объект.Description</DataPath>
					<Visible>true</Visible>
					<UserVisible>
						<xr:common>true</xr:common>
					</UserVisible>
					<DefaultItem>false</DefaultItem>
					<Enabled>true</Enabled>
					<ReadOnly>false</ReadOnly>
					<SkipOnInput>auto</SkipOnInput>
					<Title/>
					<TitleTextColor>auto</TitleTextColor>
					<TitleBackColor>auto</TitleBackColor>
					<TitleFont kind="AutoFont"/>
					<TitleLocation>Auto</TitleLocation>
					<TitleHeight>0</TitleHeight>
					<ToolTip/>
					<ToolTipRepresentation>Auto</ToolTipRepresentation>
					<WarningOnEditRepresentation>Auto</WarningOnEditRepresentation>
					<WarningOnEdit/>
					<Shortcut/>
					<CommandsContent/>
					<HorizontalAlign>Auto</HorizontalAlign>
					<VerticalAlign>Auto</VerticalAlign>
					<EditMode>Enter</EditMode>
					<FixingInTable>None</FixingInTable>
					<CellHyperlink>false</CellHyperlink>
					<AutoCellHeight>false</AutoCellHeight>
					<ShowInHeader>true</ShowInHeader>
					<HeaderPicture/>
					<HeaderHorizontalAlign>Left</HeaderHorizontalAlign>
					<ShowInFooter>true</ShowInFooter>
					<FooterDataPath/>
					<FooterText/>
					<FooterTextColor>auto</FooterTextColor>
					<FooterBackColor>auto</FooterBackColor>
					<FooterFont kind="AutoFont"/>
					<FooterPicture/>
					<FooterHorizontalAlign>Auto</FooterHorizontalAlign>
					<Width>0</Width>
					<RowsCount>0</RowsCount>
					<HorizontalStretchable>auto</HorizontalStretchable>
					<VerticalStretchable>auto</VerticalStretchable>
					<Wrap>false</Wrap>
					<PasswordMode>auto</PasswordMode>
					<MultiLine>auto</MultiLine>
					<ExtendedEdit>auto</ExtendedEdit>
					<MarkNegatives>auto</MarkNegatives>
					<ChoiceListButton>auto</ChoiceListButton>
					<DropListButton>auto</DropListButton>
					<ChoiceButton>auto</ChoiceButton>
					<ChoiceButtonRepresentation>Auto</ChoiceButtonRepresentation>
					<ClearButton>auto</ClearButton>
					<SpinButton>auto</SpinButton>
					<OpenButton>auto</OpenButton>
					<CreateButton>auto</CreateButton>
					<Mask/>
					<ListChoiceMode>false</ListChoiceMode>
					<ChoiceListHeight>0</ChoiceListHeight>
					<DropListWidth>0</DropListWidth>
					<AutoChoiceIncomplete>auto</AutoChoiceIncomplete>
					<QuickChoice>auto</QuickChoice>
					<ChoiceObjects>Auto</ChoiceObjects>
					<Format/>
					<InputFormat/>
					<AutoMarkIncomplete>auto</AutoMarkIncomplete>
					<ChoiceType>true</ChoiceType>
					<IncompleteChoiceMode>OnEnterPressed</IncompleteChoiceMode>
					<TypeDomainEnabled>true</TypeDomainEnabled>
					<TextEdit>true</TextEdit>
					<EditTextUpdateMode>Auto</EditTextUpdateMode>
					<MinVal xsi:nil="true"/>
					<MaxVal xsi:nil="true"/>
					<ChoiceButtonPicture/>
					<ChoiceForm/>
					<ChoiceParamLinks/>
					<ChoiceParams/>
					<AvailableTypes/>
					<ValueList/>
					<TextColor>auto</TextColor>
					<BackColor>auto</BackColor>
					<BorderColor>auto</BorderColor>
					<Font kind="AutoFont"/>
					<LinkByType/>
					<InputHint/>
					<ChoiceHistoryOnInput>Auto</ChoiceHistoryOnInput>
				</Properties>
				<Events/>
				<PredefinedContainedItems>
					<ContextMenu xsi:type="ContextMenuGroup" id="2:02023637-7868-4a5f-8576-835a76e0c9ba">
						<Properties>
							<Name>НаименованиеКонтекстноеМеню</Name>
							<Type>ContextMenu</Type>
							<Visible>true</Visible>
							<UserVisible>
								<xr:common>true</xr:common>
							</UserVisible>
							<Enabled>true</Enabled>
							<ReadOnly>false</ReadOnly>
							<EnableContentChange>false</EnableContentChange>
							<Title/>
							<TitleTextColor>auto</TitleTextColor>
							<TitleFont kind="AutoFont"/>
							<ToolTip/>
							<ToolTipRepresentation>Auto</ToolTipRepresentation>
							<Shortcut/>
							<Width>0</Width>
							<Height>0</Height>
							<HorizontalStretch>auto</HorizontalStretch>
							<VerticalStretch>auto</VerticalStretch>
							<FillWithStdCommands>true</FillWithStdCommands>
						</Properties>
						<PredefinedContainedItems/>
						<ContainedItems/>
					</ContextMenu>
					<ExtTooltip xsi:type="TextDecoration" id="48:02023637-7868-4a5f-8576-835a76e0c9ba">
						<Properties>
							<Name>НаименованиеExtendedTooltip</Name>
							<Kind>Label</Kind>
							<Visible>true</Visible>
							<UserVisible>
								<xr:common>true</xr:common>
							</UserVisible>
							<Enabled>true</Enabled>
							<Width>0</Width>
							<Height>0</Height>
							<HorStretchable>auto</HorStretchable>
							<VertStretchable>auto</VertStretchable>
							<SkipOnInput>auto</SkipOnInput>
							<TextColor>auto</TextColor>
							<Font kind="AutoFont"/>
							<ShortCut/>
							<Title/>
							<Tooltip/>
							<TooltipRepresentation>Auto</TooltipRepresentation>
							<HyperLink>false</HyperLink>
							<HorAlignment>Left</HorAlignment>
							<VertAlignment>Auto</VertAlignment>
							<TitleHeight>0</TitleHeight>
							<BackColor>auto</BackColor>
							<BorderColor>auto</BorderColor>
							<Border width="1">
								<style xmlns="http://v8.1c.ru/8.1/data/ui" xsi:type="ControlBorderType">WithoutBorder</style>
							</Border>
						</Properties>
						<Events/>
						<PredefinedContainedItems/>
					</ExtTooltip>
				</PredefinedContainedItems>
			</Input>
			<RadioButtons id="20:02023637-7868-4a5f-8576-835a76e0c9ba">
				<Properties>
					<Name>ЭтоДополнительноеСведениеРеквизит</Name>
					<Type>RadioButtonField</Type>
					<DataPath>ЭтоДополнительноеСведениеРеквизит</DataPath>
					<Visible>true</Visible>
					<UserVisible>
						<xr:common>true</xr:common>
					</UserVisible>
					<DefaultItem>false</DefaultItem>
					<Enabled>true</Enabled>
					<ReadOnly>false</ReadOnly>
					<SkipOnInput>auto</SkipOnInput>
					<Title/>
					<TitleTextColor>auto</TitleTextColor>
					<TitleBackColor>auto</TitleBackColor>
					<TitleFont kind="AutoFont"/>
					<TitleLocation>None</TitleLocation>
					<TitleHeight>0</TitleHeight>
					<ToolTip/>
					<ToolTipRepresentation>Auto</ToolTipRepresentation>
					<WarningOnEditRepresentation>Auto</WarningOnEditRepresentation>
					<WarningOnEdit/>
					<Shortcut/>
					<CommandsContent/>
					<HorizontalAlign>Auto</HorizontalAlign>
					<VerticalAlign>Auto</VerticalAlign>
					<EditMode>Enter</EditMode>
					<FixingInTable>None</FixingInTable>
					<CellHyperlink>false</CellHyperlink>
					<AutoCellHeight>false</AutoCellHeight>
					<ShowInHeader>true</ShowInHeader>
					<HeaderPicture/>
					<HeaderHorizontalAlign>Left</HeaderHorizontalAlign>
					<ShowInFooter>true</ShowInFooter>
					<FooterDataPath/>
					<FooterText/>
					<FooterTextColor>auto</FooterTextColor>
					<FooterBackColor>auto</FooterBackColor>
					<FooterFont kind="AutoFont"/>
					<FooterPicture/>
					<FooterHorizontalAlign>Auto</FooterHorizontalAlign>
					<RadioButtonType>Auto</RadioButtonType>
					<ItemWidth>0</ItemWidth>
					<ItemHeight>0</ItemHeight>
					<ItemTitleHeight>0</ItemTitleHeight>
					<ColumnsCount>2</ColumnsCount>
					<EqualColumnsWidth>auto</EqualColumnsWidth>
					<ChoiceList>
						<xr:item>
							<xr:presentation/>
							<xr:checkState>0</xr:checkState>
							<xr:value xsi:type="LogFormChoiceListDesTimeValue">
								<Presentation>
									<v8:item>
										<v8:lang>ru</v8:lang>
										<v8:content>Доп. реквизит</v8:content>
									</v8:item>
								</Presentation>
								<Value xsi:type="xs:decimal">0</Value>
							</xr:value>
						</xr:item>
						<xr:item>
							<xr:presentation/>
							<xr:checkState>0</xr:checkState>
							<xr:value xsi:type="LogFormChoiceListDesTimeValue">
								<Presentation>
									<v8:item>
										<v8:lang>ru</v8:lang>
										<v8:content>Доп. сведение</v8:content>
									</v8:item>
								</Presentation>
								<Value xsi:type="xs:decimal">1</Value>
							</xr:value>
						</xr:item>
					</ChoiceList>
					<Font kind="AutoFont"/>
					<TextColor>auto</TextColor>
					<BackColor>auto</BackColor>
					<BorderColor>auto</BorderColor>
				</Properties>
				<Events>
					<Event name="OnChange">ЭтоДополнительноеСведениеРеквизитПриИзменении</Event>
				</Events>
				<PredefinedContainedItems>
					<ContextMenu xsi:type="ContextMenuGroup" id="21:02023637-7868-4a5f-8576-835a76e0c9ba">
						<Properties>
							<Name>ЭтоДополнительноеСведениеРеквизитКонтекстноеМеню</Name>
							<Type>ContextMenu</Type>
							<Visible>true</Visible>
							<UserVisible>
								<xr:common>true</xr:common>
							</UserVisible>
							<Enabled>true</Enabled>
							<ReadOnly>false</ReadOnly>
							<EnableContentChange>false</EnableContentChange>
							<Title/>
							<TitleTextColor>auto</TitleTextColor>
							<TitleFont kind="AutoFont"/>
							<ToolTip/>
							<ToolTipRepresentation>Auto</ToolTipRepresentation>
							<Shortcut/>
							<Width>0</Width>
							<Height>0</Height>
							<HorizontalStretch>auto</HorizontalStretch>
							<VerticalStretch>auto</VerticalStretch>
							<FillWithStdCommands>true</FillWithStdCommands>
						</Properties>
						<PredefinedContainedItems/>
						<ContainedItems/>
					</ContextMenu>
					<ExtTooltip xsi:type="TextDecoration" id="49:02023637-7868-4a5f-8576-835a76e0c9ba">
						<Properties>
							<Name>ЭтоДополнительноеСведениеРеквизитExtendedTooltip</Name>
							<Kind>Label</Kind>
							<Visible>true</Visible>
							<UserVisible>
								<xr:common>true</xr:common>
							</UserVisible>
							<Enabled>true</Enabled>
							<Width>0</Width>
							<Height>0</Height>
							<HorStretchable>auto</HorStretchable>
							<VertStretchable>auto</VertStretchable>
							<SkipOnInput>auto</SkipOnInput>
							<TextColor>auto</TextColor>
							<Font kind="AutoFont"/>
							<ShortCut/>
							<Title/>
							<Tooltip/>
							<TooltipRepresentation>Auto</TooltipRepresentation>
							<HyperLink>false</HyperLink>
							<HorAlignment>Left</HorAlignment>
							<VertAlignment>Auto</VertAlignment>
							<TitleHeight>0</TitleHeight>
							<BackColor>auto</BackColor>
							<BorderColor>auto</BorderColor>
							<Border width="1">
								<style xmlns="http://v8.1c.ru/8.1/data/ui" xsi:type="ControlBorderType">WithoutBorder</style>
							</Border>
						</Properties>
						<Events/>
						<PredefinedContainedItems/>
					</ExtTooltip>
				</PredefinedContainedItems>
			</RadioButtons>
			<Group id="43:02023637-7868-4a5f-8576-835a76e0c9ba">
				<Properties>
					<Name>ТипЗначенияФормат</Name>
					<Type>UsualGroup</Type>
					<Visible>true</Visible>
					<UserVisible>
						<xr:common>true</xr:common>
					</UserVisible>
					<Enabled>true</Enabled>
					<ReadOnly>false</ReadOnly>
					<EnableContentChange>false</EnableContentChange>
					<Title>
						<v8:item>
							<v8:lang>ru</v8:lang>
							<v8:content>Тип значения формат</v8:content>
						</v8:item>
					</Title>
					<TitleTextColor>auto</TitleTextColor>
					<TitleFont kind="AutoFont"/>
					<ToolTip>
						<v8:item>
							<v8:lang>ru</v8:lang>
							<v8:content>Тип значения формат</v8:content>
						</v8:item>
					</ToolTip>
					<ToolTipRepresentation>Auto</ToolTipRepresentation>
					<Shortcut/>
					<Width>0</Width>
					<Height>0</Height>
					<HorizontalStretch>auto</HorizontalStretch>
					<VerticalStretch>auto</VerticalStretch>
					<Group>Horizontal</Group>
					<Behavior>Usual</Behavior>
					<CollapsedRepresentationTitle/>
					<Collapsed>false</Collapsed>
					<ControlRepresentation>TitleHyperlink</ControlRepresentation>
					<Representation>WeakSeparation</Representation>
					<ShowLeftMargin>true</ShowLeftMargin>
					<ChildItemsWidth>Auto</ChildItemsWidth>
					<Format/>
					<ShowTitle>false</ShowTitle>
					<TitleDataPath/>
					<BackColor>auto</BackColor>
				</Properties>
				<PredefinedContainedItems>
					<ExtTooltip xsi:type="TextDecoration" id="50:02023637-7868-4a5f-8576-835a76e0c9ba">
						<Properties>
							<Name>ТипЗначенияФорматExtendedTooltip</Name>
							<Kind>Label</Kind>
							<Visible>true</Visible>
							<UserVisible>
								<xr:common>true</xr:common>
							</UserVisible>
							<Enabled>true</Enabled>
							<Width>0</Width>
							<Height>0</Height>
							<HorStretchable>auto</HorStretchable>
							<VertStretchable>auto</VertStretchable>
							<SkipOnInput>auto</SkipOnInput>
							<TextColor>auto</TextColor>
							<Font kind="AutoFont"/>
							<ShortCut/>
							<Title/>
							<Tooltip/>
							<TooltipRepresentation>Auto</TooltipRepresentation>
							<HyperLink>false</HyperLink>
							<HorAlignment>Left</HorAlignment>
							<VertAlignment>Auto</VertAlignment>
							<TitleHeight>0</TitleHeight>
							<BackColor>auto</BackColor>
							<BorderColor>auto</BorderColor>
							<Border width="1">
								<style xmlns="http://v8.1c.ru/8.1/data/ui" xsi:type="ControlBorderType">WithoutBorder</style>
							</Border>
						</Properties>
						<Events/>
						<PredefinedContainedItems/>
					</ExtTooltip>
				</PredefinedContainedItems>
				<ContainedItems>
					<Input id="5:02023637-7868-4a5f-8576-835a76e0c9ba">
						<Properties>
							<Name>ТипЗначения</Name>
							<Type>InputField</Type>
							<DataPath>Объект.ValueType</DataPath>
							<Visible>true</Visible>
							<UserVisible>
								<xr:common>true</xr:common>
							</UserVisible>
							<DefaultItem>false</DefaultItem>
							<Enabled>true</Enabled>
							<ReadOnly>false</ReadOnly>
							<SkipOnInput>auto</SkipOnInput>
							<Title/>
							<TitleTextColor>auto</TitleTextColor>
							<TitleBackColor>auto</TitleBackColor>
							<TitleFont kind="AutoFont"/>
							<TitleLocation>Auto</TitleLocation>
							<TitleHeight>0</TitleHeight>
							<ToolTip/>
							<ToolTipRepresentation>Auto</ToolTipRepresentation>
							<WarningOnEditRepresentation>Auto</WarningOnEditRepresentation>
							<WarningOnEdit/>
							<Shortcut/>
							<CommandsContent/>
							<HorizontalAlign>Auto</HorizontalAlign>
							<VerticalAlign>Auto</VerticalAlign>
							<EditMode>Enter</EditMode>
							<FixingInTable>None</FixingInTable>
							<CellHyperlink>false</CellHyperlink>
							<AutoCellHeight>false</AutoCellHeight>
							<ShowInHeader>true</ShowInHeader>
							<HeaderPicture/>
							<HeaderHorizontalAlign>Left</HeaderHorizontalAlign>
							<ShowInFooter>true</ShowInFooter>
							<FooterDataPath/>
							<FooterText/>
							<FooterTextColor>auto</FooterTextColor>
							<FooterBackColor>auto</FooterBackColor>
							<FooterFont kind="AutoFont"/>
							<FooterPicture/>
							<FooterHorizontalAlign>Auto</FooterHorizontalAlign>
							<Width>0</Width>
							<RowsCount>0</RowsCount>
							<HorizontalStretchable>auto</HorizontalStretchable>
							<VerticalStretchable>auto</VerticalStretchable>
							<Wrap>false</Wrap>
							<PasswordMode>auto</PasswordMode>
							<MultiLine>auto</MultiLine>
							<ExtendedEdit>auto</ExtendedEdit>
							<MarkNegatives>auto</MarkNegatives>
							<ChoiceListButton>auto</ChoiceListButton>
							<DropListButton>auto</DropListButton>
							<ChoiceButton>auto</ChoiceButton>
							<ChoiceButtonRepresentation>Auto</ChoiceButtonRepresentation>
							<ClearButton>auto</ClearButton>
							<SpinButton>auto</SpinButton>
							<OpenButton>auto</OpenButton>
							<CreateButton>auto</CreateButton>
							<Mask/>
							<ListChoiceMode>false</ListChoiceMode>
							<ChoiceListHeight>0</ChoiceListHeight>
							<DropListWidth>0</DropListWidth>
							<AutoChoiceIncomplete>auto</AutoChoiceIncomplete>
							<QuickChoice>auto</QuickChoice>
							<ChoiceObjects>Auto</ChoiceObjects>
							<Format/>
							<InputFormat/>
							<AutoMarkIncomplete>auto</AutoMarkIncomplete>
							<ChoiceType>true</ChoiceType>
							<IncompleteChoiceMode>OnEnterPressed</IncompleteChoiceMode>
							<TypeDomainEnabled>true</TypeDomainEnabled>
							<TextEdit>true</TextEdit>
							<EditTextUpdateMode>Auto</EditTextUpdateMode>
							<MinVal xsi:nil="true"/>
							<MaxVal xsi:nil="true"/>
							<ChoiceButtonPicture/>
							<ChoiceForm/>
							<ChoiceParamLinks/>
							<ChoiceParams/>
							<AvailableTypes/>
							<ValueList/>
							<TextColor>auto</TextColor>
							<BackColor>auto</BackColor>
							<BorderColor>auto</BorderColor>
							<Font kind="AutoFont"/>
							<LinkByType/>
							<InputHint/>
							<ChoiceHistoryOnInput>Auto</ChoiceHistoryOnInput>
						</Properties>
						<Events>
							<Event name="OnChange">ТипЗначенияПриИзменении</Event>
						</Events>
						<PredefinedContainedItems>
							<ContextMenu xsi:type="ContextMenuGroup" id="6:02023637-7868-4a5f-8576-835a76e0c9ba">
								<Properties>
									<Name>ТипЗначенияКонтекстноеМеню</Name>
									<Type>ContextMenu</Type>
									<Visible>true</Visible>
									<UserVisible>
										<xr:common>true</xr:common>
									</UserVisible>
									<Enabled>true</Enabled>
									<ReadOnly>false</ReadOnly>
									<EnableContentChange>false</EnableContentChange>
									<Title/>
									<TitleTextColor>auto</TitleTextColor>
									<TitleFont kind="AutoFont"/>
									<ToolTip/>
									<ToolTipRepresentation>Auto</ToolTipRepresentation>
									<Shortcut/>
									<Width>0</Width>
									<Height>0</Height>
									<HorizontalStretch>auto</HorizontalStretch>
									<VerticalStretch>auto</VerticalStretch>
									<FillWithStdCommands>true</FillWithStdCommands>
								</Properties>
								<PredefinedContainedItems/>
								<ContainedItems/>
							</ContextMenu>
							<ExtTooltip xsi:type="TextDecoration" id="51:02023637-7868-4a5f-8576-835a76e0c9ba">
								<Properties>
									<Name>ТипЗначенияExtendedTooltip</Name>
									<Kind>Label</Kind>
									<Visible>true</Visible>
									<UserVisible>
										<xr:common>true</xr:common>
									</UserVisible>
									<Enabled>true</Enabled>
									<Width>0</Width>
									<Height>0</Height>
									<HorStretchable>auto</HorStretchable>
									<VertStretchable>auto</VertStretchable>
									<SkipOnInput>auto</SkipOnInput>
									<TextColor>auto</TextColor>
									<Font kind="AutoFont"/>
									<ShortCut/>
									<Title/>
									<Tooltip/>
									<TooltipRepresentation>Auto</TooltipRepresentation>
									<HyperLink>false</HyperLink>
									<HorAlignment>Left</HorAlignment>
									<VertAlignment>Auto</VertAlignment>
									<TitleHeight>0</TitleHeight>
									<BackColor>auto</BackColor>
									<BorderColor>auto</BorderColor>
									<Border width="1">
										<style xmlns="http://v8.1c.ru/8.1/data/ui" xsi:type="ControlBorderType">WithoutBorder</style>
									</Border>
								</Properties>
								<Events/>
								<PredefinedContainedItems/>
							</ExtTooltip>
						</PredefinedContainedItems>
					</Input>
					<Button id="37:02023637-7868-4a5f-8576-835a76e0c9ba">
						<Properties>
							<Name>РедактироватьФорматЗначения</Name>
							<Kind>Hyperlink</Kind>
							<Visible>true</Visible>
							<UserVisible>
								<xr:common>true</xr:common>
							</UserVisible>
							<TitleRowsCount>0</TitleRowsCount>
							<Representation>Auto</Representation>
							<DefaultButton>false</DefaultButton>
							<SkipOnInput>auto</SkipOnInput>
							<Enabled>true</Enabled>
							<DefaultElement>false</DefaultElement>
							<Important>auto</Important>
							<Width>30</Width>
							<Height>0</Height>
							<PlacementArea>userCmds</PlacementArea>
							<Check>false</Check>
							<Command>Form.Command.РедактироватьФорматЗначения</Command>
							<Parameter xsi:nil="true"/>
							<AttributeProperty/>
							<TextColor>auto</TextColor>
							<BackColor>auto</BackColor>
							<BorderColor>auto</BorderColor>
							<Font kind="AutoFont"/>
							<ShortCut/>
							<Picture/>
							<Title/>
							<TooltipRepresentation>Auto</TooltipRepresentation>
						</Properties>
						<PredefinedContainedItems>
							<ExtTooltip xsi:type="TextDecoration" id="52:02023637-7868-4a5f-8576-835a76e0c9ba">
								<Properties>
									<Name>РедактироватьФорматЗначенияExtendedTooltip</Name>
									<Kind>Label</Kind>
									<Visible>true</Visible>
									<UserVisible>
										<xr:common>true</xr:common>
									</UserVisible>
									<Enabled>true</Enabled>
									<Width>0</Width>
									<Height>0</Height>
									<HorStretchable>auto</HorStretchable>
									<VertStretchable>auto</VertStretchable>
									<SkipOnInput>auto</SkipOnInput>
									<TextColor>auto</TextColor>
									<Font kind="AutoFont"/>
									<ShortCut/>
									<Title/>
									<Tooltip/>
									<TooltipRepresentation>Auto</TooltipRepresentation>
									<HyperLink>false</HyperLink>
									<HorAlignment>Left</HorAlignment>
									<VertAlignment>Auto</VertAlignment>
									<TitleHeight>0</TitleHeight>
									<BackColor>auto</BackColor>
									<BorderColor>auto</BorderColor>
									<Border width="1">
										<style xmlns="http://v8.1c.ru/8.1/data/ui" xsi:type="ControlBorderType">WithoutBorder</style>
									</Border>
								</Properties>
								<Events/>
								<PredefinedContainedItems/>
							</ExtTooltip>
						</PredefinedContainedItems>
					</Button>
				</ContainedItems>
			</Group>
			<Group id="38:02023637-7868-4a5f-8576-835a76e0c9ba">
				<Properties>
					<Name>ГруппаМногострочность</Name>
					<Type>UsualGroup</Type>
					<Visible>true</Visible>
					<UserVisible>
						<xr:common>true</xr:common>
					</UserVisible>
					<Enabled>true</Enabled>
					<ReadOnly>false</ReadOnly>
					<EnableContentChange>false</EnableContentChange>
					<Title>
						<v8:item>
							<v8:lang>ru</v8:lang>
							<v8:content>Группа многострочность</v8:content>
						</v8:item>
					</Title>
					<TitleTextColor>auto</TitleTextColor>
					<TitleFont kind="AutoFont"/>
					<ToolTip>
						<v8:item>
							<v8:lang>ru</v8:lang>
							<v8:content>Группа многострочность</v8:content>
						</v8:item>
					</ToolTip>
					<ToolTipRepresentation>Auto</ToolTipRepresentation>
					<Shortcut/>
					<Width>0</Width>
					<Height>0</Height>
					<HorizontalStretch>auto</HorizontalStretch>
					<VerticalStretch>auto</VerticalStretch>
					<Group>Vertical</Group>
					<Behavior>Usual</Behavior>
					<CollapsedRepresentationTitle/>
					<Collapsed>false</Collapsed>
					<ControlRepresentation>TitleHyperlink</ControlRepresentation>
					<Representation>None</Representation>
					<ShowLeftMargin>true</ShowLeftMargin>
					<ChildItemsWidth>Auto</ChildItemsWidth>
					<Format/>
					<ShowTitle>false</ShowTitle>
					<TitleDataPath/>
					<BackColor>auto</BackColor>
				</Properties>
				<PredefinedContainedItems>
					<ExtTooltip xsi:type="TextDecoration" id="53:02023637-7868-4a5f-8576-835a76e0c9ba">
						<Properties>
							<Name>ГруппаМногострочностьExtendedTooltip</Name>
							<Kind>Label</Kind>
							<Visible>true</Visible>
							<UserVisible>
								<xr:common>true</xr:common>
							</UserVisible>
							<Enabled>true</Enabled>
							<Width>0</Width>
							<Height>0</Height>
							<HorStretchable>auto</HorStretchable>
							<VertStretchable>auto</VertStretchable>
							<SkipOnInput>auto</SkipOnInput>
							<TextColor>auto</TextColor>
							<Font kind="AutoFont"/>
							<ShortCut/>
							<Title/>
							<Tooltip/>
							<TooltipRepresentation>Auto</TooltipRepresentation>
							<HyperLink>false</HyperLink>
							<HorAlignment>Left</HorAlignment>
							<VertAlignment>Auto</VertAlignment>
							<TitleHeight>0</TitleHeight>
							<BackColor>auto</BackColor>
							<BorderColor>auto</BorderColor>
							<Border width="1">
								<style xmlns="http://v8.1c.ru/8.1/data/ui" xsi:type="ControlBorderType">WithoutBorder</style>
							</Border>
						</Properties>
						<Events/>
						<PredefinedContainedItems/>
					</ExtTooltip>
				</PredefinedContainedItems>
				<ContainedItems>
					<Group id="46:02023637-7868-4a5f-8576-835a76e0c9ba">
						<Properties>
							<Name>ГруппаМногострочноеПолеВводаНастройки</Name>
							<Type>UsualGroup</Type>
							<Visible>true</Visible>
							<UserVisible>
								<xr:common>true</xr:common>
							</UserVisible>
							<Enabled>true</Enabled>
							<ReadOnly>false</ReadOnly>
							<EnableContentChange>false</EnableContentChange>
							<Title>
								<v8:item>
									<v8:lang>ru</v8:lang>
									<v8:content>Группа многострочное поле ввода настройки</v8:content>
								</v8:item>
							</Title>
							<TitleTextColor>auto</TitleTextColor>
							<TitleFont kind="AutoFont"/>
							<ToolTip>
								<v8:item>
									<v8:lang>ru</v8:lang>
									<v8:content>Группа многострочное поле ввода настройки</v8:content>
								</v8:item>
							</ToolTip>
							<ToolTipRepresentation>Auto</ToolTipRepresentation>
							<Shortcut/>
							<Width>0</Width>
							<Height>0</Height>
							<HorizontalStretch>auto</HorizontalStretch>
							<VerticalStretch>auto</VerticalStretch>
							<Group>Horizontal</Group>
							<Behavior>Usual</Behavior>
							<CollapsedRepresentationTitle/>
							<Collapsed>false</Collapsed>
							<ControlRepresentation>TitleHyperlink</ControlRepresentation>
							<Representation>None</Representation>
							<ShowLeftMargin>true</ShowLeftMargin>
							<ChildItemsWidth>Auto</ChildItemsWidth>
							<Format/>
							<ShowTitle>false</ShowTitle>
							<TitleDataPath/>
							<BackColor>auto</BackColor>
						</Properties>
						<PredefinedContainedItems>
							<ExtTooltip xsi:type="TextDecoration" id="54:02023637-7868-4a5f-8576-835a76e0c9ba">
								<Properties>
									<Name>ГруппаМногострочноеПолеВводаНастройкиExtendedTooltip</Name>
									<Kind>Label</Kind>
									<Visible>true</Visible>
									<UserVisible>
										<xr:common>true</xr:common>
									</UserVisible>
									<Enabled>true</Enabled>
									<Width>0</Width>
									<Height>0</Height>
									<HorStretchable>auto</HorStretchable>
									<VertStretchable>auto</VertStretchable>
									<SkipOnInput>auto</SkipOnInput>
									<TextColor>auto</TextColor>
									<Font kind="AutoFont"/>
									<ShortCut/>
									<Title/>
									<Tooltip/>
									<TooltipRepresentation>Auto</TooltipRepresentation>
									<HyperLink>false</HyperLink>
									<HorAlignment>Left</HorAlignment>
									<VertAlignment>Auto</VertAlignment>
									<TitleHeight>0</TitleHeight>
									<BackColor>auto</BackColor>
									<BorderColor>auto</BorderColor>
									<Border width="1">
										<style xmlns="http://v8.1c.ru/8.1/data/ui" xsi:type="ControlBorderType">WithoutBorder</style>
									</Border>
								</Properties>
								<Events/>
								<PredefinedContainedItems/>
							</ExtTooltip>
						</PredefinedContainedItems>
						<ContainedItems>
							<CheckBox id="39:02023637-7868-4a5f-8576-835a76e0c9ba">
								<Properties>
									<Name>МногострочноеПолеВвода</Name>
									<Type>CheckBoxField</Type>
									<DataPath>МногострочноеПолеВвода</DataPath>
									<Visible>true</Visible>
									<UserVisible>
										<xr:common>true</xr:common>
									</UserVisible>
									<DefaultItem>false</DefaultItem>
									<Enabled>true</Enabled>
									<ReadOnly>false</ReadOnly>
									<SkipOnInput>auto</SkipOnInput>
									<Title/>
									<TitleTextColor>auto</TitleTextColor>
									<TitleBackColor>auto</TitleBackColor>
									<TitleFont kind="AutoFont"/>
									<TitleLocation>Right</TitleLocation>
									<TitleHeight>0</TitleHeight>
									<ToolTip/>
									<ToolTipRepresentation>Auto</ToolTipRepresentation>
									<WarningOnEditRepresentation>Auto</WarningOnEditRepresentation>
									<WarningOnEdit/>
									<Shortcut/>
									<CommandsContent/>
									<HorizontalAlign>Auto</HorizontalAlign>
									<VerticalAlign>Auto</VerticalAlign>
									<EditMode>Enter</EditMode>
									<FixingInTable>None</FixingInTable>
									<CellHyperlink>false</CellHyperlink>
									<AutoCellHeight>false</AutoCellHeight>
									<ShowInHeader>true</ShowInHeader>
									<HeaderPicture/>
									<HeaderHorizontalAlign>Left</HeaderHorizontalAlign>
									<ShowInFooter>true</ShowInFooter>
									<FooterDataPath/>
									<FooterText/>
									<FooterTextColor>auto</FooterTextColor>
									<FooterBackColor>auto</FooterBackColor>
									<FooterFont kind="AutoFont"/>
									<FooterPicture/>
									<FooterHorizontalAlign>Auto</FooterHorizontalAlign>
									<CheckBoxType>Auto</CheckBoxType>
									<ThreeState>false</ThreeState>
									<BorderColor>auto</BorderColor>
									<EqualElementsWidth>auto</EqualElementsWidth>
								</Properties>
								<Events/>
								<PredefinedContainedItems>
									<ContextMenu xsi:type="ContextMenuGroup" id="40:02023637-7868-4a5f-8576-835a76e0c9ba">
										<Properties>
											<Name>МногострочноеПолеВводаКонтекстноеМеню</Name>
											<Type>ContextMenu</Type>
											<Visible>true</Visible>
											<UserVisible>
												<xr:common>true</xr:common>
											</UserVisible>
											<Enabled>true</Enabled>
											<ReadOnly>false</ReadOnly>
											<EnableContentChange>false</EnableContentChange>
											<Title/>
											<TitleTextColor>auto</TitleTextColor>
											<TitleFont kind="AutoFont"/>
											<ToolTip/>
											<ToolTipRepresentation>Auto</ToolTipRepresentation>
											<Shortcut/>
											<Width>0</Width>
											<Height>0</Height>
											<HorizontalStretch>auto</HorizontalStretch>
											<VerticalStretch>auto</VerticalStretch>
											<FillWithStdCommands>true</FillWithStdCommands>
										</Properties>
										<PredefinedContainedItems/>
										<ContainedItems/>
									</ContextMenu>
									<ExtTooltip xsi:type="TextDecoration" id="55:02023637-7868-4a5f-8576-835a76e0c9ba">
										<Properties>
											<Name>МногострочноеПолеВводаExtendedTooltip</Name>
											<Kind>Label</Kind>
											<Visible>true</Visible>
											<UserVisible>
												<xr:common>true</xr:common>
											</UserVisible>
											<Enabled>true</Enabled>
											<Width>0</Width>
											<Height>0</Height>
											<HorStretchable>auto</HorStretchable>
											<VertStretchable>auto</VertStretchable>
											<SkipOnInput>auto</SkipOnInput>
											<TextColor>auto</TextColor>
											<Font kind="AutoFont"/>
											<ShortCut/>
											<Title/>
											<Tooltip/>
											<TooltipRepresentation>Auto</TooltipRepresentation>
											<HyperLink>false</HyperLink>
											<HorAlignment>Left</HorAlignment>
											<VertAlignment>Auto</VertAlignment>
											<TitleHeight>0</TitleHeight>
											<BackColor>auto</BackColor>
											<BorderColor>auto</BorderColor>
											<Border width="1">
												<style xmlns="http://v8.1c.ru/8.1/data/ui" xsi:type="ControlBorderType">WithoutBorder</style>
											</Border>
										</Properties>
										<Events/>
										<PredefinedContainedItems/>
									</ExtTooltip>
								</PredefinedContainedItems>
							</CheckBox>
							<Input id="41:02023637-7868-4a5f-8576-835a76e0c9ba">
								<Properties>
									<Name>МногострочноеПолеВводаЧисло</Name>
									<Type>InputField</Type>
									<DataPath>МногострочноеПолеВводаЧисло</DataPath>
									<Visible>true</Visible>
									<UserVisible>
										<xr:common>true</xr:common>
									</UserVisible>
									<DefaultItem>false</DefaultItem>
									<Enabled>true</Enabled>
									<ReadOnly>false</ReadOnly>
									<SkipOnInput>auto</SkipOnInput>
									<Title>
										<v8:item>
											<v8:lang>ru</v8:lang>
											<v8:content>  строк</v8:content>
										</v8:item>
									</Title>
									<TitleTextColor>auto</TitleTextColor>
									<TitleBackColor>auto</TitleBackColor>
									<TitleFont kind="AutoFont"/>
									<TitleLocation>Right</TitleLocation>
									<TitleHeight>0</TitleHeight>
									<ToolTip/>
									<ToolTipRepresentation>Auto</ToolTipRepresentation>
									<WarningOnEditRepresentation>Auto</WarningOnEditRepresentation>
									<WarningOnEdit/>
									<Shortcut/>
									<CommandsContent/>
									<HorizontalAlign>Auto</HorizontalAlign>
									<VerticalAlign>Auto</VerticalAlign>
									<EditMode>Enter</EditMode>
									<FixingInTable>None</FixingInTable>
									<CellHyperlink>false</CellHyperlink>
									<AutoCellHeight>false</AutoCellHeight>
									<ShowInHeader>true</ShowInHeader>
									<HeaderPicture/>
									<HeaderHorizontalAlign>Left</HeaderHorizontalAlign>
									<ShowInFooter>true</ShowInFooter>
									<FooterDataPath/>
									<FooterText/>
									<FooterTextColor>auto</FooterTextColor>
									<FooterBackColor>auto</FooterBackColor>
									<FooterFont kind="AutoFont"/>
									<FooterPicture/>
									<FooterHorizontalAlign>Auto</FooterHorizontalAlign>
									<Width>0</Width>
									<RowsCount>0</RowsCount>
									<HorizontalStretchable>auto</HorizontalStretchable>
									<VerticalStretchable>auto</VerticalStretchable>
									<Wrap>true</Wrap>
									<PasswordMode>auto</PasswordMode>
									<MultiLine>auto</MultiLine>
									<ExtendedEdit>auto</ExtendedEdit>
									<MarkNegatives>auto</MarkNegatives>
									<ChoiceListButton>auto</ChoiceListButton>
									<DropListButton>auto</DropListButton>
									<ChoiceButton>auto</ChoiceButton>
									<ChoiceButtonRepresentation>Auto</ChoiceButtonRepresentation>
									<ClearButton>auto</ClearButton>
									<SpinButton>true</SpinButton>
									<OpenButton>auto</OpenButton>
									<CreateButton>auto</CreateButton>
									<Mask/>
									<ListChoiceMode>false</ListChoiceMode>
									<ChoiceListHeight>0</ChoiceListHeight>
									<DropListWidth>0</DropListWidth>
									<AutoChoiceIncomplete>auto</AutoChoiceIncomplete>
									<QuickChoice>auto</QuickChoice>
									<ChoiceObjects>Auto</ChoiceObjects>
									<Format/>
									<InputFormat/>
									<AutoMarkIncomplete>auto</AutoMarkIncomplete>
									<ChoiceType>true</ChoiceType>
									<IncompleteChoiceMode>OnEnterPressed</IncompleteChoiceMode>
									<TypeDomainEnabled>true</TypeDomainEnabled>
									<TextEdit>true</TextEdit>
									<EditTextUpdateMode>Auto</EditTextUpdateMode>
									<MinVal xsi:type="xs:decimal">1</MinVal>
									<MaxVal xsi:type="xs:decimal">10</MaxVal>
									<ChoiceButtonPicture/>
									<ChoiceForm/>
									<ChoiceParamLinks/>
									<ChoiceParams/>
									<AvailableTypes/>
									<ValueList/>
									<TextColor>auto</TextColor>
									<BackColor>auto</BackColor>
									<BorderColor>auto</BorderColor>
									<Font kind="AutoFont"/>
									<LinkByType/>
									<InputHint/>
									<ChoiceHistoryOnInput>Auto</ChoiceHistoryOnInput>
								</Properties>
								<Events>
									<Event name="OnChange">МногострочноеПолеВводаЧислоПриИзменении</Event>
								</Events>
								<PredefinedContainedItems>
									<ContextMenu xsi:type="ContextMenuGroup" id="42:02023637-7868-4a5f-8576-835a76e0c9ba">
										<Properties>
											<Name>МногострочноеПолеВводаЧислоКонтекстноеМеню</Name>
											<Type>ContextMenu</Type>
											<Visible>true</Visible>
											<UserVisible>
												<xr:common>true</xr:common>
											</UserVisible>
											<Enabled>true</Enabled>
											<ReadOnly>false</ReadOnly>
											<EnableContentChange>false</EnableContentChange>
											<Title/>
											<TitleTextColor>auto</TitleTextColor>
											<TitleFont kind="AutoFont"/>
											<ToolTip/>
											<ToolTipRepresentation>Auto</ToolTipRepresentation>
											<Shortcut/>
											<Width>0</Width>
											<Height>0</Height>
											<HorizontalStretch>auto</HorizontalStretch>
											<VerticalStretch>auto</VerticalStretch>
											<FillWithStdCommands>true</FillWithStdCommands>
										</Properties>
										<PredefinedContainedItems/>
										<ContainedItems/>
									</ContextMenu>
									<ExtTooltip xsi:type="TextDecoration" id="56:02023637-7868-4a5f-8576-835a76e0c9ba">
										<Properties>
											<Name>МногострочноеПолеВводаЧислоExtendedTooltip</Name>
											<Kind>Label</Kind>
											<Visible>true</Visible>
											<UserVisible>
												<xr:common>true</xr:common>
											</UserVisible>
											<Enabled>true</Enabled>
											<Width>0</Width>
											<Height>0</Height>
											<HorStretchable>auto</HorStretchable>
											<VertStretchable>auto</VertStretchable>
											<SkipOnInput>auto</SkipOnInput>
											<TextColor>auto</TextColor>
											<Font kind="AutoFont"/>
											<ShortCut/>
											<Title/>
											<Tooltip/>
											<TooltipRepresentation>Auto</TooltipRepresentation>
											<HyperLink>false</HyperLink>
											<HorAlignment>Left</HorAlignment>
											<VertAlignment>Auto</VertAlignment>
											<TitleHeight>0</TitleHeight>
											<BackColor>auto</BackColor>
											<BorderColor>auto</BorderColor>
											<Border width="1">
												<style xmlns="http://v8.1c.ru/8.1/data/ui" xsi:type="ControlBorderType">WithoutBorder</style>
											</Border>
										</Properties>
										<Events/>
										<PredefinedContainedItems/>
									</ExtTooltip>
								</PredefinedContainedItems>
							</Input>
						</ContainedItems>
					</Group>
				</ContainedItems>
			</Group>
			<Input id="30:02023637-7868-4a5f-8576-835a76e0c9ba">
				<Properties>
					<Name>Подсказка</Name>
					<Type>InputField</Type>
					<DataPath>Объект.Подсказка</DataPath>
					<Visible>true</Visible>
					<UserVisible>
						<xr:common>true</xr:common>
					</UserVisible>
					<DefaultItem>false</DefaultItem>
					<Enabled>true</Enabled>
					<ReadOnly>false</ReadOnly>
					<SkipOnInput>auto</SkipOnInput>
					<Title/>
					<TitleTextColor>auto</TitleTextColor>
					<TitleBackColor>auto</TitleBackColor>
					<TitleFont kind="AutoFont"/>
					<TitleLocation>Auto</TitleLocation>
					<TitleHeight>0</TitleHeight>
					<ToolTip/>
					<ToolTipRepresentation>Auto</ToolTipRepresentation>
					<WarningOnEditRepresentation>Auto</WarningOnEditRepresentation>
					<WarningOnEdit/>
					<Shortcut/>
					<CommandsContent/>
					<HorizontalAlign>Auto</HorizontalAlign>
					<VerticalAlign>Auto</VerticalAlign>
					<EditMode>Enter</EditMode>
					<FixingInTable>None</FixingInTable>
					<CellHyperlink>false</CellHyperlink>
					<AutoCellHeight>false</AutoCellHeight>
					<ShowInHeader>true</ShowInHeader>
					<HeaderPicture/>
					<HeaderHorizontalAlign>Left</HeaderHorizontalAlign>
					<ShowInFooter>true</ShowInFooter>
					<FooterDataPath/>
					<FooterText/>
					<FooterTextColor>auto</FooterTextColor>
					<FooterBackColor>auto</FooterBackColor>
					<FooterFont kind="AutoFont"/>
					<FooterPicture/>
					<FooterHorizontalAlign>Auto</FooterHorizontalAlign>
					<Width>0</Width>
					<RowsCount>0</RowsCount>
					<HorizontalStretchable>auto</HorizontalStretchable>
					<VerticalStretchable>auto</VerticalStretchable>
					<Wrap>true</Wrap>
					<PasswordMode>auto</PasswordMode>
					<MultiLine>auto</MultiLine>
					<ExtendedEdit>auto</ExtendedEdit>
					<MarkNegatives>auto</MarkNegatives>
					<ChoiceListButton>auto</ChoiceListButton>
					<DropListButton>auto</DropListButton>
					<ChoiceButton>auto</ChoiceButton>
					<ChoiceButtonRepresentation>Auto</ChoiceButtonRepresentation>
					<ClearButton>auto</ClearButton>
					<SpinButton>auto</SpinButton>
					<OpenButton>auto</OpenButton>
					<CreateButton>auto</CreateButton>
					<Mask/>
					<ListChoiceMode>false</ListChoiceMode>
					<ChoiceListHeight>0</ChoiceListHeight>
					<DropListWidth>0</DropListWidth>
					<AutoChoiceIncomplete>auto</AutoChoiceIncomplete>
					<QuickChoice>auto</QuickChoice>
					<ChoiceObjects>Auto</ChoiceObjects>
					<Format/>
					<InputFormat/>
					<AutoMarkIncomplete>auto</AutoMarkIncomplete>
					<ChoiceType>true</ChoiceType>
					<IncompleteChoiceMode>OnEnterPressed</IncompleteChoiceMode>
					<TypeDomainEnabled>true</TypeDomainEnabled>
					<TextEdit>true</TextEdit>
					<EditTextUpdateMode>Auto</EditTextUpdateMode>
					<MinVal xsi:nil="true"/>
					<MaxVal xsi:nil="true"/>
					<ChoiceButtonPicture/>
					<ChoiceForm/>
					<ChoiceParamLinks/>
					<ChoiceParams/>
					<AvailableTypes/>
					<ValueList/>
					<TextColor>auto</TextColor>
					<BackColor>auto</BackColor>
					<BorderColor>auto</BorderColor>
					<Font kind="AutoFont"/>
					<LinkByType/>
					<InputHint/>
					<ChoiceHistoryOnInput>Auto</ChoiceHistoryOnInput>
				</Properties>
				<Events/>
				<PredefinedContainedItems>
					<ContextMenu xsi:type="ContextMenuGroup" id="31:02023637-7868-4a5f-8576-835a76e0c9ba">
						<Properties>
							<Name>ПодсказкаКонтекстноеМеню</Name>
							<Type>ContextMenu</Type>
							<Visible>true</Visible>
							<UserVisible>
								<xr:common>true</xr:common>
							</UserVisible>
							<Enabled>true</Enabled>
							<ReadOnly>false</ReadOnly>
							<EnableContentChange>false</EnableContentChange>
							<Title/>
							<TitleTextColor>auto</TitleTextColor>
							<TitleFont kind="AutoFont"/>
							<ToolTip/>
							<ToolTipRepresentation>Auto</ToolTipRepresentation>
							<Shortcut/>
							<Width>0</Width>
							<Height>0</Height>
							<HorizontalStretch>auto</HorizontalStretch>
							<VerticalStretch>auto</VerticalStretch>
							<FillWithStdCommands>true</FillWithStdCommands>
						</Properties>
						<PredefinedContainedItems/>
						<ContainedItems/>
					</ContextMenu>
					<ExtTooltip xsi:type="TextDecoration" id="57:02023637-7868-4a5f-8576-835a76e0c9ba">
						<Properties>
							<Name>ПодсказкаExtendedTooltip</Name>
							<Kind>Label</Kind>
							<Visible>true</Visible>
							<UserVisible>
								<xr:common>true</xr:common>
							</UserVisible>
							<Enabled>true</Enabled>
							<Width>0</Width>
							<Height>0</Height>
							<HorStretchable>auto</HorStretchable>
							<VertStretchable>auto</VertStretchable>
							<SkipOnInput>auto</SkipOnInput>
							<TextColor>auto</TextColor>
							<Font kind="AutoFont"/>
							<ShortCut/>
							<Title/>
							<Tooltip/>
							<TooltipRepresentation>Auto</TooltipRepresentation>
							<HyperLink>false</HyperLink>
							<HorAlignment>Left</HorAlignment>
							<VertAlignment>Auto</VertAlignment>
							<TitleHeight>0</TitleHeight>
							<BackColor>auto</BackColor>
							<BorderColor>auto</BorderColor>
							<Border width="1">
								<style xmlns="http://v8.1c.ru/8.1/data/ui" xsi:type="ControlBorderType">WithoutBorder</style>
							</Border>
						</Properties>
						<Events/>
						<PredefinedContainedItems/>
					</ExtTooltip>
				</PredefinedContainedItems>
			</Input>
			<Group id="32:02023637-7868-4a5f-8576-835a76e0c9ba">
				<Properties>
					<Name>ГруппаСклонения</Name>
					<Type>UsualGroup</Type>
					<Visible>true</Visible>
					<UserVisible>
						<xr:common>true</xr:common>
					</UserVisible>
					<Enabled>true</Enabled>
					<ReadOnly>false</ReadOnly>
					<EnableContentChange>false</EnableContentChange>
					<Title>
						<v8:item>
							<v8:lang>ru</v8:lang>
							<v8:content>Представление предмета для пользователя при открытии и выборе значения</v8:content>
						</v8:item>
					</Title>
					<TitleTextColor>auto</TitleTextColor>
					<TitleFont kind="AutoFont"/>
					<ToolTip/>
					<ToolTipRepresentation>Auto</ToolTipRepresentation>
					<Shortcut/>
					<Width>0</Width>
					<Height>0</Height>
					<HorizontalStretch>auto</HorizontalStretch>
					<VerticalStretch>auto</VerticalStretch>
					<Group>Vertical</Group>
					<Behavior>Usual</Behavior>
					<CollapsedRepresentationTitle/>
					<Collapsed>false</Collapsed>
					<ControlRepresentation>TitleHyperlink</ControlRepresentation>
					<Representation>None</Representation>
					<ShowLeftMargin>true</ShowLeftMargin>
					<ChildItemsWidth>Auto</ChildItemsWidth>
					<Format/>
					<ShowTitle>false</ShowTitle>
					<TitleDataPath/>
					<BackColor>auto</BackColor>
				</Properties>
				<PredefinedContainedItems>
					<ExtTooltip xsi:type="TextDecoration" id="58:02023637-7868-4a5f-8576-835a76e0c9ba">
						<Properties>
							<Name>ГруппаСклоненияExtendedTooltip</Name>
							<Kind>Label</Kind>
							<Visible>true</Visible>
							<UserVisible>
								<xr:common>true</xr:common>
							</UserVisible>
							<Enabled>true</Enabled>
							<Width>0</Width>
							<Height>0</Height>
							<HorStretchable>auto</HorStretchable>
							<VertStretchable>auto</VertStretchable>
							<SkipOnInput>auto</SkipOnInput>
							<TextColor>auto</TextColor>
							<Font kind="AutoFont"/>
							<ShortCut/>
							<Title/>
							<Tooltip/>
							<TooltipRepresentation>Auto</TooltipRepresentation>
							<HyperLink>false</HyperLink>
							<HorAlignment>Left</HorAlignment>
							<VertAlignment>Auto</VertAlignment>
							<TitleHeight>0</TitleHeight>
							<BackColor>auto</BackColor>
							<BorderColor>auto</BorderColor>
							<Border width="1">
								<style xmlns="http://v8.1c.ru/8.1/data/ui" xsi:type="ControlBorderType">WithoutBorder</style>
							</Border>
						</Properties>
						<Events/>
						<PredefinedContainedItems/>
					</ExtTooltip>
				</PredefinedContainedItems>
				<ContainedItems>
					<Input id="33:02023637-7868-4a5f-8576-835a76e0c9ba">
						<Properties>
							<Name>ЕдинственноеЧислоПредмета</Name>
							<Type>InputField</Type>
							<DataPath>ЕдинственноеЧислоПредмета</DataPath>
							<Visible>true</Visible>
							<UserVisible>
								<xr:common>true</xr:common>
							</UserVisible>
							<DefaultItem>false</DefaultItem>
							<Enabled>true</Enabled>
							<ReadOnly>false</ReadOnly>
							<SkipOnInput>auto</SkipOnInput>
							<Title/>
							<TitleTextColor>auto</TitleTextColor>
							<TitleBackColor>auto</TitleBackColor>
							<TitleFont kind="AutoFont"/>
							<TitleLocation>Auto</TitleLocation>
							<TitleHeight>0</TitleHeight>
							<ToolTip>
								<v8:item>
									<v8:lang>ru</v8:lang>
									<v8:content>Используется в заголовке формы объекта значений свойств объектов</v8:content>
								</v8:item>
							</ToolTip>
							<ToolTipRepresentation>Auto</ToolTipRepresentation>
							<WarningOnEditRepresentation>Auto</WarningOnEditRepresentation>
							<WarningOnEdit/>
							<Shortcut/>
							<CommandsContent/>
							<HorizontalAlign>Auto</HorizontalAlign>
							<VerticalAlign>Auto</VerticalAlign>
							<EditMode>Enter</EditMode>
							<FixingInTable>None</FixingInTable>
							<CellHyperlink>false</CellHyperlink>
							<AutoCellHeight>false</AutoCellHeight>
							<ShowInHeader>true</ShowInHeader>
							<HeaderPicture/>
							<HeaderHorizontalAlign>Left</HeaderHorizontalAlign>
							<ShowInFooter>true</ShowInFooter>
							<FooterDataPath/>
							<FooterText/>
							<FooterTextColor>auto</FooterTextColor>
							<FooterBackColor>auto</FooterBackColor>
							<FooterFont kind="AutoFont"/>
							<FooterPicture/>
							<FooterHorizontalAlign>Auto</FooterHorizontalAlign>
							<Width>0</Width>
							<RowsCount>0</RowsCount>
							<HorizontalStretchable>auto</HorizontalStretchable>
							<VerticalStretchable>auto</VerticalStretchable>
							<Wrap>true</Wrap>
							<PasswordMode>auto</PasswordMode>
							<MultiLine>auto</MultiLine>
							<ExtendedEdit>auto</ExtendedEdit>
							<MarkNegatives>auto</MarkNegatives>
							<ChoiceListButton>auto</ChoiceListButton>
							<DropListButton>auto</DropListButton>
							<ChoiceButton>auto</ChoiceButton>
							<ChoiceButtonRepresentation>Auto</ChoiceButtonRepresentation>
							<ClearButton>auto</ClearButton>
							<SpinButton>auto</SpinButton>
							<OpenButton>auto</OpenButton>
							<CreateButton>auto</CreateButton>
							<Mask/>
							<ListChoiceMode>false</ListChoiceMode>
							<ChoiceListHeight>0</ChoiceListHeight>
							<DropListWidth>0</DropListWidth>
							<AutoChoiceIncomplete>auto</AutoChoiceIncomplete>
							<QuickChoice>auto</QuickChoice>
							<ChoiceObjects>Auto</ChoiceObjects>
							<Format/>
							<InputFormat/>
							<AutoMarkIncomplete>auto</AutoMarkIncomplete>
							<ChoiceType>true</ChoiceType>
							<IncompleteChoiceMode>OnEnterPressed</IncompleteChoiceMode>
							<TypeDomainEnabled>true</TypeDomainEnabled>
							<TextEdit>true</TextEdit>
							<EditTextUpdateMode>Auto</EditTextUpdateMode>
							<MinVal xsi:nil="true"/>
							<MaxVal xsi:nil="true"/>
							<ChoiceButtonPicture/>
							<ChoiceForm/>
							<ChoiceParamLinks/>
							<ChoiceParams/>
							<AvailableTypes/>
							<ValueList/>
							<TextColor>auto</TextColor>
							<BackColor>auto</BackColor>
							<BorderColor>auto</BorderColor>
							<Font kind="AutoFont"/>
							<LinkByType/>
							<InputHint/>
							<ChoiceHistoryOnInput>Auto</ChoiceHistoryOnInput>
						</Properties>
						<Events/>
						<PredefinedContainedItems>
							<ContextMenu xsi:type="ContextMenuGroup" id="34:02023637-7868-4a5f-8576-835a76e0c9ba">
								<Properties>
									<Name>ЕдинственноеЧислоПредметаКонтекстноеМеню</Name>
									<Type>ContextMenu</Type>
									<Visible>true</Visible>
									<UserVisible>
										<xr:common>true</xr:common>
									</UserVisible>
									<Enabled>true</Enabled>
									<ReadOnly>false</ReadOnly>
									<EnableContentChange>false</EnableContentChange>
									<Title/>
									<TitleTextColor>auto</TitleTextColor>
									<TitleFont kind="AutoFont"/>
									<ToolTip/>
									<ToolTipRepresentation>Auto</ToolTipRepresentation>
									<Shortcut/>
									<Width>0</Width>
									<Height>0</Height>
									<HorizontalStretch>auto</HorizontalStretch>
									<VerticalStretch>auto</VerticalStretch>
									<FillWithStdCommands>true</FillWithStdCommands>
								</Properties>
								<PredefinedContainedItems/>
								<ContainedItems/>
							</ContextMenu>
							<ExtTooltip xsi:type="TextDecoration" id="59:02023637-7868-4a5f-8576-835a76e0c9ba">
								<Properties>
									<Name>ЕдинственноеЧислоПредметаExtendedTooltip</Name>
									<Kind>Label</Kind>
									<Visible>true</Visible>
									<UserVisible>
										<xr:common>true</xr:common>
									</UserVisible>
									<Enabled>true</Enabled>
									<Width>0</Width>
									<Height>0</Height>
									<HorStretchable>auto</HorStretchable>
									<VertStretchable>auto</VertStretchable>
									<SkipOnInput>auto</SkipOnInput>
									<TextColor>auto</TextColor>
									<Font kind="AutoFont"/>
									<ShortCut/>
									<Title/>
									<Tooltip/>
									<TooltipRepresentation>Auto</TooltipRepresentation>
									<HyperLink>false</HyperLink>
									<HorAlignment>Left</HorAlignment>
									<VertAlignment>Auto</VertAlignment>
									<TitleHeight>0</TitleHeight>
									<BackColor>auto</BackColor>
									<BorderColor>auto</BorderColor>
									<Border width="1">
										<style xmlns="http://v8.1c.ru/8.1/data/ui" xsi:type="ControlBorderType">WithoutBorder</style>
									</Border>
								</Properties>
								<Events/>
								<PredefinedContainedItems/>
							</ExtTooltip>
						</PredefinedContainedItems>
					</Input>
					<Input id="35:02023637-7868-4a5f-8576-835a76e0c9ba">
						<Properties>
							<Name>МножественноеЧислоПредмета</Name>
							<Type>InputField</Type>
							<DataPath>МножественноеЧислоПредмета</DataPath>
							<Visible>true</Visible>
							<UserVisible>
								<xr:common>true</xr:common>
							</UserVisible>
							<DefaultItem>false</DefaultItem>
							<Enabled>true</Enabled>
							<ReadOnly>false</ReadOnly>
							<SkipOnInput>auto</SkipOnInput>
							<Title/>
							<TitleTextColor>auto</TitleTextColor>
							<TitleBackColor>auto</TitleBackColor>
							<TitleFont kind="AutoFont"/>
							<TitleLocation>Auto</TitleLocation>
							<TitleHeight>0</TitleHeight>
							<ToolTip>
								<v8:item>
									<v8:lang>ru</v8:lang>
									<v8:content>Используется в заголовке формы списка значений свойств объектов</v8:content>
								</v8:item>
							</ToolTip>
							<ToolTipRepresentation>Auto</ToolTipRepresentation>
							<WarningOnEditRepresentation>Auto</WarningOnEditRepresentation>
							<WarningOnEdit/>
							<Shortcut/>
							<CommandsContent/>
							<HorizontalAlign>Auto</HorizontalAlign>
							<VerticalAlign>Auto</VerticalAlign>
							<EditMode>Enter</EditMode>
							<FixingInTable>None</FixingInTable>
							<CellHyperlink>false</CellHyperlink>
							<AutoCellHeight>false</AutoCellHeight>
							<ShowInHeader>true</ShowInHeader>
							<HeaderPicture/>
							<HeaderHorizontalAlign>Left</HeaderHorizontalAlign>
							<ShowInFooter>true</ShowInFooter>
							<FooterDataPath/>
							<FooterText/>
							<FooterTextColor>auto</FooterTextColor>
							<FooterBackColor>auto</FooterBackColor>
							<FooterFont kind="AutoFont"/>
							<FooterPicture/>
							<FooterHorizontalAlign>Auto</FooterHorizontalAlign>
							<Width>0</Width>
							<RowsCount>0</RowsCount>
							<HorizontalStretchable>auto</HorizontalStretchable>
							<VerticalStretchable>auto</VerticalStretchable>
							<Wrap>true</Wrap>
							<PasswordMode>auto</PasswordMode>
							<MultiLine>auto</MultiLine>
							<ExtendedEdit>auto</ExtendedEdit>
							<MarkNegatives>auto</MarkNegatives>
							<ChoiceListButton>auto</ChoiceListButton>
							<DropListButton>auto</DropListButton>
							<ChoiceButton>auto</ChoiceButton>
							<ChoiceButtonRepresentation>Auto</ChoiceButtonRepresentation>
							<ClearButton>auto</ClearButton>
							<SpinButton>auto</SpinButton>
							<OpenButton>auto</OpenButton>
							<CreateButton>auto</CreateButton>
							<Mask/>
							<ListChoiceMode>false</ListChoiceMode>
							<ChoiceListHeight>0</ChoiceListHeight>
							<DropListWidth>0</DropListWidth>
							<AutoChoiceIncomplete>auto</AutoChoiceIncomplete>
							<QuickChoice>auto</QuickChoice>
							<ChoiceObjects>Auto</ChoiceObjects>
							<Format/>
							<InputFormat/>
							<AutoMarkIncomplete>auto</AutoMarkIncomplete>
							<ChoiceType>true</ChoiceType>
							<IncompleteChoiceMode>OnEnterPressed</IncompleteChoiceMode>
							<TypeDomainEnabled>true</TypeDomainEnabled>
							<TextEdit>true</TextEdit>
							<EditTextUpdateMode>Auto</EditTextUpdateMode>
							<MinVal xsi:nil="true"/>
							<MaxVal xsi:nil="true"/>
							<ChoiceButtonPicture/>
							<ChoiceForm/>
							<ChoiceParamLinks/>
							<ChoiceParams/>
							<AvailableTypes/>
							<ValueList/>
							<TextColor>auto</TextColor>
							<BackColor>auto</BackColor>
							<BorderColor>auto</BorderColor>
							<Font kind="AutoFont"/>
							<LinkByType/>
							<InputHint/>
							<ChoiceHistoryOnInput>Auto</ChoiceHistoryOnInput>
						</Properties>
						<Events/>
						<PredefinedContainedItems>
							<ContextMenu xsi:type="ContextMenuGroup" id="36:02023637-7868-4a5f-8576-835a76e0c9ba">
								<Properties>
									<Name>МножественноеЧислоПредметаКонтекстноеМеню</Name>
									<Type>ContextMenu</Type>
									<Visible>true</Visible>
									<UserVisible>
										<xr:common>true</xr:common>
									</UserVisible>
									<Enabled>true</Enabled>
									<ReadOnly>false</ReadOnly>
									<EnableContentChange>false</EnableContentChange>
									<Title/>
									<TitleTextColor>auto</TitleTextColor>
									<TitleFont kind="AutoFont"/>
									<ToolTip/>
									<ToolTipRepresentation>Auto</ToolTipRepresentation>
									<Shortcut/>
									<Width>0</Width>
									<Height>0</Height>
									<HorizontalStretch>auto</HorizontalStretch>
									<VerticalStretch>auto</VerticalStretch>
									<FillWithStdCommands>true</FillWithStdCommands>
								</Properties>
								<PredefinedContainedItems/>
								<ContainedItems/>
							</ContextMenu>
							<ExtTooltip xsi:type="TextDecoration" id="60:02023637-7868-4a5f-8576-835a76e0c9ba">
								<Properties>
									<Name>МножественноеЧислоПредметаExtendedTooltip</Name>
									<Kind>Label</Kind>
									<Visible>true</Visible>
									<UserVisible>
										<xr:common>true</xr:common>
									</UserVisible>
									<Enabled>true</Enabled>
									<Width>0</Width>
									<Height>0</Height>
									<HorStretchable>auto</HorStretchable>
									<VertStretchable>auto</VertStretchable>
									<SkipOnInput>auto</SkipOnInput>
									<TextColor>auto</TextColor>
									<Font kind="AutoFont"/>
									<ShortCut/>
									<Title/>
									<Tooltip/>
									<TooltipRepresentation>Auto</TooltipRepresentation>
									<HyperLink>false</HyperLink>
									<HorAlignment>Left</HorAlignment>
									<VertAlignment>Auto</VertAlignment>
									<TitleHeight>0</TitleHeight>
									<BackColor>auto</BackColor>
									<BorderColor>auto</BorderColor>
									<Border width="1">
										<style xmlns="http://v8.1c.ru/8.1/data/ui" xsi:type="ControlBorderType">WithoutBorder</style>
									</Border>
								</Properties>
								<Events/>
								<PredefinedContainedItems/>
							</ExtTooltip>
						</PredefinedContainedItems>
					</Input>
				</ContainedItems>
			</Group>
			<Input id="28:02023637-7868-4a5f-8576-835a76e0c9ba">
				<Properties>
					<Name>Комментарий</Name>
					<Type>InputField</Type>
					<DataPath>Объект.Комментарий</DataPath>
					<Visible>true</Visible>
					<UserVisible>
						<xr:common>true</xr:common>
					</UserVisible>
					<DefaultItem>false</DefaultItem>
					<Enabled>true</Enabled>
					<ReadOnly>false</ReadOnly>
					<SkipOnInput>auto</SkipOnInput>
					<Title/>
					<TitleTextColor>auto</TitleTextColor>
					<TitleBackColor>auto</TitleBackColor>
					<TitleFont kind="AutoFont"/>
					<TitleLocation>Left</TitleLocation>
					<TitleHeight>0</TitleHeight>
					<ToolTip/>
					<ToolTipRepresentation>Auto</ToolTipRepresentation>
					<WarningOnEditRepresentation>Auto</WarningOnEditRepresentation>
					<WarningOnEdit/>
					<Shortcut/>
					<CommandsContent/>
					<HorizontalAlign>Auto</HorizontalAlign>
					<VerticalAlign>Auto</VerticalAlign>
					<EditMode>Enter</EditMode>
					<FixingInTable>None</FixingInTable>
					<CellHyperlink>false</CellHyperlink>
					<AutoCellHeight>false</AutoCellHeight>
					<ShowInHeader>true</ShowInHeader>
					<HeaderPicture/>
					<HeaderHorizontalAlign>Left</HeaderHorizontalAlign>
					<ShowInFooter>true</ShowInFooter>
					<FooterDataPath/>
					<FooterText/>
					<FooterTextColor>auto</FooterTextColor>
					<FooterBackColor>auto</FooterBackColor>
					<FooterFont kind="AutoFont"/>
					<FooterPicture/>
					<FooterHorizontalAlign>Auto</FooterHorizontalAlign>
					<Width>0</Width>
					<RowsCount>2</RowsCount>
					<HorizontalStretchable>auto</HorizontalStretchable>
					<VerticalStretchable>auto</VerticalStretchable>
					<Wrap>true</Wrap>
					<PasswordMode>auto</PasswordMode>
					<MultiLine>true</MultiLine>
					<ExtendedEdit>auto</ExtendedEdit>
					<MarkNegatives>auto</MarkNegatives>
					<ChoiceListButton>auto</ChoiceListButton>
					<DropListButton>auto</DropListButton>
					<ChoiceButton>true</ChoiceButton>
					<ChoiceButtonRepresentation>Auto</ChoiceButtonRepresentation>
					<ClearButton>auto</ClearButton>
					<SpinButton>auto</SpinButton>
					<OpenButton>auto</OpenButton>
					<CreateButton>auto</CreateButton>
					<Mask/>
					<ListChoiceMode>false</ListChoiceMode>
					<ChoiceListHeight>0</ChoiceListHeight>
					<DropListWidth>0</DropListWidth>
					<AutoChoiceIncomplete>auto</AutoChoiceIncomplete>
					<QuickChoice>auto</QuickChoice>
					<ChoiceObjects>Auto</ChoiceObjects>
					<Format/>
					<InputFormat/>
					<AutoMarkIncomplete>auto</AutoMarkIncomplete>
					<ChoiceType>true</ChoiceType>
					<IncompleteChoiceMode>OnEnterPressed</IncompleteChoiceMode>
					<TypeDomainEnabled>true</TypeDomainEnabled>
					<TextEdit>true</TextEdit>
					<EditTextUpdateMode>Auto</EditTextUpdateMode>
					<MinVal xsi:nil="true"/>
					<MaxVal xsi:nil="true"/>
					<ChoiceButtonPicture/>
					<ChoiceForm/>
					<ChoiceParamLinks/>
					<ChoiceParams/>
					<AvailableTypes/>
					<ValueList/>
					<TextColor>auto</TextColor>
					<BackColor>auto</BackColor>
					<BorderColor>auto</BorderColor>
					<Font kind="AutoFont"/>
					<LinkByType/>
					<InputHint/>
					<ChoiceHistoryOnInput>Auto</ChoiceHistoryOnInput>
				</Properties>
				<Events>
					<Event name="StartChoice">КомментарийНачалоВыбора</Event>
				</Events>
				<PredefinedContainedItems>
					<ContextMenu xsi:type="ContextMenuGroup" id="29:02023637-7868-4a5f-8576-835a76e0c9ba">
						<Properties>
							<Name>КомментарийКонтекстноеМеню</Name>
							<Type>ContextMenu</Type>
							<Visible>true</Visible>
							<UserVisible>
								<xr:common>true</xr:common>
							</UserVisible>
							<Enabled>true</Enabled>
							<ReadOnly>false</ReadOnly>
							<EnableContentChange>false</EnableContentChange>
							<Title/>
							<TitleTextColor>auto</TitleTextColor>
							<TitleFont kind="AutoFont"/>
							<ToolTip/>
							<ToolTipRepresentation>Auto</ToolTipRepresentation>
							<Shortcut/>
							<Width>0</Width>
							<Height>0</Height>
							<HorizontalStretch>auto</HorizontalStretch>
							<VerticalStretch>auto</VerticalStretch>
							<FillWithStdCommands>true</FillWithStdCommands>
						</Properties>
						<PredefinedContainedItems/>
						<ContainedItems/>
					</ContextMenu>
					<ExtTooltip xsi:type="TextDecoration" id="61:02023637-7868-4a5f-8576-835a76e0c9ba">
						<Properties>
							<Name>КомментарийExtendedTooltip</Name>
							<Kind>Label</Kind>
							<Visible>true</Visible>
							<UserVisible>
								<xr:common>true</xr:common>
							</UserVisible>
							<Enabled>true</Enabled>
							<Width>0</Width>
							<Height>0</Height>
							<HorStretchable>auto</HorStretchable>
							<VertStretchable>auto</VertStretchable>
							<SkipOnInput>auto</SkipOnInput>
							<TextColor>auto</TextColor>
							<Font kind="AutoFont"/>
							<ShortCut/>
							<Title/>
							<Tooltip/>
							<TooltipRepresentation>Auto</TooltipRepresentation>
							<HyperLink>false</HyperLink>
							<HorAlignment>Left</HorAlignment>
							<VertAlignment>Auto</VertAlignment>
							<TitleHeight>0</TitleHeight>
							<BackColor>auto</BackColor>
							<BorderColor>auto</BorderColor>
							<Border width="1">
								<style xmlns="http://v8.1c.ru/8.1/data/ui" xsi:type="ControlBorderType">WithoutBorder</style>
							</Border>
						</Properties>
						<Events/>
						<PredefinedContainedItems/>
					</ExtTooltip>
				</PredefinedContainedItems>
			</Input>
			<Button id="27:02023637-7868-4a5f-8576-835a76e0c9ba">
				<Properties>
					<Name>РедактироватьСписокНаборов</Name>
					<Kind>Hyperlink</Kind>
					<Visible>true</Visible>
					<UserVisible>
						<xr:common>true</xr:common>
					</UserVisible>
					<TitleRowsCount>0</TitleRowsCount>
					<Representation>Auto</Representation>
					<DefaultButton>false</DefaultButton>
					<SkipOnInput>false</SkipOnInput>
					<Enabled>true</Enabled>
					<DefaultElement>false</DefaultElement>
					<Important>auto</Important>
					<Width>0</Width>
					<Height>0</Height>
					<PlacementArea>userCmds</PlacementArea>
					<Check>false</Check>
					<Command>Form.Command.РедактироватьСписокНаборов</Command>
					<Parameter xsi:nil="true"/>
					<AttributeProperty/>
					<TextColor>auto</TextColor>
					<BackColor>auto</BackColor>
					<BorderColor>auto</BorderColor>
					<Font kind="AutoFont"/>
					<ShortCut/>
					<Picture/>
					<Title/>
					<TooltipRepresentation>Auto</TooltipRepresentation>
				</Properties>
				<PredefinedContainedItems>
					<ExtTooltip xsi:type="TextDecoration" id="62:02023637-7868-4a5f-8576-835a76e0c9ba">
						<Properties>
							<Name>РедактироватьСписокНаборовExtendedTooltip</Name>
							<Kind>Label</Kind>
							<Visible>true</Visible>
							<UserVisible>
								<xr:common>true</xr:common>
							</UserVisible>
							<Enabled>true</Enabled>
							<Width>0</Width>
							<Height>0</Height>
							<HorStretchable>auto</HorStretchable>
							<VertStretchable>auto</VertStretchable>
							<SkipOnInput>auto</SkipOnInput>
							<TextColor>auto</TextColor>
							<Font kind="AutoFont"/>
							<ShortCut/>
							<Title/>
							<Tooltip/>
							<TooltipRepresentation>Auto</TooltipRepresentation>
							<HyperLink>false</HyperLink>
							<HorAlignment>Left</HorAlignment>
							<VertAlignment>Auto</VertAlignment>
							<TitleHeight>0</TitleHeight>
							<BackColor>auto</BackColor>
							<BorderColor>auto</BorderColor>
							<Border width="1">
								<style xmlns="http://v8.1c.ru/8.1/data/ui" xsi:type="ControlBorderType">WithoutBorder</style>
							</Border>
						</Properties>
						<Events/>
						<PredefinedContainedItems/>
					</ExtTooltip>
				</PredefinedContainedItems>
			</Button>
		</ContainedItems>
	</Elements>
	<NavigationPanel/>
	<CommandPanel/>
</Form>