﻿<?xml version="1.0" encoding="UTF-8"?>
<Form xmlns="http://v8.1c.ru/8.3/xcf/logform" xmlns:app="http://v8.1c.ru/8.2/managed-application/core" xmlns:dcscor="http://v8.1c.ru/8.1/data-composition-system/core" xmlns:dcsset="http://v8.1c.ru/8.1/data-composition-system/settings" xmlns:ent="http://v8.1c.ru/8.1/data/enterprise" xmlns:lf="http://v8.1c.ru/8.2/managed-application/logform" xmlns:style="http://v8.1c.ru/8.1/data/ui/style" xmlns:v8="http://v8.1c.ru/8.1/data/core" xmlns:web="http://v8.1c.ru/8.1/data/ui/colors/web" xmlns:win="http://v8.1c.ru/8.1/data/ui/colors/windows" xmlns:xr="http://v8.1c.ru/8.3/xcf/readable" xmlns:xs="http://www.w3.org/2001/XMLSchema" xmlns:xsi="http://www.w3.org/2001/XMLSchema-instance">
	<Attributes>
		<Attribute id="1">
			<Name>ДеревоНаборов</Name>
			<Title>
				<v8:item>
					<v8:lang>ru</v8:lang>
					<v8:content>Дерево наборов</v8:content>
				</v8:item>
			</Title>
			<Type>
				<v8:Type>v8:ValueTree</v8:Type>
			</Type>
			<Accessibility>
				<xr:common>true</xr:common>
			</Accessibility>
			<Editing>
				<xr:common>true</xr:common>
			</Editing>
			<Content/>
			<SavingContent/>
			<MainProperty>false</MainProperty>
			<StoredData>true</StoredData>
			<FunctionalOptions/>
			<FillCheck>DontCheck</FillCheck>
			<Columns>
				<Column id="1">
					<AddedFromContext>false</AddedFromContext>
					<Name>Выбран</Name>
					<Title>
						<v8:item>
							<v8:lang>ru</v8:lang>
							<v8:content>Выбран</v8:content>
						</v8:item>
					</Title>
					<Type>
						<v8:Type>xs:decimal</v8:Type>
						<v8:NumberQualifiers>
							<v8:Digits>1</v8:Digits>
							<v8:FractionDigits>0</v8:FractionDigits>
							<v8:AllowedSign>Any</v8:AllowedSign>
						</v8:NumberQualifiers>
					</Type>
					<Accessibility>
						<xr:common>true</xr:common>
					</Accessibility>
					<Editing>
						<xr:common>true</xr:common>
					</Editing>
					<FunctionalOptions/>
					<FillCheck>DontCheck</FillCheck>
				</Column>
				<Column id="2">
					<AddedFromContext>false</AddedFromContext>
					<Name>Набор</Name>
					<Title>
						<v8:item>
							<v8:lang>ru</v8:lang>
							<v8:content>Набор</v8:content>
						</v8:item>
					</Title>
					<Type>
						<v8:Type xmlns:d7p1="http://v8.1c.ru/8.1/data/enterprise/current-config">d7p1:CatalogRef.НаборыДополнительныхРеквизитовИСведений</v8:Type>
					</Type>
					<Accessibility>
						<xr:common>true</xr:common>
					</Accessibility>
					<Editing>
						<xr:common>true</xr:common>
					</Editing>
					<FunctionalOptions/>
					<FillCheck>DontCheck</FillCheck>
				</Column>
				<Column id="3">
					<AddedFromContext>false</AddedFromContext>
					<Name>Наименование</Name>
					<Title>
						<v8:item>
							<v8:lang>ru</v8:lang>
							<v8:content>Наименование</v8:content>
						</v8:item>
					</Title>
					<Type>
						<v8:Type>xs:string</v8:Type>
						<v8:StringQualifiers>
							<v8:Length>0</v8:Length>
							<v8:AllowedLength>Variable</v8:AllowedLength>
						</v8:StringQualifiers>
					</Type>
					<Accessibility>
						<xr:common>true</xr:common>
					</Accessibility>
					<Editing>
						<xr:common>true</xr:common>
					</Editing>
					<FunctionalOptions/>
					<FillCheck>DontCheck</FillCheck>
				</Column>
			</Columns>
			<ExtInfo/>
		</Attribute>
		<Attribute id="2">
			<Name>БылаНажатаКлавишаЗакрытия</Name>
			<Title>
				<v8:item>
					<v8:lang>ru</v8:lang>
					<v8:content>Была нажата клавиша закрытия</v8:content>
				</v8:item>
			</Title>
			<Type>
				<v8:Type>xs:boolean</v8:Type>
			</Type>
			<Accessibility>
				<xr:common>true</xr:common>
			</Accessibility>
			<Editing>
				<xr:common>true</xr:common>
			</Editing>
			<Content/>
			<SavingContent/>
			<MainProperty>false</MainProperty>
			<StoredData>false</StoredData>
			<FunctionalOptions/>
			<FillCheck>DontCheck</FillCheck>
			<Columns/>
			<ExtInfo/>
		</Attribute>
		<ConditionalAppearance/>
	</Attributes>
	<Commands>
		<Command>
			<Name>Завершить</Name>
			<Title>
				<v8:item>
					<v8:lang>ru</v8:lang>
					<v8:content>Завершить</v8:content>
				</v8:item>
			</Title>
			<ToolTip>
				<v8:item>
					<v8:lang>ru</v8:lang>
					<v8:content>Завершить</v8:content>
				</v8:item>
			</ToolTip>
			<Using>
				<xr:common>true</xr:common>
			</Using>
			<ShortCut/>
			<Picture>
				<xr:pictureRef>StdPicture.Write</xr:pictureRef>
				<xr:loadTransparent>true</xr:loadTransparent>
			</Picture>
			<Handler>ЗавершитьВыполнить</Handler>
			<FunctionalOptions/>
			<DefaultRepresentation>TextPicture</DefaultRepresentation>
			<ModifiesStoredData>false</ModifiesStoredData>
			<AddedFromContext>false</AddedFromContext>
		</Command>
		<Command>
			<Name>Отмена</Name>
			<Title>
				<v8:item>
					<v8:lang>ru</v8:lang>
					<v8:content>Отмена</v8:content>
				</v8:item>
			</Title>
			<ToolTip>
				<v8:item>
					<v8:lang>ru</v8:lang>
					<v8:content>Отмена</v8:content>
				</v8:item>
			</ToolTip>
			<Using>
				<xr:common>true</xr:common>
			</Using>
			<ShortCut/>
			<Picture>
				<xr:pictureRef>StdPicture.Close</xr:pictureRef>
				<xr:loadTransparent>true</xr:loadTransparent>
			</Picture>
			<Handler>ОтменаВыполнить</Handler>
			<FunctionalOptions/>
			<DefaultRepresentation>TextPicture</DefaultRepresentation>
			<ModifiesStoredData>false</ModifiesStoredData>
			<AddedFromContext>false</AddedFromContext>
		</Command>
	</Commands>
	<Parameters>
		<Parameter>
			<Name>ВыбранныеНаборы</Name>
			<Type>
				<v8:Type>v8:ValueListType</v8:Type>
			</Type>
			<KeyParameter>false</KeyParameter>
		</Parameter>
		<Parameter>
			<Name>ЭтоДополнительноеСведение</Name>
			<Type>
				<v8:Type>xs:boolean</v8:Type>
			</Type>
			<KeyParameter>false</KeyParameter>
		</Parameter>
	</Parameters>
	<Elements id="0:02023637-7868-4a5f-8576-835a76e0c9ba">
		<Properties>
			<Title>
				<v8:item>
					<v8:lang>ru</v8:lang>
					<v8:content>Наборы</v8:content>
				</v8:item>
			</Title>
			<Width>0</Width>
			<Height>0</Height>
			<OpeningMode>Independent</OpeningMode>
			<EnterKeyBehavior>ControlNavigation</EnterKeyBehavior>
			<AutoSaveFormDataInSettings>DontUse</AutoSaveFormDataInSettings>
			<SaveFormDataInSettings>DontUse</SaveFormDataInSettings>
			<SettingsStorage/>
			<AutoTitle>false</AutoTitle>
			<AutoURL>true</AutoURL>
			<ChildrenGrouping>Vertical</ChildrenGrouping>
			<ChildItemsWidth>Auto</ChildItemsWidth>
			<AutoFillCheck>true</AutoFillCheck>
			<Customizable>true</Customizable>
			<Enabled>true</Enabled>
			<ReadOnly>false</ReadOnly>
			<CommandBarLocation>Auto</CommandBarLocation>
			<VerticalScrolling>useIfNecessary</VerticalScrolling>
			<BaseFontVariant>Auto</BaseFontVariant>
			<CommandsContent/>
		</Properties>
		<Events>
			<Event name="OnCreateAtServer">ПриСозданииНаСервере</Event>
		</Events>
		<PredefinedContainedItems>
			<CommandBar xsi:type="AutoMenuGroup" id="-1:02023637-7868-4a5f-8576-835a76e0c9ba">
				<Properties>
					<Name>ФормаКоманднаяПанель</Name>
					<Type>AutoCommandBar</Type>
					<Visible>true</Visible>
					<UserVisible>
						<xr:common>true</xr:common>
					</UserVisible>
					<Enabled>true</Enabled>
					<ReadOnly>false</ReadOnly>
					<EnableContentChange>false</EnableContentChange>
					<Title/>
					<TitleTextColor>auto</TitleTextColor>
					<TitleFont kind="AutoFont"/>
					<ToolTip/>
					<ToolTipRepresentation>Auto</ToolTipRepresentation>
					<Shortcut/>
					<Width>0</Width>
					<Height>0</Height>
					<HorizontalStretch>auto</HorizontalStretch>
					<VerticalStretch>auto</VerticalStretch>
					<HorAlignment>Left</HorAlignment>
					<FillWithStdCommands>true</FillWithStdCommands>
				</Properties>
				<PredefinedContainedItems/>
				<ContainedItems>
					<Button id="9:02023637-7868-4a5f-8576-835a76e0c9ba">
						<Properties>
							<Name>Завершить</Name>
							<Kind>CommandBarButton</Kind>
							<Visible>true</Visible>
							<UserVisible>
								<xr:common>true</xr:common>
							</UserVisible>
							<TitleRowsCount>0</TitleRowsCount>
							<Representation>Auto</Representation>
							<DefaultButton>false</DefaultButton>
							<SkipOnInput>false</SkipOnInput>
							<Enabled>true</Enabled>
							<DefaultElement>false</DefaultElement>
							<Important>auto</Important>
							<Width>0</Width>
							<Height>0</Height>
							<PlacementArea>userCmds</PlacementArea>
							<Check>false</Check>
							<Command>Form.Command.Завершить</Command>
							<Parameter xsi:nil="true"/>
							<AttributeProperty/>
							<TextColor>auto</TextColor>
							<BackColor>auto</BackColor>
							<BorderColor>auto</BorderColor>
							<Font kind="AutoFont"/>
							<ShortCut/>
							<Picture/>
							<Title/>
							<TooltipRepresentation>Auto</TooltipRepresentation>
						</Properties>
						<PredefinedContainedItems>
							<ExtTooltip xsi:type="TextDecoration" id="11:02023637-7868-4a5f-8576-835a76e0c9ba">
								<Properties>
									<Name>ЗавершитьExtendedTooltip</Name>
									<Kind>Label</Kind>
									<Visible>true</Visible>
									<UserVisible>
										<xr:common>true</xr:common>
									</UserVisible>
									<Enabled>true</Enabled>
									<Width>0</Width>
									<Height>0</Height>
									<HorStretchable>auto</HorStretchable>
									<VertStretchable>auto</VertStretchable>
									<SkipOnInput>auto</SkipOnInput>
									<TextColor>auto</TextColor>
									<Font kind="AutoFont"/>
									<ShortCut/>
									<Title/>
									<Tooltip/>
									<TooltipRepresentation>Auto</TooltipRepresentation>
									<HyperLink>false</HyperLink>
									<HorAlignment>Left</HorAlignment>
									<VertAlignment>Auto</VertAlignment>
									<TitleHeight>0</TitleHeight>
									<BackColor>auto</BackColor>
									<BorderColor>auto</BorderColor>
									<Border width="1">
										<style xmlns="http://v8.1c.ru/8.1/data/ui" xsi:type="ControlBorderType">WithoutBorder</style>
									</Border>
								</Properties>
								<Events/>
								<PredefinedContainedItems/>
							</ExtTooltip>
						</PredefinedContainedItems>
					</Button>
					<Button id="10:02023637-7868-4a5f-8576-835a76e0c9ba">
						<Properties>
							<Name>Отмена</Name>
							<Kind>CommandBarButton</Kind>
							<Visible>true</Visible>
							<UserVisible>
								<xr:common>true</xr:common>
							</UserVisible>
							<TitleRowsCount>0</TitleRowsCount>
							<Representation>Auto</Representation>
							<DefaultButton>false</DefaultButton>
							<SkipOnInput>false</SkipOnInput>
							<Enabled>true</Enabled>
							<DefaultElement>false</DefaultElement>
							<Important>auto</Important>
							<Width>0</Width>
							<Height>0</Height>
							<PlacementArea>userCmds</PlacementArea>
							<Check>false</Check>
							<Command>Form.Command.Отмена</Command>
							<Parameter xsi:nil="true"/>
							<AttributeProperty/>
							<TextColor>auto</TextColor>
							<BackColor>auto</BackColor>
							<BorderColor>auto</BorderColor>
							<Font kind="AutoFont"/>
							<ShortCut/>
							<Picture/>
							<Title/>
							<TooltipRepresentation>Auto</TooltipRepresentation>
						</Properties>
						<PredefinedContainedItems>
							<ExtTooltip xsi:type="TextDecoration" id="12:02023637-7868-4a5f-8576-835a76e0c9ba">
								<Properties>
									<Name>ОтменаExtendedTooltip</Name>
									<Kind>Label</Kind>
									<Visible>true</Visible>
									<UserVisible>
										<xr:common>true</xr:common>
									</UserVisible>
									<Enabled>true</Enabled>
									<Width>0</Width>
									<Height>0</Height>
									<HorStretchable>auto</HorStretchable>
									<VertStretchable>auto</VertStretchable>
									<SkipOnInput>auto</SkipOnInput>
									<TextColor>auto</TextColor>
									<Font kind="AutoFont"/>
									<ShortCut/>
									<Title/>
									<Tooltip/>
									<TooltipRepresentation>Auto</TooltipRepresentation>
									<HyperLink>false</HyperLink>
									<HorAlignment>Left</HorAlignment>
									<VertAlignment>Auto</VertAlignment>
									<TitleHeight>0</TitleHeight>
									<BackColor>auto</BackColor>
									<BorderColor>auto</BorderColor>
									<Border width="1">
										<style xmlns="http://v8.1c.ru/8.1/data/ui" xsi:type="ControlBorderType">WithoutBorder</style>
									</Border>
								</Properties>
								<Events/>
								<PredefinedContainedItems/>
							</ExtTooltip>
						</PredefinedContainedItems>
					</Button>
				</ContainedItems>
			</CommandBar>
		</PredefinedContainedItems>
		<ContainedItems>
			<Table id="1:02023637-7868-4a5f-8576-835a76e0c9ba">
				<Properties>
					<Name>ДеревоНаборов</Name>
					<Representation>Tree</Representation>
					<Visible>true</Visible>
					<UserVisible>
						<xr:common>true</xr:common>
					</UserVisible>
					<TitleLocation>None</TitleLocation>
					<TitleRowsCount>0</TitleRowsCount>
					<CommandBarLocation>None</CommandBarLocation>
					<AutoFill>false</AutoFill>
					<Enabled>true</Enabled>
					<ReadOnly>false</ReadOnly>
					<SkipOnInput>false</SkipOnInput>
					<DefaultElement>false</DefaultElement>
					<ChangeRowSet>false</ChangeRowSet>
					<ChangeRowOrder>false</ChangeRowOrder>
					<Width>0</Width>
					<Height>0</Height>
					<RowsCount>0</RowsCount>
					<ChoiceMode>false</ChoiceMode>
					<MultipleChoice>false</MultipleChoice>
					<RowInputMode>EndOfList</RowInputMode>
					<RowsSelectionMode>SingleRow</RowsSelectionMode>
					<RowSelectionMode>Cell</RowSelectionMode>
					<ShowHeader>true</ShowHeader>
					<HeaderHeight>1</HeaderHeight>
					<ShowFooter>false</ShowFooter>
					<FooterHeight>1</FooterHeight>
					<HorScroll>AutoUse</HorScroll>
					<VertScroll>AutoUse</VertScroll>
					<ShowHorLines>true</ShowHorLines>
					<ShowVertLines>true</ShowVertLines>
					<FixedLeft>4294967295</FixedLeft>
					<FixedRight>4294967295</FixedRight>
					<UseAlternationRowColor>false</UseAlternationRowColor>
					<AutoInsertNewRow>true</AutoInsertNewRow>
					<AutoInsertNotCompletedVals>auto</AutoInsertNotCompletedVals>
					<AutoMarkNotcompletedVals>auto</AutoMarkNotcompletedVals>
					<SearchOnInput>Auto</SearchOnInput>
					<InitialListView>Auto</InitialListView>
					<InitialTreeView>NoExpand</InitialTreeView>
					<UseOutput>Auto</UseOutput>
					<HorStretchable>true</HorStretchable>
					<VertStretchable>true</VertStretchable>
					<EnableStartDrag>false</EnableStartDrag>
					<EnableDrag>false</EnableDrag>
					<DataPath>ДеревоНаборов</DataPath>
					<RowPictureDataPath/>
					<RowsPicture/>
					<TextColor>auto</TextColor>
					<BackColor>auto</BackColor>
					<BorderColor>auto</BorderColor>
					<Font kind="AutoFont"/>
					<Title/>
					<TitleTextColor>auto</TitleTextColor>
					<TitleFont kind="AutoFont"/>
					<ShortCut/>
					<CommandsContent/>
					<Tooltip/>
					<TooltipRepresentation>Auto</TooltipRepresentation>
				</Properties>
				<Events/>
				<PredefinedContainedItems>
					<ContextMenu xsi:type="ContextMenuGroup" id="2:02023637-7868-4a5f-8576-835a76e0c9ba">
						<Properties>
							<Name>ДеревоНаборовКонтекстноеМеню</Name>
							<Type>ContextMenu</Type>
							<Visible>true</Visible>
							<UserVisible>
								<xr:common>true</xr:common>
							</UserVisible>
							<Enabled>true</Enabled>
							<ReadOnly>false</ReadOnly>
							<EnableContentChange>false</EnableContentChange>
							<Title/>
							<TitleTextColor>auto</TitleTextColor>
							<TitleFont kind="AutoFont"/>
							<ToolTip/>
							<ToolTipRepresentation>Auto</ToolTipRepresentation>
							<Shortcut/>
							<Width>0</Width>
							<Height>0</Height>
							<HorizontalStretch>auto</HorizontalStretch>
							<VerticalStretch>auto</VerticalStretch>
							<FillWithStdCommands>true</FillWithStdCommands>
						</Properties>
						<PredefinedContainedItems/>
						<ContainedItems/>
					</ContextMenu>
					<CommandBar xsi:type="AutoMenuGroup" id="3:02023637-7868-4a5f-8576-835a76e0c9ba">
						<Properties>
							<Name>ДеревоНаборовКоманднаяПанель</Name>
							<Type>AutoCommandBar</Type>
							<Visible>true</Visible>
							<UserVisible>
								<xr:common>true</xr:common>
							</UserVisible>
							<Enabled>true</Enabled>
							<ReadOnly>false</ReadOnly>
							<EnableContentChange>false</EnableContentChange>
							<Title/>
							<TitleTextColor>auto</TitleTextColor>
							<TitleFont kind="AutoFont"/>
							<ToolTip/>
							<ToolTipRepresentation>Auto</ToolTipRepresentation>
							<Shortcut/>
							<Width>0</Width>
							<Height>0</Height>
							<HorizontalStretch>auto</HorizontalStretch>
							<VerticalStretch>auto</VerticalStretch>
							<HorAlignment>Left</HorAlignment>
							<FillWithStdCommands>true</FillWithStdCommands>
						</Properties>
						<PredefinedContainedItems/>
						<ContainedItems/>
					</CommandBar>
					<ExtTooltip xsi:type="TextDecoration" id="13:02023637-7868-4a5f-8576-835a76e0c9ba">
						<Properties>
							<Name>ДеревоНаборовExtendedTooltip</Name>
							<Kind>Label</Kind>
							<Visible>true</Visible>
							<UserVisible>
								<xr:common>true</xr:common>
							</UserVisible>
							<Enabled>true</Enabled>
							<Width>0</Width>
							<Height>0</Height>
							<HorStretchable>auto</HorStretchable>
							<VertStretchable>auto</VertStretchable>
							<SkipOnInput>auto</SkipOnInput>
							<TextColor>auto</TextColor>
							<Font kind="AutoFont"/>
							<ShortCut/>
							<Title/>
							<Tooltip/>
							<TooltipRepresentation>Auto</TooltipRepresentation>
							<HyperLink>false</HyperLink>
							<HorAlignment>Left</HorAlignment>
							<VertAlignment>Auto</VertAlignment>
							<TitleHeight>0</TitleHeight>
							<BackColor>auto</BackColor>
							<BorderColor>auto</BorderColor>
							<Border width="1">
								<style xmlns="http://v8.1c.ru/8.1/data/ui" xsi:type="ControlBorderType">WithoutBorder</style>
							</Border>
						</Properties>
						<Events/>
						<PredefinedContainedItems/>
					</ExtTooltip>
				</PredefinedContainedItems>
				<ContainedItems>
					<Columns id="8:02023637-7868-4a5f-8576-835a76e0c9ba">
						<Properties>
							<Name>Группа</Name>
							<Type>ColumnGroup</Type>
							<Visible>true</Visible>
							<UserVisible>
								<xr:common>true</xr:common>
							</UserVisible>
							<Enabled>true</Enabled>
							<ReadOnly>false</ReadOnly>
							<EnableContentChange>false</EnableContentChange>
							<Title/>
							<TitleTextColor>auto</TitleTextColor>
							<TitleFont kind="AutoFont"/>
							<ToolTip/>
							<ToolTipRepresentation>Auto</ToolTipRepresentation>
							<Shortcut/>
							<Width>0</Width>
							<Height>0</Height>
							<HorizontalStretch>auto</HorizontalStretch>
							<VerticalStretch>auto</VerticalStretch>
							<Group>InCell</Group>
							<ShowTitle>true</ShowTitle>
							<TitleBackColor>auto</TitleBackColor>
							<ShowInHeader>false</ShowInHeader>
							<HeaderDataPath/>
							<HeaderHorizontalAlign>Auto</HeaderHorizontalAlign>
							<HeaderPicture/>
							<HeaderFormat/>
							<FixingInTable>None</FixingInTable>
						</Properties>
						<PredefinedContainedItems>
							<ExtTooltip xsi:type="TextDecoration" id="14:02023637-7868-4a5f-8576-835a76e0c9ba">
								<Properties>
									<Name>ГруппаExtendedTooltip</Name>
									<Kind>Label</Kind>
									<Visible>true</Visible>
									<UserVisible>
										<xr:common>true</xr:common>
									</UserVisible>
									<Enabled>true</Enabled>
									<Width>0</Width>
									<Height>0</Height>
									<HorStretchable>auto</HorStretchable>
									<VertStretchable>auto</VertStretchable>
									<SkipOnInput>auto</SkipOnInput>
									<TextColor>auto</TextColor>
									<Font kind="AutoFont"/>
									<ShortCut/>
									<Title/>
									<Tooltip/>
									<TooltipRepresentation>Auto</TooltipRepresentation>
									<HyperLink>false</HyperLink>
									<HorAlignment>Left</HorAlignment>
									<VertAlignment>Auto</VertAlignment>
									<TitleHeight>0</TitleHeight>
									<BackColor>auto</BackColor>
									<BorderColor>auto</BorderColor>
									<Border width="1">
										<style xmlns="http://v8.1c.ru/8.1/data/ui" xsi:type="ControlBorderType">WithoutBorder</style>
									</Border>
								</Properties>
								<Events/>
								<PredefinedContainedItems/>
							</ExtTooltip>
						</PredefinedContainedItems>
						<ContainedItems>
							<CheckBox id="4:02023637-7868-4a5f-8576-835a76e0c9ba">
								<Properties>
									<Name>Выбран</Name>
									<Type>CheckBoxField</Type>
									<DataPath>ДеревоНаборов.Выбран</DataPath>
									<Visible>true</Visible>
									<UserVisible>
										<xr:common>true</xr:common>
									</UserVisible>
									<DefaultItem>false</DefaultItem>
									<Enabled>true</Enabled>
									<ReadOnly>false</ReadOnly>
									<SkipOnInput>auto</SkipOnInput>
									<Title/>
									<TitleTextColor>auto</TitleTextColor>
									<TitleBackColor>auto</TitleBackColor>
									<TitleFont kind="AutoFont"/>
									<TitleLocation>None</TitleLocation>
									<TitleHeight>0</TitleHeight>
									<ToolTip/>
									<ToolTipRepresentation>Auto</ToolTipRepresentation>
									<WarningOnEditRepresentation>Auto</WarningOnEditRepresentation>
									<WarningOnEdit/>
									<Shortcut/>
									<CommandsContent/>
									<HorizontalAlign>Auto</HorizontalAlign>
									<VerticalAlign>Auto</VerticalAlign>
									<EditMode>Enter</EditMode>
									<FixingInTable>None</FixingInTable>
									<CellHyperlink>false</CellHyperlink>
									<AutoCellHeight>false</AutoCellHeight>
									<ShowInHeader>true</ShowInHeader>
									<HeaderPicture/>
									<HeaderHorizontalAlign>Left</HeaderHorizontalAlign>
									<ShowInFooter>true</ShowInFooter>
									<FooterDataPath/>
									<FooterText/>
									<FooterTextColor>auto</FooterTextColor>
									<FooterBackColor>auto</FooterBackColor>
									<FooterFont kind="AutoFont"/>
									<FooterPicture/>
									<FooterHorizontalAlign>Auto</FooterHorizontalAlign>
									<ThreeState>true</ThreeState>
									<BorderColor>auto</BorderColor>
									<EqualElementsWidth>auto</EqualElementsWidth>
								</Properties>
								<Events>
									<Event name="OnChange">ВыбранПриИзменении</Event>
								</Events>
								<PredefinedContainedItems>
									<ContextMenu xsi:type="ContextMenuGroup" id="5:02023637-7868-4a5f-8576-835a76e0c9ba">
										<Properties>
											<Name>ВыбранКонтекстноеМеню</Name>
											<Type>ContextMenu</Type>
											<Visible>true</Visible>
											<UserVisible>
												<xr:common>true</xr:common>
											</UserVisible>
											<Enabled>true</Enabled>
											<ReadOnly>false</ReadOnly>
											<EnableContentChange>false</EnableContentChange>
											<Title/>
											<TitleTextColor>auto</TitleTextColor>
											<TitleFont kind="AutoFont"/>
											<ToolTip/>
											<ToolTipRepresentation>Auto</ToolTipRepresentation>
											<Shortcut/>
											<Width>0</Width>
											<Height>0</Height>
											<HorizontalStretch>auto</HorizontalStretch>
											<VerticalStretch>auto</VerticalStretch>
											<FillWithStdCommands>true</FillWithStdCommands>
										</Properties>
										<PredefinedContainedItems/>
										<ContainedItems/>
									</ContextMenu>
									<ExtTooltip xsi:type="TextDecoration" id="15:02023637-7868-4a5f-8576-835a76e0c9ba">
										<Properties>
											<Name>ВыбранExtendedTooltip</Name>
											<Kind>Label</Kind>
											<Visible>true</Visible>
											<UserVisible>
												<xr:common>true</xr:common>
											</UserVisible>
											<Enabled>true</Enabled>
											<Width>0</Width>
											<Height>0</Height>
											<HorStretchable>auto</HorStretchable>
											<VertStretchable>auto</VertStretchable>
											<SkipOnInput>auto</SkipOnInput>
											<TextColor>auto</TextColor>
											<Font kind="AutoFont"/>
											<ShortCut/>
											<Title/>
											<Tooltip/>
											<TooltipRepresentation>Auto</TooltipRepresentation>
											<HyperLink>false</HyperLink>
											<HorAlignment>Left</HorAlignment>
											<VertAlignment>Auto</VertAlignment>
											<TitleHeight>0</TitleHeight>
											<BackColor>auto</BackColor>
											<BorderColor>auto</BorderColor>
											<Border width="1">
												<style xmlns="http://v8.1c.ru/8.1/data/ui" xsi:type="ControlBorderType">WithoutBorder</style>
											</Border>
										</Properties>
										<Events/>
										<PredefinedContainedItems/>
									</ExtTooltip>
								</PredefinedContainedItems>
							</CheckBox>
							<Input id="6:02023637-7868-4a5f-8576-835a76e0c9ba">
								<Properties>
									<Name>Набор</Name>
									<Type>InputField</Type>
									<DataPath>ДеревоНаборов.Набор</DataPath>
									<Visible>true</Visible>
									<UserVisible>
										<xr:common>true</xr:common>
									</UserVisible>
									<DefaultItem>false</DefaultItem>
									<Enabled>true</Enabled>
									<ReadOnly>true</ReadOnly>
									<SkipOnInput>auto</SkipOnInput>
									<Title/>
									<TitleTextColor>auto</TitleTextColor>
									<TitleBackColor>auto</TitleBackColor>
									<TitleFont kind="AutoFont"/>
									<TitleLocation>Auto</TitleLocation>
									<TitleHeight>0</TitleHeight>
									<ToolTip/>
									<ToolTipRepresentation>Auto</ToolTipRepresentation>
									<WarningOnEditRepresentation>Auto</WarningOnEditRepresentation>
									<WarningOnEdit/>
									<Shortcut/>
									<CommandsContent/>
									<HorizontalAlign>Auto</HorizontalAlign>
									<VerticalAlign>Auto</VerticalAlign>
									<EditMode>Enter</EditMode>
									<FixingInTable>None</FixingInTable>
									<CellHyperlink>false</CellHyperlink>
									<AutoCellHeight>false</AutoCellHeight>
									<ShowInHeader>true</ShowInHeader>
									<HeaderPicture/>
									<HeaderHorizontalAlign>Left</HeaderHorizontalAlign>
									<ShowInFooter>true</ShowInFooter>
									<FooterDataPath/>
									<FooterText/>
									<FooterTextColor>auto</FooterTextColor>
									<FooterBackColor>auto</FooterBackColor>
									<FooterFont kind="AutoFont"/>
									<FooterPicture/>
									<FooterHorizontalAlign>Auto</FooterHorizontalAlign>
									<Width>0</Width>
									<RowsCount>0</RowsCount>
									<HorizontalStretchable>auto</HorizontalStretchable>
									<VerticalStretchable>auto</VerticalStretchable>
									<Wrap>false</Wrap>
									<PasswordMode>auto</PasswordMode>
									<MultiLine>auto</MultiLine>
									<ExtendedEdit>auto</ExtendedEdit>
									<MarkNegatives>auto</MarkNegatives>
									<ChoiceListButton>auto</ChoiceListButton>
									<DropListButton>auto</DropListButton>
									<ChoiceButton>auto</ChoiceButton>
									<ChoiceButtonRepresentation>Auto</ChoiceButtonRepresentation>
									<ClearButton>auto</ClearButton>
									<SpinButton>auto</SpinButton>
									<OpenButton>auto</OpenButton>
									<CreateButton>auto</CreateButton>
									<Mask/>
									<ListChoiceMode>false</ListChoiceMode>
									<ChoiceListHeight>0</ChoiceListHeight>
									<DropListWidth>0</DropListWidth>
									<AutoChoiceIncomplete>auto</AutoChoiceIncomplete>
									<QuickChoice>auto</QuickChoice>
									<ChoiceObjects>Auto</ChoiceObjects>
									<Format/>
									<InputFormat/>
									<AutoMarkIncomplete>auto</AutoMarkIncomplete>
									<ChoiceType>true</ChoiceType>
									<IncompleteChoiceMode>OnEnterPressed</IncompleteChoiceMode>
									<TypeDomainEnabled>true</TypeDomainEnabled>
									<TextEdit>true</TextEdit>
									<EditTextUpdateMode>Auto</EditTextUpdateMode>
									<MinVal xsi:nil="true"/>
									<MaxVal xsi:nil="true"/>
									<ChoiceButtonPicture/>
									<ChoiceForm/>
									<ChoiceParamLinks/>
									<ChoiceParams/>
									<AvailableTypes/>
									<ValueList/>
									<TextColor>auto</TextColor>
									<BackColor>auto</BackColor>
									<BorderColor>auto</BorderColor>
									<Font kind="AutoFont"/>
									<LinkByType/>
									<InputHint/>
									<ChoiceHistoryOnInput>Auto</ChoiceHistoryOnInput>
								</Properties>
								<Events/>
								<PredefinedContainedItems>
									<ContextMenu xsi:type="ContextMenuGroup" id="7:02023637-7868-4a5f-8576-835a76e0c9ba">
										<Properties>
											<Name>НаборКонтекстноеМеню</Name>
											<Type>ContextMenu</Type>
											<Visible>true</Visible>
											<UserVisible>
												<xr:common>true</xr:common>
											</UserVisible>
											<Enabled>true</Enabled>
											<ReadOnly>false</ReadOnly>
											<EnableContentChange>false</EnableContentChange>
											<Title/>
											<TitleTextColor>auto</TitleTextColor>
											<TitleFont kind="AutoFont"/>
											<ToolTip/>
											<ToolTipRepresentation>Auto</ToolTipRepresentation>
											<Shortcut/>
											<Width>0</Width>
											<Height>0</Height>
											<HorizontalStretch>auto</HorizontalStretch>
											<VerticalStretch>auto</VerticalStretch>
											<FillWithStdCommands>true</FillWithStdCommands>
										</Properties>
										<PredefinedContainedItems/>
										<ContainedItems/>
									</ContextMenu>
									<ExtTooltip xsi:type="TextDecoration" id="16:02023637-7868-4a5f-8576-835a76e0c9ba">
										<Properties>
											<Name>НаборExtendedTooltip</Name>
											<Kind>Label</Kind>
											<Visible>true</Visible>
											<UserVisible>
												<xr:common>true</xr:common>
											</UserVisible>
											<Enabled>true</Enabled>
											<Width>0</Width>
											<Height>0</Height>
											<HorStretchable>auto</HorStretchable>
											<VertStretchable>auto</VertStretchable>
											<SkipOnInput>auto</SkipOnInput>
											<TextColor>auto</TextColor>
											<Font kind="AutoFont"/>
											<ShortCut/>
											<Title/>
											<Tooltip/>
											<TooltipRepresentation>Auto</TooltipRepresentation>
											<HyperLink>false</HyperLink>
											<HorAlignment>Left</HorAlignment>
											<VertAlignment>Auto</VertAlignment>
											<TitleHeight>0</TitleHeight>
											<BackColor>auto</BackColor>
											<BorderColor>auto</BorderColor>
											<Border width="1">
												<style xmlns="http://v8.1c.ru/8.1/data/ui" xsi:type="ControlBorderType">WithoutBorder</style>
											</Border>
										</Properties>
										<Events/>
										<PredefinedContainedItems/>
									</ExtTooltip>
								</PredefinedContainedItems>
							</Input>
						</ContainedItems>
					</Columns>
				</ContainedItems>
			</Table>
		</ContainedItems>
	</Elements>
	<NavigationPanel/>
	<CommandPanel/>
</Form>