﻿<?xml version="1.0" encoding="UTF-8"?>
<MetaDataObject xmlns="http://v8.1c.ru/8.3/MDClasses" xmlns:app="http://v8.1c.ru/8.2/managed-application/core" xmlns:cfg="http://v8.1c.ru/8.1/data/enterprise/current-config" xmlns:cmi="http://v8.1c.ru/8.2/managed-application/cmi" xmlns:ent="http://v8.1c.ru/8.1/data/enterprise" xmlns:lf="http://v8.1c.ru/8.2/managed-application/logform" xmlns:style="http://v8.1c.ru/8.1/data/ui/style" xmlns:sys="http://v8.1c.ru/8.1/data/ui/fonts/system" xmlns:v8="http://v8.1c.ru/8.1/data/core" xmlns:v8ui="http://v8.1c.ru/8.1/data/ui" xmlns:web="http://v8.1c.ru/8.1/data/ui/colors/web" xmlns:win="http://v8.1c.ru/8.1/data/ui/colors/windows" xmlns:xen="http://v8.1c.ru/8.3/xcf/enums" xmlns:xpr="http://v8.1c.ru/8.3/xcf/predef" xmlns:xr="http://v8.1c.ru/8.3/xcf/readable" xmlns:xs="http://www.w3.org/2001/XMLSchema" xmlns:xsi="http://www.w3.org/2001/XMLSchema-instance">
	<Configuration uuid="3c59d89f-3f4f-4c1a-974e-3293fd225c40" formatVersion="1.0">
		<InnerInfo>
			<xr:containedObject>
				<xr:classId>9cd510cd-abfc-11d4-9434-004095e12fc7</xr:classId>
				<xr:objectId>5d71e410-7f52-4c87-99d0-3053ec8abd3f</xr:objectId>
			</xr:containedObject>
			<xr:containedObject>
				<xr:classId>9fcd25a0-4822-11d4-9414-008048da11f9</xr:classId>
				<xr:objectId>cd5fb80d-f2af-44fb-a540-d8c058a05ca5</xr:objectId>
			</xr:containedObject>
			<xr:containedObject>
				<xr:classId>e3687481-0a87-462c-a166-9f34594f9bba</xr:classId>
				<xr:objectId>1c6a3e12-ca96-4325-a2b7-46a3ef324f66</xr:objectId>
			</xr:containedObject>
			<xr:containedObject>
				<xr:classId>9de14907-ec23-4a07-96f0-85521cb6b53b</xr:classId>
				<xr:objectId>22114752-b0e5-497a-829c-462eec5904ef</xr:objectId>
			</xr:containedObject>
			<xr:containedObject>
				<xr:classId>51f2d5d8-ea4d-4064-8892-82951750031e</xr:classId>
				<xr:objectId>abbcda84-b2d3-40c9-8706-45eedd957ab3</xr:objectId>
			</xr:containedObject>
			<xr:containedObject>
				<xr:classId>e68182ea-4237-4383-967f-90c1e3370bc7</xr:classId>
				<xr:objectId>a2c53fdd-33cf-410b-a70a-f20ccab3d9f4</xr:objectId>
			</xr:containedObject>
		</InnerInfo>
		<Properties>
			<Name>УправлениеПроектнымОфисом</Name>
			<Synonym>
				<v8:item>
					<v8:lang>ru</v8:lang>
					<v8:content>1С:Управление Проектным Офисом, редакция 3.1</v8:content>
				</v8:item>
			</Synonym>
			<Comment>1С:Предприятие 8 - Управление Проектным Офисом, редакция 3.1</Comment>
			<DefaultRunMode>OrdinaryApplication</DefaultRunMode>
			<UsePurposes>
				<v8:Value xsi:type="app:ApplicationUsePurpose">PersonalComputer</v8:Value>
			</UsePurposes>
			<ScriptVariant>Russian</ScriptVariant>
			<DefaultRoles>
				<xr:item xsi:type="xr:MDObjectRef">Role.ПолныеПрава</xr:item>
			</DefaultRoles>
			<Vendor>ITLand Group</Vendor>
			<Version>3.1.16.3</Version>
			<UpdateCatalogAddress>http://downloads.v8.1c.ru/tmplts/</UpdateCatalogAddress>
			<IncludeHelpInContents>true</IncludeHelpInContents>
			<UseManagedFormInOrdinaryApplication>true</UseManagedFormInOrdinaryApplication>
			<UseOrdinaryFormInManagedApplication>false</UseOrdinaryFormInManagedApplication>
			<AdditionalFullTextSearchDictionaries/>
			<CommonSettingsStorage/>
			<ReportsUserSettingsStorage/>
			<ReportsVariantsStorage/>
			<FormDataSettingsStorage/>
			<DynamicListsUserSettingsStorage/>
			<Content/>
			<DefaultReportForm/>
			<DefaultReportVariantForm/>
			<DefaultReportSettingsForm/>
			<DefaultDynamicListSettingsForm/>
			<DefaultSearchForm/>
			<DefaultInterface>Interface.упоПолный</DefaultInterface>
			<DefaultStyle>Style.Основной</DefaultStyle>
			<DefaultLanguage>Language.Русский</DefaultLanguage>
			<BriefInformation>
				<v8:item>
					<v8:lang>ru</v8:lang>
					<v8:content>1С:Управление Проектным Офисом, редакция 3.1</v8:content>
				</v8:item>
			</BriefInformation>
			<DetailedInformation>
				<v8:item>
					<v8:lang>ru</v8:lang>
					<v8:content>1С:Управление Проектным Офисом, редакция 3.1</v8:content>
				</v8:item>
			</DetailedInformation>
			<Copyright>
				<v8:item>
					<v8:lang>ru</v8:lang>
					<v8:content>Copyright (С) ООО "1С", 2009-2013. Все права защищены</v8:content>
				</v8:item>
			</Copyright>
			<VendorInformationAddress>
				<v8:item>
					<v8:lang>ru</v8:lang>
					<v8:content>http://www.itland.ru</v8:content>
				</v8:item>
			</VendorInformationAddress>
			<ConfigurationInformationAddress>
				<v8:item>
					<v8:lang>ru</v8:lang>
					<v8:content>http://www.itland.ru/products/uprof/</v8:content>
				</v8:item>
			</ConfigurationInformationAddress>
			<DataLockControlMode>Managed</DataLockControlMode>
			<ObjectAutonumerationMode>AutoFree</ObjectAutonumerationMode>
			<ModalityUseMode>Use</ModalityUseMode>
			<InterfaceCompatibilityMode>Version8_2</InterfaceCompatibilityMode>
			<CompatibilityMode>Version8_2_16</CompatibilityMode>
			<DefaultConstantsForm>CommonForm.упоНастройкаПараметровУчета_УПРОФ</DefaultConstantsForm>
		</Properties>
		<ChildObjects>
			<Language>Русский</Language>
			<Subsystem>СтандартныеПодсистемы</Subsystem>
			<Subsystem>упоУправлениеПроектнымОфисом</Subsystem>
			<Subsystem>упоУправляемыйИнтерфейсРазработка</Subsystem>
			<Subsystem>упоТиповыеОтчетыСКД</Subsystem>
			<Subsystem>упоИнтерфейсЗаказыИКонтрактация</Subsystem>
			<Subsystem>упоИнтерфейсПортфелиИПрограммы</Subsystem>
			<Subsystem>упоИнтерфейсПроектыИФазы</Subsystem>
			<Subsystem>упоИнтерфейсСтруктураРаботПроекта</Subsystem>
			<Subsystem>упоИнтерфейсФинансыПроектов</Subsystem>
			<Subsystem>упоИнтерфейсТрудозатратыПроектов</Subsystem>
			<Subsystem>упоИнтерфейсМатериальныеИДопЗатратыПроектов</Subsystem>
			<Subsystem>упоИнтерфейсОбъемыИВыполнениеПроектов</Subsystem>
			<Subsystem>упоИнтерфейсЧасыРаботыИПоручения</Subsystem>
			<Subsystem>упоИнтерфейсДокументы</Subsystem>
			<Subsystem>упоИнтерфейсПредприятиеИРесурсы</Subsystem>
			<Subsystem>упоИнтерфейсПроекты</Subsystem>
			<Subsystem>упоИнтерфейсСервис</Subsystem>
			<StyleItem>УдаленныйДополнительныйРеквизитЦвет</StyleItem>
			<StyleItem>УдаленныйДополнительныйРеквизитШрифт</StyleItem>
			<StyleItem>ТекстИнформационнойНадписи</StyleItem>
			<StyleItem>ТекстПредупреждающейНадписи</StyleItem>
			<StyleItem>упоРамкаПояснительнойНадписи</StyleItem>
			<StyleItem>упоТекстРеквизитаНаФорме</StyleItem>
			<StyleItem>упоТекстСлужебныхПолей</StyleItem>
			<StyleItem>упоЦветАктивнойГиперссылки</StyleItem>
			<StyleItem>упоЦветДиаграммыГанттаБазовыйПлан</StyleItem>
			<StyleItem>упоЦветДиаграммыГанттаБазовыйПланВыполняется</StyleItem>
			<StyleItem>упоЦветДиаграммыГанттаБазовыйПланЗавершен</StyleItem>
			<StyleItem>упоЦветДиаграммыГанттаБазовыйПланНеНачат</StyleItem>
			<StyleItem>упоЦветДиаграммыГанттаГруппировкаИнтервалов</StyleItem>
			<StyleItem>упоЦветДиаграммыГанттаЗадачаВыполнена</StyleItem>
			<StyleItem>упоЦветДиаграммыГанттаЗадачаВыполняется</StyleItem>
			<StyleItem>упоЦветДиаграммыГанттаЗадачаЗавершена</StyleItem>
			<StyleItem>упоЦветДиаграммыГанттаЗадачаЗапланирована</StyleItem>
			<StyleItem>упоЦветДиаграммыГанттаКритическаяОперация</StyleItem>
			<StyleItem>упоЦветДиаграммыГанттаКритическийПуть</StyleItem>
			<StyleItem>упоЦветДиаграммыГанттаОперацияВыполнена</StyleItem>
			<StyleItem>упоЦветДиаграммыГанттаОперацияВыполняется</StyleItem>
			<StyleItem>упоЦветДиаграммыГанттаОперацияЗакрыта</StyleItem>
			<StyleItem>упоЦветДиаграммыГанттаОперацияЗапланирована</StyleItem>
			<StyleItem>упоЦветДиаграммыГанттаРабочееЗаданиеВыполнено</StyleItem>
			<StyleItem>упоЦветДиаграммыГанттаРабочееЗаданиеВыполняется</StyleItem>
			<StyleItem>упоЦветДиаграммыГанттаРабочееЗаданиеЗакрытоНеуспешно</StyleItem>
			<StyleItem>упоЦветДиаграммыГанттаРабочееЗаданиеЗакрытоУспешно</StyleItem>
			<StyleItem>упоЦветДиаграммыГанттаРабочееЗаданиеЗапланировано</StyleItem>
			<StyleItem>упоЦветДиаграммыГанттаРабочееЗаданиеПриемПросрочен</StyleItem>
			<StyleItem>упоЦветДиаграммыГанттаСвязиПоУмолчанию</StyleItem>
			<StyleItem>упоЦветДиаграммыГанттаСвязьКритическихЗадач</StyleItem>
			<StyleItem>упоЦветДиаграммыГанттаСвязьНекорректна</StyleItem>
			<StyleItem>упоЦветДиаграммыГанттаСвязьОпераций</StyleItem>
			<StyleItem>упоЦветДиаграммыГанттаСвязьОтВехи</StyleItem>
			<StyleItem>упоЦветДиаграммыГанттаСвязьОтЗадачи</StyleItem>
			<StyleItem>упоЦветДиаграммыГанттаСтатусНеизвестен</StyleItem>
			<StyleItem>упоЦветДиаграммыГанттаТекущийПлан</StyleItem>
			<StyleItem>упоЦветДиаграммыГанттаТекущийПланВыполняется</StyleItem>
			<StyleItem>упоЦветДиаграммыГанттаТекущийПланЗавершен</StyleItem>
			<StyleItem>упоЦветДиаграммыГанттаТекущийПланНеНачат</StyleItem>
			<StyleItem>упоЦветДиаграммыГанттаЭтапВыполнен</StyleItem>
			<StyleItem>упоЦветДиаграммыГанттаЭтапВыполняется</StyleItem>
			<StyleItem>упоЦветДиаграммыГанттаЭтапЗапланирован</StyleItem>
			<StyleItem>упоЦветДиаграммыЗагрузкаПоНовымЗадачам</StyleItem>
			<StyleItem>упоЦветДиаграммыЗагрузкаПоПлану</StyleItem>
			<StyleItem>упоЦветДиаграммыЗагрузкаПоТекЗадаче</StyleItem>
			<StyleItem>упоЦветДиаграммыЗагрузкаРесурса</StyleItem>
			<StyleItem>упоЦветДиаграммыЗагрузкаРесурсаПлан</StyleItem>
			<StyleItem>упоЦветДиаграммыЗагрузкаРесурсаТек</StyleItem>
			<StyleItem>упоЦветДиаграммыМощностьРесурса</StyleItem>
			<StyleItem>упоЦветДиаграммыПерегрузкаРесурса</StyleItem>
			<StyleItem>упоЦветДиаграммыПростойРесурса</StyleItem>
			<StyleItem>упоЦветИнтервалаВехиПоумолчанию</StyleItem>
			<StyleItem>упоЦветИнтервалаВыходногоДняГантт</StyleItem>
			<StyleItem>упоЦветКартыВехДатаПоПлану</StyleItem>
			<StyleItem>упоЦветКартыВехДатаПрогнозЗапаздывание</StyleItem>
			<StyleItem>упоЦветКартыВехДатаПрогнозНормально</StyleItem>
			<StyleItem>упоЦветКартыВехПройденаВСрок</StyleItem>
			<StyleItem>упоЦветКартыВехПройденаПозже</StyleItem>
			<StyleItem>упоЦветКартыВехСанкцииФактВыплата</StyleItem>
			<StyleItem>упоЦветКартыВехСанкцииФактПоступление</StyleItem>
			<StyleItem>упоЦветМеткиДиаграммыГантта</StyleItem>
			<StyleItem>упоЦветМеткиДиаграммыГанттаОсобый</StyleItem>
			<StyleItem>упоЦветПодсветкаСрокиЭлементВключен</StyleItem>
			<StyleItem>упоЦветПодсветкаСрокиЭлементИсключен</StyleItem>
			<StyleItem>упоЦветПоляПерегрузкаРесурсов</StyleItem>
			<StyleItem>упоЦветПоляПростойРесурсов</StyleItem>
			<StyleItem>упоЦветПоляСрокПеревыполнен</StyleItem>
			<StyleItem>упоЦветПоляСрокПревышен</StyleItem>
			<StyleItem>упоЦветПроектныхЗадачГантт</StyleItem>
			<StyleItem>упоЦветПроектныхЭтаповГантт</StyleItem>
			<StyleItem>упоЦветРамкиПояснительнойНадписи</StyleItem>
			<StyleItem>упоЦветСвязейГантт</StyleItem>
			<StyleItem>упоЦветСетевойДиаграммыЗадача</StyleItem>
			<StyleItem>упоЦветСетевойДиаграммыОперация</StyleItem>
			<StyleItem>упоЦветСетевойДиаграммыЭтап</StyleItem>
			<StyleItem>упоЦветТекстаПояснительнойНадписи</StyleItem>
			<StyleItem>упоЦветТекстаПросроченныхПоказателей</StyleItem>
			<StyleItem>упоЦветФонаВыходныхДнейВТаблицах</StyleItem>
			<StyleItem>упоЦветФонаКритическихЗадач</StyleItem>
			<StyleItem>упоЦветФонаНеКритическихЗадач</StyleItem>
			<StyleItem>упоЦветФонаПодвалаТаблиц</StyleItem>
			<StyleItem>упоЦветФонаПояснительнойНадписи</StyleItem>
			<StyleItem>упоЦветФонаПросроченныхПоказателей</StyleItem>
			<StyleItem>упоЦветФонаПустыхПоказателей</StyleItem>
			<StyleItem>упоЦветФонаЧередованияСтрок</StyleItem>
			<StyleItem>упоЦветШкалыВремениГантт</StyleItem>
			<StyleItem>упоШрифтПояснительнойНадписиДляЗаголовка</StyleItem>
			<StyleItem>упоШрифтТабличногоДокумента</StyleItem>
			<StyleItem>упоШрифтУдаленногоЗначения</StyleItem>
			<StyleItem>ФайлЗанятыйДругимПользователем</StyleItem>
			<StyleItem>ФайлЗанятыйТекущимПользователем</StyleItem>
			<Style>Основной</Style>
			<CommonPicture>БыстрыеОтборы</CommonPicture>
			<CommonPicture>Выполнить</CommonPicture>
			<CommonPicture>ДобавитьДопСвойствоВНабор</CommonPicture>
			<CommonPicture>ДополнительныеРеквизитыСведения</CommonPicture>
			<CommonPicture>ДополнительныеСведения</CommonPicture>
			<CommonPicture>ЗаголовокОтчета</CommonPicture>
			<CommonPicture>ЗакончитьРедактированиеФайла</CommonPicture>
			<CommonPicture>ЗанятьФайл</CommonPicture>
			<CommonPicture>Зашифрован</CommonPicture>
			<CommonPicture>ИерархическийСписок</CommonPicture>
			<CommonPicture>КартинкаВДеревеСвойств</CommonPicture>
			<CommonPicture>КоллекцияНапоминания</CommonPicture>
			<CommonPicture>КоллекцияПиктограммФайлов</CommonPicture>
			<CommonPicture>КоллекцияСкрепка</CommonPicture>
			<CommonPicture>Напоминание</CommonPicture>
			<CommonPicture>Настройка</CommonPicture>
			<CommonPicture>ОбновитьФайлИзФайлаНаДиске</CommonPicture>
			<CommonPicture>ОпубликоватьФайл</CommonPicture>
			<CommonPicture>ОсвободитьФайл</CommonPicture>
			<CommonPicture>ОткрытьФайл</CommonPicture>
			<CommonPicture>ПанельВариантов</CommonPicture>
			<CommonPicture>ПанельПользователя</CommonPicture>
			<CommonPicture>Папка</CommonPicture>
			<CommonPicture>Папки</CommonPicture>
			<CommonPicture>ПоискПоВидимымПолям</CommonPicture>
			<CommonPicture>ПоискПоНастройке</CommonPicture>
			<CommonPicture>ПоискПоРеквизиту</CommonPicture>
			<CommonPicture>РабочийКаталогПоУмолчанию</CommonPicture>
			<CommonPicture>РазрешитьРедактированиеРеквизитовОбъекта</CommonPicture>
			<CommonPicture>РедактироватьФайл</CommonPicture>
			<CommonPicture>Сканирование</CommonPicture>
			<CommonPicture>Скрепка</CommonPicture>
			<CommonPicture>СохранитьФайлКак</CommonPicture>
			<CommonPicture>Сформировать</CommonPicture>
			<CommonPicture>ТолькоСкрепка</CommonPicture>
			<CommonPicture>упоMSP</CommonPicture>
			<CommonPicture>упоБыстрыйВводСтруктуры</CommonPicture>
			<CommonPicture>упоБюджетПроекта</CommonPicture>
			<CommonPicture>упоВерсияВосстановить</CommonPicture>
			<CommonPicture>упоВерсияДобавить</CommonPicture>
			<CommonPicture>упоВерсияКопировать</CommonPicture>
			<CommonPicture>упоВерсияПодобрать</CommonPicture>
			<CommonPicture>упоВерсияПросмотр</CommonPicture>
			<CommonPicture>упоВерсияСравнить</CommonPicture>
			<CommonPicture>упоВерсияУдалить</CommonPicture>
			<CommonPicture>упоВерсияУстановитьБазовой</CommonPicture>
			<CommonPicture>упоВертикальноеРасположениеФормы</CommonPicture>
			<CommonPicture>упоВнимание</CommonPicture>
			<CommonPicture>упоВниманиеКруглая</CommonPicture>
			<CommonPicture>упоВниманиеСинее</CommonPicture>
			<CommonPicture>упоВопросБольшойРазмер</CommonPicture>
			<CommonPicture>упоВперед</CommonPicture>
			<CommonPicture>упоВыбранПоказатель</CommonPicture>
			<CommonPicture>упоВыгрузитьФайлИзБазы</CommonPicture>
			<CommonPicture>упоВыход</CommonPicture>
			<CommonPicture>упоГоризонтальноеРасположениеФормы</CommonPicture>
			<CommonPicture>упоГруппа</CommonPicture>
			<CommonPicture>упоДатаДокументаНеОбновляется</CommonPicture>
			<CommonPicture>упоДатаДокументаОбновлениеНеОпределено</CommonPicture>
			<CommonPicture>упоДатаДокументаОбновляется</CommonPicture>
			<CommonPicture>упоДействиеВернуть</CommonPicture>
			<CommonPicture>упоДействиеВыполнить</CommonPicture>
			<CommonPicture>упоДействиеЗапустить</CommonPicture>
			<CommonPicture>упоДействиеОтменить</CommonPicture>
			<CommonPicture>упоДействиеПерейти</CommonPicture>
			<CommonPicture>упоДействиеПолучить</CommonPicture>
			<CommonPicture>упоДеревоДокументов</CommonPicture>
			<CommonPicture>упоДеревоДокументовВыкл</CommonPicture>
			<CommonPicture>упоДеревоПроектныхЗадач</CommonPicture>
			<CommonPicture>упоДиаграммаГанта</CommonPicture>
			<CommonPicture>упоДобавитьНаВерхнийУровень</CommonPicture>
			<CommonPicture>упоДобавитьПериод</CommonPicture>
			<CommonPicture>упоДобавитьРабочееЗадание</CommonPicture>
			<CommonPicture>упоДокументооборот</CommonPicture>
			<CommonPicture>упоЗагрузитьТекстПоказателяИзФайла</CommonPicture>
			<CommonPicture>упоЗаданиеВосстановить</CommonPicture>
			<CommonPicture>упоЗаданиеВыполнено</CommonPicture>
			<CommonPicture>упоЗаданиеЗакрыть</CommonPicture>
			<CommonPicture>упоЗаданиеИсполнитель</CommonPicture>
			<CommonPicture>упоЗаданиеНеВыполнено</CommonPicture>
			<CommonPicture>упоЗаданиеРуководитель</CommonPicture>
			<CommonPicture>упоЗадачаИсполнителя</CommonPicture>
			<CommonPicture>упоЗадачаМодельПакетаРабот</CommonPicture>
			<CommonPicture>упоЗадачаОперация</CommonPicture>
			<CommonPicture>упоЗадачаПакетРабот</CommonPicture>
			<CommonPicture>упоЗадачаРуководителя</CommonPicture>
			<CommonPicture>упоЗадачаРуководителяИсполнителя</CommonPicture>
			<CommonPicture>упоЗадачаЭтап</CommonPicture>
			<CommonPicture>упоЗадачиВходящие</CommonPicture>
			<CommonPicture>упоЗадачиЗакрытые</CommonPicture>
			<CommonPicture>упоЗадачиНетНовыхЭскалаций</CommonPicture>
			<CommonPicture>упоЗадачиТекущие</CommonPicture>
			<CommonPicture>упоЗадачиЭскалация</CommonPicture>
			<CommonPicture>упоЗакрытьВеху</CommonPicture>
			<CommonPicture>упоЗамечание</CommonPicture>
			<CommonPicture>упоЗахватитьИзХранилища</CommonPicture>
			<CommonPicture>упоЗащитаКонфигурации</CommonPicture>
			<CommonPicture>упоЗнакСтоп</CommonPicture>
			<CommonPicture>упоИерархия</CommonPicture>
			<CommonPicture>упоИзменитьРуководителяЗадачи</CommonPicture>
			<CommonPicture>упоИконка1САрхив</CommonPicture>
			<CommonPicture>упоИмпортCSV</CommonPicture>
			<CommonPicture>упоИмпортMSP</CommonPicture>
			<CommonPicture>упоИмпортШаблон</CommonPicture>
			<CommonPicture>упоИнтернетОбновление</CommonPicture>
			<CommonPicture>упоИнтерфейсДокументы</CommonPicture>
			<CommonPicture>упоИнтерфейсЗаказыИКонтрактация</CommonPicture>
			<CommonPicture>упоИнтерфейсМатериальныеИДопЗатратыПроектов</CommonPicture>
			<CommonPicture>упоИнтерфейсОбъемыИВыполнениеПроектов</CommonPicture>
			<CommonPicture>упоИнтерфейсПортфелиИПрограммы</CommonPicture>
			<CommonPicture>упоИнтерфейсПредприятиеИРесурсы</CommonPicture>
			<CommonPicture>упоИнтерфейсПроекты</CommonPicture>
			<CommonPicture>упоИнтерфейсПроектыИФазы</CommonPicture>
			<CommonPicture>упоИнтерфейсСервис</CommonPicture>
			<CommonPicture>упоИнтерфейсСтруктураРаботПроекта</CommonPicture>
			<CommonPicture>упоИнтерфейсТрудозатратыПроектов</CommonPicture>
			<CommonPicture>упоИнтерфейсФинансыПроектов</CommonPicture>
			<CommonPicture>упоИнтерфейсЧасыРаботыИПоручения</CommonPicture>
			<CommonPicture>упоИнформация</CommonPicture>
			<CommonPicture>упоИнформацияБольшойРазмер</CommonPicture>
			<CommonPicture>упоИсправлениеПроблемы</CommonPicture>
			<CommonPicture>упоКарандаш</CommonPicture>
			<CommonPicture>упоКартаПроектныхВех</CommonPicture>
			<CommonPicture>упоКатегорииИСвойства</CommonPicture>
			<CommonPicture>упоКоллекция_Важно</CommonPicture>
			<CommonPicture>упоКоллекция_ВажноКруглая</CommonPicture>
			<CommonPicture>упоКоллекция_ВидРесурса</CommonPicture>
			<CommonPicture>упоКоллекция_ДтКт</CommonPicture>
			<CommonPicture>упоКоллекция_ИндикаторыПроектов</CommonPicture>
			<CommonPicture>упоКоллекция_НаправлениеДДС</CommonPicture>
			<CommonPicture>упоКоллекция_ОшибкаВЭлементеПроекта</CommonPicture>
			<CommonPicture>упоКоллекция_Пользователи</CommonPicture>
			<CommonPicture>упоКоллекция_ПометкаУдаленияСправочника</CommonPicture>
			<CommonPicture>упоКоллекция_ПроблемныйОбъектИБ</CommonPicture>
			<CommonPicture>упоКоллекция_СостояниеДокумента</CommonPicture>
			<CommonPicture>упоКоллекция_СостояниеПанелиЗадач</CommonPicture>
			<CommonPicture>упоКоллекция_Сотрудники</CommonPicture>
			<CommonPicture>упоКоллекция_СтатусЭскалации</CommonPicture>
			<CommonPicture>упоКоллекция_ТипФайла</CommonPicture>
			<CommonPicture>упоКоллекция_ТипыЗадач</CommonPicture>
			<CommonPicture>упоКоллекция_Флажок</CommonPicture>
			<CommonPicture>упоКоллекция_ЭлементГруппа</CommonPicture>
			<CommonPicture>упоКоллекция_ЭтапЗадачаОперация</CommonPicture>
			<CommonPicture>упоКоординаты</CommonPicture>
			<CommonPicture>упоКопияОтчета</CommonPicture>
			<CommonPicture>упоКритическийПуть</CommonPicture>
			<CommonPicture>упоМайлстоунВСрок</CommonPicture>
			<CommonPicture>упоМайлстоунПлан</CommonPicture>
			<CommonPicture>упоМайлСтоунПрогнозВсрок</CommonPicture>
			<CommonPicture>упоМайлСтоунПрогнозСрыв</CommonPicture>
			<CommonPicture>упоМайлстоунПросрочен</CommonPicture>
			<CommonPicture>упоМайлСтоунСанкцииВыплаты</CommonPicture>
			<CommonPicture>упоМайлСтоунСанкцииПоступление</CommonPicture>
			<CommonPicture>упоНавигация</CommonPicture>
			<CommonPicture>упоНазад</CommonPicture>
			<CommonPicture>упоНазначитьКоманду</CommonPicture>
			<CommonPicture>упоНапоминание</CommonPicture>
			<CommonPicture>упоНастройкаКолонок</CommonPicture>
			<CommonPicture>упоНастройкаПанелиПользователя</CommonPicture>
			<CommonPicture>упоНастройкаПростая</CommonPicture>
			<CommonPicture>упоНастройкаСложная</CommonPicture>
			<CommonPicture>упоНеВыбранПоказатель</CommonPicture>
			<CommonPicture>упоОбновитьВХранилище</CommonPicture>
			<CommonPicture>упоОбъемы</CommonPicture>
			<CommonPicture>упоОперативнаяЗагрузкаСпециалистов</CommonPicture>
			<CommonPicture>упоОповещение</CommonPicture>
			<CommonPicture>упоОтменаЗахватаИзХранилища</CommonPicture>
			<CommonPicture>упоОтменитьДействие</CommonPicture>
			<CommonPicture>упоОтметкаНовых</CommonPicture>
			<CommonPicture>упоОтчетыПортфельПроектов</CommonPicture>
			<CommonPicture>упоОтчетыПроект</CommonPicture>
			<CommonPicture>упоОшибкаБольшойРазмер</CommonPicture>
			<CommonPicture>упоПанельЗадач</CommonPicture>
			<CommonPicture>упоПанельРуководителя</CommonPicture>
			<CommonPicture>упоПанельФункций</CommonPicture>
			<CommonPicture>упоПерейтиВНачало</CommonPicture>
			<CommonPicture>упоПересчетСтоимостиПроекта</CommonPicture>
			<CommonPicture>упоПереходНаБоковуюПанель</CommonPicture>
			<CommonPicture>упоПериодВесьПериод</CommonPicture>
			<CommonPicture>упоПериодДень</CommonPicture>
			<CommonPicture>упоПериодМесяц</CommonPicture>
			<CommonPicture>упоПериодНеделя</CommonPicture>
			<CommonPicture>упоПланирование</CommonPicture>
			<CommonPicture>упоПовыситьУровеньЗадачи</CommonPicture>
			<CommonPicture>упоПодбор</CommonPicture>
			<CommonPicture>упоПозиционироватьВСписке</CommonPicture>
			<CommonPicture>упоПоискСсылокНаОбъект</CommonPicture>
			<CommonPicture>упоПоказатели</CommonPicture>
			<CommonPicture>упоПоказатьСкрытьДерево</CommonPicture>
			<CommonPicture>упоПоместитьВХранилище</CommonPicture>
			<CommonPicture>упоПометкаОбязательного</CommonPicture>
			<CommonPicture>упоПонизитьУровеньЗадачи</CommonPicture>
			<CommonPicture>упоПортфельЗаказов</CommonPicture>
			<CommonPicture>упоПоручения</CommonPicture>
			<CommonPicture>упоПредупреждениеБольшойРазмер</CommonPicture>
			<CommonPicture>упоПроблемныеОбъекты</CommonPicture>
			<CommonPicture>упоПроверкаПроекта</CommonPicture>
			<CommonPicture>упоПроверкаПроектаОшибки</CommonPicture>
			<CommonPicture>упоПроверкаСинтаксиса</CommonPicture>
			<CommonPicture>упоПроектыВИнициации</CommonPicture>
			<CommonPicture>упоПроектыВыполняемые</CommonPicture>
			<CommonPicture>упоПроектыЗавершенные</CommonPicture>
			<CommonPicture>упоПроектыОстановленные</CommonPicture>
			<CommonPicture>упоПустоеМесто</CommonPicture>
			<CommonPicture>упоРаботаСФайлами</CommonPicture>
			<CommonPicture>упоРазвернутьДерево</CommonPicture>
			<CommonPicture>упоРазвернутьЭлемент</CommonPicture>
			<CommonPicture>упоРаспределениеРабочегоВремени</CommonPicture>
			<CommonPicture>упоРедактированиеСтруктурыПроекта</CommonPicture>
			<CommonPicture>упоРедактироватьДокументИзСписка</CommonPicture>
			<CommonPicture>упоСбросУпорядочивания</CommonPicture>
			<CommonPicture>упоСвернутьДерево</CommonPicture>
			<CommonPicture>упоСвернутьЭлемент</CommonPicture>
			<CommonPicture>упоСнятьРуководителяЗадачи</CommonPicture>
			<CommonPicture>упоСодержание</CommonPicture>
			<CommonPicture>упоСотрудникВключен</CommonPicture>
			<CommonPicture>упоСотрудники</CommonPicture>
			<CommonPicture>упоСотрудникОтключен</CommonPicture>
			<CommonPicture>упоСотрудникРуководитель</CommonPicture>
			<CommonPicture>упоСохранитьТекстПоказателяВФайл</CommonPicture>
			<CommonPicture>упоСтрокаПроекты</CommonPicture>
			<CommonPicture>упоТабличныйБДДС</CommonPicture>
			<CommonPicture>упоТабличныйБДР</CommonPicture>
			<CommonPicture>упоТекущийСотрудник</CommonPicture>
			<CommonPicture>упоТипДанных_Булево</CommonPicture>
			<CommonPicture>упоТипДанных_Дата</CommonPicture>
			<CommonPicture>упоТипДанных_Любой</CommonPicture>
			<CommonPicture>упоТипДанных_Строка</CommonPicture>
			<CommonPicture>упоТипДанных_Число</CommonPicture>
			<CommonPicture>упоТриСкрепки</CommonPicture>
			<CommonPicture>упоУгольник</CommonPicture>
			<CommonPicture>упоУказательВнизВправо</CommonPicture>
			<CommonPicture>упоУпаковкаДанных</CommonPicture>
			<CommonPicture>упоУстановка</CommonPicture>
			<CommonPicture>упоФайлОткрыть</CommonPicture>
			<CommonPicture>упоФайлСохранить</CommonPicture>
			<CommonPicture>упоШаблонПроекта</CommonPicture>
			<CommonPicture>упоЭкспортШаблон</CommonPicture>
			<CommonPicture>упоЭлементИГруппа</CommonPicture>
			<CommonPicture>упоЭскалацияВыслать</CommonPicture>
			<CommonPicture>упоЭскалацияОтклонена</CommonPicture>
			<CommonPicture>упоЭскалацияОткрыта</CommonPicture>
			<CommonPicture>упоЭскалацияУтверждена</CommonPicture>
			<CommonPicture>упоВставитьИзБуфера</CommonPicture>
			<CommonPicture>упоВставитьКартинку</CommonPicture>
			<CommonPicture>упоВыравниваниеПоЛевомуКраю</CommonPicture>
			<CommonPicture>упоВыравниваниеПоПравомуКраю</CommonPicture>
			<CommonPicture>упоВыравниваниеПоЦентру</CommonPicture>
			<CommonPicture>упоВыравниваниеПоШирине</CommonPicture>
			<CommonPicture>упоВырезать</CommonPicture>
			<CommonPicture>упоГоризонтальнаяЛиния</CommonPicture>
			<CommonPicture>упоКурсив</CommonPicture>
			<CommonPicture>упоНадстрочный</CommonPicture>
			<CommonPicture>упоПодстрочный</CommonPicture>
			<CommonPicture>упоПодчеркнутый</CommonPicture>
			<CommonPicture>упоПолужирный</CommonPicture>
			<CommonPicture>упоПредпросмотр</CommonPicture>
			<CommonPicture>упоРедактирование</CommonPicture>
			<CommonPicture>упоСкопироватьВБуфер</CommonPicture>
			<CommonPicture>упоСсылка</CommonPicture>
			<CommonPicture>упоТекст</CommonPicture>
			<CommonPicture>упоНумерованныйСписок</CommonPicture>
			<CommonPicture>упоМаркированныйСписок</CommonPicture>
			<CommonPicture>упоУменьшитьОтступ</CommonPicture>
			<CommonPicture>упоУвеличитьОтступ</CommonPicture>
			<CommonPicture>упоЦветШрифта</CommonPicture>
			<CommonPicture>упоВыделениеЦветом</CommonPicture>
			<Interface>Общий</Interface>
			<Interface>упоИсполнитель</Interface>
			<Interface>упоПолный</Interface>
			<SessionParameter>ТекущийПользователь</SessionParameter>
			<SessionParameter>упоИспользуетсяВнутреннийФайлСЛК</SessionParameter>
			<SessionParameter>упоИспользуетсяПодсистемаУПО</SessionParameter>
			<SessionParameter>упоИспользуетсяСЛК20</SessionParameter>
			<SessionParameter>упоОтключитьПроверкуОграничений</SessionParameter>
			<SessionParameter>упоПроверкаУниверсальногоОтчета</SessionParameter>
			<SessionParameter>упоРежимИнтеграции_УПО</SessionParameter>
			<SessionParameter>упоСистемаЗащитыИнициализирована</SessionParameter>
			<SessionParameter>упоСписокСотрудниковДиспетчера</SessionParameter>
			<SessionParameter>упоСписокТрудовыхРесурсовСотрудника</SessionParameter>
			<SessionParameter>упоТекущийПроект</SessionParameter>
			<SessionParameter>упоТекущийСотрудник</SessionParameter>
			<Role>ИзменениеДополнительныхСведений</Role>
			<Role>ИспользованиеНапоминаний</Role>
			<Role>ПолныеПрава</Role>
			<Role>упоАдминистраторПроектногоОфиса</Role>
			<Role>упоДобавлениеИзменениеВерсийПроектов</Role>
			<Role>упоИсполнительРабот</Role>
			<Role>упоИсполнительРаботБезФинансов</Role>
			<Role>упоПросмотрФинансовойИнформации</Role>
			<Role>упоРаботаСВнешнимиОбработками</Role>
			<Role>упоРаботаСФайлами</Role>
			<Role>упоРольПоручений</Role>
			<Role>упоРуководительПроектногоОфиса</Role>
			<Role>упоРуководительПроектовПодразделений</Role>
			<Role>упоРуководительПроектовПодразделенийБезФинансов</Role>
			<Role>упоФинансистПроектногоОфиса</Role>
			<Role>ЧтениеДополнительныхСведений</Role>
			<CommonTemplate>ЗаголовокТиповогоОтчета</CommonTemplate>
			<CommonTemplate>КомпонентаTWAIN</CommonTemplate>
			<CommonTemplate>упоCхемаXSDProject_for1c</CommonTemplate>
			<CommonTemplate>упоВерсияИБ_УПРОФ</CommonTemplate>
			<CommonTemplate>упоКомпонентаСЛК</CommonTemplate>
			<CommonTemplate>упоОбщиеОбластиСтандартногоОтчета</CommonTemplate>
			<CommonTemplate>упоСообщенияПользователю</CommonTemplate>
			<CommonTemplate>упоСписокОбъектовСУправляемымиФормами</CommonTemplate>
			<CommonTemplate>упоФайлСЛК</CommonTemplate>
			<FilterCriterion>ФайлыВТоме</FilterCriterion>
			<CommonModule>ГлобальныйМодуль</CommonModule>
			<CommonModule>КомандыРаботыСФайламиКлиент</CommonModule>
			<CommonModule>МодульВалютногоУчета</CommonModule>
			<CommonModule>НапоминанияПользователяВызовСервера</CommonModule>
			<CommonModule>НапоминанияПользователяГлобальный</CommonModule>
			<CommonModule>НапоминанияПользователяКлиент</CommonModule>
			<CommonModule>НапоминанияПользователяКлиентПовтИсп</CommonModule>
			<CommonModule>НапоминанияПользователяКлиентСервер</CommonModule>
			<CommonModule>НапоминанияПользователяКлиентСерверПереопределяемый</CommonModule>
			<CommonModule>НапоминанияПользователяСервер</CommonModule>
			<CommonModule>ОбменФайламиВызовСервера</CommonModule>
			<CommonModule>ОбменФайламиСобытия</CommonModule>
			<CommonModule>ОбновлениеКонфигурации</CommonModule>
			<CommonModule>ОбщегоНазначения</CommonModule>
			<CommonModule>ОбщегоНазначенияКлиент</CommonModule>
			<CommonModule>ОбщегоНазначенияКлиентПовтИсп</CommonModule>
			<CommonModule>ОбщегоНазначенияКлиентСервер</CommonModule>
			<CommonModule>ОбщегоНазначенияПовтИсп</CommonModule>
			<CommonModule>ПрисоединенныеФайлы</CommonModule>
			<CommonModule>ПрисоединенныеФайлыКлиент</CommonModule>
			<CommonModule>ПрисоединенныеФайлыСобытия</CommonModule>
			<CommonModule>ПроверкаЛегальностиПолученияОбновленияКлиент</CommonModule>
			<CommonModule>РаботаСДиалогами</CommonModule>
			<CommonModule>РаботаСоСканеромКлиент</CommonModule>
			<CommonModule>РаботаСФайлами</CommonModule>
			<CommonModule>РаботаСФайламиВызовСервера</CommonModule>
			<CommonModule>РаботаСФайламиВызовСервераПереопределяемый</CommonModule>
			<CommonModule>РаботаСФайламиКлиент</CommonModule>
			<CommonModule>РаботаСФайламиКлиентПереопределяемый</CommonModule>
			<CommonModule>РаботаСФайламиКлиентПовтИсп</CommonModule>
			<CommonModule>РаботаСФайламиКлиентСервер</CommonModule>
			<CommonModule>РаботаСФайламиПереопределяемый</CommonModule>
			<CommonModule>РаботаСФайламиСобытия</CommonModule>
			<CommonModule>СохранениеНастроек</CommonModule>
			<CommonModule>СтандартныеПодсистемыВызовСервераПереопределяемый</CommonModule>
			<CommonModule>СтандартныеПодсистемыКлиентПовтИсп</CommonModule>
			<CommonModule>СтандартныеПодсистемыПереопределяемый</CommonModule>
			<CommonModule>ТиповыеОтчеты</CommonModule>
			<CommonModule>УниверсальныеМеханизмы</CommonModule>
			<CommonModule>упоАктуализацияПроекта</CommonModule>
			<CommonModule>упоБазоваяИнтеграция</CommonModule>
			<CommonModule>упоБазоваяИнтеграцияУПО</CommonModule>
			<CommonModule>упоБиблиотекаШаблонов</CommonModule>
			<CommonModule>упоВерсионирование</CommonModule>
			<CommonModule>упоВнешниеПечатныеФормы</CommonModule>
			<CommonModule>упоДвиженияДенежныхСредств</CommonModule>
			<CommonModule>упоДоходыИРасходы</CommonModule>
			<CommonModule>упоЗавершениеРаботыПользователей</CommonModule>
			<CommonModule>упоЗаимствованныеФункции</CommonModule>
			<CommonModule>упоЗаписьИПроведениеПривилегированный</CommonModule>
			<CommonModule>упоЗаполнениеИПодбор</CommonModule>
			<CommonModule>упоЗаполнениеИПодборКлиент</CommonModule>
			<CommonModule>упоЗаполнениеИПодборСервер</CommonModule>
			<CommonModule>упоИерархияИПолномочия</CommonModule>
			<CommonModule>упоИерархияИПолномочияСервер</CommonModule>
			<CommonModule>упоИндикаторыИПоказатели</CommonModule>
			<CommonModule>упоИнициализацияСистемы</CommonModule>
			<CommonModule>упоИнициализацияСистемыСервер</CommonModule>
			<CommonModule>упоИнициализацияСистемыУПО</CommonModule>
			<CommonModule>упоИспользование1САрхива</CommonModule>
			<CommonModule>упоИспользование1СДокументооборот</CommonModule>
			<CommonModule>упоМодульВалютногоУчета</CommonModule>
			<CommonModule>упоНастройкиИПрава</CommonModule>
			<CommonModule>упоОбменДанными_MSP</CommonModule>
			<CommonModule>упоОбменДанными_MSP_Клиент</CommonModule>
			<CommonModule>упоОбменДанными_MSP_Сервер</CommonModule>
			<CommonModule>упоОбновлениеСпискаПроектов</CommonModule>
			<CommonModule>упоОбработчикиПодписанныхСобытий</CommonModule>
			<CommonModule>упоОбработчикиСобытий</CommonModule>
			<CommonModule>упоОбработчикиСобытийКлиент</CommonModule>
			<CommonModule>упоОбработчикиСобытийСервер</CommonModule>
			<CommonModule>упоОбщийМодульСЛК</CommonModule>
			<CommonModule>упоОтладкаКлиент</CommonModule>
			<CommonModule>упоОтладкаКлиентСервер</CommonModule>
			<CommonModule>упоОтладкаСервер</CommonModule>
			<CommonModule>упоОтображениеУправляемойФормы</CommonModule>
			<CommonModule>упоОтчеты</CommonModule>
			<CommonModule>упоПечатьДиаграммыГанта</CommonModule>
			<CommonModule>упоПланированиеРабочихЗаданий</CommonModule>
			<CommonModule>упоПодборВТабличнуюЧастьКлиент</CommonModule>
			<CommonModule>упоПодборВТабличнуюЧастьСервер</CommonModule>
			<CommonModule>упоПоискДанных</CommonModule>
			<CommonModule>упоПользователи</CommonModule>
			<CommonModule>упоПоручения</CommonModule>
			<CommonModule>упоПорученияСервер</CommonModule>
			<CommonModule>упоПредставлениеПроекта</CommonModule>
			<CommonModule>упоПроведениеДокументов</CommonModule>
			<CommonModule>упоПроверкаЗаполнения</CommonModule>
			<CommonModule>упоПроверкаЗаполненияКлиент</CommonModule>
			<CommonModule>упоПроверочныеМеханизмы</CommonModule>
			<CommonModule>упоПрогнозМетодомОсвоенногоОбъема</CommonModule>
			<CommonModule>упоПроектыИЗадачи</CommonModule>
			<CommonModule>упоПроектыИЗадачиКлиент</CommonModule>
			<CommonModule>упоПроектыИЗадачиОбщие</CommonModule>
			<CommonModule>упоПроектыИЗадачиСервер</CommonModule>
			<CommonModule>упоПроцедурыФункции</CommonModule>
			<CommonModule>упоРаботаСДиалогами</CommonModule>
			<CommonModule>упоРаботаСДиалогамиКлиент</CommonModule>
			<CommonModule>упоРаботаСДиалогамиСервер</CommonModule>
			<CommonModule>упоРаботаСДинамическимиСписками</CommonModule>
			<CommonModule>упоРаботаСФайлами</CommonModule>
			<CommonModule>упоРаботаСФормами</CommonModule>
			<CommonModule>упоРаботаСФормамиКлиент</CommonModule>
			<CommonModule>упоРаботаСФормамиСервер</CommonModule>
			<CommonModule>упоРабочиеКалендари</CommonModule>
			<CommonModule>упоРазграничениеДоступа</CommonModule>
			<CommonModule>упоРаспределениеТрудозатрат</CommonModule>
			<CommonModule>упоРасчетКалендарныхСроков</CommonModule>
			<CommonModule>упоРасчетКалендарныхСроковРедакция2</CommonModule>
			<CommonModule>упоРасчетКалендарныхСроковРедакция2Клиент</CommonModule>
			<CommonModule>упоРасчетКалендарныхСроковРедакция2КлиентСервер</CommonModule>
			<CommonModule>упоРасчетКалендарныхСроковРедакция2Сервер</CommonModule>
			<CommonModule>упоРесурсыИНормы</CommonModule>
			<CommonModule>упоРесурсыИРоли</CommonModule>
			<CommonModule>упоСвойстваИКатегории</CommonModule>
			<CommonModule>упоСервисныеФункции</CommonModule>
			<CommonModule>упоСетевыеГрафики</CommonModule>
			<CommonModule>упоСетевыеГрафикиКлиент</CommonModule>
			<CommonModule>упоСетевыеГрафикиСервер</CommonModule>
			<CommonModule>упоСообщениеПользователю</CommonModule>
			<CommonModule>упоСообщениеПользователюПовтИсп</CommonModule>
			<CommonModule>упоТиповыеОтчетыКлиент</CommonModule>
			<CommonModule>упоТиповыеОтчетыСервер</CommonModule>
			<CommonModule>упоУправлениеСсылками</CommonModule>
			<CommonModule>упоУправлениеСсылкамиКлиент</CommonModule>
			<CommonModule>упоУправлениеСсылкамиСервер</CommonModule>
			<CommonModule>упоУправлениеФормами</CommonModule>
			<CommonModule>упоУправлениеФормамиКлиент</CommonModule>
			<CommonModule>упоУправлениеФормамиСервер</CommonModule>
			<CommonModule>упоУпрощенныйВводПроекта</CommonModule>
			<CommonModule>упоУпрощенныйВводПроектаКлиент</CommonModule>
			<CommonModule>упоФункцииБСП</CommonModule>
			<CommonModule>упоФункцииБСПКлиент</CommonModule>
			<CommonModule>упоФункцииГлобальногоКЭШа</CommonModule>
			<CommonModule>упоФункцииЗащиты</CommonModule>
			<CommonModule>упоФункцииЗащитыКлиент</CommonModule>
			<CommonModule>упоФункцииОбщегоНазначенияКлиент</CommonModule>
			<CommonModule>упоФункцииОбщегоНазначенияКлиентСервер</CommonModule>
			<CommonModule>упоФункцииОбщегоНазначенияСервер</CommonModule>
			<CommonModule>упоЭкспортMSProject</CommonModule>
			<CommonModule>УправлениеКонтактнойИнформацией</CommonModule>
			<CommonModule>УправлениеПользователями</CommonModule>
			<CommonModule>УправлениеСвойствами</CommonModule>
			<CommonModule>УправлениеСвойствамиКлиент</CommonModule>
			<CommonModule>УправлениеСвойствамиПереопределяемый</CommonModule>
			<CommonModule>УправлениеСоединениямиИБ</CommonModule>
			<CommonModule>УправлениеЭлектроннойПочтой</CommonModule>
			<CommonModule>ФайловыеФункции</CommonModule>
			<CommonModule>ФайловыеФункцииКлиент</CommonModule>
			<CommonModule>ФайловыеФункцииКлиентПовтИсп</CommonModule>
			<CommonModule>ФайловыеФункцииКлиентСервер</CommonModule>
			<CommonModule>ФайловыеФункцииПереопределяемый</CommonModule>
			<CommonModule>ФайловыеФункцииПовтИсп</CommonModule>
			<CommonModule>ФормированиеПечатныхФорм</CommonModule>
			<CommonModule>ЭлектроннаяЦифроваяПодпись</CommonModule>
			<CommonModule>ЭлектроннаяЦифроваяПодписьКлиент</CommonModule>
			<CommonModule>ЭлектроннаяЦифроваяПодписьКлиентСервер</CommonModule>
			<CommonModule>ЭлектроннаяЦифроваяПодписьПовтИсп</CommonModule>
			<ExchangePlan>упоПолный</ExchangePlan>
			<WebService>Files</WebService>
			<EventSubscription>_ДемоУстановитьПометкуУдаленияФайлов</EventSubscription>
			<EventSubscription>_ДемоУстановитьПометкуУдаленияФайловДокументов</EventSubscription>
			<EventSubscription>СкопироватьРеквизитыВерсииФайловВФайл</EventSubscription>
			<EventSubscription>упоОтменаПроведенияПоПроекту</EventSubscription>
			<EventSubscription>упоПередЗаписьюВРегистр</EventSubscription>
			<EventSubscription>упоПорученияИзменениеКонтроллеров</EventSubscription>
			<EventSubscription>упоПриЗаписиВРегистр</EventSubscription>
			<EventSubscription>упоПриЗаписиПроекта</EventSubscription>
			<EventSubscription>упоПроведениеПоПроекту</EventSubscription>
			<EventSubscription>упоПроектнаяЗадача_ПриЗаписи</EventSubscription>
			<EventSubscription>упоУтверждениеТекущегоПланаРесурсов</EventSubscription>
			<ScheduledJob>ИзвлечениеТекста</ScheduledJob>
			<FunctionalOption>ИспользоватьДополнительныеРеквизитыИСведения</FunctionalOption>
			<FunctionalOption>ИспользоватьДополнительныеРеквизитыИСведенияУПРОФ</FunctionalOption>
			<FunctionalOption>ИспользоватьНапоминанияПользователя</FunctionalOption>
			<FunctionalOption>ИспользоватьЭЦПВПрисоединенныхФайлах</FunctionalOption>
			<FunctionalOption>ХранитьФайлыВТомахНаДиске</FunctionalOption>
			<FunctionalOption>ИспользоватьЭлектронныеЦифровыеПодписи</FunctionalOption>
			<CommonCommand>ДополнительныеСведения</CommonCommand>
			<CommonCommand>ПрисоединенныеФайлыКОбъекту</CommonCommand>
			<CommonCommand>РазместитьФайлыНачальногоОбраза</CommonCommand>
			<CommonCommand>ПрисоединенныеФайлы</CommonCommand>
			<CommonCommand>СозданиеНачальногоОбразаСФайлами</CommonCommand>
			<CommonCommand>ФайлыВТоме</CommonCommand>
			<CommandGroup>упоОсновнаяГруппаПроектаНаПанелиФормы</CommandGroup>
			<Constant>ВалютаУправленческогоУчета</Constant>
			<Constant>ЗапрещатьЗагрузкуФайловПоРасширению</Constant>
			<Constant>ИзвлекатьТекстыФайловНаСервере</Constant>
			<Constant>ИспользоватьДополнительныеРеквизитыИСведения</Constant>
			<Constant>ИспользоватьНапоминанияПользователя</Constant>
			<Constant>ИспользоватьЭлектронныеЦифровыеПодписи</Constant>
			<Constant>КаталогДополнительнойИнформации</Constant>
			<Constant>МаксимальныйРазмерФайла</Constant>
			<Constant>НастройкиКолонтитуловПоУмолчанию</Constant>
			<Constant>ПараметрыАдминистрированияИБ</Constant>
			<Constant>РежимЗавершенияРаботыПользователей</Constant>
			<Constant>СписокЗапрещенныхРасширений</Constant>
			<Constant>СписокРасширенийФайловOpenDocument</Constant>
			<Constant>СтатусОбновленияКонфигурации</Constant>
			<Constant>УдалитьТипХраненияФайлов</Constant>
			<Constant>упоАдресСервераСЛК2</Constant>
			<Constant>упоПортСервераСЛК2</Constant>
			<Constant>упоИспользование1САрхива</Constant>
			<Constant>упоИспользование1СДокументооборота</Constant>
			<Constant>упоИспользоватьРасшифровкуТрудозатратНаПроектныхЗадачах</Constant>
			<Constant>упоИспользоватьСобственнуюПодсистемуРаботыСФайлами</Constant>
			<Constant>упоИспользоватьСтавкуТрудовогоРесурсаПриРасчетеСтоимостиТрудозатрат</Constant>
			<Constant>упоМетодОперативногоПланированияПоУмолчанию</Constant>
			<Constant>упоНомерВерсииКонфигурацииУПРОФ</Constant>
			<Constant>упоОтключитьПроверкуКоличестваРабочихЧасов</Constant>
			<Constant>упоОтключитьРазграничениеДоступаКДокументам</Constant>
			<Constant>упоПортфельЗаказов</Constant>
			<Constant>упоПроцентФОТ</Constant>
			<Constant>упоРабочийКалендарьПоУмолчанию</Constant>
			<Constant>упоРазрешитьРаспределениеРабочегоВремениПоЗакрытымЗадачам</Constant>
			<Constant>упоТекущаяДата</Constant>
			<Constant>ХранитьФайлыВТомахНаДиске</Constant>
			<CommonForm>ВводПароляСОписаниями</CommonForm>
			<CommonForm>ВыборДействияПриОбнаруженииБолееНовогоФайла</CommonForm>
			<CommonForm>ВыборДействияПриОбнаруженииФайлаДругогоРазмера</CommonForm>
			<CommonForm>ВыборПодписей</CommonForm>
			<CommonForm>ВыборПрисоединенныхФайлов</CommonForm>
			<CommonForm>ВыборПутиКАрхивуФайловТомов</CommonForm>
			<CommonForm>ВыборСертификатовШифрования</CommonForm>
			<CommonForm>ДобавлениеПодписиИзФайла</CommonForm>
			<CommonForm>НапоминаниеПриРедактировании</CommonForm>
			<CommonForm>НастройкаЛокальногоКэшаФайлов</CommonForm>
			<CommonForm>ОтчетОСохраненииФайлов</CommonForm>
			<CommonForm>ПрисоединенныеФайлы</CommonForm>
			<CommonForm>ПрисоединенныйФайл</CommonForm>
			<CommonForm>РедактированиеЗначенийСвойств</CommonForm>
			<CommonForm>СозданиеНачальногоОбразаСФайлами</CommonForm>
			<CommonForm>упоНастройкаПараметровУчета_УПРОФ</CommonForm>
			<CommonForm>упоФормаРабочегоСтола_РПО</CommonForm>
			<CommonForm>упоФормаРабочегоСтола_РП</CommonForm>
			<CommonForm>упоФормаРабочегоСтола_ПрочиеОтчеты</CommonForm>
			<CommonForm>упоФормаВыбораКартинки</CommonForm>
			<CommonForm>упоФормаВыбораНастройки</CommonForm>
			<CommonForm>упоФормаНастроекВидимостиОтчета</CommonForm>
			<CommonForm>упоФормаОтчета</CommonForm>
			<CommonForm>упоФормаПодбораГруппировок</CommonForm>
			<CommonForm>упоФормаУправленияИндикаторами</CommonForm>
			<CommonForm>упоФормаУправленияПоказтелями</CommonForm>
			<CommonForm>упоХодВыполненияОбработкиДанных_УПРОФ</CommonForm>
			<CommonForm>ФайлыВТоме</CommonForm>
			<CommonForm>ФормаВыбораПечатнойФормыПоУмолчанию</CommonForm>
			<CommonForm>ФормаНастройкиСтруктурыОтчета</CommonForm>
			<CommonForm>ФормаПодбораИзКлассификатора</CommonForm>
			<Catalog>Валюты</Catalog>
			<Catalog>ВерсииФайлов</Catalog>
			<Catalog>ВнешниеОбработки</Catalog>
			<Catalog>ГруппыПользователей</Catalog>
			<Catalog>ДоговорыКонтрагентов</Catalog>
			<Catalog>Должности</Catalog>
			<Catalog>ЕдиницыИзмерения</Catalog>
			<Catalog>ЗначенияСвойствОбъектов</Catalog>
			<Catalog>ЗначенияСвойствОбъектовБСП</Catalog>
			<Catalog>КатегорииОбъектов</Catalog>
			<Catalog>Контрагенты</Catalog>
			<Catalog>НаборыДополнительныхРеквизитовИСведений</Catalog>
			<Catalog>Номенклатура</Catalog>
			<Catalog>Организации</Catalog>
			<Catalog>ПапкиФайлов</Catalog>
			<Catalog>Подразделения</Catalog>
			<Catalog>ПодразделенияОрганизаций</Catalog>
			<Catalog>Пользователи</Catalog>
			<Catalog>Проекты</Catalog>
			<Catalog>СтатьиДвиженияДенежныхСредств</Catalog>
			<Catalog>СтатьиЗатрат</Catalog>
			<Catalog>ТомаХраненияФайлов</Catalog>
			<Catalog>упоВерсииПлановДвиженияДенежныхСредств</Catalog>
			<Catalog>упоВерсииПлановДоходовИРасходов</Catalog>
			<Catalog>упоВидыВнешнихДокументов</Catalog>
			<Catalog>упоВидыОпераций</Catalog>
			<Catalog>упоВнепроектныеЗадачи</Catalog>
			<Catalog>упоЕдиницыВремени</Catalog>
			<Catalog>упоМатериальныеРесурсы</Catalog>
			<Catalog>упоНастройкиКалендарей</Catalog>
			<Catalog>упоНормыСтоимости</Catalog>
			<Catalog>упоПоказателиПроектов</Catalog>
			<Catalog>упоПортфелиПроектов</Catalog>
			<Catalog>упоПоручения</Catalog>
			<Catalog>упоПричиныПотерьРабочегоВремени</Catalog>
			<Catalog>упоПричиныЭскалаций</Catalog>
			<Catalog>упоПрограммыПроектов</Catalog>
			<Catalog>упоПрофилиРаспределенияДоходовИРасходов</Catalog>
			<Catalog>упоПрофилиРаспределенияТрудозатрат</Catalog>
			<Catalog>упоРабочиеКалендари</Catalog>
			<Catalog>упоРоли</Catalog>
			<Catalog>упоСообщениеПользователю</Catalog>
			<Catalog>упоСотрудники</Catalog>
			<Catalog>упоСтатьиДоходов</Catalog>
			<Catalog>упоТипыПроектныхВех</Catalog>
			<Catalog>упоТрудовыеРесурсы</Catalog>
			<Catalog>упоШаблоныКонтрагентов</Catalog>
			<Catalog>упоШаблоныОпераций</Catalog>
			<Catalog>упоШаблоныПроектныхВех</Catalog>
			<Catalog>упоШаблоныПроектныхЗадач</Catalog>
			<Catalog>упоШаблоныПроектов</Catalog>
			<Catalog>Файлы</Catalog>
			<Catalog>ХранилищеДополнительнойИнформации</Catalog>
			<Document>ЗаказПокупателя</Document>
			<Document>ЗаказПоставщику</Document>
			<Document>упоАктуализацияБюджетаДДС</Document>
			<Document>упоАктуализацияПроекта</Document>
			<Document>упоВерсияПланаПроекта</Document>
			<Document>упоВозобновлениеПроекта</Document>
			<Document>упоЗавершениеПроекта</Document>
			<Document>упоЗакрытиеПроектнойВехи</Document>
			<Document>упоИзменениеВладельцаРесурсов</Document>
			<Document>упоИзменениеДолжностиСотрудника</Document>
			<Document>упоИзменениеПозицииСДР</Document>
			<Document>упоИзменениеРабочегоКалендаря</Document>
			<Document>упоИзменениеРуководителяПроекта</Document>
			<Document>упоИзменениеРуководителяПроектнойЗадачи</Document>
			<Document>упоИзменениеСоставаПодразделения</Document>
			<Document>упоНазначениеТрудовыхРесурсовНаПроект</Document>
			<Document>упоНазначениеТрудовыхРесурсовНаПроектнуюЗадачу</Document>
			<Document>упоОперация</Document>
			<Document>упоОсвобождениеДиспетчера</Document>
			<Document>упоОстановкаПроектныхРабот</Document>
			<Document>упоПодготовкаПредложения</Document>
			<Document>упоПроектнаяВеха</Document>
			<Document>упоПроектнаяЗадача</Document>
			<Document>упоРабочееЗадание</Document>
			<Document>упоРаспределениеРабочегоВремениЗаНеделю</Document>
			<Document>упоРасчетКалендарногоПланаПроекта</Document>
			<Document>упоРегистрацияВладельцаРесурсов</Document>
			<Document>упоРегистрацияДиспетчера</Document>
			<Document>упоРегистрацияМощностиРолей</Document>
			<Document>упоРегистрацияОперативнойЗагрузкиСпециалистов</Document>
			<Document>упоРегистрацияПоказателейПроекта</Document>
			<Document>упоРегистрацияПроекта</Document>
			<Document>упоРегистрацияРабочегоКалендаря</Document>
			<Document>упоРегистрацияРолейТрудовогоРесурса</Document>
			<Document>упоРегистрацияРуководителяПодразделения</Document>
			<Document>упоРегистрацияСоставаПодразделения</Document>
			<Document>упоРегистрацияСотрудника</Document>
			<Document>упоРегистрацияСтоимостиРесурса</Document>
			<Document>упоРегистрацияФактическихДвиженийДенежныхСредств</Document>
			<Document>упоРегистрацияФактическихДопЗатрат</Document>
			<Document>упоРегистрацияФактическихДоходовИРасходов</Document>
			<Document>упоРегистрацияФактическихЗатратМатРесурсов</Document>
			<Document>упоРегистрацияФактическогоОсвоенногоОбъема</Document>
			<Document>упоРучнаяАктуализацияПроекта</Document>
			<Document>упоСмещениеВладельцаРесурсов</Document>
			<Document>упоСмещениеРолейТрудовогоРесурса</Document>
			<Document>упоСохранениеВерсииПланаДвиженияДенежныхСредств</Document>
			<Document>упоСохранениеВерсииПланаДоходовИРасходов</Document>
			<Document>упоСохранениеДанныхПроекта</Document>
			<Document>упоСтартПроектныхРабот</Document>
			<Document>упоУтверждениеПланаПроекта</Document>
			<Document>упоЭскалацияРабочегоЗадания</Document>
			<DocumentJournal>упоВыполнениеПроекта</DocumentJournal>
			<DocumentJournal>упоДокументыРасчетаПроекта</DocumentJournal>
			<DocumentJournal>упоПланированиеПроекта</DocumentJournal>
			<DocumentJournal>упоПроектныеВехи</DocumentJournal>
			<DocumentJournal>упоУправлениеПроектом</DocumentJournal>
			<DocumentJournal>упоУправлениеРаботами</DocumentJournal>
			<Enum>ВариантыСжатияTIFF</Enum>
			<Enum>ВидыДополнительнойИнформацииОбъектов</Enum>
			<Enum>ВидыДополнительныхВнешнихОбработок</Enum>
			<Enum>ДействияСФайламиПоДвойномуЩелчку</Enum>
			<Enum>ПредставленияЭлементовОтчетов</Enum>
			<Enum>РазмерыБумаги</Enum>
			<Enum>РазрешенияСканированногоИзображения</Enum>
			<Enum>РежимыЗавершенияРаботыПользователей</Enum>
			<Enum>СпособыПоворотаИзображения</Enum>
			<Enum>СпособыСравненияВерсийФайлов</Enum>
			<Enum>СпособыУстановкиВремениНапоминания</Enum>
			<Enum>СтатусыИзвлеченияТекстаФайлов</Enum>
			<Enum>ТипыХраненияФайлов</Enum>
			<Enum>упоВидЗадачи</Enum>
			<Enum>упоВидЗаполненияИндикатора</Enum>
			<Enum>упоВидМатериальногоРесурса</Enum>
			<Enum>упоВидНормированияСтоимостиРесурса</Enum>
			<Enum>упоВидПроблемногоОбъекта</Enum>
			<Enum>упоВидРесурса</Enum>
			<Enum>упоВидыОбъектовДокументооборота</Enum>
			<Enum>упоВидыСписковПроектов</Enum>
			<Enum>упоВидЭлементаПланаДоходовИРасходов</Enum>
			<Enum>упоМетодОперативногоПланирования</Enum>
			<Enum>упоМетодРасчетаСроковМоделиПакетаРабот</Enum>
			<Enum>упоНаправлениеДвиженияДенежныхСредств</Enum>
			<Enum>упоНаправлениеДвиженияПоСДР</Enum>
			<Enum>упоОперацияБиблиотекиШаблонов</Enum>
			<Enum>упоПериодФинСанкций</Enum>
			<Enum>упоПорученияСтатусы</Enum>
			<Enum>упоПорядокСортировки</Enum>
			<Enum>упоПринадлежностьПоказателя</Enum>
			<Enum>упоРазделУчетаРабочегоВремени</Enum>
			<Enum>упоРежимДиаграммыГантта</Enum>
			<Enum>упоРежимДиаграммыГанттаПоСрокам</Enum>
			<Enum>упоСостояниеСтатусаЗадачи</Enum>
			<Enum>упоСостояниеСтатусаОперации</Enum>
			<Enum>упоСостояниеСтатусаПроекта</Enum>
			<Enum>упоСостояниеСтатусаЭскалации</Enum>
			<Enum>упоСпособПересчетаСтоимостиПоНорме</Enum>
			<Enum>упоСпособПланированияРасходовПроекта</Enum>
			<Enum>упоСпособПривязкиДДС</Enum>
			<Enum>упоСпособПривязкиДопЗатрат</Enum>
			<Enum>упоСпособПривязкиДоходаРасхода</Enum>
			<Enum>упоСпособПривязкиДоходовИРасходов</Enum>
			<Enum>упоСпособПривязкиДоходовИРасходовКМесяцу</Enum>
			<Enum>упоСпособПривязкиПоставокИСубпродуктов</Enum>
			<Enum>упоСпособРаспределенияДоходовИРасходов</Enum>
			<Enum>упоСпособРаспределенияТрудозатрат</Enum>
			<Enum>упоТипГруппировкиПроектовВДиаграмме</Enum>
			<Enum>упоТипДокументы1САрхива</Enum>
			<Enum>упоТипЗадачиMSProject</Enum>
			<Enum>упоТипИндикатора</Enum>
			<Enum>упоТипПроектнойЗадачи</Enum>
			<Enum>упоТипРесурсаMSProject</Enum>
			<Enum>упоТипСвязи</Enum>
			<Enum>упоТипСвязиMSProject</Enum>
			<Enum>упоУровеньДоступаКЗадаче</Enum>
			<Enum>упоУровеньПланирования</Enum>
			<Enum>ФорматыСканированногоИзображения</Enum>
			<Enum>ФорматыХраненияМногостраничныхФайлов</Enum>
			<Enum>ФорматыХраненияОдностраничныхФайлов</Enum>
			<Enum>ЦветностиИзображения</Enum>
			<Report>упоSКривая</Report>
			<Report>упоАнализ_БДР_по_БДДС</Report>
			<Report>упоАнализ_БДР_по_БДДССКД</Report>
			<Report>упоАнализПоказателей</Report>
			<Report>упоАнализПоказателей_СКД</Report>
			<Report>упоАнализПоказателейСКД</Report>
			<Report>упоАнализРабочихЗаданий</Report>
			<Report>упоАнализРабочихЗаданийСКД</Report>
			<Report>упоАнализШаблонаПроекта</Report>
			<Report>упоАнализШаблонаПроектаСКД</Report>
			<Report>упоАнализЭскалаций</Report>
			<Report>упоАнализЭскалацийСКД</Report>
			<Report>упоДвиженияДенежныхСредствПланФакт</Report>
			<Report>упоДвиженияДенежныхСредствПланФактСКД</Report>
			<Report>упоДинамикаЭкономикиПроекта</Report>
			<Report>упоДополнительныеЗатратыПланФакт</Report>
			<Report>упоДополнительныеЗатратыПланФактСКД</Report>
			<Report>упоДоходыИРасходыПланФакт</Report>
			<Report>упоДоходыИРасходыПланФактСКД</Report>
			<Report>упоЗагрузкаТрудовыхРесурсовПлан</Report>
			<Report>упоЗагрузкаТрудовыхРесурсовПланСКД</Report>
			<Report>упоЗатратыМатериальныхРесурсовПланФакт</Report>
			<Report>упоЗатратыМатериальныхРесурсовПланФактСКД</Report>
			<Report>упоЗатратыТрудовыхРесурсовПланФакт</Report>
			<Report>упоЗатратыТрудовыхРесурсовПланФактСКД</Report>
			<Report>упоИспользованиеРабочегоВремени</Report>
			<Report>упоИспользованиеРабочегоВремениСКД</Report>
			<Report>упоМощностьРолейПлан</Report>
			<Report>упоМощностьРолейПланСКД</Report>
			<Report>упоОсвоенныеОбъемыПланФакт</Report>
			<Report>упоОсвоенныеОбъемыПланФактСКД</Report>
			<Report>упоОсвоенныйОбъемТрудозатрат</Report>
			<Report>упоОсвоенныйОбъемТрудозатратСКД</Report>
			<Report>упоПроектныеВехиПланФакт</Report>
			<Report>упоПроектныеВехиПланФактСКД</Report>
			<Report>упоРабочиеКалендари</Report>
			<Report>упоРабочиеКалендариСКД</Report>
			<Report>упоРесурсыПроектаПланФакт</Report>
			<Report>упоРесурсыПроектаПланФактСКД</Report>
			<Report>упоСкользящийБДДСПроекта</Report>
			<Report>упоСостояниеПроектныхЗадач</Report>
			<Report>упоСостояниеПроектныхЗадачСКД</Report>
			<Report>упоСравнениеВерсий</Report>
			<Report>упоСрокиПроектаПланФакт</Report>
			<Report>упоСрокиПроектаПланФактСКД</Report>
			<Report>упоСтоимостьРесурсовПоНормам</Report>
			<Report>упоСтоимостьРесурсовПоНормамСКД</Report>
			<Report>упоСтруктураТрудовыхРесурсов</Report>
			<Report>упоСтруктураТрудовыхРесурсовСКД</Report>
			<Report>упоУниверсальныйОтчетБезДопТаблиц</Report>
			<Report>упоУниверсальныйОтчетСДопТаблицами</Report>
			<Report>упоЮридическаяСтруктураПредприятия</Report>
			<Report>упоЮридическаяСтруктураПредприятияСКД</Report>
			<DataProcessor>АвтоматическоеИзвлечениеТекстов</DataProcessor>
			<DataProcessor>КонсольОтчетов</DataProcessor>
			<DataProcessor>КурсыВалютРБК</DataProcessor>
			<DataProcessor>ОбновлениеКонфигурации</DataProcessor>
			<DataProcessor>Обозреватель</DataProcessor>
			<DataProcessor>ПереносФайловВТома</DataProcessor>
			<DataProcessor>ПоискОбъектовВСпискахДанных</DataProcessor>
			<DataProcessor>ПолучениеФайловИзИнтернета</DataProcessor>
			<DataProcessor>УниверсальныйПоискОбъектов</DataProcessor>
			<DataProcessor>упоАктуализацияБюджетаДДС</DataProcessor>
			<DataProcessor>упоАнализВыполнимостиПроектов</DataProcessor>
			<DataProcessor>упоАнализПроектовПоВехам</DataProcessor>
			<DataProcessor>упоВыборПроектнойЗадачи</DataProcessor>
			<DataProcessor>упоВыбратьМетодВыгрузкиВMSProject</DataProcessor>
			<DataProcessor>упоДвиженияДокумента</DataProcessor>
			<DataProcessor>упоЗначенияСвойствИКатегорийОбъекта</DataProcessor>
			<DataProcessor>упоИзменениеТекущегоСотрудника</DataProcessor>
			<DataProcessor>упоИмпортИзMSP</DataProcessor>
			<DataProcessor>упоНастройкаПанелиПоказателей</DataProcessor>
			<DataProcessor>упоНастройкаСистемыЗащиты</DataProcessor>
			<DataProcessor>упоОбновлениеИнформационнойБазыУПРОФ</DataProcessor>
			<DataProcessor>упоОперативнаяЗагрузкаСпециалистов</DataProcessor>
			<DataProcessor>упоПанельБюджетовПроекта</DataProcessor>
			<DataProcessor>упоПанельЗадач</DataProcessor>
			<DataProcessor>упоПанельПоказателей</DataProcessor>
			<DataProcessor>упоПанельПроекта</DataProcessor>
			<DataProcessor>упоПанельФункций</DataProcessor>
			<DataProcessor>упоПанельФункций_v2</DataProcessor>
			<DataProcessor>упоПанельШаблонаПроекта</DataProcessor>
			<DataProcessor>упоПерерасчетСтоимостиРесурсовПроекта</DataProcessor>
			<DataProcessor>упоПечатьДиаграммыГантта</DataProcessor>
			<DataProcessor>упоПланированиеРабочихЗаданий</DataProcessor>
			<DataProcessor>упоПодборТабличнойЧасти</DataProcessor>
			<DataProcessor>упоПоискПроблемныхОбъектовИБ</DataProcessor>
			<DataProcessor>упоПоискСсылок</DataProcessor>
			<DataProcessor>упоПроверкаСтруктурыПроекта</DataProcessor>
			<DataProcessor>упоРаботаСПоручениями</DataProcessor>
			<DataProcessor>упоРегистрацияСотрудника</DataProcessor>
			<DataProcessor>упоСозданиеПроектаИзШаблона</DataProcessor>
			<DataProcessor>упоСохранениеПроектаВШаблон</DataProcessor>
			<DataProcessor>упоТабличныйБюджетДДСПроекта</DataProcessor>
			<DataProcessor>упоТабличныйБюджетДРПроекта</DataProcessor>
			<DataProcessor>упоУдалениеПроекта</DataProcessor>
			<DataProcessor>упоУпаковщикHTML</DataProcessor>
			<DataProcessor>упоУправлениеДаннымиПроекта</DataProcessor>
			<DataProcessor>упоУправлениеДокументами1САрхива</DataProcessor>
			<DataProcessor>упоУправлениеДокументами1СДокументооборот</DataProcessor>
			<DataProcessor>упоУправлениеПользователями</DataProcessor>
			<DataProcessor>упоУпрощенныйВводСтруктурыПроекта</DataProcessor>
			<DataProcessor>упоУстановкаИндикаторов</DataProcessor>
			<DataProcessor>упоФункцииЗащиты</DataProcessor>
			<DataProcessor>упоРедакторHTML</DataProcessor>
			<DataProcessor>ЛегальностьПолученияОбновлений</DataProcessor>
			<InformationRegister>ДополнительныеСведения</InformationRegister>
			<InformationRegister>ЗначенияСвойствОбъектов</InformationRegister>
			<InformationRegister>КатегорииОбъектов</InformationRegister>
			<InformationRegister>КурсыВалют</InformationRegister>
			<InformationRegister>КурсыВалютДляРасчетовСПерсоналом</InformationRegister>
			<InformationRegister>НазначенияСвойствОбъектов</InformationRegister>
			<InformationRegister>НаличиеПрисоединенныхФайлов</InformationRegister>
			<InformationRegister>НапоминанияПользователя</InformationRegister>
			<InformationRegister>НастройкиПользователей</InformationRegister>
			<InformationRegister>НомераОтсканированныхФайлов</InformationRegister>
			<InformationRegister>ПрисоединенныеФайлы</InformationRegister>
			<InformationRegister>РабочиеКаталогиФайлов</InformationRegister>
			<InformationRegister>СохраненныеНастройки</InformationRegister>
			<InformationRegister>упоАктуальныеПланыДвиженийДенежныхСредств</InformationRegister>
			<InformationRegister>упоАктуальныеПланыДоходовИРасходов</InformationRegister>
			<InformationRegister>упоВерсииПроекта</InformationRegister>
			<InformationRegister>упоВладениеРесурсами</InformationRegister>
			<InformationRegister>упоВыделенныеТрудовыеРесурсы</InformationRegister>
			<InformationRegister>упоДанныеПлановДвиженияДенежныхСредств</InformationRegister>
			<InformationRegister>упоДанныеПлановДоходовИРасходов</InformationRegister>
			<InformationRegister>упоДиспетчерыСистемы</InformationRegister>
			<InformationRegister>упоДокументы1САрхива</InformationRegister>
			<InformationRegister>упоДопЗатратыПроектовПлан</InformationRegister>
			<InformationRegister>упоДопЗатратыПроектовФакт</InformationRegister>
			<InformationRegister>упоДоходыИРасходыАктуальный</InformationRegister>
			<InformationRegister>упоЗаблокированныеОбъектыПроекта</InformationRegister>
			<InformationRegister>упоЗакрытыеПроектныеВехи</InformationRegister>
			<InformationRegister>упоЗатратыРесурсовПлан</InformationRegister>
			<InformationRegister>упоЗатратыРесурсовФакт</InformationRegister>
			<InformationRegister>упоЗначенияИндикаторов</InformationRegister>
			<InformationRegister>упоИспользованиеРабочегоВремени</InformationRegister>
			<InformationRegister>упоИсторияИмпортаПроектовИзMSP</InformationRegister>
			<InformationRegister>упоКалендариПроектов</InformationRegister>
			<InformationRegister>упоКодыСДР</InformationRegister>
			<InformationRegister>упоКомментыПоручений</InformationRegister>
			<InformationRegister>упоКонтроллерыПоручений</InformationRegister>
			<InformationRegister>упоМощностьРесурсов</InformationRegister>
			<InformationRegister>упоНастройкиЗащитыКонфигурации</InformationRegister>
			<InformationRegister>упоНастройкиКомпоновкиТиповыхОтчетов</InformationRegister>
			<InformationRegister>упоНастройкиСоединенияДокументооборота</InformationRegister>
			<InformationRegister>упоНормыСтоимостиРесурсов</InformationRegister>
			<InformationRegister>упоОбъектыБазовыхПланов</InformationRegister>
			<InformationRegister>упоОперативнаяЗагрузкаСпециалистов</InformationRegister>
			<InformationRegister>упоОперацииБиблиотекиШаблонов</InformationRegister>
			<InformationRegister>упоОрганизационнаяСтруктура</InformationRegister>
			<InformationRegister>упоПланВыполненияОбъемов</InformationRegister>
			<InformationRegister>упоПланВыполненияОбъемовАктуальный</InformationRegister>
			<InformationRegister>упоПланВыпускаСубпродуктовПроектныхЗадач</InformationRegister>
			<InformationRegister>упоПланДДСАктуальный</InformationRegister>
			<InformationRegister>упоПланМатериальныхРесурсовОпераций</InformationRegister>
			<InformationRegister>упоПланПоставкиМатРесурсовПроектныхЗадач</InformationRegister>
			<InformationRegister>упоПланТрудовыхРесурсов</InformationRegister>
			<InformationRegister>упоПланТрудозатратРесурсовАктуальный</InformationRegister>
			<InformationRegister>упоПорученияСписокКонтроллеров</InformationRegister>
			<InformationRegister>упоПорученияСтатусы</InformationRegister>
			<InformationRegister>упоПредУсловияОперацийПлан</InformationRegister>
			<InformationRegister>упоПредусловияПроектныхВех</InformationRegister>
			<InformationRegister>упоПредусловияПроектныхЗадач</InformationRegister>
			<InformationRegister>упоПрогнозДатДлительностей</InformationRegister>
			<InformationRegister>упоПрогнозДДСАктуальный</InformationRegister>
			<InformationRegister>упоПрогнозТрудозатратРесурсов</InformationRegister>
			<InformationRegister>упоПроцентыГотовностиПроектныхЗадач</InformationRegister>
			<InformationRegister>упоРабочиеКалендари</InformationRegister>
			<InformationRegister>упоРаспределениеРесурсовПоСтатьямЗатрат</InformationRegister>
			<InformationRegister>упоРасчетныеСрокиПроектныхВех</InformationRegister>
			<InformationRegister>упоРасчетныеСрокиПроектныхЗадач</InformationRegister>
			<InformationRegister>упоРолиТрудовыхРесурсов</InformationRegister>
			<InformationRegister>упоРуководителиПодразделений</InformationRegister>
			<InformationRegister>упоРуководителиПроектныхЗадач</InformationRegister>
			<InformationRegister>упоРуководителиПроектов</InformationRegister>
			<InformationRegister>упоСвойстваОпераций</InformationRegister>
			<InformationRegister>упоСвойстваПроектныхВех</InformationRegister>
			<InformationRegister>упоСвойстваПроектныхЗадач</InformationRegister>
			<InformationRegister>упоСвойстваРабочихЗаданий</InformationRegister>
			<InformationRegister>упоСоставПодразделений</InformationRegister>
			<InformationRegister>упоСохранениеНастроекКолонок</InformationRegister>
			<InformationRegister>упоСохраненныеНастройкиФильтров</InformationRegister>
			<InformationRegister>упоСохраненныеПланыДвиженийДенежныхСредств</InformationRegister>
			<InformationRegister>упоСохраненныеПланыДоходовИРасходов</InformationRegister>
			<InformationRegister>упоСписокВыбораПроектов</InformationRegister>
			<InformationRegister>упоСрокиАктуальный</InformationRegister>
			<InformationRegister>упоСрокиВехПлан</InformationRegister>
			<InformationRegister>упоСрокиПроектныхЗадач</InformationRegister>
			<InformationRegister>упоСрокиРабочихЗаданийПлан</InformationRegister>
			<InformationRegister>упоСрокиРабочихЗаданийФакт</InformationRegister>
			<InformationRegister>упоСтатусыОпераций</InformationRegister>
			<InformationRegister>упоСтатусыПроектныхЗадач</InformationRegister>
			<InformationRegister>упоСтатусыПроектов</InformationRegister>
			<InformationRegister>упоСтатьиПрямыхРасходов</InformationRegister>
			<InformationRegister>упоСтатьиФОТ</InformationRegister>
			<InformationRegister>упоТипыПроектныхВех</InformationRegister>
			<InformationRegister>упоТрудозатратыРесурсовПоДням</InformationRegister>
			<InformationRegister>упоТрудозатратыРесурсовПоДнямФакт</InformationRegister>
			<InformationRegister>упоФактВыполненияОбъемов</InformationRegister>
			<InformationRegister>упоФактВыполненияОбъемовАктуальный</InformationRegister>
			<InformationRegister>упоФактДДСАктуальный</InformationRegister>
			<InformationRegister>упоФактическиеДвиженияДенежныхСредств</InformationRegister>
			<InformationRegister>упоФактическиеДоходыИРасходы</InformationRegister>
			<InformationRegister>упоФактТрудозатратРесурсовАктуальный</InformationRegister>
			<InformationRegister>упоФинСанкцииПроектныхВех</InformationRegister>
			<InformationRegister>упоЭлементыРегистраторов</InformationRegister>
			<InformationRegister>упоЭскалацииРабочихЗаданий</InformationRegister>
			<InformationRegister>ФайлыВРабочемКаталоге</InformationRegister>
			<InformationRegister>ХранимыеФайлыВерсий</InformationRegister>
			<ChartOfCharacteristicTypes>ДополнительныеРеквизитыИСведения</ChartOfCharacteristicTypes>
			<ChartOfCharacteristicTypes>НазначенияСвойствКатегорийОбъектов</ChartOfCharacteristicTypes>
			<ChartOfCharacteristicTypes>НастройкиПользователей</ChartOfCharacteristicTypes>
			<ChartOfCharacteristicTypes>СвойстваОбъектов</ChartOfCharacteristicTypes>
		</ChildObjects>
	</Configuration>
</MetaDataObject>