﻿<?xml version="1.0" encoding="UTF-8"?>
<Form xmlns="http://v8.1c.ru/8.3/xcf/logform" xmlns:app="http://v8.1c.ru/8.2/managed-application/core" xmlns:dcscor="http://v8.1c.ru/8.1/data-composition-system/core" xmlns:dcsset="http://v8.1c.ru/8.1/data-composition-system/settings" xmlns:ent="http://v8.1c.ru/8.1/data/enterprise" xmlns:lf="http://v8.1c.ru/8.2/managed-application/logform" xmlns:style="http://v8.1c.ru/8.1/data/ui/style" xmlns:v8="http://v8.1c.ru/8.1/data/core" xmlns:web="http://v8.1c.ru/8.1/data/ui/colors/web" xmlns:win="http://v8.1c.ru/8.1/data/ui/colors/windows" xmlns:xr="http://v8.1c.ru/8.3/xcf/readable" xmlns:xs="http://www.w3.org/2001/XMLSchema" xmlns:xsi="http://www.w3.org/2001/XMLSchema-instance">
	<Attributes>
		<Attribute id="1">
			<Name>Список</Name>
			<Title/>
			<Type>
				<v8:Type xmlns:d5p1="http://v8.1c.ru/8.1/data/enterprise/current-config">d5p1:DynamicList</v8:Type>
			</Type>
			<Accessibility>
				<xr:common>true</xr:common>
			</Accessibility>
			<Editing>
				<xr:common>true</xr:common>
			</Editing>
			<Content/>
			<SavingContent/>
			<MainProperty>true</MainProperty>
			<StoredData>false</StoredData>
			<FunctionalOptions/>
			<FillCheck>DontCheck</FillCheck>
			<Columns/>
			<ExtInfo>
				<Property>
					<Name>QueryText</Name>
					<Value xsi:type="xs:string"/>
				</Property>
				<Property>
					<Name>MainTable</Name>
					<Value xsi:type="xr:MDObjectRef">InformationRegister.упоСтатусыПроектов</Value>
				</Property>
				<Property>
					<Name>MainTableCategory</Name>
					<Value xsi:type="xs:decimal">1</Value>
				</Property>
				<Property>
					<Name>DynamicalDataSelection</Name>
					<Value xsi:type="xs:boolean">false</Value>
				</Property>
				<Property>
					<Name>ManualQuery</Name>
					<Value xsi:type="xs:boolean">false</Value>
				</Property>
				<Property>
					<Name>FieldsMapItemId0</Name>
					<Value xsi:type="xs:decimal">2</Value>
				</Property>
				<Property>
					<Name>FieldsMapItemName0</Name>
					<Value xsi:type="xs:string">LineNumber</Value>
				</Property>
				<Property>
					<Name>FiledsMapItemId0</Name>
					<Value xsi:type="xs:decimal">2</Value>
				</Property>
				<Property>
					<Name>FiledsMapItemName0</Name>
					<Value xsi:type="xs:string">LineNumber</Value>
				</Property>
				<Property>
					<Name>FieldsMapItemId1</Name>
					<Value xsi:type="xs:decimal">3</Value>
				</Property>
				<Property>
					<Name>FieldsMapItemName1</Name>
					<Value xsi:type="xs:string">Period</Value>
				</Property>
				<Property>
					<Name>FiledsMapItemId1</Name>
					<Value xsi:type="xs:decimal">3</Value>
				</Property>
				<Property>
					<Name>FiledsMapItemName1</Name>
					<Value xsi:type="xs:string">Period</Value>
				</Property>
				<Property>
					<Name>FieldsMapItemId2</Name>
					<Value xsi:type="xs:decimal">5</Value>
				</Property>
				<Property>
					<Name>FieldsMapItemName2</Name>
					<Value xsi:type="xs:string">Recorder</Value>
				</Property>
				<Property>
					<Name>FiledsMapItemId2</Name>
					<Value xsi:type="xs:decimal">5</Value>
				</Property>
				<Property>
					<Name>FiledsMapItemName2</Name>
					<Value xsi:type="xs:string">Recorder</Value>
				</Property>
				<Property>
					<Name>FieldsMapItemId3</Name>
					<Value xsi:type="xs:decimal">6</Value>
				</Property>
				<Property>
					<Name>FieldsMapItemName3</Name>
					<Value xsi:type="xs:string">Версия</Value>
				</Property>
				<Property>
					<Name>FiledsMapItemId3</Name>
					<Value xsi:type="xs:decimal">6</Value>
				</Property>
				<Property>
					<Name>FiledsMapItemName3</Name>
					<Value xsi:type="xs:string">Версия</Value>
				</Property>
				<Property>
					<Name>FieldsMapItemId4</Name>
					<Value xsi:type="xs:decimal">7</Value>
				</Property>
				<Property>
					<Name>FieldsMapItemName4</Name>
					<Value xsi:type="xs:string">ЕдиницаНормированияДлительности</Value>
				</Property>
				<Property>
					<Name>FiledsMapItemId4</Name>
					<Value xsi:type="xs:decimal">7</Value>
				</Property>
				<Property>
					<Name>FiledsMapItemName4</Name>
					<Value xsi:type="xs:string">ЕдиницаНормированияДлительности</Value>
				</Property>
				<Property>
					<Name>FieldsMapItemId5</Name>
					<Value xsi:type="xs:decimal">8</Value>
				</Property>
				<Property>
					<Name>FieldsMapItemName5</Name>
					<Value xsi:type="xs:string">Задержка</Value>
				</Property>
				<Property>
					<Name>FiledsMapItemId5</Name>
					<Value xsi:type="xs:decimal">8</Value>
				</Property>
				<Property>
					<Name>FiledsMapItemName5</Name>
					<Value xsi:type="xs:string">Задержка</Value>
				</Property>
				<Property>
					<Name>FieldsMapItemId6</Name>
					<Value xsi:type="xs:decimal">9</Value>
				</Property>
				<Property>
					<Name>FieldsMapItemName6</Name>
					<Value xsi:type="xs:string">ЗадержкаВЕдиницеИзмерения</Value>
				</Property>
				<Property>
					<Name>FiledsMapItemId6</Name>
					<Value xsi:type="xs:decimal">9</Value>
				</Property>
				<Property>
					<Name>FiledsMapItemName6</Name>
					<Value xsi:type="xs:string">ЗадержкаВЕдиницеИзмерения</Value>
				</Property>
				<Property>
					<Name>FieldsMapItemId7</Name>
					<Value xsi:type="xs:decimal">10</Value>
				</Property>
				<Property>
					<Name>FieldsMapItemName7</Name>
					<Value xsi:type="xs:string">Операция</Value>
				</Property>
				<Property>
					<Name>FiledsMapItemId7</Name>
					<Value xsi:type="xs:decimal">10</Value>
				</Property>
				<Property>
					<Name>FiledsMapItemName7</Name>
					<Value xsi:type="xs:string">Операция</Value>
				</Property>
				<Property>
					<Name>FieldsMapItemId8</Name>
					<Value xsi:type="xs:decimal">11</Value>
				</Property>
				<Property>
					<Name>FieldsMapItemName8</Name>
					<Value xsi:type="xs:string">ОперацияПредшественник</Value>
				</Property>
				<Property>
					<Name>FiledsMapItemId8</Name>
					<Value xsi:type="xs:decimal">11</Value>
				</Property>
				<Property>
					<Name>FiledsMapItemName8</Name>
					<Value xsi:type="xs:string">ОперацияПредшественник</Value>
				</Property>
				<Property>
					<Name>FieldsMapItemId9</Name>
					<Value xsi:type="xs:decimal">12</Value>
				</Property>
				<Property>
					<Name>FieldsMapItemName9</Name>
					<Value xsi:type="xs:string">СвязьСуществует</Value>
				</Property>
				<Property>
					<Name>FiledsMapItemId9</Name>
					<Value xsi:type="xs:decimal">12</Value>
				</Property>
				<Property>
					<Name>FiledsMapItemName9</Name>
					<Value xsi:type="xs:string">СвязьСуществует</Value>
				</Property>
				<Property>
					<Name>FieldsMapItemId10</Name>
					<Value xsi:type="xs:decimal">13</Value>
				</Property>
				<Property>
					<Name>FieldsMapItemName10</Name>
					<Value xsi:type="xs:string">ТипСвязи</Value>
				</Property>
				<Property>
					<Name>FiledsMapItemId10</Name>
					<Value xsi:type="xs:decimal">13</Value>
				</Property>
				<Property>
					<Name>FiledsMapItemName10</Name>
					<Value xsi:type="xs:string">ТипСвязи</Value>
				</Property>
				<Property>
					<Name>FieldsMapItemId11</Name>
					<Value xsi:type="xs:decimal">14</Value>
				</Property>
				<Property>
					<Name>FieldsMapItemName11</Name>
					<Value xsi:type="xs:string">Active</Value>
				</Property>
				<Property>
					<Name>FiledsMapItemId11</Name>
					<Value xsi:type="xs:decimal">14</Value>
				</Property>
				<Property>
					<Name>FiledsMapItemName11</Name>
					<Value xsi:type="xs:string">Active</Value>
				</Property>
				<Property>
					<Name>FieldsMapItemId12</Name>
					<Value xsi:type="xs:decimal">15</Value>
				</Property>
				<Property>
					<Name>FieldsMapItemName12</Name>
					<Value xsi:type="xs:string">ДатаДвижения</Value>
				</Property>
				<Property>
					<Name>FiledsMapItemId12</Name>
					<Value xsi:type="xs:decimal">15</Value>
				</Property>
				<Property>
					<Name>FiledsMapItemName12</Name>
					<Value xsi:type="xs:string">ДатаДвижения</Value>
				</Property>
				<Property>
					<Name>FieldsMapItemId13</Name>
					<Value xsi:type="xs:decimal">16</Value>
				</Property>
				<Property>
					<Name>FieldsMapItemName13</Name>
					<Value xsi:type="xs:string">Проект</Value>
				</Property>
				<Property>
					<Name>FiledsMapItemId13</Name>
					<Value xsi:type="xs:decimal">16</Value>
				</Property>
				<Property>
					<Name>FiledsMapItemName13</Name>
					<Value xsi:type="xs:string">Проект</Value>
				</Property>
				<Property>
					<Name>FieldsMapItemId14</Name>
					<Value xsi:type="xs:decimal">17</Value>
				</Property>
				<Property>
					<Name>FieldsMapItemName14</Name>
					<Value xsi:type="xs:string">Сумма</Value>
				</Property>
				<Property>
					<Name>FiledsMapItemId14</Name>
					<Value xsi:type="xs:decimal">17</Value>
				</Property>
				<Property>
					<Name>FiledsMapItemName14</Name>
					<Value xsi:type="xs:string">Сумма</Value>
				</Property>
				<Property>
					<Name>FieldsMapItemId15</Name>
					<Value xsi:type="xs:decimal">18</Value>
				</Property>
				<Property>
					<Name>FieldsMapItemName15</Name>
					<Value xsi:type="xs:string">ЭлементПрогноза</Value>
				</Property>
				<Property>
					<Name>FiledsMapItemId15</Name>
					<Value xsi:type="xs:decimal">18</Value>
				</Property>
				<Property>
					<Name>FiledsMapItemName15</Name>
					<Value xsi:type="xs:string">ЭлементПрогноза</Value>
				</Property>
				<Property>
					<Name>FieldsMapItemId16</Name>
					<Value xsi:type="xs:decimal">20</Value>
				</Property>
				<Property>
					<Name>FieldsMapItemName16</Name>
					<Value xsi:type="xs:string">ПроектнаяЗадача</Value>
				</Property>
				<Property>
					<Name>FiledsMapItemId16</Name>
					<Value xsi:type="xs:decimal">20</Value>
				</Property>
				<Property>
					<Name>FiledsMapItemName16</Name>
					<Value xsi:type="xs:string">ПроектнаяЗадача</Value>
				</Property>
				<Property>
					<Name>FieldsMapItemId17</Name>
					<Value xsi:type="xs:decimal">21</Value>
				</Property>
				<Property>
					<Name>FieldsMapItemName17</Name>
					<Value xsi:type="xs:string">ПроцентГотовности</Value>
				</Property>
				<Property>
					<Name>FiledsMapItemId17</Name>
					<Value xsi:type="xs:decimal">21</Value>
				</Property>
				<Property>
					<Name>FiledsMapItemName17</Name>
					<Value xsi:type="xs:string">ПроцентГотовности</Value>
				</Property>
				<Property>
					<Name>FieldsMapItemId18</Name>
					<Value xsi:type="xs:decimal">23</Value>
				</Property>
				<Property>
					<Name>FieldsMapItemName18</Name>
					<Value xsi:type="xs:string">День</Value>
				</Property>
				<Property>
					<Name>FiledsMapItemId18</Name>
					<Value xsi:type="xs:decimal">23</Value>
				</Property>
				<Property>
					<Name>FiledsMapItemName18</Name>
					<Value xsi:type="xs:string">День</Value>
				</Property>
				<Property>
					<Name>FieldsMapItemId19</Name>
					<Value xsi:type="xs:decimal">24</Value>
				</Property>
				<Property>
					<Name>FieldsMapItemName19</Name>
					<Value xsi:type="xs:string">Календарь</Value>
				</Property>
				<Property>
					<Name>FiledsMapItemId19</Name>
					<Value xsi:type="xs:decimal">24</Value>
				</Property>
				<Property>
					<Name>FiledsMapItemName19</Name>
					<Value xsi:type="xs:string">Календарь</Value>
				</Property>
				<Property>
					<Name>FieldsMapItemId20</Name>
					<Value xsi:type="xs:decimal">25</Value>
				</Property>
				<Property>
					<Name>FieldsMapItemName20</Name>
					<Value xsi:type="xs:string">КоличествоЧасов</Value>
				</Property>
				<Property>
					<Name>FiledsMapItemId20</Name>
					<Value xsi:type="xs:decimal">25</Value>
				</Property>
				<Property>
					<Name>FiledsMapItemName20</Name>
					<Value xsi:type="xs:string">КоличествоЧасов</Value>
				</Property>
				<Property>
					<Name>FieldsMapItemId21</Name>
					<Value xsi:type="xs:decimal">26</Value>
				</Property>
				<Property>
					<Name>FieldsMapItemName21</Name>
					<Value xsi:type="xs:string">ДоляСуммы</Value>
				</Property>
				<Property>
					<Name>FiledsMapItemId21</Name>
					<Value xsi:type="xs:decimal">26</Value>
				</Property>
				<Property>
					<Name>FiledsMapItemName21</Name>
					<Value xsi:type="xs:string">ДоляСуммы</Value>
				</Property>
				<Property>
					<Name>FieldsMapItemId22</Name>
					<Value xsi:type="xs:decimal">27</Value>
				</Property>
				<Property>
					<Name>FieldsMapItemName22</Name>
					<Value xsi:type="xs:string">Ресурс</Value>
				</Property>
				<Property>
					<Name>FiledsMapItemId22</Name>
					<Value xsi:type="xs:decimal">27</Value>
				</Property>
				<Property>
					<Name>FiledsMapItemName22</Name>
					<Value xsi:type="xs:string">Ресурс</Value>
				</Property>
				<Property>
					<Name>FieldsMapItemId23</Name>
					<Value xsi:type="xs:decimal">28</Value>
				</Property>
				<Property>
					<Name>FieldsMapItemName23</Name>
					<Value xsi:type="xs:string">СтатьяЗатрат</Value>
				</Property>
				<Property>
					<Name>FiledsMapItemId23</Name>
					<Value xsi:type="xs:decimal">28</Value>
				</Property>
				<Property>
					<Name>FiledsMapItemName23</Name>
					<Value xsi:type="xs:string">СтатьяЗатрат</Value>
				</Property>
				<Property>
					<Name>FieldsMapItemId24</Name>
					<Value xsi:type="xs:decimal">30</Value>
				</Property>
				<Property>
					<Name>FieldsMapItemName24</Name>
					<Value xsi:type="xs:string">ДатаПозднегоСтарта</Value>
				</Property>
				<Property>
					<Name>FiledsMapItemId24</Name>
					<Value xsi:type="xs:decimal">30</Value>
				</Property>
				<Property>
					<Name>FiledsMapItemName24</Name>
					<Value xsi:type="xs:string">ДатаПозднегоСтарта</Value>
				</Property>
				<Property>
					<Name>FieldsMapItemId25</Name>
					<Value xsi:type="xs:decimal">31</Value>
				</Property>
				<Property>
					<Name>FieldsMapItemName25</Name>
					<Value xsi:type="xs:string">ДатаПозднегоФиниша</Value>
				</Property>
				<Property>
					<Name>FiledsMapItemId25</Name>
					<Value xsi:type="xs:decimal">31</Value>
				</Property>
				<Property>
					<Name>FiledsMapItemName25</Name>
					<Value xsi:type="xs:string">ДатаПозднегоФиниша</Value>
				</Property>
				<Property>
					<Name>FieldsMapItemId26</Name>
					<Value xsi:type="xs:decimal">32</Value>
				</Property>
				<Property>
					<Name>FieldsMapItemName26</Name>
					<Value xsi:type="xs:string">ДатаРаннегоСтарта</Value>
				</Property>
				<Property>
					<Name>FiledsMapItemId26</Name>
					<Value xsi:type="xs:decimal">32</Value>
				</Property>
				<Property>
					<Name>FiledsMapItemName26</Name>
					<Value xsi:type="xs:string">ДатаРаннегоСтарта</Value>
				</Property>
				<Property>
					<Name>FieldsMapItemId27</Name>
					<Value xsi:type="xs:decimal">33</Value>
				</Property>
				<Property>
					<Name>FieldsMapItemName27</Name>
					<Value xsi:type="xs:string">ДатаРаннегоФиниша</Value>
				</Property>
				<Property>
					<Name>FiledsMapItemId27</Name>
					<Value xsi:type="xs:decimal">33</Value>
				</Property>
				<Property>
					<Name>FiledsMapItemName27</Name>
					<Value xsi:type="xs:string">ДатаРаннегоФиниша</Value>
				</Property>
				<Property>
					<Name>FieldsMapItemId28</Name>
					<Value xsi:type="xs:decimal">35</Value>
				</Property>
				<Property>
					<Name>FieldsMapItemName28</Name>
					<Value xsi:type="xs:string">СтатусПроекта</Value>
				</Property>
				<Property>
					<Name>FiledsMapItemId28</Name>
					<Value xsi:type="xs:decimal">35</Value>
				</Property>
				<Property>
					<Name>FiledsMapItemName28</Name>
					<Value xsi:type="xs:string">СтатусПроекта</Value>
				</Property>
			</ExtInfo>
		</Attribute>
		<ConditionalAppearance/>
	</Attributes>
	<Commands/>
	<Parameters/>
	<Elements id="0:02023637-7868-4a5f-8576-835a76e0c9ba">
		<Properties>
			<Title/>
			<Width>0</Width>
			<Height>0</Height>
			<OpeningMode>Independent</OpeningMode>
			<EnterKeyBehavior>ControlNavigation</EnterKeyBehavior>
			<AutoSaveFormDataInSettings>DontUse</AutoSaveFormDataInSettings>
			<SaveFormDataInSettings>DontUse</SaveFormDataInSettings>
			<SettingsStorage/>
			<AutoTitle>true</AutoTitle>
			<AutoURL>true</AutoURL>
			<ChildrenGrouping>Vertical</ChildrenGrouping>
			<ChildItemsWidth>Auto</ChildItemsWidth>
			<AutoFillCheck>true</AutoFillCheck>
			<Customizable>true</Customizable>
			<Enabled>true</Enabled>
			<ReadOnly>false</ReadOnly>
			<CommandBarLocation>Auto</CommandBarLocation>
			<VerticalScrolling>useIfNecessary</VerticalScrolling>
			<BaseFontVariant>Auto</BaseFontVariant>
			<CommandsContent/>
			<GroupsList/>
		</Properties>
		<Events>
			<Event name="OnSaveDataInSettingsAtServer">ПриСохраненииДанныхВНастройкахНаСервере</Event>
			<Event name="ChoiceProcessing">ОбработкаВыбора</Event>
			<Event name="NotificationProcessing">ОбработкаОповещения</Event>
			<Event name="NewWriteProcessing">ОбработкаЗаписиНового</Event>
			<Event name="OnOpen">ПриОткрытии</Event>
			<Event name="BeforeClose">ПередЗакрытием</Event>
			<Event name="ExternalEvent">ВнешнееСобытие</Event>
			<Event name="OnReopen">ПриПовторномОткрытии</Event>
			<Event name="OnLoadDataFromSettingsAtServer">ПриЗагрузкеДанныхИзНастроекНаСервере</Event>
			<Event name="OnCreateAtServer">ПриСозданииНаСервере</Event>
			<Event name="ActivationProcessing">ОбработкаАктивизации</Event>
			<Event name="OnClose">ПриЗакрытии</Event>
			<Event name="FillCheckProcessingAtServer">ОбработкаПроверкиЗаполненияНаСервере</Event>
			<Event name="BeforeLoadDataFromSettingsAtServer">ПередЗагрузкойДанныхИзНастроекНаСервере</Event>
		</Events>
		<PredefinedContainedItems>
			<CommandBar xsi:type="AutoMenuGroup" id="-1:02023637-7868-4a5f-8576-835a76e0c9ba">
				<Properties>
					<Name>ФормаКоманднаяПанель</Name>
					<Type>AutoCommandBar</Type>
					<Visible>true</Visible>
					<UserVisible>
						<xr:common>true</xr:common>
					</UserVisible>
					<Enabled>true</Enabled>
					<ReadOnly>false</ReadOnly>
					<EnableContentChange>false</EnableContentChange>
					<Title/>
					<TitleTextColor>auto</TitleTextColor>
					<TitleFont kind="AutoFont"/>
					<ToolTip/>
					<ToolTipRepresentation>Auto</ToolTipRepresentation>
					<Shortcut/>
					<Width>0</Width>
					<Height>0</Height>
					<HorizontalStretch>auto</HorizontalStretch>
					<VerticalStretch>auto</VerticalStretch>
					<HorAlignment>Left</HorAlignment>
					<FillWithStdCommands>true</FillWithStdCommands>
				</Properties>
				<PredefinedContainedItems/>
				<ContainedItems/>
			</CommandBar>
		</PredefinedContainedItems>
		<ContainedItems>
			<Table id="1:02023637-7868-4a5f-8576-835a76e0c9ba">
				<Properties>
					<Name>Список</Name>
					<Representation>HierarchicalList</Representation>
					<Visible>true</Visible>
					<UserVisible>
						<xr:common>true</xr:common>
					</UserVisible>
					<TitleLocation>None</TitleLocation>
					<TitleRowsCount>0</TitleRowsCount>
					<CommandBarLocation>Auto</CommandBarLocation>
					<AutoFill>false</AutoFill>
					<Enabled>true</Enabled>
					<ReadOnly>false</ReadOnly>
					<SkipOnInput>auto</SkipOnInput>
					<DefaultElement>false</DefaultElement>
					<ChangeRowSet>true</ChangeRowSet>
					<ChangeRowOrder>true</ChangeRowOrder>
					<Width>0</Width>
					<Height>0</Height>
					<RowsCount>0</RowsCount>
					<ChoiceMode>false</ChoiceMode>
					<MultipleChoice>false</MultipleChoice>
					<RowInputMode>EndOfList</RowInputMode>
					<RowsSelectionMode>MultiRow</RowsSelectionMode>
					<RowSelectionMode>Cell</RowSelectionMode>
					<ShowHeader>true</ShowHeader>
					<HeaderHeight>1</HeaderHeight>
					<ShowFooter>false</ShowFooter>
					<FooterHeight>1</FooterHeight>
					<HorScroll>AutoUse</HorScroll>
					<VertScroll>AutoUse</VertScroll>
					<ShowHorLines>true</ShowHorLines>
					<ShowVertLines>true</ShowVertLines>
					<FixedLeft>4294967295</FixedLeft>
					<FixedRight>4294967295</FixedRight>
					<UseAlternationRowColor>true</UseAlternationRowColor>
					<AutoInsertNewRow>false</AutoInsertNewRow>
					<AutoInsertNotCompletedVals>auto</AutoInsertNotCompletedVals>
					<AutoMarkNotcompletedVals>auto</AutoMarkNotcompletedVals>
					<SearchOnInput>Auto</SearchOnInput>
					<InitialListView>Auto</InitialListView>
					<InitialTreeView>NoExpand</InitialTreeView>
					<UseOutput>Auto</UseOutput>
					<HorStretchable>true</HorStretchable>
					<VertStretchable>true</VertStretchable>
					<EnableStartDrag>true</EnableStartDrag>
					<EnableDrag>false</EnableDrag>
					<DataPath>Список</DataPath>
					<RowPictureDataPath>Список.DefaultPicture</RowPictureDataPath>
					<RowsPicture/>
					<TextColor>auto</TextColor>
					<BackColor>auto</BackColor>
					<BorderColor>auto</BorderColor>
					<Font kind="AutoFont"/>
					<Title/>
					<TitleTextColor>auto</TitleTextColor>
					<TitleFont kind="AutoFont"/>
					<ShortCut/>
					<CommandsContent/>
					<Tooltip/>
					<TooltipRepresentation>Auto</TooltipRepresentation>
					<AutoRefresh>false</AutoRefresh>
					<AutoRefreshInterval>60</AutoRefreshInterval>
					<Period xsi:type="v8:StandardPeriod">
						<v8:variant xsi:type="v8:StandardPeriodVariant">Custom</v8:variant>
						<v8:startDate>0001-01-01T00:00:00</v8:startDate>
						<v8:endDate>0001-01-01T00:00:00</v8:endDate>
					</Period>
					<ChoiceFolderAndItem>Items</ChoiceFolderAndItem>
					<RestoreCurrentLine>false</RestoreCurrentLine>
					<TopParent xsi:nil="true"/>
					<ShowRoot>true</ShowRoot>
					<AllowRootChoice>false</AllowRootChoice>
					<UpdateOnDataChanges>Auto</UpdateOnDataChanges>
				</Properties>
				<Events/>
				<PredefinedContainedItems>
					<ContextMenu xsi:type="ContextMenuGroup" id="2:02023637-7868-4a5f-8576-835a76e0c9ba">
						<Properties>
							<Name>СписокКонтекстноеМеню</Name>
							<Type>ContextMenu</Type>
							<Visible>true</Visible>
							<UserVisible>
								<xr:common>true</xr:common>
							</UserVisible>
							<Enabled>true</Enabled>
							<ReadOnly>false</ReadOnly>
							<EnableContentChange>false</EnableContentChange>
							<Title/>
							<TitleTextColor>auto</TitleTextColor>
							<TitleFont kind="AutoFont"/>
							<ToolTip/>
							<ToolTipRepresentation>Auto</ToolTipRepresentation>
							<Shortcut/>
							<Width>0</Width>
							<Height>0</Height>
							<HorizontalStretch>auto</HorizontalStretch>
							<VerticalStretch>auto</VerticalStretch>
							<FillWithStdCommands>true</FillWithStdCommands>
						</Properties>
						<PredefinedContainedItems/>
						<ContainedItems/>
					</ContextMenu>
					<CommandBar xsi:type="AutoMenuGroup" id="3:02023637-7868-4a5f-8576-835a76e0c9ba">
						<Properties>
							<Name>СписокКоманднаяПанель</Name>
							<Type>AutoCommandBar</Type>
							<Visible>true</Visible>
							<UserVisible>
								<xr:common>true</xr:common>
							</UserVisible>
							<Enabled>true</Enabled>
							<ReadOnly>false</ReadOnly>
							<EnableContentChange>false</EnableContentChange>
							<Title/>
							<TitleTextColor>auto</TitleTextColor>
							<TitleFont kind="AutoFont"/>
							<ToolTip/>
							<ToolTipRepresentation>Auto</ToolTipRepresentation>
							<Shortcut/>
							<Width>0</Width>
							<Height>0</Height>
							<HorizontalStretch>auto</HorizontalStretch>
							<VerticalStretch>auto</VerticalStretch>
							<HorAlignment>Left</HorAlignment>
							<FillWithStdCommands>false</FillWithStdCommands>
						</Properties>
						<PredefinedContainedItems/>
						<ContainedItems/>
					</CommandBar>
					<ExtTooltip xsi:type="TextDecoration" id="16:02023637-7868-4a5f-8576-835a76e0c9ba">
						<Properties>
							<Name>СписокExtendedTooltip</Name>
							<Kind>Label</Kind>
							<Visible>true</Visible>
							<UserVisible>
								<xr:common>true</xr:common>
							</UserVisible>
							<Enabled>true</Enabled>
							<Width>0</Width>
							<Height>0</Height>
							<HorStretchable>auto</HorStretchable>
							<VertStretchable>auto</VertStretchable>
							<SkipOnInput>auto</SkipOnInput>
							<TextColor>auto</TextColor>
							<Font kind="AutoFont"/>
							<ShortCut/>
							<Title/>
							<Tooltip/>
							<TooltipRepresentation>Auto</TooltipRepresentation>
							<HyperLink>false</HyperLink>
							<HorAlignment>Left</HorAlignment>
							<VertAlignment>Auto</VertAlignment>
							<TitleHeight>0</TitleHeight>
							<BackColor>auto</BackColor>
							<BorderColor>auto</BorderColor>
							<Border width="1">
								<style xmlns="http://v8.1c.ru/8.1/data/ui" xsi:type="ControlBorderType">WithoutBorder</style>
							</Border>
						</Properties>
						<Events/>
						<PredefinedContainedItems/>
					</ExtTooltip>
				</PredefinedContainedItems>
				<ContainedItems>
					<Text id="6:02023637-7868-4a5f-8576-835a76e0c9ba">
						<Properties>
							<Name>Регистратор</Name>
							<Type>LabelField</Type>
							<DataPath>Список.Recorder</DataPath>
							<Visible>true</Visible>
							<UserVisible>
								<xr:common>true</xr:common>
							</UserVisible>
							<DefaultItem>false</DefaultItem>
							<Enabled>true</Enabled>
							<ReadOnly>false</ReadOnly>
							<SkipOnInput>auto</SkipOnInput>
							<Title/>
							<TitleTextColor>auto</TitleTextColor>
							<TitleBackColor>auto</TitleBackColor>
							<TitleFont kind="AutoFont"/>
							<TitleLocation>Auto</TitleLocation>
							<TitleHeight>0</TitleHeight>
							<ToolTip/>
							<ToolTipRepresentation>Auto</ToolTipRepresentation>
							<WarningOnEditRepresentation>Auto</WarningOnEditRepresentation>
							<WarningOnEdit/>
							<Shortcut/>
							<CommandsContent/>
							<HorizontalAlign>Auto</HorizontalAlign>
							<VerticalAlign>Auto</VerticalAlign>
							<EditMode>Enter</EditMode>
							<FixingInTable>None</FixingInTable>
							<CellHyperlink>false</CellHyperlink>
							<AutoCellHeight>false</AutoCellHeight>
							<ShowInHeader>true</ShowInHeader>
							<HeaderPicture/>
							<HeaderHorizontalAlign>Left</HeaderHorizontalAlign>
							<ShowInFooter>true</ShowInFooter>
							<FooterDataPath/>
							<FooterText/>
							<FooterTextColor>auto</FooterTextColor>
							<FooterBackColor>auto</FooterBackColor>
							<FooterFont kind="AutoFont"/>
							<FooterPicture/>
							<FooterHorizontalAlign>Auto</FooterHorizontalAlign>
							<Width>0</Width>
							<RowsCount>0</RowsCount>
							<HorizontalStretchable>auto</HorizontalStretchable>
							<VerticalStretchable>auto</VerticalStretchable>
							<MarkNegatives>auto</MarkNegatives>
							<Format/>
							<HiperLink>false</HiperLink>
							<PasswordMode>auto</PasswordMode>
							<TextColor>auto</TextColor>
							<BackColor>auto</BackColor>
							<Font kind="AutoFont"/>
						</Properties>
						<Events/>
						<PredefinedContainedItems>
							<ContextMenu xsi:type="ContextMenuGroup" id="7:02023637-7868-4a5f-8576-835a76e0c9ba">
								<Properties>
									<Name>РегистраторКонтекстноеМеню</Name>
									<Type>ContextMenu</Type>
									<Visible>true</Visible>
									<UserVisible>
										<xr:common>true</xr:common>
									</UserVisible>
									<Enabled>true</Enabled>
									<ReadOnly>false</ReadOnly>
									<EnableContentChange>false</EnableContentChange>
									<Title/>
									<TitleTextColor>auto</TitleTextColor>
									<TitleFont kind="AutoFont"/>
									<ToolTip/>
									<ToolTipRepresentation>Auto</ToolTipRepresentation>
									<Shortcut/>
									<Width>0</Width>
									<Height>0</Height>
									<HorizontalStretch>auto</HorizontalStretch>
									<VerticalStretch>auto</VerticalStretch>
									<FillWithStdCommands>true</FillWithStdCommands>
								</Properties>
								<PredefinedContainedItems/>
								<ContainedItems/>
							</ContextMenu>
							<ExtTooltip xsi:type="TextDecoration" id="17:02023637-7868-4a5f-8576-835a76e0c9ba">
								<Properties>
									<Name>РегистраторExtendedTooltip</Name>
									<Kind>Label</Kind>
									<Visible>true</Visible>
									<UserVisible>
										<xr:common>true</xr:common>
									</UserVisible>
									<Enabled>true</Enabled>
									<Width>0</Width>
									<Height>0</Height>
									<HorStretchable>auto</HorStretchable>
									<VertStretchable>auto</VertStretchable>
									<SkipOnInput>auto</SkipOnInput>
									<TextColor>auto</TextColor>
									<Font kind="AutoFont"/>
									<ShortCut/>
									<Title/>
									<Tooltip/>
									<TooltipRepresentation>Auto</TooltipRepresentation>
									<HyperLink>false</HyperLink>
									<HorAlignment>Left</HorAlignment>
									<VertAlignment>Auto</VertAlignment>
									<TitleHeight>0</TitleHeight>
									<BackColor>auto</BackColor>
									<BorderColor>auto</BorderColor>
									<Border width="1">
										<style xmlns="http://v8.1c.ru/8.1/data/ui" xsi:type="ControlBorderType">WithoutBorder</style>
									</Border>
								</Properties>
								<Events/>
								<PredefinedContainedItems/>
							</ExtTooltip>
						</PredefinedContainedItems>
					</Text>
					<CheckBox id="14:02023637-7868-4a5f-8576-835a76e0c9ba">
						<Properties>
							<Name>Активность</Name>
							<Type>CheckBoxField</Type>
							<DataPath>Список.Active</DataPath>
							<Visible>true</Visible>
							<UserVisible>
								<xr:common>true</xr:common>
							</UserVisible>
							<DefaultItem>false</DefaultItem>
							<Enabled>true</Enabled>
							<ReadOnly>false</ReadOnly>
							<SkipOnInput>auto</SkipOnInput>
							<Title/>
							<TitleTextColor>auto</TitleTextColor>
							<TitleBackColor>auto</TitleBackColor>
							<TitleFont kind="AutoFont"/>
							<TitleLocation>Auto</TitleLocation>
							<TitleHeight>0</TitleHeight>
							<ToolTip/>
							<ToolTipRepresentation>Auto</ToolTipRepresentation>
							<WarningOnEditRepresentation>Auto</WarningOnEditRepresentation>
							<WarningOnEdit/>
							<Shortcut/>
							<CommandsContent/>
							<HorizontalAlign>Auto</HorizontalAlign>
							<VerticalAlign>Auto</VerticalAlign>
							<EditMode>Enter</EditMode>
							<FixingInTable>None</FixingInTable>
							<CellHyperlink>false</CellHyperlink>
							<AutoCellHeight>false</AutoCellHeight>
							<ShowInHeader>true</ShowInHeader>
							<HeaderPicture/>
							<HeaderHorizontalAlign>Left</HeaderHorizontalAlign>
							<ShowInFooter>true</ShowInFooter>
							<FooterDataPath/>
							<FooterText/>
							<FooterTextColor>auto</FooterTextColor>
							<FooterBackColor>auto</FooterBackColor>
							<FooterFont kind="AutoFont"/>
							<FooterPicture/>
							<FooterHorizontalAlign>Auto</FooterHorizontalAlign>
							<CheckBoxType>Auto</CheckBoxType>
							<ThreeState>false</ThreeState>
							<BorderColor>auto</BorderColor>
							<EqualElementsWidth>auto</EqualElementsWidth>
						</Properties>
						<Events/>
						<PredefinedContainedItems>
							<ContextMenu xsi:type="ContextMenuGroup" id="15:02023637-7868-4a5f-8576-835a76e0c9ba">
								<Properties>
									<Name>АктивностьКонтекстноеМеню</Name>
									<Type>ContextMenu</Type>
									<Visible>true</Visible>
									<UserVisible>
										<xr:common>true</xr:common>
									</UserVisible>
									<Enabled>true</Enabled>
									<ReadOnly>false</ReadOnly>
									<EnableContentChange>false</EnableContentChange>
									<Title/>
									<TitleTextColor>auto</TitleTextColor>
									<TitleFont kind="AutoFont"/>
									<ToolTip/>
									<ToolTipRepresentation>Auto</ToolTipRepresentation>
									<Shortcut/>
									<Width>0</Width>
									<Height>0</Height>
									<HorizontalStretch>auto</HorizontalStretch>
									<VerticalStretch>auto</VerticalStretch>
									<FillWithStdCommands>true</FillWithStdCommands>
								</Properties>
								<PredefinedContainedItems/>
								<ContainedItems/>
							</ContextMenu>
							<ExtTooltip xsi:type="TextDecoration" id="18:02023637-7868-4a5f-8576-835a76e0c9ba">
								<Properties>
									<Name>АктивностьExtendedTooltip</Name>
									<Kind>Label</Kind>
									<Visible>true</Visible>
									<UserVisible>
										<xr:common>true</xr:common>
									</UserVisible>
									<Enabled>true</Enabled>
									<Width>0</Width>
									<Height>0</Height>
									<HorStretchable>auto</HorStretchable>
									<VertStretchable>auto</VertStretchable>
									<SkipOnInput>auto</SkipOnInput>
									<TextColor>auto</TextColor>
									<Font kind="AutoFont"/>
									<ShortCut/>
									<Title/>
									<Tooltip/>
									<TooltipRepresentation>Auto</TooltipRepresentation>
									<HyperLink>false</HyperLink>
									<HorAlignment>Left</HorAlignment>
									<VertAlignment>Auto</VertAlignment>
									<TitleHeight>0</TitleHeight>
									<BackColor>auto</BackColor>
									<BorderColor>auto</BorderColor>
									<Border width="1">
										<style xmlns="http://v8.1c.ru/8.1/data/ui" xsi:type="ControlBorderType">WithoutBorder</style>
									</Border>
								</Properties>
								<Events/>
								<PredefinedContainedItems/>
							</ExtTooltip>
						</PredefinedContainedItems>
					</CheckBox>
					<Text id="4:02023637-7868-4a5f-8576-835a76e0c9ba">
						<Properties>
							<Name>Период</Name>
							<Type>LabelField</Type>
							<DataPath>Список.Period</DataPath>
							<Visible>true</Visible>
							<UserVisible>
								<xr:common>true</xr:common>
							</UserVisible>
							<DefaultItem>false</DefaultItem>
							<Enabled>true</Enabled>
							<ReadOnly>false</ReadOnly>
							<SkipOnInput>auto</SkipOnInput>
							<Title/>
							<TitleTextColor>auto</TitleTextColor>
							<TitleBackColor>auto</TitleBackColor>
							<TitleFont kind="AutoFont"/>
							<TitleLocation>Auto</TitleLocation>
							<TitleHeight>0</TitleHeight>
							<ToolTip/>
							<ToolTipRepresentation>Auto</ToolTipRepresentation>
							<WarningOnEditRepresentation>Auto</WarningOnEditRepresentation>
							<WarningOnEdit/>
							<Shortcut/>
							<CommandsContent/>
							<HorizontalAlign>Auto</HorizontalAlign>
							<VerticalAlign>Auto</VerticalAlign>
							<EditMode>Enter</EditMode>
							<FixingInTable>None</FixingInTable>
							<CellHyperlink>false</CellHyperlink>
							<AutoCellHeight>false</AutoCellHeight>
							<ShowInHeader>true</ShowInHeader>
							<HeaderPicture/>
							<HeaderHorizontalAlign>Left</HeaderHorizontalAlign>
							<ShowInFooter>true</ShowInFooter>
							<FooterDataPath/>
							<FooterText/>
							<FooterTextColor>auto</FooterTextColor>
							<FooterBackColor>auto</FooterBackColor>
							<FooterFont kind="AutoFont"/>
							<FooterPicture/>
							<FooterHorizontalAlign>Auto</FooterHorizontalAlign>
							<Width>0</Width>
							<RowsCount>0</RowsCount>
							<HorizontalStretchable>auto</HorizontalStretchable>
							<VerticalStretchable>auto</VerticalStretchable>
							<MarkNegatives>auto</MarkNegatives>
							<Format/>
							<HiperLink>false</HiperLink>
							<PasswordMode>auto</PasswordMode>
							<TextColor>auto</TextColor>
							<BackColor>auto</BackColor>
							<Font kind="AutoFont"/>
						</Properties>
						<Events/>
						<PredefinedContainedItems>
							<ContextMenu xsi:type="ContextMenuGroup" id="5:02023637-7868-4a5f-8576-835a76e0c9ba">
								<Properties>
									<Name>ПериодКонтекстноеМеню</Name>
									<Type>ContextMenu</Type>
									<Visible>true</Visible>
									<UserVisible>
										<xr:common>true</xr:common>
									</UserVisible>
									<Enabled>true</Enabled>
									<ReadOnly>false</ReadOnly>
									<EnableContentChange>false</EnableContentChange>
									<Title/>
									<TitleTextColor>auto</TitleTextColor>
									<TitleFont kind="AutoFont"/>
									<ToolTip/>
									<ToolTipRepresentation>Auto</ToolTipRepresentation>
									<Shortcut/>
									<Width>0</Width>
									<Height>0</Height>
									<HorizontalStretch>auto</HorizontalStretch>
									<VerticalStretch>auto</VerticalStretch>
									<FillWithStdCommands>true</FillWithStdCommands>
								</Properties>
								<PredefinedContainedItems/>
								<ContainedItems/>
							</ContextMenu>
							<ExtTooltip xsi:type="TextDecoration" id="19:02023637-7868-4a5f-8576-835a76e0c9ba">
								<Properties>
									<Name>ПериодExtendedTooltip</Name>
									<Kind>Label</Kind>
									<Visible>true</Visible>
									<UserVisible>
										<xr:common>true</xr:common>
									</UserVisible>
									<Enabled>true</Enabled>
									<Width>0</Width>
									<Height>0</Height>
									<HorStretchable>auto</HorStretchable>
									<VertStretchable>auto</VertStretchable>
									<SkipOnInput>auto</SkipOnInput>
									<TextColor>auto</TextColor>
									<Font kind="AutoFont"/>
									<ShortCut/>
									<Title/>
									<Tooltip/>
									<TooltipRepresentation>Auto</TooltipRepresentation>
									<HyperLink>false</HyperLink>
									<HorAlignment>Left</HorAlignment>
									<VertAlignment>Auto</VertAlignment>
									<TitleHeight>0</TitleHeight>
									<BackColor>auto</BackColor>
									<BorderColor>auto</BorderColor>
									<Border width="1">
										<style xmlns="http://v8.1c.ru/8.1/data/ui" xsi:type="ControlBorderType">WithoutBorder</style>
									</Border>
								</Properties>
								<Events/>
								<PredefinedContainedItems/>
							</ExtTooltip>
						</PredefinedContainedItems>
					</Text>
					<Text id="10:02023637-7868-4a5f-8576-835a76e0c9ba">
						<Properties>
							<Name>Проект</Name>
							<Type>LabelField</Type>
							<DataPath>Список.Проект</DataPath>
							<Visible>true</Visible>
							<UserVisible>
								<xr:common>true</xr:common>
							</UserVisible>
							<DefaultItem>false</DefaultItem>
							<Enabled>true</Enabled>
							<ReadOnly>false</ReadOnly>
							<SkipOnInput>auto</SkipOnInput>
							<Title/>
							<TitleTextColor>auto</TitleTextColor>
							<TitleBackColor>auto</TitleBackColor>
							<TitleFont kind="AutoFont"/>
							<TitleLocation>Auto</TitleLocation>
							<TitleHeight>0</TitleHeight>
							<ToolTip/>
							<ToolTipRepresentation>Auto</ToolTipRepresentation>
							<WarningOnEditRepresentation>Auto</WarningOnEditRepresentation>
							<WarningOnEdit/>
							<Shortcut/>
							<CommandsContent/>
							<HorizontalAlign>Auto</HorizontalAlign>
							<VerticalAlign>Auto</VerticalAlign>
							<EditMode>Enter</EditMode>
							<FixingInTable>None</FixingInTable>
							<CellHyperlink>false</CellHyperlink>
							<AutoCellHeight>false</AutoCellHeight>
							<ShowInHeader>true</ShowInHeader>
							<HeaderPicture/>
							<HeaderHorizontalAlign>Left</HeaderHorizontalAlign>
							<ShowInFooter>true</ShowInFooter>
							<FooterDataPath/>
							<FooterText/>
							<FooterTextColor>auto</FooterTextColor>
							<FooterBackColor>auto</FooterBackColor>
							<FooterFont kind="AutoFont"/>
							<FooterPicture/>
							<FooterHorizontalAlign>Auto</FooterHorizontalAlign>
							<Width>0</Width>
							<RowsCount>0</RowsCount>
							<HorizontalStretchable>auto</HorizontalStretchable>
							<VerticalStretchable>auto</VerticalStretchable>
							<MarkNegatives>auto</MarkNegatives>
							<Format/>
							<HiperLink>false</HiperLink>
							<PasswordMode>auto</PasswordMode>
							<TextColor>auto</TextColor>
							<BackColor>auto</BackColor>
							<Font kind="AutoFont"/>
						</Properties>
						<Events/>
						<PredefinedContainedItems>
							<ContextMenu xsi:type="ContextMenuGroup" id="11:02023637-7868-4a5f-8576-835a76e0c9ba">
								<Properties>
									<Name>ПроектКонтекстноеМеню</Name>
									<Type>ContextMenu</Type>
									<Visible>true</Visible>
									<UserVisible>
										<xr:common>true</xr:common>
									</UserVisible>
									<Enabled>true</Enabled>
									<ReadOnly>false</ReadOnly>
									<EnableContentChange>false</EnableContentChange>
									<Title/>
									<TitleTextColor>auto</TitleTextColor>
									<TitleFont kind="AutoFont"/>
									<ToolTip/>
									<ToolTipRepresentation>Auto</ToolTipRepresentation>
									<Shortcut/>
									<Width>0</Width>
									<Height>0</Height>
									<HorizontalStretch>auto</HorizontalStretch>
									<VerticalStretch>auto</VerticalStretch>
									<FillWithStdCommands>true</FillWithStdCommands>
								</Properties>
								<PredefinedContainedItems/>
								<ContainedItems/>
							</ContextMenu>
							<ExtTooltip xsi:type="TextDecoration" id="20:02023637-7868-4a5f-8576-835a76e0c9ba">
								<Properties>
									<Name>ПроектExtendedTooltip</Name>
									<Kind>Label</Kind>
									<Visible>true</Visible>
									<UserVisible>
										<xr:common>true</xr:common>
									</UserVisible>
									<Enabled>true</Enabled>
									<Width>0</Width>
									<Height>0</Height>
									<HorStretchable>auto</HorStretchable>
									<VertStretchable>auto</VertStretchable>
									<SkipOnInput>auto</SkipOnInput>
									<TextColor>auto</TextColor>
									<Font kind="AutoFont"/>
									<ShortCut/>
									<Title/>
									<Tooltip/>
									<TooltipRepresentation>Auto</TooltipRepresentation>
									<HyperLink>false</HyperLink>
									<HorAlignment>Left</HorAlignment>
									<VertAlignment>Auto</VertAlignment>
									<TitleHeight>0</TitleHeight>
									<BackColor>auto</BackColor>
									<BorderColor>auto</BorderColor>
									<Border width="1">
										<style xmlns="http://v8.1c.ru/8.1/data/ui" xsi:type="ControlBorderType">WithoutBorder</style>
									</Border>
								</Properties>
								<Events/>
								<PredefinedContainedItems/>
							</ExtTooltip>
						</PredefinedContainedItems>
					</Text>
					<Text id="12:02023637-7868-4a5f-8576-835a76e0c9ba">
						<Properties>
							<Name>СтатусПроекта</Name>
							<Type>LabelField</Type>
							<DataPath>Список.СтатусПроекта</DataPath>
							<Visible>true</Visible>
							<UserVisible>
								<xr:common>true</xr:common>
							</UserVisible>
							<DefaultItem>false</DefaultItem>
							<Enabled>true</Enabled>
							<ReadOnly>false</ReadOnly>
							<SkipOnInput>auto</SkipOnInput>
							<Title/>
							<TitleTextColor>auto</TitleTextColor>
							<TitleBackColor>auto</TitleBackColor>
							<TitleFont kind="AutoFont"/>
							<TitleLocation>Auto</TitleLocation>
							<TitleHeight>0</TitleHeight>
							<ToolTip/>
							<ToolTipRepresentation>Auto</ToolTipRepresentation>
							<WarningOnEditRepresentation>Auto</WarningOnEditRepresentation>
							<WarningOnEdit/>
							<Shortcut/>
							<CommandsContent/>
							<HorizontalAlign>Auto</HorizontalAlign>
							<VerticalAlign>Auto</VerticalAlign>
							<EditMode>Enter</EditMode>
							<FixingInTable>None</FixingInTable>
							<CellHyperlink>false</CellHyperlink>
							<AutoCellHeight>false</AutoCellHeight>
							<ShowInHeader>true</ShowInHeader>
							<HeaderPicture/>
							<HeaderHorizontalAlign>Left</HeaderHorizontalAlign>
							<ShowInFooter>true</ShowInFooter>
							<FooterDataPath/>
							<FooterText/>
							<FooterTextColor>auto</FooterTextColor>
							<FooterBackColor>auto</FooterBackColor>
							<FooterFont kind="AutoFont"/>
							<FooterPicture/>
							<FooterHorizontalAlign>Auto</FooterHorizontalAlign>
							<Width>0</Width>
							<RowsCount>0</RowsCount>
							<HorizontalStretchable>auto</HorizontalStretchable>
							<VerticalStretchable>auto</VerticalStretchable>
							<MarkNegatives>auto</MarkNegatives>
							<Format/>
							<HiperLink>false</HiperLink>
							<PasswordMode>auto</PasswordMode>
							<TextColor>auto</TextColor>
							<BackColor>auto</BackColor>
							<Font kind="AutoFont"/>
						</Properties>
						<Events/>
						<PredefinedContainedItems>
							<ContextMenu xsi:type="ContextMenuGroup" id="13:02023637-7868-4a5f-8576-835a76e0c9ba">
								<Properties>
									<Name>СтатусПроектаКонтекстноеМеню</Name>
									<Type>ContextMenu</Type>
									<Visible>true</Visible>
									<UserVisible>
										<xr:common>true</xr:common>
									</UserVisible>
									<Enabled>true</Enabled>
									<ReadOnly>false</ReadOnly>
									<EnableContentChange>false</EnableContentChange>
									<Title/>
									<TitleTextColor>auto</TitleTextColor>
									<TitleFont kind="AutoFont"/>
									<ToolTip/>
									<ToolTipRepresentation>Auto</ToolTipRepresentation>
									<Shortcut/>
									<Width>0</Width>
									<Height>0</Height>
									<HorizontalStretch>auto</HorizontalStretch>
									<VerticalStretch>auto</VerticalStretch>
									<FillWithStdCommands>true</FillWithStdCommands>
								</Properties>
								<PredefinedContainedItems/>
								<ContainedItems/>
							</ContextMenu>
							<ExtTooltip xsi:type="TextDecoration" id="21:02023637-7868-4a5f-8576-835a76e0c9ba">
								<Properties>
									<Name>СтатусПроектаExtendedTooltip</Name>
									<Kind>Label</Kind>
									<Visible>true</Visible>
									<UserVisible>
										<xr:common>true</xr:common>
									</UserVisible>
									<Enabled>true</Enabled>
									<Width>0</Width>
									<Height>0</Height>
									<HorStretchable>auto</HorStretchable>
									<VertStretchable>auto</VertStretchable>
									<SkipOnInput>auto</SkipOnInput>
									<TextColor>auto</TextColor>
									<Font kind="AutoFont"/>
									<ShortCut/>
									<Title/>
									<Tooltip/>
									<TooltipRepresentation>Auto</TooltipRepresentation>
									<HyperLink>false</HyperLink>
									<HorAlignment>Left</HorAlignment>
									<VertAlignment>Auto</VertAlignment>
									<TitleHeight>0</TitleHeight>
									<BackColor>auto</BackColor>
									<BorderColor>auto</BorderColor>
									<Border width="1">
										<style xmlns="http://v8.1c.ru/8.1/data/ui" xsi:type="ControlBorderType">WithoutBorder</style>
									</Border>
								</Properties>
								<Events/>
								<PredefinedContainedItems/>
							</ExtTooltip>
						</PredefinedContainedItems>
					</Text>
				</ContainedItems>
			</Table>
		</ContainedItems>
	</Elements>
	<NavigationPanel/>
	<CommandPanel/>
</Form>