﻿<?xml version="1.0" encoding="UTF-8"?>
<Form xmlns="http://v8.1c.ru/8.3/xcf/logform" xmlns:app="http://v8.1c.ru/8.2/managed-application/core" xmlns:dcscor="http://v8.1c.ru/8.1/data-composition-system/core" xmlns:dcsset="http://v8.1c.ru/8.1/data-composition-system/settings" xmlns:ent="http://v8.1c.ru/8.1/data/enterprise" xmlns:lf="http://v8.1c.ru/8.2/managed-application/logform" xmlns:style="http://v8.1c.ru/8.1/data/ui/style" xmlns:v8="http://v8.1c.ru/8.1/data/core" xmlns:web="http://v8.1c.ru/8.1/data/ui/colors/web" xmlns:win="http://v8.1c.ru/8.1/data/ui/colors/windows" xmlns:xr="http://v8.1c.ru/8.3/xcf/readable" xmlns:xs="http://www.w3.org/2001/XMLSchema" xmlns:xsi="http://www.w3.org/2001/XMLSchema-instance">
	<Attributes>
		<Attribute id="1">
			<Name>НаборЗаписей</Name>
			<Title/>
			<Type>
				<v8:Type xmlns:d5p1="http://v8.1c.ru/8.1/data/enterprise/current-config">d5p1:InformationRegisterRecordSet.упоОперацииБиблиотекиШаблонов</v8:Type>
			</Type>
			<Accessibility>
				<xr:common>true</xr:common>
			</Accessibility>
			<Editing>
				<xr:common>true</xr:common>
			</Editing>
			<Content/>
			<SavingContent/>
			<MainProperty>true</MainProperty>
			<StoredData>false</StoredData>
			<FunctionalOptions/>
			<FillCheck>DontCheck</FillCheck>
			<Columns/>
			<ExtInfo/>
		</Attribute>
		<ConditionalAppearance/>
	</Attributes>
	<Commands/>
	<Parameters/>
	<Elements id="0:02023637-7868-4a5f-8576-835a76e0c9ba">
		<Properties>
			<Title/>
			<Width>0</Width>
			<Height>0</Height>
			<OpeningMode>Independent</OpeningMode>
			<EnterKeyBehavior>ControlNavigation</EnterKeyBehavior>
			<AutoSaveFormDataInSettings>DontUse</AutoSaveFormDataInSettings>
			<SaveFormDataInSettings>DontUse</SaveFormDataInSettings>
			<SettingsStorage/>
			<AutoTitle>true</AutoTitle>
			<AutoURL>true</AutoURL>
			<ChildrenGrouping>Vertical</ChildrenGrouping>
			<ChildItemsWidth>Auto</ChildItemsWidth>
			<AutoFillCheck>true</AutoFillCheck>
			<Customizable>true</Customizable>
			<Enabled>true</Enabled>
			<ReadOnly>false</ReadOnly>
			<CommandBarLocation>Auto</CommandBarLocation>
			<VerticalScrolling>useIfNecessary</VerticalScrolling>
			<BaseFontVariant>Auto</BaseFontVariant>
			<CommandsContent/>
		</Properties>
		<Events>
			<Event name="AfterWrite">ПослеЗаписи</Event>
			<Event name="OnSaveDataInSettingsAtServer">ПриСохраненииДанныхВНастройкахНаСервере</Event>
			<Event name="ChoiceProcessing">ОбработкаВыбора</Event>
			<Event name="AfterWriteAtServer">ПослеЗаписиНаСервере</Event>
			<Event name="NotificationProcessing">ОбработкаОповещения</Event>
			<Event name="OnReadAtServer">ПриЧтенииНаСервере</Event>
			<Event name="NewWriteProcessing">ОбработкаЗаписиНового</Event>
			<Event name="OnOpen">ПриОткрытии</Event>
			<Event name="BeforeClose">ПередЗакрытием</Event>
			<Event name="ExternalEvent">ВнешнееСобытие</Event>
			<Event name="OnReopen">ПриПовторномОткрытии</Event>
			<Event name="OnLoadDataFromSettingsAtServer">ПриЗагрузкеДанныхИзНастроекНаСервере</Event>
			<Event name="BeforeWrite">ПередЗаписью</Event>
			<Event name="OnCreateAtServer">ПриСозданииНаСервере</Event>
			<Event name="ActivationProcessing">ОбработкаАктивизации</Event>
			<Event name="BeforeWriteAtServer">ПередЗаписьюНаСервере</Event>
			<Event name="OnWriteAtServer">ПриЗаписиНаСервере</Event>
			<Event name="OnClose">ПриЗакрытии</Event>
			<Event name="FillCheckProcessingAtServer">ОбработкаПроверкиЗаполненияНаСервере</Event>
			<Event name="BeforeLoadDataFromSettingsAtServer">ПередЗагрузкойДанныхИзНастроекНаСервере</Event>
		</Events>
		<PredefinedContainedItems>
			<CommandBar xsi:type="AutoMenuGroup" id="-1:02023637-7868-4a5f-8576-835a76e0c9ba">
				<Properties>
					<Name>ФормаКоманднаяПанель</Name>
					<Type>AutoCommandBar</Type>
					<Visible>true</Visible>
					<UserVisible>
						<xr:common>true</xr:common>
					</UserVisible>
					<Enabled>true</Enabled>
					<ReadOnly>false</ReadOnly>
					<EnableContentChange>false</EnableContentChange>
					<Title/>
					<TitleTextColor>auto</TitleTextColor>
					<TitleFont kind="AutoFont"/>
					<ToolTip/>
					<ToolTipRepresentation>Auto</ToolTipRepresentation>
					<Shortcut/>
					<Width>0</Width>
					<Height>0</Height>
					<HorizontalStretch>auto</HorizontalStretch>
					<VerticalStretch>auto</VerticalStretch>
					<HorAlignment>Left</HorAlignment>
					<FillWithStdCommands>true</FillWithStdCommands>
				</Properties>
				<PredefinedContainedItems/>
				<ContainedItems/>
			</CommandBar>
		</PredefinedContainedItems>
		<ContainedItems>
			<Table id="1:02023637-7868-4a5f-8576-835a76e0c9ba">
				<Properties>
					<Name>НаборЗаписей</Name>
					<Representation>List</Representation>
					<Visible>true</Visible>
					<UserVisible>
						<xr:common>true</xr:common>
					</UserVisible>
					<TitleLocation>None</TitleLocation>
					<TitleRowsCount>0</TitleRowsCount>
					<CommandBarLocation>Auto</CommandBarLocation>
					<AutoFill>false</AutoFill>
					<Enabled>true</Enabled>
					<ReadOnly>false</ReadOnly>
					<SkipOnInput>auto</SkipOnInput>
					<DefaultElement>false</DefaultElement>
					<ChangeRowSet>true</ChangeRowSet>
					<ChangeRowOrder>true</ChangeRowOrder>
					<Width>0</Width>
					<Height>0</Height>
					<RowsCount>0</RowsCount>
					<ChoiceMode>false</ChoiceMode>
					<MultipleChoice>false</MultipleChoice>
					<RowInputMode>EndOfList</RowInputMode>
					<RowsSelectionMode>MultiRow</RowsSelectionMode>
					<RowSelectionMode>Cell</RowSelectionMode>
					<ShowHeader>true</ShowHeader>
					<HeaderHeight>1</HeaderHeight>
					<ShowFooter>false</ShowFooter>
					<FooterHeight>1</FooterHeight>
					<HorScroll>AutoUse</HorScroll>
					<VertScroll>AutoUse</VertScroll>
					<ShowHorLines>true</ShowHorLines>
					<ShowVertLines>true</ShowVertLines>
					<FixedLeft>4294967295</FixedLeft>
					<FixedRight>4294967295</FixedRight>
					<UseAlternationRowColor>false</UseAlternationRowColor>
					<AutoInsertNewRow>true</AutoInsertNewRow>
					<AutoInsertNotCompletedVals>auto</AutoInsertNotCompletedVals>
					<AutoMarkNotcompletedVals>auto</AutoMarkNotcompletedVals>
					<SearchOnInput>Auto</SearchOnInput>
					<InitialListView>Auto</InitialListView>
					<InitialTreeView>NoExpand</InitialTreeView>
					<UseOutput>Auto</UseOutput>
					<HorStretchable>true</HorStretchable>
					<VertStretchable>true</VertStretchable>
					<EnableStartDrag>true</EnableStartDrag>
					<EnableDrag>true</EnableDrag>
					<DataPath>НаборЗаписей</DataPath>
					<RowPictureDataPath/>
					<RowsPicture/>
					<TextColor>auto</TextColor>
					<BackColor>auto</BackColor>
					<BorderColor>auto</BorderColor>
					<Font kind="AutoFont"/>
					<Title/>
					<TitleTextColor>auto</TitleTextColor>
					<TitleFont kind="AutoFont"/>
					<ShortCut/>
					<CommandsContent/>
					<Tooltip/>
					<TooltipRepresentation>Auto</TooltipRepresentation>
					<FilterData xsi:nil="true"/>
				</Properties>
				<Events/>
				<PredefinedContainedItems>
					<ContextMenu xsi:type="ContextMenuGroup" id="2:02023637-7868-4a5f-8576-835a76e0c9ba">
						<Properties>
							<Name>НаборЗаписейКонтекстноеМеню</Name>
							<Type>ContextMenu</Type>
							<Visible>true</Visible>
							<UserVisible>
								<xr:common>true</xr:common>
							</UserVisible>
							<Enabled>true</Enabled>
							<ReadOnly>false</ReadOnly>
							<EnableContentChange>false</EnableContentChange>
							<Title/>
							<TitleTextColor>auto</TitleTextColor>
							<TitleFont kind="AutoFont"/>
							<ToolTip/>
							<ToolTipRepresentation>Auto</ToolTipRepresentation>
							<Shortcut/>
							<Width>0</Width>
							<Height>0</Height>
							<HorizontalStretch>auto</HorizontalStretch>
							<VerticalStretch>auto</VerticalStretch>
							<FillWithStdCommands>true</FillWithStdCommands>
						</Properties>
						<PredefinedContainedItems/>
						<ContainedItems/>
					</ContextMenu>
					<CommandBar xsi:type="AutoMenuGroup" id="3:02023637-7868-4a5f-8576-835a76e0c9ba">
						<Properties>
							<Name>НаборЗаписейКоманднаяПанель</Name>
							<Type>AutoCommandBar</Type>
							<Visible>true</Visible>
							<UserVisible>
								<xr:common>true</xr:common>
							</UserVisible>
							<Enabled>true</Enabled>
							<ReadOnly>false</ReadOnly>
							<EnableContentChange>false</EnableContentChange>
							<Title/>
							<TitleTextColor>auto</TitleTextColor>
							<TitleFont kind="AutoFont"/>
							<ToolTip/>
							<ToolTipRepresentation>Auto</ToolTipRepresentation>
							<Shortcut/>
							<Width>0</Width>
							<Height>0</Height>
							<HorizontalStretch>auto</HorizontalStretch>
							<VerticalStretch>auto</VerticalStretch>
							<HorAlignment>Left</HorAlignment>
							<FillWithStdCommands>true</FillWithStdCommands>
						</Properties>
						<PredefinedContainedItems/>
						<ContainedItems/>
					</CommandBar>
					<ExtTooltip xsi:type="TextDecoration" id="14:02023637-7868-4a5f-8576-835a76e0c9ba">
						<Properties>
							<Name>НаборЗаписейExtendedTooltip</Name>
							<Kind>Label</Kind>
							<Visible>true</Visible>
							<UserVisible>
								<xr:common>true</xr:common>
							</UserVisible>
							<Enabled>true</Enabled>
							<Width>0</Width>
							<Height>0</Height>
							<HorStretchable>auto</HorStretchable>
							<VertStretchable>auto</VertStretchable>
							<SkipOnInput>auto</SkipOnInput>
							<TextColor>auto</TextColor>
							<Font kind="AutoFont"/>
							<ShortCut/>
							<Title/>
							<Tooltip/>
							<TooltipRepresentation>Auto</TooltipRepresentation>
							<HyperLink>false</HyperLink>
							<HorAlignment>Left</HorAlignment>
							<VertAlignment>Auto</VertAlignment>
							<TitleHeight>0</TitleHeight>
							<BackColor>auto</BackColor>
							<BorderColor>auto</BorderColor>
							<Border width="1">
								<style xmlns="http://v8.1c.ru/8.1/data/ui" xsi:type="ControlBorderType">WithoutBorder</style>
							</Border>
						</Properties>
						<Events/>
						<PredefinedContainedItems/>
					</ExtTooltip>
				</PredefinedContainedItems>
				<ContainedItems>
					<Input id="4:02023637-7868-4a5f-8576-835a76e0c9ba">
						<Properties>
							<Name>Период</Name>
							<Type>InputField</Type>
							<DataPath>НаборЗаписей.Period</DataPath>
							<Visible>true</Visible>
							<UserVisible>
								<xr:common>true</xr:common>
							</UserVisible>
							<DefaultItem>false</DefaultItem>
							<Enabled>true</Enabled>
							<ReadOnly>false</ReadOnly>
							<SkipOnInput>auto</SkipOnInput>
							<Title/>
							<TitleTextColor>auto</TitleTextColor>
							<TitleBackColor>auto</TitleBackColor>
							<TitleFont kind="AutoFont"/>
							<TitleLocation>Auto</TitleLocation>
							<TitleHeight>0</TitleHeight>
							<ToolTip/>
							<ToolTipRepresentation>Auto</ToolTipRepresentation>
							<WarningOnEditRepresentation>Auto</WarningOnEditRepresentation>
							<WarningOnEdit/>
							<Shortcut/>
							<CommandsContent/>
							<HorizontalAlign>Auto</HorizontalAlign>
							<VerticalAlign>Auto</VerticalAlign>
							<EditMode>EnterOnInput</EditMode>
							<FixingInTable>None</FixingInTable>
							<CellHyperlink>false</CellHyperlink>
							<AutoCellHeight>false</AutoCellHeight>
							<ShowInHeader>true</ShowInHeader>
							<HeaderPicture/>
							<HeaderHorizontalAlign>Left</HeaderHorizontalAlign>
							<ShowInFooter>true</ShowInFooter>
							<FooterDataPath/>
							<FooterText/>
							<FooterTextColor>auto</FooterTextColor>
							<FooterBackColor>auto</FooterBackColor>
							<FooterFont kind="AutoFont"/>
							<FooterPicture/>
							<FooterHorizontalAlign>Auto</FooterHorizontalAlign>
							<Width>0</Width>
							<RowsCount>0</RowsCount>
							<HorizontalStretchable>auto</HorizontalStretchable>
							<VerticalStretchable>auto</VerticalStretchable>
							<Wrap>true</Wrap>
							<PasswordMode>auto</PasswordMode>
							<MultiLine>auto</MultiLine>
							<ExtendedEdit>auto</ExtendedEdit>
							<MarkNegatives>auto</MarkNegatives>
							<ChoiceListButton>auto</ChoiceListButton>
							<DropListButton>auto</DropListButton>
							<ChoiceButton>auto</ChoiceButton>
							<ChoiceButtonRepresentation>Auto</ChoiceButtonRepresentation>
							<ClearButton>auto</ClearButton>
							<SpinButton>auto</SpinButton>
							<OpenButton>auto</OpenButton>
							<CreateButton>auto</CreateButton>
							<Mask/>
							<ListChoiceMode>false</ListChoiceMode>
							<ChoiceListHeight>0</ChoiceListHeight>
							<DropListWidth>0</DropListWidth>
							<AutoChoiceIncomplete>auto</AutoChoiceIncomplete>
							<QuickChoice>auto</QuickChoice>
							<ChoiceObjects>Auto</ChoiceObjects>
							<Format/>
							<InputFormat/>
							<AutoMarkIncomplete>auto</AutoMarkIncomplete>
							<ChoiceType>true</ChoiceType>
							<IncompleteChoiceMode>OnEnterPressed</IncompleteChoiceMode>
							<TypeDomainEnabled>true</TypeDomainEnabled>
							<TextEdit>true</TextEdit>
							<EditTextUpdateMode>Auto</EditTextUpdateMode>
							<MinVal xsi:nil="true"/>
							<MaxVal xsi:nil="true"/>
							<ChoiceButtonPicture/>
							<ChoiceForm/>
							<ChoiceParamLinks/>
							<ChoiceParams/>
							<AvailableTypes/>
							<ValueList/>
							<TextColor>auto</TextColor>
							<BackColor>auto</BackColor>
							<BorderColor>auto</BorderColor>
							<Font kind="AutoFont"/>
							<LinkByType/>
							<InputHint/>
							<ChoiceHistoryOnInput>Auto</ChoiceHistoryOnInput>
						</Properties>
						<Events/>
						<PredefinedContainedItems>
							<ContextMenu xsi:type="ContextMenuGroup" id="5:02023637-7868-4a5f-8576-835a76e0c9ba">
								<Properties>
									<Name>ПериодКонтекстноеМеню</Name>
									<Type>ContextMenu</Type>
									<Visible>true</Visible>
									<UserVisible>
										<xr:common>true</xr:common>
									</UserVisible>
									<Enabled>true</Enabled>
									<ReadOnly>false</ReadOnly>
									<EnableContentChange>false</EnableContentChange>
									<Title/>
									<TitleTextColor>auto</TitleTextColor>
									<TitleFont kind="AutoFont"/>
									<ToolTip/>
									<ToolTipRepresentation>Auto</ToolTipRepresentation>
									<Shortcut/>
									<Width>0</Width>
									<Height>0</Height>
									<HorizontalStretch>auto</HorizontalStretch>
									<VerticalStretch>auto</VerticalStretch>
									<FillWithStdCommands>true</FillWithStdCommands>
								</Properties>
								<PredefinedContainedItems/>
								<ContainedItems/>
							</ContextMenu>
							<ExtTooltip xsi:type="TextDecoration" id="15:02023637-7868-4a5f-8576-835a76e0c9ba">
								<Properties>
									<Name>ПериодExtendedTooltip</Name>
									<Kind>Label</Kind>
									<Visible>true</Visible>
									<UserVisible>
										<xr:common>true</xr:common>
									</UserVisible>
									<Enabled>true</Enabled>
									<Width>0</Width>
									<Height>0</Height>
									<HorStretchable>auto</HorStretchable>
									<VertStretchable>auto</VertStretchable>
									<SkipOnInput>auto</SkipOnInput>
									<TextColor>auto</TextColor>
									<Font kind="AutoFont"/>
									<ShortCut/>
									<Title/>
									<Tooltip/>
									<TooltipRepresentation>Auto</TooltipRepresentation>
									<HyperLink>false</HyperLink>
									<HorAlignment>Left</HorAlignment>
									<VertAlignment>Auto</VertAlignment>
									<TitleHeight>0</TitleHeight>
									<BackColor>auto</BackColor>
									<BorderColor>auto</BorderColor>
									<Border width="1">
										<style xmlns="http://v8.1c.ru/8.1/data/ui" xsi:type="ControlBorderType">WithoutBorder</style>
									</Border>
								</Properties>
								<Events/>
								<PredefinedContainedItems/>
							</ExtTooltip>
						</PredefinedContainedItems>
					</Input>
					<Input id="6:02023637-7868-4a5f-8576-835a76e0c9ba">
						<Properties>
							<Name>ВидОперации</Name>
							<Type>InputField</Type>
							<DataPath>НаборЗаписей.ВидОперации</DataPath>
							<Visible>true</Visible>
							<UserVisible>
								<xr:common>true</xr:common>
							</UserVisible>
							<DefaultItem>false</DefaultItem>
							<Enabled>true</Enabled>
							<ReadOnly>false</ReadOnly>
							<SkipOnInput>auto</SkipOnInput>
							<Title/>
							<TitleTextColor>auto</TitleTextColor>
							<TitleBackColor>auto</TitleBackColor>
							<TitleFont kind="AutoFont"/>
							<TitleLocation>Auto</TitleLocation>
							<TitleHeight>0</TitleHeight>
							<ToolTip/>
							<ToolTipRepresentation>Auto</ToolTipRepresentation>
							<WarningOnEditRepresentation>Auto</WarningOnEditRepresentation>
							<WarningOnEdit/>
							<Shortcut/>
							<CommandsContent/>
							<HorizontalAlign>Auto</HorizontalAlign>
							<VerticalAlign>Auto</VerticalAlign>
							<EditMode>EnterOnInput</EditMode>
							<FixingInTable>None</FixingInTable>
							<CellHyperlink>false</CellHyperlink>
							<AutoCellHeight>false</AutoCellHeight>
							<ShowInHeader>true</ShowInHeader>
							<HeaderPicture/>
							<HeaderHorizontalAlign>Left</HeaderHorizontalAlign>
							<ShowInFooter>true</ShowInFooter>
							<FooterDataPath/>
							<FooterText/>
							<FooterTextColor>auto</FooterTextColor>
							<FooterBackColor>auto</FooterBackColor>
							<FooterFont kind="AutoFont"/>
							<FooterPicture/>
							<FooterHorizontalAlign>Auto</FooterHorizontalAlign>
							<Width>0</Width>
							<RowsCount>0</RowsCount>
							<HorizontalStretchable>auto</HorizontalStretchable>
							<VerticalStretchable>auto</VerticalStretchable>
							<Wrap>true</Wrap>
							<PasswordMode>auto</PasswordMode>
							<MultiLine>auto</MultiLine>
							<ExtendedEdit>auto</ExtendedEdit>
							<MarkNegatives>auto</MarkNegatives>
							<ChoiceListButton>auto</ChoiceListButton>
							<DropListButton>auto</DropListButton>
							<ChoiceButton>auto</ChoiceButton>
							<ChoiceButtonRepresentation>Auto</ChoiceButtonRepresentation>
							<ClearButton>auto</ClearButton>
							<SpinButton>auto</SpinButton>
							<OpenButton>auto</OpenButton>
							<CreateButton>auto</CreateButton>
							<Mask/>
							<ListChoiceMode>false</ListChoiceMode>
							<ChoiceListHeight>0</ChoiceListHeight>
							<DropListWidth>0</DropListWidth>
							<AutoChoiceIncomplete>auto</AutoChoiceIncomplete>
							<QuickChoice>auto</QuickChoice>
							<ChoiceObjects>Auto</ChoiceObjects>
							<Format/>
							<InputFormat/>
							<AutoMarkIncomplete>auto</AutoMarkIncomplete>
							<ChoiceType>true</ChoiceType>
							<IncompleteChoiceMode>OnEnterPressed</IncompleteChoiceMode>
							<TypeDomainEnabled>true</TypeDomainEnabled>
							<TextEdit>true</TextEdit>
							<EditTextUpdateMode>Auto</EditTextUpdateMode>
							<MinVal xsi:nil="true"/>
							<MaxVal xsi:nil="true"/>
							<ChoiceButtonPicture/>
							<ChoiceForm/>
							<ChoiceParamLinks/>
							<ChoiceParams/>
							<AvailableTypes/>
							<ValueList/>
							<TextColor>auto</TextColor>
							<BackColor>auto</BackColor>
							<BorderColor>auto</BorderColor>
							<Font kind="AutoFont"/>
							<LinkByType/>
							<InputHint/>
							<ChoiceHistoryOnInput>Auto</ChoiceHistoryOnInput>
						</Properties>
						<Events/>
						<PredefinedContainedItems>
							<ContextMenu xsi:type="ContextMenuGroup" id="7:02023637-7868-4a5f-8576-835a76e0c9ba">
								<Properties>
									<Name>ВидОперацииКонтекстноеМеню</Name>
									<Type>ContextMenu</Type>
									<Visible>true</Visible>
									<UserVisible>
										<xr:common>true</xr:common>
									</UserVisible>
									<Enabled>true</Enabled>
									<ReadOnly>false</ReadOnly>
									<EnableContentChange>false</EnableContentChange>
									<Title/>
									<TitleTextColor>auto</TitleTextColor>
									<TitleFont kind="AutoFont"/>
									<ToolTip/>
									<ToolTipRepresentation>Auto</ToolTipRepresentation>
									<Shortcut/>
									<Width>0</Width>
									<Height>0</Height>
									<HorizontalStretch>auto</HorizontalStretch>
									<VerticalStretch>auto</VerticalStretch>
									<FillWithStdCommands>true</FillWithStdCommands>
								</Properties>
								<PredefinedContainedItems/>
								<ContainedItems/>
							</ContextMenu>
							<ExtTooltip xsi:type="TextDecoration" id="16:02023637-7868-4a5f-8576-835a76e0c9ba">
								<Properties>
									<Name>ВидОперацииExtendedTooltip</Name>
									<Kind>Label</Kind>
									<Visible>true</Visible>
									<UserVisible>
										<xr:common>true</xr:common>
									</UserVisible>
									<Enabled>true</Enabled>
									<Width>0</Width>
									<Height>0</Height>
									<HorStretchable>auto</HorStretchable>
									<VertStretchable>auto</VertStretchable>
									<SkipOnInput>auto</SkipOnInput>
									<TextColor>auto</TextColor>
									<Font kind="AutoFont"/>
									<ShortCut/>
									<Title/>
									<Tooltip/>
									<TooltipRepresentation>Auto</TooltipRepresentation>
									<HyperLink>false</HyperLink>
									<HorAlignment>Left</HorAlignment>
									<VertAlignment>Auto</VertAlignment>
									<TitleHeight>0</TitleHeight>
									<BackColor>auto</BackColor>
									<BorderColor>auto</BorderColor>
									<Border width="1">
										<style xmlns="http://v8.1c.ru/8.1/data/ui" xsi:type="ControlBorderType">WithoutBorder</style>
									</Border>
								</Properties>
								<Events/>
								<PredefinedContainedItems/>
							</ExtTooltip>
						</PredefinedContainedItems>
					</Input>
					<Input id="8:02023637-7868-4a5f-8576-835a76e0c9ba">
						<Properties>
							<Name>ОбъектПроекта</Name>
							<Type>InputField</Type>
							<DataPath>НаборЗаписей.ОбъектПроекта</DataPath>
							<Visible>true</Visible>
							<UserVisible>
								<xr:common>true</xr:common>
							</UserVisible>
							<DefaultItem>false</DefaultItem>
							<Enabled>true</Enabled>
							<ReadOnly>false</ReadOnly>
							<SkipOnInput>auto</SkipOnInput>
							<Title/>
							<TitleTextColor>auto</TitleTextColor>
							<TitleBackColor>auto</TitleBackColor>
							<TitleFont kind="AutoFont"/>
							<TitleLocation>Auto</TitleLocation>
							<TitleHeight>0</TitleHeight>
							<ToolTip/>
							<ToolTipRepresentation>Auto</ToolTipRepresentation>
							<WarningOnEditRepresentation>Auto</WarningOnEditRepresentation>
							<WarningOnEdit/>
							<Shortcut/>
							<CommandsContent/>
							<HorizontalAlign>Auto</HorizontalAlign>
							<VerticalAlign>Auto</VerticalAlign>
							<EditMode>EnterOnInput</EditMode>
							<FixingInTable>None</FixingInTable>
							<CellHyperlink>false</CellHyperlink>
							<AutoCellHeight>false</AutoCellHeight>
							<ShowInHeader>true</ShowInHeader>
							<HeaderPicture/>
							<HeaderHorizontalAlign>Left</HeaderHorizontalAlign>
							<ShowInFooter>true</ShowInFooter>
							<FooterDataPath/>
							<FooterText/>
							<FooterTextColor>auto</FooterTextColor>
							<FooterBackColor>auto</FooterBackColor>
							<FooterFont kind="AutoFont"/>
							<FooterPicture/>
							<FooterHorizontalAlign>Auto</FooterHorizontalAlign>
							<Width>0</Width>
							<RowsCount>0</RowsCount>
							<HorizontalStretchable>auto</HorizontalStretchable>
							<VerticalStretchable>auto</VerticalStretchable>
							<Wrap>true</Wrap>
							<PasswordMode>auto</PasswordMode>
							<MultiLine>auto</MultiLine>
							<ExtendedEdit>auto</ExtendedEdit>
							<MarkNegatives>auto</MarkNegatives>
							<ChoiceListButton>auto</ChoiceListButton>
							<DropListButton>auto</DropListButton>
							<ChoiceButton>auto</ChoiceButton>
							<ChoiceButtonRepresentation>Auto</ChoiceButtonRepresentation>
							<ClearButton>auto</ClearButton>
							<SpinButton>auto</SpinButton>
							<OpenButton>auto</OpenButton>
							<CreateButton>auto</CreateButton>
							<Mask/>
							<ListChoiceMode>false</ListChoiceMode>
							<ChoiceListHeight>0</ChoiceListHeight>
							<DropListWidth>0</DropListWidth>
							<AutoChoiceIncomplete>auto</AutoChoiceIncomplete>
							<QuickChoice>auto</QuickChoice>
							<ChoiceObjects>Auto</ChoiceObjects>
							<Format/>
							<InputFormat/>
							<AutoMarkIncomplete>auto</AutoMarkIncomplete>
							<ChoiceType>true</ChoiceType>
							<IncompleteChoiceMode>OnEnterPressed</IncompleteChoiceMode>
							<TypeDomainEnabled>true</TypeDomainEnabled>
							<TextEdit>true</TextEdit>
							<EditTextUpdateMode>Auto</EditTextUpdateMode>
							<MinVal xsi:nil="true"/>
							<MaxVal xsi:nil="true"/>
							<ChoiceButtonPicture/>
							<ChoiceForm/>
							<ChoiceParamLinks/>
							<ChoiceParams/>
							<AvailableTypes/>
							<ValueList/>
							<TextColor>auto</TextColor>
							<BackColor>auto</BackColor>
							<BorderColor>auto</BorderColor>
							<Font kind="AutoFont"/>
							<LinkByType/>
							<InputHint/>
							<ChoiceHistoryOnInput>Auto</ChoiceHistoryOnInput>
						</Properties>
						<Events/>
						<PredefinedContainedItems>
							<ContextMenu xsi:type="ContextMenuGroup" id="9:02023637-7868-4a5f-8576-835a76e0c9ba">
								<Properties>
									<Name>ОбъектПроектаКонтекстноеМеню</Name>
									<Type>ContextMenu</Type>
									<Visible>true</Visible>
									<UserVisible>
										<xr:common>true</xr:common>
									</UserVisible>
									<Enabled>true</Enabled>
									<ReadOnly>false</ReadOnly>
									<EnableContentChange>false</EnableContentChange>
									<Title/>
									<TitleTextColor>auto</TitleTextColor>
									<TitleFont kind="AutoFont"/>
									<ToolTip/>
									<ToolTipRepresentation>Auto</ToolTipRepresentation>
									<Shortcut/>
									<Width>0</Width>
									<Height>0</Height>
									<HorizontalStretch>auto</HorizontalStretch>
									<VerticalStretch>auto</VerticalStretch>
									<FillWithStdCommands>true</FillWithStdCommands>
								</Properties>
								<PredefinedContainedItems/>
								<ContainedItems/>
							</ContextMenu>
							<ExtTooltip xsi:type="TextDecoration" id="17:02023637-7868-4a5f-8576-835a76e0c9ba">
								<Properties>
									<Name>ОбъектПроектаExtendedTooltip</Name>
									<Kind>Label</Kind>
									<Visible>true</Visible>
									<UserVisible>
										<xr:common>true</xr:common>
									</UserVisible>
									<Enabled>true</Enabled>
									<Width>0</Width>
									<Height>0</Height>
									<HorStretchable>auto</HorStretchable>
									<VertStretchable>auto</VertStretchable>
									<SkipOnInput>auto</SkipOnInput>
									<TextColor>auto</TextColor>
									<Font kind="AutoFont"/>
									<ShortCut/>
									<Title/>
									<Tooltip/>
									<TooltipRepresentation>Auto</TooltipRepresentation>
									<HyperLink>false</HyperLink>
									<HorAlignment>Left</HorAlignment>
									<VertAlignment>Auto</VertAlignment>
									<TitleHeight>0</TitleHeight>
									<BackColor>auto</BackColor>
									<BorderColor>auto</BorderColor>
									<Border width="1">
										<style xmlns="http://v8.1c.ru/8.1/data/ui" xsi:type="ControlBorderType">WithoutBorder</style>
									</Border>
								</Properties>
								<Events/>
								<PredefinedContainedItems/>
							</ExtTooltip>
						</PredefinedContainedItems>
					</Input>
					<Input id="10:02023637-7868-4a5f-8576-835a76e0c9ba">
						<Properties>
							<Name>ОбъектШаблона</Name>
							<Type>InputField</Type>
							<DataPath>НаборЗаписей.ОбъектШаблона</DataPath>
							<Visible>true</Visible>
							<UserVisible>
								<xr:common>true</xr:common>
							</UserVisible>
							<DefaultItem>false</DefaultItem>
							<Enabled>true</Enabled>
							<ReadOnly>false</ReadOnly>
							<SkipOnInput>auto</SkipOnInput>
							<Title/>
							<TitleTextColor>auto</TitleTextColor>
							<TitleBackColor>auto</TitleBackColor>
							<TitleFont kind="AutoFont"/>
							<TitleLocation>Auto</TitleLocation>
							<TitleHeight>0</TitleHeight>
							<ToolTip/>
							<ToolTipRepresentation>Auto</ToolTipRepresentation>
							<WarningOnEditRepresentation>Auto</WarningOnEditRepresentation>
							<WarningOnEdit/>
							<Shortcut/>
							<CommandsContent/>
							<HorizontalAlign>Auto</HorizontalAlign>
							<VerticalAlign>Auto</VerticalAlign>
							<EditMode>EnterOnInput</EditMode>
							<FixingInTable>None</FixingInTable>
							<CellHyperlink>false</CellHyperlink>
							<AutoCellHeight>false</AutoCellHeight>
							<ShowInHeader>true</ShowInHeader>
							<HeaderPicture/>
							<HeaderHorizontalAlign>Left</HeaderHorizontalAlign>
							<ShowInFooter>true</ShowInFooter>
							<FooterDataPath/>
							<FooterText/>
							<FooterTextColor>auto</FooterTextColor>
							<FooterBackColor>auto</FooterBackColor>
							<FooterFont kind="AutoFont"/>
							<FooterPicture/>
							<FooterHorizontalAlign>Auto</FooterHorizontalAlign>
							<Width>0</Width>
							<RowsCount>0</RowsCount>
							<HorizontalStretchable>auto</HorizontalStretchable>
							<VerticalStretchable>auto</VerticalStretchable>
							<Wrap>true</Wrap>
							<PasswordMode>auto</PasswordMode>
							<MultiLine>auto</MultiLine>
							<ExtendedEdit>auto</ExtendedEdit>
							<MarkNegatives>auto</MarkNegatives>
							<ChoiceListButton>auto</ChoiceListButton>
							<DropListButton>auto</DropListButton>
							<ChoiceButton>auto</ChoiceButton>
							<ChoiceButtonRepresentation>Auto</ChoiceButtonRepresentation>
							<ClearButton>auto</ClearButton>
							<SpinButton>auto</SpinButton>
							<OpenButton>auto</OpenButton>
							<CreateButton>auto</CreateButton>
							<Mask/>
							<ListChoiceMode>false</ListChoiceMode>
							<ChoiceListHeight>0</ChoiceListHeight>
							<DropListWidth>0</DropListWidth>
							<AutoChoiceIncomplete>auto</AutoChoiceIncomplete>
							<QuickChoice>auto</QuickChoice>
							<ChoiceObjects>Auto</ChoiceObjects>
							<Format/>
							<InputFormat/>
							<AutoMarkIncomplete>auto</AutoMarkIncomplete>
							<ChoiceType>true</ChoiceType>
							<IncompleteChoiceMode>OnEnterPressed</IncompleteChoiceMode>
							<TypeDomainEnabled>true</TypeDomainEnabled>
							<TextEdit>true</TextEdit>
							<EditTextUpdateMode>Auto</EditTextUpdateMode>
							<MinVal xsi:nil="true"/>
							<MaxVal xsi:nil="true"/>
							<ChoiceButtonPicture/>
							<ChoiceForm/>
							<ChoiceParamLinks/>
							<ChoiceParams/>
							<AvailableTypes/>
							<ValueList/>
							<TextColor>auto</TextColor>
							<BackColor>auto</BackColor>
							<BorderColor>auto</BorderColor>
							<Font kind="AutoFont"/>
							<LinkByType/>
							<InputHint/>
							<ChoiceHistoryOnInput>Auto</ChoiceHistoryOnInput>
						</Properties>
						<Events/>
						<PredefinedContainedItems>
							<ContextMenu xsi:type="ContextMenuGroup" id="11:02023637-7868-4a5f-8576-835a76e0c9ba">
								<Properties>
									<Name>ОбъектШаблонаКонтекстноеМеню</Name>
									<Type>ContextMenu</Type>
									<Visible>true</Visible>
									<UserVisible>
										<xr:common>true</xr:common>
									</UserVisible>
									<Enabled>true</Enabled>
									<ReadOnly>false</ReadOnly>
									<EnableContentChange>false</EnableContentChange>
									<Title/>
									<TitleTextColor>auto</TitleTextColor>
									<TitleFont kind="AutoFont"/>
									<ToolTip/>
									<ToolTipRepresentation>Auto</ToolTipRepresentation>
									<Shortcut/>
									<Width>0</Width>
									<Height>0</Height>
									<HorizontalStretch>auto</HorizontalStretch>
									<VerticalStretch>auto</VerticalStretch>
									<FillWithStdCommands>true</FillWithStdCommands>
								</Properties>
								<PredefinedContainedItems/>
								<ContainedItems/>
							</ContextMenu>
							<ExtTooltip xsi:type="TextDecoration" id="18:02023637-7868-4a5f-8576-835a76e0c9ba">
								<Properties>
									<Name>ОбъектШаблонаExtendedTooltip</Name>
									<Kind>Label</Kind>
									<Visible>true</Visible>
									<UserVisible>
										<xr:common>true</xr:common>
									</UserVisible>
									<Enabled>true</Enabled>
									<Width>0</Width>
									<Height>0</Height>
									<HorStretchable>auto</HorStretchable>
									<VertStretchable>auto</VertStretchable>
									<SkipOnInput>auto</SkipOnInput>
									<TextColor>auto</TextColor>
									<Font kind="AutoFont"/>
									<ShortCut/>
									<Title/>
									<Tooltip/>
									<TooltipRepresentation>Auto</TooltipRepresentation>
									<HyperLink>false</HyperLink>
									<HorAlignment>Left</HorAlignment>
									<VertAlignment>Auto</VertAlignment>
									<TitleHeight>0</TitleHeight>
									<BackColor>auto</BackColor>
									<BorderColor>auto</BorderColor>
									<Border width="1">
										<style xmlns="http://v8.1c.ru/8.1/data/ui" xsi:type="ControlBorderType">WithoutBorder</style>
									</Border>
								</Properties>
								<Events/>
								<PredefinedContainedItems/>
							</ExtTooltip>
						</PredefinedContainedItems>
					</Input>
					<Input id="12:02023637-7868-4a5f-8576-835a76e0c9ba">
						<Properties>
							<Name>Пользователь</Name>
							<Type>InputField</Type>
							<DataPath>НаборЗаписей.Пользователь</DataPath>
							<Visible>true</Visible>
							<UserVisible>
								<xr:common>true</xr:common>
							</UserVisible>
							<DefaultItem>false</DefaultItem>
							<Enabled>true</Enabled>
							<ReadOnly>false</ReadOnly>
							<SkipOnInput>auto</SkipOnInput>
							<Title/>
							<TitleTextColor>auto</TitleTextColor>
							<TitleBackColor>auto</TitleBackColor>
							<TitleFont kind="AutoFont"/>
							<TitleLocation>Auto</TitleLocation>
							<TitleHeight>0</TitleHeight>
							<ToolTip/>
							<ToolTipRepresentation>Auto</ToolTipRepresentation>
							<WarningOnEditRepresentation>Auto</WarningOnEditRepresentation>
							<WarningOnEdit/>
							<Shortcut/>
							<CommandsContent/>
							<HorizontalAlign>Auto</HorizontalAlign>
							<VerticalAlign>Auto</VerticalAlign>
							<EditMode>EnterOnInput</EditMode>
							<FixingInTable>None</FixingInTable>
							<CellHyperlink>false</CellHyperlink>
							<AutoCellHeight>false</AutoCellHeight>
							<ShowInHeader>true</ShowInHeader>
							<HeaderPicture/>
							<HeaderHorizontalAlign>Left</HeaderHorizontalAlign>
							<ShowInFooter>true</ShowInFooter>
							<FooterDataPath/>
							<FooterText/>
							<FooterTextColor>auto</FooterTextColor>
							<FooterBackColor>auto</FooterBackColor>
							<FooterFont kind="AutoFont"/>
							<FooterPicture/>
							<FooterHorizontalAlign>Auto</FooterHorizontalAlign>
							<Width>0</Width>
							<RowsCount>0</RowsCount>
							<HorizontalStretchable>auto</HorizontalStretchable>
							<VerticalStretchable>auto</VerticalStretchable>
							<Wrap>true</Wrap>
							<PasswordMode>auto</PasswordMode>
							<MultiLine>auto</MultiLine>
							<ExtendedEdit>auto</ExtendedEdit>
							<MarkNegatives>auto</MarkNegatives>
							<ChoiceListButton>auto</ChoiceListButton>
							<DropListButton>auto</DropListButton>
							<ChoiceButton>auto</ChoiceButton>
							<ChoiceButtonRepresentation>Auto</ChoiceButtonRepresentation>
							<ClearButton>auto</ClearButton>
							<SpinButton>auto</SpinButton>
							<OpenButton>auto</OpenButton>
							<CreateButton>auto</CreateButton>
							<Mask/>
							<ListChoiceMode>false</ListChoiceMode>
							<ChoiceListHeight>0</ChoiceListHeight>
							<DropListWidth>0</DropListWidth>
							<AutoChoiceIncomplete>auto</AutoChoiceIncomplete>
							<QuickChoice>auto</QuickChoice>
							<ChoiceObjects>Auto</ChoiceObjects>
							<Format/>
							<InputFormat/>
							<AutoMarkIncomplete>auto</AutoMarkIncomplete>
							<ChoiceType>true</ChoiceType>
							<IncompleteChoiceMode>OnEnterPressed</IncompleteChoiceMode>
							<TypeDomainEnabled>true</TypeDomainEnabled>
							<TextEdit>true</TextEdit>
							<EditTextUpdateMode>Auto</EditTextUpdateMode>
							<MinVal xsi:nil="true"/>
							<MaxVal xsi:nil="true"/>
							<ChoiceButtonPicture/>
							<ChoiceForm/>
							<ChoiceParamLinks/>
							<ChoiceParams/>
							<AvailableTypes/>
							<ValueList/>
							<TextColor>auto</TextColor>
							<BackColor>auto</BackColor>
							<BorderColor>auto</BorderColor>
							<Font kind="AutoFont"/>
							<LinkByType/>
							<InputHint/>
							<ChoiceHistoryOnInput>Auto</ChoiceHistoryOnInput>
						</Properties>
						<Events/>
						<PredefinedContainedItems>
							<ContextMenu xsi:type="ContextMenuGroup" id="13:02023637-7868-4a5f-8576-835a76e0c9ba">
								<Properties>
									<Name>ПользовательКонтекстноеМеню</Name>
									<Type>ContextMenu</Type>
									<Visible>true</Visible>
									<UserVisible>
										<xr:common>true</xr:common>
									</UserVisible>
									<Enabled>true</Enabled>
									<ReadOnly>false</ReadOnly>
									<EnableContentChange>false</EnableContentChange>
									<Title/>
									<TitleTextColor>auto</TitleTextColor>
									<TitleFont kind="AutoFont"/>
									<ToolTip/>
									<ToolTipRepresentation>Auto</ToolTipRepresentation>
									<Shortcut/>
									<Width>0</Width>
									<Height>0</Height>
									<HorizontalStretch>auto</HorizontalStretch>
									<VerticalStretch>auto</VerticalStretch>
									<FillWithStdCommands>true</FillWithStdCommands>
								</Properties>
								<PredefinedContainedItems/>
								<ContainedItems/>
							</ContextMenu>
							<ExtTooltip xsi:type="TextDecoration" id="19:02023637-7868-4a5f-8576-835a76e0c9ba">
								<Properties>
									<Name>ПользовательExtendedTooltip</Name>
									<Kind>Label</Kind>
									<Visible>true</Visible>
									<UserVisible>
										<xr:common>true</xr:common>
									</UserVisible>
									<Enabled>true</Enabled>
									<Width>0</Width>
									<Height>0</Height>
									<HorStretchable>auto</HorStretchable>
									<VertStretchable>auto</VertStretchable>
									<SkipOnInput>auto</SkipOnInput>
									<TextColor>auto</TextColor>
									<Font kind="AutoFont"/>
									<ShortCut/>
									<Title/>
									<Tooltip/>
									<TooltipRepresentation>Auto</TooltipRepresentation>
									<HyperLink>false</HyperLink>
									<HorAlignment>Left</HorAlignment>
									<VertAlignment>Auto</VertAlignment>
									<TitleHeight>0</TitleHeight>
									<BackColor>auto</BackColor>
									<BorderColor>auto</BorderColor>
									<Border width="1">
										<style xmlns="http://v8.1c.ru/8.1/data/ui" xsi:type="ControlBorderType">WithoutBorder</style>
									</Border>
								</Properties>
								<Events/>
								<PredefinedContainedItems/>
							</ExtTooltip>
						</PredefinedContainedItems>
					</Input>
				</ContainedItems>
			</Table>
		</ContainedItems>
	</Elements>
	<NavigationPanel/>
	<CommandPanel/>
</Form>