[
{
    "fields": {
        "body": "<p>blah blah body blah&nbsp;blah blah body blah&nbsp;blah blah body blah&nbsp;blah blah body blah&nbsp;blah blah body blah&nbsp;blah blah body blah&nbsp;blah blah body blah&nbsp;blah blah body blah&nbsp;blah blah body blah&nbsp;blah blah body blah&nbsp;blah blah body blah&nbsp;blah blah body blah&nbsp;blah blah body blah&nbsp;blah blah body blah&nbsp;blah blah body blah&nbsp;blah blah body blah&nbsp;blah blah body blah&nbsp;blah blah body blah&nbsp;blah blah body blah&nbsp;blah blah body blah&nbsp;blah blah body blah&nbsp;blah blah body blah&nbsp;blah blah body blah&nbsp;blah blah body blah&nbsp;blah blah body blah&nbsp;blah blah body blah&nbsp;blah blah body blah&nbsp;blah blah body blah&nbsp;blah blah body blah&nbsp;blah blah body blah&nbsp;blah blah body blah&nbsp;blah blah body blah&nbsp;blah blah body blah&nbsp;blah blah body blah&nbsp;blah blah body blah&nbsp;blah blah body blah&nbsp;blah blah body blah&nbsp;</p>",
        "last_name": "",
        "creator": null,
        "allow_user_view": false,
        "entity": 1,
        "featured": false,
        "enclosure_url": "",
        "owner": 1,
        "timezone": "US/Central",
        "guid": "3174e0f4-67a4-11e5-aebb-0242ac110085",
        "create_dt": "2015-09-30T13:51:00.671",
        "group": 5,
        "update_dt": "2015-11-19T14:49:04.060",
        "headline": "Article 1",
        "enclosure_length": 0,
        "website": "",
        "source": "",
        "release_dt": "2015-09-24T18:10:00",
        "email": "",
        "owner_username": "system_generated",
        "allow_anonymous_view": true,
        "status": true,
        "fax": "",
        "design_notes": "",
        "enclosure_type": "",
        "tags": "",
        "first_name": "",
        "status_detail": "active",
        "phone": "",
        "release_dt_local": "2015-09-24T18:10:00",
        "syndicate": true,
        "creator_username": "system_generated",
        "slug": "article-1",
        "contributor_type": 1,
        "allow_user_edit": false,
        "allow_member_view": false,
        "summary": "blah blah summary blah Article summary displays here",
        "meta": null,
        "allow_member_edit": false,
        "not_official_content": true,
        "google_profile": ""
    },
    "model": "articles.article",
    "pk": 1
}
]
