<!DOCTYPE ui:UiBinder SYSTEM "http://dl.google.com/gwt/DTD/xhtml.ent">
<ui:UiBinder xmlns:ui="urn:ui:com.google.gwt.uibinder"
    xmlns:g="urn:import:com.google.gwt.user.client.ui">

    <ui:with type="com.gwtplatform.samples.tab.client.NameTokens"
        field="nameTokens" />

    <g:HTMLPanel>
        <g:InlineHyperlink targetHistoryToken="{nameTokens.getHomeNewsPage}">Home</g:InlineHyperlink>
        |
        <g:InlineHyperlink targetHistoryToken="{nameTokens.getLocalDialogSamplePage}">Dialogs</g:InlineHyperlink>
        |
        <g:InlineHyperlink targetHistoryToken="{nameTokens.getSettingsPage}">Settings</g:InlineHyperlink>
    </g:HTMLPanel>
</ui:UiBinder> 