<!DOCTYPE ui:UiBinder SYSTEM "http://dl.google.com/gwt/DTD/xhtml.ent">

<ui:UiBinder xmlns:ui='urn:ui:com.google.gwt.uibinder'
    xmlns:g='urn:import:com.google.gwt.user.client.ui'>

    <ui:style src='../../defines.css'>
        .container {
            background-color: darkPanelColor;
            padding: 0 3px 3px;
        }
        
        .titlebar {
            background-color: darkPanelColor;
            padding: 0 5px 3px;
        }
        
        .title {
            font-weight: titleFontWeight;
            font-size: titleFontSize;
            color: titleColor;
        }
        
        .bar {
            background-color: darkPanelColor;
        }
        
        .panel {
            background-color: lightPanelColor;
            padding: 5px;
            overflow: hidden;
        }
    </ui:style>

    <g:HTMLPanel>
        <div class="{style.container}">
            <g:HTMLPanel addStyleNames="{style.bar}">
                <g:FlowPanel ui:field="tabPanel" />
                <div style="clear: both;" />
            </g:HTMLPanel>
            <g:FlowPanel ui:field="tabContentContainer"
                addStyleNames="{style.panel}" />
        </div>
    </g:HTMLPanel>

</ui:UiBinder>