<?xml version="1.0" encoding="UTF-8"?>
<!DOCTYPE module PUBLIC "-//Google Inc.//DTD Google Web Toolkit 2.4.0//EN" "http://google-web-toolkit.googlecode.com/svn/tags/2.4.0/distro-source/core/src/gwt-module.dtd">

<!--
   Copyright 2010 Philippe Beaudoin

   Licensed under the Apache License, Version 2.0 (the "License");
   you may not use this file except in compliance with the License.
   You may obtain a copy of the License at

       http://www.apache.org/licenses/LICENSE-2.0

   Unless required by applicable law or agreed to in writing, software
   distributed under the License is distributed on an "AS IS" BASIS,
   WITHOUT WARRANTIES OR CONDITIONS OF ANY KIND, either express or implied.
   See the License for the specific language governing permissions and
   limitations under the License.
-->

<module rename-to='gwtpsample'>
  <!-- Inherit the core Web Toolkit stuff.                        -->
  <inherits name='com.google.gwt.user.User'/>

  <!-- Inherit the default GWT style sheet.  You can change       -->
  <!-- the theme of your GWT application by uncommenting          -->
  <!-- any one of the following lines.                            -->
  <inherits name='com.google.gwt.user.theme.standard.Standard'/>
  <!-- <inherits name='com.google.gwt.user.theme.chrome.Chrome'/> -->
  <!-- <inherits name='com.google.gwt.user.theme.dark.Dark'/>     -->

  <!-- Other module inherits                                      -->

  <!-- Specify the app entry point class.                         -->
  <entry-point class='com.gwtplatform.samples.basic.client.Gwtpsample'/>
	
  <inherits name='com.gwtplatform.dispatch.Dispatch' />
  <inherits name='com.gwtplatform.mvp.Mvp' />
	
  <!-- Specify the paths for translatable code                    -->
  <source path='client'/>
  <source path='shared'/>

  <define-configuration-property name="gin.ginjector" is-multi-valued="false" />
  <set-configuration-property name="gin.ginjector" 
      value="com.gwtplatform.samples.basic.client.MyGinjector" />

</module>
