<assembly xmlns="http://maven.apache.org/plugins/maven-assembly-plugin/assembly/1.1.2"
          xmlns:xsi="http://www.w3.org/2001/XMLSchema-instance"
          xsi:schemaLocation="http://maven.apache.org/plugins/maven-assembly-plugin/assembly/1.1.2 http://maven.apache.org/xsd/assembly-1.1.2.xsd">
    <id>binary</id>
    <formats>
        <format>jar</format>
    </formats>
    <includeBaseDirectory>false</includeBaseDirectory>
    <dependencySets>
        <dependencySet>
            <unpack>true</unpack>
            <includes>
                <include>com.gwtplatform:*:*:</include>
            </includes>
            <excludes>
                <exclude>com.gwtplatform:*:*:sources</exclude>
            </excludes>
        </dependencySet>
    </dependencySets>
</assembly>