<?xml version="1.0" encoding="UTF-8"?>

<fileset-config file-format-version="1.2.0" simple-config="true" sync-formatter="false">
  <local-check-config name="gwtp" location="target/checkstyle-checker.xml" type="project" description="">
    <additional-data name="protect-config-file" value="false"/>
  </local-check-config>
  <fileset name="all" enabled="true" check-config-name="gwtp" local="true">
    <file-match-pattern match-pattern="^src[/\\]." include-pattern="true"/>
  </fileset>
  <filter name="FilesFromPackage" enabled="true">
    <filter-data value="src/com/google"/>
  </filter>
  <filter name="NonSrcDirs" enabled="true"/>
</fileset-config>
