<server description="new server">
    <!-- Enable features, we need for jax-rs2, CDI and Vaadin,
         this is used in Bluemix, merges these with other configs.    -->
    <featureManager>
        <feature>localConnector-1.0</feature>
        <feature>jaxrs-2.0</feature>
        <feature>ejbLite-3.1</feature>
        <feature>cdi-1.0</feature>
        <feature>jndi-1.0</feature>
        <feature>managedBeans-1.0</feature>
        <feature>jsf-2.0</feature>
    </featureManager>
    
    <application name="myapp" context-root="/" location="myapp.war" type="war"/>

</server>